country,iso3,year,convention_status_current,convention_signed_year,convention_ratified_year,convention_entry_into_force_year,convention_denounced_effective_year,treatment_main_ratification,post_entry_into_force,active_party_annual_approx,event_time_main_ratification_years,years_since_entry_into_force,outcome_primary_female_intentional_homicide_rate_per_100k,outcome_secondary_sexual_violence_rate_per_100k,outcome_secondary_rape_rate_per_100k,gdp_per_capita_constant_2015_usd,female_labor_force_participation_pct,turkey_post_denunciation_2021_onward,microstate_country,sample_exclude_turkey,sample_exclude_microstates,sample_primary_female_homicide_2000_2023,sample_secondary_sexual_violence_2005_2023,sample_secondary_rape_2005_2023,sample_core_controls_available,sample_primary_full_controls,sample_secondary_sv_full_controls,sample_secondary_rape_full_controls,population_total,grevio_report_year,grevio_report_available,sample_primary_grevio_available,wbl_dv_legislation,wbl_femicide_law,sample_wbl_dv_legislation,sample_wbl_femicide_law,ratified_by_2023,ratification_after_analysis_window,government_effectiveness_wgi,rule_of_law_wgi,wgi_value_status,grevio_baseline_report_year_verified,grevio_report_available_verified,grevio_score_status,wave_shelter_reference_population_2020,wave_shelter_existing_beds_2020,wave_shelter_beds_needed_ic_standard_2020,wave_shelter_beds_missing_2020,wave_shelter_pct_beds_missing_2020,wave_shelter_beds_per_10k_total_population_2020,wave_shelter_meets_ic_minimum_standard_2020,data_quality_note
Albania,ALB,1990,party,2011,2013.0,2014.0,,0,0,0,-23,-24,,,,1682.88,53.5,0,0,1,1,0,0,0,0,0,0,0,3286000,2017,0,0,0.0,0.0,1,1,1,0,,,retained_legacy_not_independently_reimported,2017,0,excluded_until_researcher_coding_rubric_is_documented,2845955,153,285,132,46,0.537605,0,GDP parsed from comma-formatted text to numeric.
Albania,ALB,1991,party,2011,2013.0,2014.0,,0,0,0,-22,-23,,,,1218.96,59.1,0,0,1,1,0,0,0,0,0,0,0,3266000,2017,0,0,0.0,0.0,1,1,1,0,,,retained_legacy_not_independently_reimported,2017,0,excluded_until_researcher_coding_rubric_is_documented,2845955,153,285,132,46,0.537605,0,GDP parsed from comma-formatted text to numeric.
Albania,ALB,1992,party,2011,2013.0,2014.0,,0,0,0,-21,-22,0.853,,,1138.24,60.4,0,0,1,1,0,0,0,0,0,0,0,3247000,2017,0,0,0.0,0.0,1,1,1,0,,,retained_legacy_not_independently_reimported,2017,0,excluded_until_researcher_coding_rubric_is_documented,2845955,153,285,132,46,0.537605,0,GDP parsed from comma-formatted text to numeric.
Albania,ALB,1993,party,2011,2013.0,2014.0,,0,0,0,-20,-21,0.974,,,1254.68,58.6,0,0,1,1,0,0,0,0,0,0,0,3230000,2017,0,0,0.0,0.0,1,1,1,0,,,retained_legacy_not_independently_reimported,2017,0,excluded_until_researcher_coding_rubric_is_documented,2845955,153,285,132,46,0.537605,0,GDP parsed from comma-formatted text to numeric.
Albania,ALB,1994,party,2011,2013.0,2014.0,,0,0,0,-19,-20,0.73,,,1367.22,57.0,0,0,1,1,0,0,0,0,0,0,0,3214000,2017,0,0,0.0,0.0,1,1,1,0,,,retained_legacy_not_independently_reimported,2017,0,excluded_until_researcher_coding_rubric_is_documented,2845955,153,285,132,46,0.537605,0,GDP parsed from comma-formatted text to numeric.
Albania,ALB,1995,party,2011,2013.0,2014.0,,0,0,0,-18,-19,1.584,,,1558.97,54.8,0,0,1,1,0,0,0,0,0,0,0,3201000,2017,0,0,0.0,0.0,1,1,1,0,,,retained_legacy_not_independently_reimported,2017,0,excluded_until_researcher_coding_rubric_is_documented,2845955,153,285,132,46,0.537605,0,GDP parsed from comma-formatted text to numeric.
Albania,ALB,1996,party,2011,2013.0,2014.0,,0,0,0,-17,-18,1.707,,,1683.77,53.4,0,0,1,1,0,0,0,1,0,0,0,3190000,2017,0,0,0.0,0.0,1,1,1,0,-1.17,-1.16,retained_legacy_not_independently_reimported,2017,0,excluded_until_researcher_coding_rubric_is_documented,2845955,153,285,132,46,0.537605,0,GDP parsed from comma-formatted text to numeric.
Albania,ALB,1997,party,2011,2013.0,2014.0,,0,0,0,-16,-17,10.812,,,1495.9,55.2,0,0,1,1,0,0,0,0,0,0,0,3194000,2017,0,0,0.0,0.0,1,1,1,0,,,retained_legacy_not_independently_reimported,2017,0,excluded_until_researcher_coding_rubric_is_documented,2845955,153,285,132,46,0.537605,0,GDP parsed from comma-formatted text to numeric.
Albania,ALB,1998,party,2011,2013.0,2014.0,,0,0,0,-15,-16,5.33,,,1630.44,53.7,0,0,1,1,0,0,0,1,0,0,0,3194000,2017,0,0,0.0,0.0,1,1,1,0,-1.25,-1.58,retained_legacy_not_independently_reimported,2017,0,excluded_until_researcher_coding_rubric_is_documented,2845955,153,285,132,46,0.537605,0,GDP parsed from comma-formatted text to numeric.
Albania,ALB,1999,party,2011,2013.0,2014.0,,0,0,0,-14,-15,3.996,,,1841.81,51.8,0,0,1,1,0,0,0,0,0,0,0,3136000,2017,0,0,0.0,0.0,1,1,1,0,,,retained_legacy_not_independently_reimported,2017,0,excluded_until_researcher_coding_rubric_is_documented,2845955,153,285,132,46,0.537605,0,GDP parsed from comma-formatted text to numeric.
Albania,ALB,2000,party,2011,2013.0,2014.0,,0,0,0,-13,-14,0.802,,,1991.91,50.8,0,0,1,1,1,0,0,1,1,0,0,3089000,2017,0,0,0.0,0.0,1,1,1,0,-1.56,-1.74,retained_legacy_not_independently_reimported,2017,0,excluded_until_researcher_coding_rubric_is_documented,2845955,153,285,132,46,0.537605,0,GDP parsed from comma-formatted text to numeric.
Albania,ALB,2001,party,2011,2013.0,2014.0,,0,0,0,-12,-13,2.417,,,2188.92,49.7,0,0,1,1,1,0,0,0,0,0,0,3060000,2017,0,0,0.0,0.0,1,1,1,0,,,retained_legacy_not_independently_reimported,2017,0,excluded_until_researcher_coding_rubric_is_documented,2845955,153,285,132,46,0.537605,0,GDP parsed from comma-formatted text to numeric.
Albania,ALB,2002,party,2011,2013.0,2014.0,,0,0,0,-11,-12,2.431,,,2297.11,49.1,0,0,1,1,1,0,0,1,1,0,0,3051000,2017,0,0,0.0,0.0,1,1,1,0,-1.06,-1.3,retained_legacy_not_independently_reimported,2017,0,excluded_until_researcher_coding_rubric_is_documented,2845955,153,285,132,46,0.537605,0,GDP parsed from comma-formatted text to numeric.
Albania,ALB,2003,party,2011,2013.0,2014.0,,0,0,0,-10,-11,1.318,,,2428.69,48.5,0,0,1,1,1,0,0,1,1,0,0,3022000,2017,0,0,0.0,0.0,1,1,1,0,-0.96,-1.22,retained_legacy_not_independently_reimported,2017,0,excluded_until_researcher_coding_rubric_is_documented,2845955,153,285,132,46,0.537605,0,GDP parsed from comma-formatted text to numeric.
Albania,ALB,2004,party,2011,2013.0,2014.0,,0,0,0,-9,-10,1.202,,,2567.3,47.8,0,0,1,1,1,0,0,1,1,0,0,2999000,2017,0,0,0.0,0.0,1,1,1,0,-0.69,-1.19,retained_legacy_not_independently_reimported,2017,0,excluded_until_researcher_coding_rubric_is_documented,2845955,153,285,132,46,0.537605,0,GDP parsed from comma-formatted text to numeric.
Albania,ALB,2005,party,2011,2013.0,2014.0,,0,0,0,-8,-9,1.341,2.893,1.593,2712.87,47.2,0,0,1,1,1,1,1,1,1,1,1,2977000,2017,0,0,0.0,0.0,1,1,1,0,-1.19,-1.3,retained_legacy_not_independently_reimported,2017,0,excluded_until_researcher_coding_rubric_is_documented,2845955,153,285,132,46,0.537605,0,GDP parsed from comma-formatted text to numeric.
Albania,ALB,2006,party,2011,2013.0,2014.0,,0,0,0,-7,-8,1.483,2.852,1.311,2894.36,46.7,0,0,1,1,1,1,1,1,1,1,1,2948000,2017,0,0,0.0,0.0,1,1,1,0,-0.99,-1.2,retained_legacy_not_independently_reimported,2017,0,excluded_until_researcher_coding_rubric_is_documented,2845955,153,285,132,46,0.537605,0,GDP parsed from comma-formatted text to numeric.
Albania,ALB,2007,party,2011,2013.0,2014.0,,0,0,0,-6,-7,1.564,3.341,1.356,3105.88,46.1,0,0,1,1,1,1,1,1,1,1,1,2927000,2017,0,0,0.0,0.0,1,1,1,0,-0.73,-1.12,retained_legacy_not_independently_reimported,2017,0,excluded_until_researcher_coding_rubric_is_documented,2845955,153,285,132,46,0.537605,0,GDP parsed from comma-formatted text to numeric.
Albania,ALB,2008,party,2011,2013.0,2014.0,,0,0,0,-5,-6,1.253,2.539,1.303,3345.98,45.5,0,0,1,1,1,1,1,1,1,1,1,2893000,2017,0,0,1.0,0.0,1,1,1,0,-0.63,-1.02,retained_legacy_not_independently_reimported,2017,0,excluded_until_researcher_coding_rubric_is_documented,2845955,153,285,132,46,0.537605,0,GDP parsed from comma-formatted text to numeric.
Albania,ALB,2009,party,2011,2013.0,2014.0,,0,0,0,-4,-5,0.467,2.803,1.148,3459.25,46.0,0,0,1,1,1,1,1,1,1,1,1,2876000,2017,0,0,1.0,0.0,1,1,1,0,-0.43,-0.84,retained_legacy_not_independently_reimported,2017,0,excluded_until_researcher_coding_rubric_is_documented,2845955,153,285,132,46,0.537605,0,GDP parsed from comma-formatted text to numeric.
Albania,ALB,2010,party,2011,2013.0,2014.0,,0,0,0,-3,-4,0.743,2.697,0.819,3579.82,46.8,0,0,1,1,1,1,1,1,1,1,1,2862000,2017,0,0,1.0,0.0,1,1,1,0,-0.47,-0.66,retained_legacy_not_independently_reimported,2017,0,excluded_until_researcher_coding_rubric_is_documented,2845955,153,285,132,46,0.537605,0,GDP parsed from comma-formatted text to numeric.
Albania,ALB,2011,party,2011,2013.0,2014.0,,0,0,0,-2,-3,1.224,1.511,0.756,3677.89,52.6,0,0,1,1,1,1,1,1,1,1,1,2846000,2017,0,0,1.0,0.0,1,1,1,0,-0.34,-0.75,retained_legacy_not_independently_reimported,2017,0,excluded_until_researcher_coding_rubric_is_documented,2845955,153,285,132,46,0.537605,0,GDP parsed from comma-formatted text to numeric.
Albania,ALB,2012,party,2011,2013.0,2014.0,,0,0,0,-1,-2,1.769,1.512,0.825,3771.85,48.9,0,0,1,1,1,1,1,1,1,1,1,2816000,2017,0,0,1.0,0.0,1,1,1,0,-0.46,-0.88,retained_legacy_not_independently_reimported,2017,0,excluded_until_researcher_coding_rubric_is_documented,2845955,153,285,132,46,0.537605,0,GDP parsed from comma-formatted text to numeric.
Albania,ALB,2013,party,2011,2013.0,2014.0,,1,0,0,0,-1,1.362,2.992,1.341,3895.9,43.8,0,0,1,1,1,1,1,1,1,1,1,2774000,2017,0,0,1.0,0.0,1,1,1,0,-0.55,-0.88,retained_legacy_not_independently_reimported,2017,0,excluded_until_researcher_coding_rubric_is_documented,2845955,153,285,132,46,0.537605,0,GDP parsed from comma-formatted text to numeric.
Albania,ALB,2014,party,2011,2013.0,2014.0,,1,1,1,1,0,0.818,3.341,1.412,4045.12,44.0,0,0,1,1,1,1,1,1,1,1,1,2728000,2017,0,0,1.0,0.0,1,1,1,0,-0.08,-0.53,retained_legacy_not_independently_reimported,2017,0,excluded_until_researcher_coding_rubric_is_documented,2845955,153,285,132,46,0.537605,0,GDP parsed from comma-formatted text to numeric.
Albania,ALB,2015,party,2011,2013.0,2014.0,,1,1,1,2,1,1.093,5.14,2.449,4199.54,47.1,0,0,1,1,1,1,1,1,1,1,1,2880000,2017,0,0,1.0,0.0,1,1,1,0,0.06,-0.54,retained_legacy_not_independently_reimported,2017,0,excluded_until_researcher_coding_rubric_is_documented,2845955,153,285,132,46,0.537605,0,GDP parsed from comma-formatted text to numeric.
Albania,ALB,2016,party,2011,2013.0,2014.0,,1,1,1,3,2,1.161,4.141,1.518,4431.56,49.9,0,0,1,1,1,1,1,1,1,1,1,2876000,2017,0,0,1.0,0.0,1,1,1,0,0.06,-0.54,retained_legacy_not_independently_reimported,2017,0,excluded_until_researcher_coding_rubric_is_documented,2845955,153,285,132,46,0.537605,0,GDP parsed from comma-formatted text to numeric.
Albania,ALB,2017,party,2011,2013.0,2014.0,,1,1,1,4,3,0.888,3.899,1.484,4648.23,49.7,0,0,1,1,1,1,1,1,1,1,1,2873000,2017,1,1,1.0,0.0,1,1,1,0,0.18,-0.7,retained_legacy_not_independently_reimported,2017,1,excluded_until_researcher_coding_rubric_is_documented,2845955,153,285,132,46,0.537605,0,GDP parsed from comma-formatted text to numeric.
Albania,ALB,2018,party,2011,2013.0,2014.0,,1,1,1,5,4,1.026,3.766,1.451,4893.82,51.4,0,0,1,1,1,1,1,1,1,1,1,2866000,2017,1,1,1.0,0.0,1,1,1,0,0.15,-0.7,retained_legacy_not_independently_reimported,2017,1,excluded_until_researcher_coding_rubric_is_documented,2845955,153,285,132,46,0.537605,0,GDP parsed from comma-formatted text to numeric.
Albania,ALB,2019,party,2011,2013.0,2014.0,,1,1,1,6,5,0.892,5.338,2.669,5072.44,52.9,0,0,1,1,1,1,1,1,1,1,1,2855000,2017,1,1,1.0,0.0,1,1,1,0,-0.1,-0.72,retained_legacy_not_independently_reimported,2017,1,excluded_until_researcher_coding_rubric_is_documented,2845955,153,285,132,46,0.537605,0,GDP parsed from comma-formatted text to numeric.
Albania,ALB,2020,party,2011,2013.0,2014.0,,1,1,1,7,6,0.62,5.049,2.263,4980.62,52.3,0,0,1,1,1,1,1,1,1,1,1,2837000,2017,1,1,1.0,0.0,1,1,1,0,-0.25,-0.63,retained_legacy_not_independently_reimported,2017,1,excluded_until_researcher_coding_rubric_is_documented,2845955,153,285,132,46,0.537605,0,GDP parsed from comma-formatted text to numeric.
Albania,ALB,2021,party,2011,2013.0,2014.0,,1,1,1,8,7,0.833,4.737,2.281,5511.76,52.5,0,0,1,1,1,1,1,1,1,1,1,2811000,2017,1,1,1.0,0.0,1,1,1,0,-0.05,-0.47,retained_legacy_not_independently_reimported,2017,1,excluded_until_researcher_coding_rubric_is_documented,2845955,153,285,132,46,0.537605,0,GDP parsed from comma-formatted text to numeric.
Albania,ALB,2022,party,2011,2013.0,2014.0,,1,1,1,9,8,0.56,5.977,2.016,5867.65,56.4,0,0,1,1,1,1,1,1,1,1,1,2777000,2017,1,1,1.0,0.0,1,1,1,0,0.09,-0.23,retained_legacy_not_independently_reimported,2017,1,excluded_until_researcher_coding_rubric_is_documented,2845955,153,285,132,46,0.537605,0,GDP parsed from comma-formatted text to numeric.
Albania,ALB,2023,party,2011,2013.0,2014.0,,1,1,1,10,9,0.844,4.766,1.778,6198.17,58.0,0,0,1,1,1,1,1,1,1,1,1,2745000,2017,1,1,1.0,0.0,1,1,1,0,0.18,-0.11,retained_legacy_not_independently_reimported,2017,1,excluded_until_researcher_coding_rubric_is_documented,2845955,153,285,132,46,0.537605,0,GDP parsed from comma-formatted text to numeric. | UNODC outcome values preserved from source dataset; not silently imputed or replaced.
Andorra,AND,1990,party,2013,2014.0,2014.0,,0,0,0,-24,-24,,,,31143.16,,0,1,1,0,0,0,0,0,0,0,0,54000,,0,0,,,0,0,1,0,,,retained_legacy_not_independently_reimported,,0,excluded_until_researcher_coding_rubric_is_documented,,,,,,,,GDP parsed from comma-formatted text to numeric.
Andorra,AND,1991,party,2013,2014.0,2014.0,,0,0,0,-23,-23,,,,29642.32,,0,1,1,0,0,0,0,0,0,0,0,57000,,0,0,,,0,0,1,0,,,retained_legacy_not_independently_reimported,,0,excluded_until_researcher_coding_rubric_is_documented,,,,,,,,GDP parsed from comma-formatted text to numeric.
Andorra,AND,1992,party,2013,2014.0,2014.0,,0,0,0,-22,-22,,,,28161.96,,0,1,1,0,0,0,0,0,0,0,0,59000,,0,0,,,0,0,1,0,,,retained_legacy_not_independently_reimported,,0,excluded_until_researcher_coding_rubric_is_documented,,,,,,,,GDP parsed from comma-formatted text to numeric.
Andorra,AND,1993,party,2013,2014.0,2014.0,,0,0,0,-21,-21,,,,26518.25,,0,1,1,0,0,0,0,0,0,0,0,61000,,0,0,,,0,0,1,0,,,retained_legacy_not_independently_reimported,,0,excluded_until_researcher_coding_rubric_is_documented,,,,,,,,GDP parsed from comma-formatted text to numeric.
Andorra,AND,1994,party,2013,2014.0,2014.0,,0,0,0,-20,-20,,,,26587.15,,0,1,1,0,0,0,0,0,0,0,0,63000,,0,0,,,0,0,1,0,,,retained_legacy_not_independently_reimported,,0,excluded_until_researcher_coding_rubric_is_documented,,,,,,,,GDP parsed from comma-formatted text to numeric.
Andorra,AND,1995,party,2013,2014.0,2014.0,,0,0,0,-19,-19,,,,27619.52,,0,1,1,0,0,0,0,0,0,0,0,64000,,0,0,,,0,0,1,0,,,retained_legacy_not_independently_reimported,,0,excluded_until_researcher_coding_rubric_is_documented,,,,,,,,GDP parsed from comma-formatted text to numeric.
Andorra,AND,1996,party,2013,2014.0,2014.0,,0,0,0,-18,-18,,,,28871.23,,0,1,1,0,0,0,0,0,0,0,0,65000,,0,0,,,0,0,1,0,2.4,1.97,retained_legacy_not_independently_reimported,,0,excluded_until_researcher_coding_rubric_is_documented,,,,,,,,GDP parsed from comma-formatted text to numeric.
Andorra,AND,1997,party,2013,2014.0,2014.0,,0,0,0,-17,-17,,,,31140.7,,0,1,1,0,0,0,0,0,0,0,0,66000,,0,0,,,0,0,1,0,,,retained_legacy_not_independently_reimported,,0,excluded_until_researcher_coding_rubric_is_documented,,,,,,,,GDP parsed from comma-formatted text to numeric.
Andorra,AND,1998,party,2013,2014.0,2014.0,,0,0,0,-16,-16,,,,31800.38,,0,1,1,0,0,0,0,0,0,0,0,67000,,0,0,,,0,0,1,0,2.39,2,retained_legacy_not_independently_reimported,,0,excluded_until_researcher_coding_rubric_is_documented,,,,,,,,GDP parsed from comma-formatted text to numeric.
Andorra,AND,1999,party,2013,2014.0,2014.0,,0,0,0,-15,-15,,,,32938.66,,0,1,1,0,0,0,0,0,0,0,0,68000,,0,0,,,0,0,1,0,,,retained_legacy_not_independently_reimported,,0,excluded_until_researcher_coding_rubric_is_documented,,,,,,,,GDP parsed from comma-formatted text to numeric.
Andorra,AND,2000,party,2013,2014.0,2014.0,,0,0,0,-14,-14,,,,34113.83,,0,1,1,0,0,0,0,0,0,0,0,67000,,0,0,,,0,0,1,0,2.35,2.19,retained_legacy_not_independently_reimported,,0,excluded_until_researcher_coding_rubric_is_documented,,,,,,,,GDP parsed from comma-formatted text to numeric.
Andorra,AND,2001,party,2013,2014.0,2014.0,,0,0,0,-13,-13,,,,36790.12,,0,1,1,0,0,0,0,0,0,0,0,68000,,0,0,,,0,0,1,0,,,retained_legacy_not_independently_reimported,,0,excluded_until_researcher_coding_rubric_is_documented,,,,,,,,GDP parsed from comma-formatted text to numeric.
Andorra,AND,2002,party,2013,2014.0,2014.0,,0,0,0,-12,-12,,,,38084.5,,0,1,1,0,0,0,0,0,0,0,0,69000,,0,0,,,0,0,1,0,2.33,2.08,retained_legacy_not_independently_reimported,,0,excluded_until_researcher_coding_rubric_is_documented,,,,,,,,GDP parsed from comma-formatted text to numeric.
Andorra,AND,2003,party,2013,2014.0,2014.0,,0,0,0,-11,-11,,,,39620.34,,0,1,1,0,0,0,0,0,0,0,0,70000,,0,0,,,0,0,1,0,2.29,1.8,retained_legacy_not_independently_reimported,,0,excluded_until_researcher_coding_rubric_is_documented,,,,,,,,GDP parsed from comma-formatted text to numeric.
Andorra,AND,2004,party,2013,2014.0,2014.0,,0,0,0,-10,-10,,,,40054.34,,0,1,1,0,0,0,0,0,0,0,0,73000,,0,0,,,0,0,1,0,2.56,2.03,retained_legacy_not_independently_reimported,,0,excluded_until_researcher_coding_rubric_is_documented,,,,,,,,GDP parsed from comma-formatted text to numeric.
Andorra,AND,2005,party,2013,2014.0,2014.0,,0,0,0,-9,-9,,,,40528.19,,0,1,1,0,0,0,0,0,0,0,0,76000,,0,0,,,0,0,1,0,2.19,1.64,retained_legacy_not_independently_reimported,,0,excluded_until_researcher_coding_rubric_is_documented,,,,,,,,GDP parsed from comma-formatted text to numeric.
Andorra,AND,2006,party,2013,2014.0,2014.0,,0,0,0,-8,-8,,,,41322.07,,0,1,1,0,0,0,0,0,0,0,0,79000,,0,0,,,0,0,1,0,2.62,1.45,retained_legacy_not_independently_reimported,,0,excluded_until_researcher_coding_rubric_is_documented,,,,,,,,GDP parsed from comma-formatted text to numeric.
Andorra,AND,2007,party,2013,2014.0,2014.0,,0,0,0,-7,-7,0.0,12.213,2.443,40789.18,,0,1,1,0,1,1,1,0,0,0,0,81000,,0,0,,,0,0,1,0,2.55,1.99,retained_legacy_not_independently_reimported,,0,excluded_until_researcher_coding_rubric_is_documented,,,,,,,,GDP parsed from comma-formatted text to numeric.
Andorra,AND,2008,party,2013,2014.0,2014.0,,0,0,0,-6,-6,2.511,17.965,2.395,37775.14,,0,1,1,0,1,1,1,0,0,0,0,82000,,0,0,,,0,0,1,0,2.6,2.02,retained_legacy_not_independently_reimported,,0,excluded_until_researcher_coding_rubric_is_documented,,,,,,,,GDP parsed from comma-formatted text to numeric.
Andorra,AND,2009,party,2013,2014.0,2014.0,,0,0,0,-5,-5,0.0,7.152,0.0,35604.4,,0,1,1,0,1,1,1,0,0,0,0,82000,,0,0,,,0,0,1,0,2.61,2.07,retained_legacy_not_independently_reimported,,0,excluded_until_researcher_coding_rubric_is_documented,,,,,,,,GDP parsed from comma-formatted text to numeric.
Andorra,AND,2010,party,2013,2014.0,2014.0,,0,0,0,-4,-4,0.0,12.391,1.239,36277.28,,0,1,1,0,1,1,1,0,0,0,0,82000,,0,0,,,0,0,1,0,2.57,2.04,retained_legacy_not_independently_reimported,,0,excluded_until_researcher_coding_rubric_is_documented,,,,,,,,GDP parsed from comma-formatted text to numeric.
Andorra,AND,2011,party,2013,2014.0,2014.0,,0,0,0,-3,-3,0.0,21.856,2.571,37637.5,,0,1,1,0,1,1,1,0,0,0,0,80000,,0,0,,,0,0,1,0,2.55,2.38,retained_legacy_not_independently_reimported,,0,excluded_until_researcher_coding_rubric_is_documented,,,,,,,,GDP parsed from comma-formatted text to numeric.
Andorra,AND,2012,party,2013,2014.0,2014.0,,0,0,0,-2,-2,0.0,23.427,6.508,36207,,0,1,1,0,1,1,1,0,0,0,0,78000,,0,0,,,0,0,1,0,2.59,2.38,retained_legacy_not_independently_reimported,,0,excluded_until_researcher_coding_rubric_is_documented,,,,,,,,GDP parsed from comma-formatted text to numeric.
Andorra,AND,2013,party,2013,2014.0,2014.0,,0,0,0,-1,-1,0.0,23.938,3.99,35684.19,,0,1,1,0,1,1,1,0,0,0,0,76000,,0,0,,,0,0,1,0,2.61,2.38,retained_legacy_not_independently_reimported,,0,excluded_until_researcher_coding_rubric_is_documented,,,,,,,,GDP parsed from comma-formatted text to numeric.
Andorra,AND,2014,party,2013,2014.0,2014.0,,1,1,1,0,0,0.0,21.699,8.137,37300.64,,0,1,1,0,1,1,1,0,0,0,0,74000,,0,0,,,0,0,1,0,2.91,2.79,retained_legacy_not_independently_reimported,,0,excluded_until_researcher_coding_rubric_is_documented,,,,,,,,GDP parsed from comma-formatted text to numeric.
Andorra,AND,2015,party,2013,2014.0,2014.0,,1,1,1,1,1,0.0,15.241,1.386,38654.95,,0,1,1,0,1,1,1,0,0,0,0,72000,,0,0,,,0,0,1,0,2.97,2.59,retained_legacy_not_independently_reimported,,0,excluded_until_researcher_coding_rubric_is_documented,,,,,,,,GDP parsed from comma-formatted text to numeric.
Andorra,AND,2016,party,2013,2014.0,2014.0,,1,1,1,2,2,,24.937,2.771,40085.04,,0,1,1,0,0,1,1,0,0,0,0,72000,,0,0,,,0,0,1,0,3.08,2.59,retained_legacy_not_independently_reimported,,0,excluded_until_researcher_coding_rubric_is_documented,,,,,,,,GDP parsed from comma-formatted text to numeric.
Andorra,AND,2017,party,2013,2014.0,2014.0,,1,1,1,3,3,,27.114,4.067,39361.08,,0,1,1,0,0,1,1,0,0,0,0,73000,,0,0,,,0,0,1,0,3.21,2.63,retained_legacy_not_independently_reimported,,0,excluded_until_researcher_coding_rubric_is_documented,,,,,,,,GDP parsed from comma-formatted text to numeric.
Andorra,AND,2018,party,2013,2014.0,2014.0,,1,1,1,4,4,,34.592,2.661,39242.16,,0,1,1,0,0,1,1,0,0,0,0,77000,,0,0,,,0,0,1,0,3.21,2.63,retained_legacy_not_independently_reimported,,0,excluded_until_researcher_coding_rubric_is_documented,,,,,,,,GDP parsed from comma-formatted text to numeric.
Andorra,AND,2019,party,2013,2014.0,2014.0,,1,1,1,5,5,,49.69,0.0,39346.29,,0,1,1,0,0,1,1,0,0,0,0,77000,,0,0,,,0,0,1,0,3.16,2.59,retained_legacy_not_independently_reimported,,0,excluded_until_researcher_coding_rubric_is_documented,,,,,,,,GDP parsed from comma-formatted text to numeric.
Andorra,AND,2020,party,2013,2014.0,2014.0,,1,1,1,6,6,,,,34536.67,,0,1,1,0,0,0,0,0,0,0,0,77000,,0,0,,,0,0,1,0,2.99,2.77,retained_legacy_not_independently_reimported,,0,excluded_until_researcher_coding_rubric_is_documented,,,,,,,,GDP parsed from comma-formatted text to numeric.
Andorra,AND,2021,party,2013,2014.0,2014.0,,1,1,1,7,7,,,,36929.04,,0,1,1,0,0,0,0,0,0,0,0,79000,,0,0,,,0,0,1,0,2.99,2.81,retained_legacy_not_independently_reimported,,0,excluded_until_researcher_coding_rubric_is_documented,,,,,,,,GDP parsed from comma-formatted text to numeric.
Andorra,AND,2022,party,2013,2014.0,2014.0,,1,1,1,8,8,,,,39780.42,,0,1,1,0,0,0,0,0,0,0,0,79000,,0,0,,,0,0,1,0,,,excluded_legacy_flagged_for_manual_review,,0,excluded_until_researcher_coding_rubric_is_documented,,,,,,,,GDP parsed from comma-formatted text to numeric. | WGI legacy value excluded because source file flagged this country-year for manual review.
Andorra,AND,2023,party,2013,2014.0,2014.0,,1,1,1,9,9,,,,40227.25,,0,1,1,0,0,0,0,0,0,0,0,80000,,0,0,,,0,0,1,0,,,excluded_legacy_flagged_for_manual_review,,0,excluded_until_researcher_coding_rubric_is_documented,,,,,,,,GDP parsed from comma-formatted text to numeric. | WGI legacy value excluded because source file flagged this country-year for manual review. | UNODC outcome values preserved from source dataset; not silently imputed or replaced.
Armenia,ARM,1990,signed_not_ratified,2018,,,,0,0,0,,,1.23,,,1644.02,57.6,0,0,1,1,0,0,0,0,0,0,0,3545000,,0,0,0.0,0.0,1,1,0,0,,,retained_legacy_not_independently_reimported,,0,excluded_until_researcher_coding_rubric_is_documented,2959694,31,296,265,90,0.104741,0,GDP parsed from comma-formatted text to numeric.
Armenia,ARM,1991,signed_not_ratified,2018,,,,0,0,0,,,1.579,,,1426.83,57.5,0,0,1,1,0,0,0,0,0,0,0,3577000,,0,0,0.0,0.0,1,1,0,0,,,retained_legacy_not_independently_reimported,,0,excluded_until_researcher_coding_rubric_is_documented,2959694,31,296,265,90,0.104741,0,GDP parsed from comma-formatted text to numeric.
Armenia,ARM,1992,signed_not_ratified,2018,,,,0,0,0,,,,,,840.21,57.3,0,0,1,1,0,0,0,0,0,0,0,3549000,,0,0,0.0,0.0,1,1,0,0,,,retained_legacy_not_independently_reimported,,0,excluded_until_researcher_coding_rubric_is_documented,2959694,31,296,265,90,0.104741,0,
Armenia,ARM,1993,signed_not_ratified,2018,,,,0,0,0,,,2.992,,,792.57,56.8,0,0,1,1,0,0,0,0,0,0,0,3377000,,0,0,0.0,0.0,1,1,0,0,,,retained_legacy_not_independently_reimported,,0,excluded_until_researcher_coding_rubric_is_documented,2959694,31,296,265,90,0.104741,0,
Armenia,ARM,1994,signed_not_ratified,2018,,,,0,0,0,,,1.396,,,857.39,56.3,0,0,1,1,0,0,0,0,0,0,0,3201000,,0,0,0.0,0.0,1,1,0,0,,,retained_legacy_not_independently_reimported,,0,excluded_until_researcher_coding_rubric_is_documented,2959694,31,296,265,90,0.104741,0,
Armenia,ARM,1995,signed_not_ratified,2018,,,,0,0,0,,,1.104,,,932.36,55.7,0,0,1,1,0,0,0,0,0,0,0,3044000,,0,0,0.0,0.0,1,1,0,0,,,retained_legacy_not_independently_reimported,,0,excluded_until_researcher_coding_rubric_is_documented,2959694,31,296,265,90,0.104741,0,
Armenia,ARM,1996,signed_not_ratified,2018,,,,0,0,0,,,1.341,,,995.73,55.2,0,0,1,1,0,0,0,1,0,0,0,2987000,,0,0,0.0,0.0,1,1,0,0,-0.65,-0.8,retained_legacy_not_independently_reimported,,0,excluded_until_researcher_coding_rubric_is_documented,2959694,31,296,265,90,0.104741,0,
Armenia,ARM,1997,signed_not_ratified,2018,,,,0,0,0,,,1.274,,,1039.08,54.8,0,0,1,1,0,0,0,0,0,0,0,3004000,,0,0,0.0,0.0,1,1,0,0,,,retained_legacy_not_independently_reimported,,0,excluded_until_researcher_coding_rubric_is_documented,2959694,31,296,265,90,0.104741,0,GDP parsed from comma-formatted text to numeric.
Armenia,ARM,1998,signed_not_ratified,2018,,,,0,0,0,,,0.92,,,1128.1,54.6,0,0,1,1,0,0,0,1,0,0,0,3044000,,0,0,0.0,0.0,1,1,0,0,-0.93,-0.65,retained_legacy_not_independently_reimported,,0,excluded_until_researcher_coding_rubric_is_documented,2959694,31,296,265,90,0.104741,0,GDP parsed from comma-formatted text to numeric.
Armenia,ARM,1999,signed_not_ratified,2018,,,,0,0,0,,,1.152,,,1180.45,54.5,0,0,1,1,0,0,0,0,0,0,0,3068000,,0,0,0.0,0.0,1,1,0,0,,,retained_legacy_not_independently_reimported,,0,excluded_until_researcher_coding_rubric_is_documented,2959694,31,296,265,90,0.104741,0,GDP parsed from comma-formatted text to numeric.
Armenia,ARM,2000,signed_not_ratified,2018,,,,0,0,0,,,1.553,,,1229.22,54.5,0,0,1,1,1,0,0,1,1,0,0,3076000,,0,0,0.0,0.0,1,1,0,0,-0.93,-0.85,retained_legacy_not_independently_reimported,,0,excluded_until_researcher_coding_rubric_is_documented,2959694,31,296,265,90,0.104741,0,GDP parsed from comma-formatted text to numeric.
Armenia,ARM,2001,signed_not_ratified,2018,,,,0,0,0,,,1.114,,,1351.12,54.3,0,0,1,1,1,0,0,0,0,0,0,3060000,,0,0,0.0,0.0,1,1,0,0,,,retained_legacy_not_independently_reimported,,0,excluded_until_researcher_coding_rubric_is_documented,2959694,31,296,265,90,0.104741,0,GDP parsed from comma-formatted text to numeric.
Armenia,ARM,2002,signed_not_ratified,2018,,,,0,0,0,,,1.197,,,1535.2,54.0,0,0,1,1,1,0,0,1,1,0,0,3032000,,0,0,0.0,0.0,1,1,0,0,-0.08,-0.75,retained_legacy_not_independently_reimported,,0,excluded_until_researcher_coding_rubric_is_documented,2959694,31,296,265,90,0.104741,0,GDP parsed from comma-formatted text to numeric.
Armenia,ARM,2003,signed_not_ratified,2018,,,,0,0,0,,,0.667,,0.099,1759.65,53.8,0,0,1,1,1,0,0,1,1,0,0,3012000,,0,0,0.0,0.0,1,1,0,0,-0.33,-0.51,retained_legacy_not_independently_reimported,,0,excluded_until_researcher_coding_rubric_is_documented,2959694,31,296,265,90,0.104741,0,GDP parsed from comma-formatted text to numeric.
Armenia,ARM,2004,signed_not_ratified,2018,,,,0,0,0,,,1.358,1.588,0.298,1955.22,53.5,0,0,1,1,1,0,0,1,1,0,0,2998000,,0,0,0.0,0.0,1,1,0,0,-0.2,-0.82,retained_legacy_not_independently_reimported,,0,excluded_until_researcher_coding_rubric_is_documented,2959694,31,296,265,90,0.104741,0,GDP parsed from comma-formatted text to numeric.
Armenia,ARM,2005,signed_not_ratified,2018,,,,0,0,0,,,0.682,1.696,0.499,2240.09,53.3,0,0,1,1,1,1,1,1,1,1,1,2984000,,0,0,0.0,0.0,1,1,0,0,-0.24,-0.66,retained_legacy_not_independently_reimported,,0,excluded_until_researcher_coding_rubric_is_documented,2959694,31,296,265,90,0.104741,0,GDP parsed from comma-formatted text to numeric.
Armenia,ARM,2006,signed_not_ratified,2018,,,,0,0,0,,,1.62,1.739,0.234,2551.44,53.2,0,0,1,1,1,1,1,1,1,1,1,2975000,,0,0,0.0,0.0,1,1,0,0,-0.44,-0.93,retained_legacy_not_independently_reimported,,0,excluded_until_researcher_coding_rubric_is_documented,2959694,31,296,265,90,0.104741,0,GDP parsed from comma-formatted text to numeric.
Armenia,ARM,2007,signed_not_ratified,2018,,,,0,0,0,,,0.814,1.109,0.168,2919.37,53.3,0,0,1,1,1,1,1,1,1,1,1,2977000,,0,0,0.0,0.0,1,1,0,0,-0.65,-0.84,retained_legacy_not_independently_reimported,,0,excluded_until_researcher_coding_rubric_is_documented,2959694,31,296,265,90,0.104741,0,GDP parsed from comma-formatted text to numeric.
Armenia,ARM,2008,signed_not_ratified,2018,,,,0,0,0,,,1.656,2.128,0.507,3141.33,53.0,0,0,1,1,1,1,1,1,1,1,1,2990000,,0,0,0.0,0.0,1,1,0,0,-0.3,-0.57,retained_legacy_not_independently_reimported,,0,excluded_until_researcher_coding_rubric_is_documented,2959694,31,296,265,90,0.104741,0,GDP parsed from comma-formatted text to numeric.
Armenia,ARM,2009,signed_not_ratified,2018,,,,0,0,0,,,1.574,2.478,0.509,2716.97,54.4,0,0,1,1,1,1,1,1,1,1,1,2990000,,0,0,0.0,0.0,1,1,0,0,-0.04,-0.8,retained_legacy_not_independently_reimported,,0,excluded_until_researcher_coding_rubric_is_documented,2959694,31,296,265,90,0.104741,0,GDP parsed from comma-formatted text to numeric.
Armenia,ARM,2010,signed_not_ratified,2018,,,,0,0,0,,,0.631,2.798,0.375,2796.08,54.4,0,0,1,1,1,1,1,1,1,1,1,2963000,,0,0,0.0,0.0,1,1,0,0,-0.29,-0.82,retained_legacy_not_independently_reimported,,0,excluded_until_researcher_coding_rubric_is_documented,2959694,31,296,265,90,0.104741,0,GDP parsed from comma-formatted text to numeric.
Armenia,ARM,2011,signed_not_ratified,2018,,,,0,0,0,,,1.201,2.429,0.342,2943.84,54.2,0,0,1,1,1,1,1,1,1,1,1,2977000,,0,0,0.0,0.0,1,1,0,0,-0.19,-0.74,retained_legacy_not_independently_reimported,,0,excluded_until_researcher_coding_rubric_is_documented,2959694,31,296,265,90,0.104741,0,GDP parsed from comma-formatted text to numeric.
Armenia,ARM,2012,signed_not_ratified,2018,,,,0,0,0,,,1.202,3.593,0.479,3159.76,53.9,0,0,1,1,1,1,1,1,1,1,1,2978000,,0,0,0.0,0.0,1,1,0,0,-0.05,-0.71,retained_legacy_not_independently_reimported,,0,excluded_until_researcher_coding_rubric_is_documented,2959694,31,296,265,90,0.104741,0,GDP parsed from comma-formatted text to numeric.
Armenia,ARM,2013,signed_not_ratified,2018,,,,0,0,0,,,1.202,3.969,0.513,3266.3,53.9,0,0,1,1,1,1,1,1,1,1,1,2977000,,0,0,0.0,0.0,1,1,0,0,0.14,-0.58,retained_legacy_not_independently_reimported,,0,excluded_until_researcher_coding_rubric_is_documented,2959694,31,296,265,90,0.104741,0,GDP parsed from comma-formatted text to numeric.
Armenia,ARM,2014,signed_not_ratified,2018,,,,0,0,0,,,1.267,3.319,0.616,3393.09,53.8,0,0,1,1,1,1,1,1,1,1,1,2976000,,0,0,0.0,0.0,1,1,0,0,-0.43,-0.71,retained_legacy_not_independently_reimported,,0,excluded_until_researcher_coding_rubric_is_documented,2959694,31,296,265,90,0.104741,0,GDP parsed from comma-formatted text to numeric.
Armenia,ARM,2015,signed_not_ratified,2018,,,,0,0,0,,,1.331,4.108,1.027,3512.39,53.8,0,0,1,1,1,1,1,1,1,1,1,2975000,,0,0,0.0,0.0,1,1,0,0,-0.55,-0.78,retained_legacy_not_independently_reimported,,0,excluded_until_researcher_coding_rubric_is_documented,2959694,31,296,265,90,0.104741,0,GDP parsed from comma-formatted text to numeric.
Armenia,ARM,2016,signed_not_ratified,2018,,,,0,0,0,,,0.889,4.043,0.548,3533.89,53.9,0,0,1,1,1,1,1,1,1,1,1,2972000,,0,0,0.0,0.0,1,1,0,0,-0.52,-0.27,retained_legacy_not_independently_reimported,,0,excluded_until_researcher_coding_rubric_is_documented,2959694,31,296,265,90,0.104741,0,GDP parsed from comma-formatted text to numeric.
Armenia,ARM,2017,signed_not_ratified,2018,,,,0,0,0,,,0.7,3.499,0.583,3815.37,53.8,0,0,1,1,1,1,1,1,1,1,1,2963000,,0,0,0.0,0.0,1,1,0,0,-0.42,-0.35,retained_legacy_not_independently_reimported,,0,excluded_until_researcher_coding_rubric_is_documented,2959694,31,296,265,90,0.104741,0,GDP parsed from comma-formatted text to numeric.
Armenia,ARM,2018,signed_not_ratified,2018,,,,0,0,0,,,0.701,2.887,0.687,4027.83,53.6,0,0,1,1,1,1,1,1,1,1,1,2951000,,0,0,0.0,0.0,1,1,0,0,-0.28,-0.33,retained_legacy_not_independently_reimported,,0,excluded_until_researcher_coding_rubric_is_documented,2959694,31,296,265,90,0.104741,0,GDP parsed from comma-formatted text to numeric.
Armenia,ARM,2019,signed_not_ratified,2018,,,,0,0,0,,,0.64,3.581,0.62,4343.46,50.8,0,0,1,1,1,1,1,1,1,1,1,2958000,,0,0,1.0,0.0,1,1,0,0,-0.38,-0.3,retained_legacy_not_independently_reimported,,0,excluded_until_researcher_coding_rubric_is_documented,2959694,31,296,265,90,0.104741,0,GDP parsed from comma-formatted text to numeric.
Armenia,ARM,2020,signed_not_ratified,2018,,,,0,0,0,,,1.029,2.802,0.692,4032.09,54.3,0,0,1,1,1,1,1,1,1,1,1,2963000,,0,0,1.0,0.0,1,1,0,0,-0.51,-0.21,retained_legacy_not_independently_reimported,,0,excluded_until_researcher_coding_rubric_is_documented,2959694,31,296,265,90,0.104741,0,GDP parsed from comma-formatted text to numeric.
Armenia,ARM,2021,signed_not_ratified,2018,,,,0,0,0,,,0.908,3.24,0.766,4264.8,55.1,0,0,1,1,1,1,1,1,1,1,1,2791000,,0,0,1.0,0.0,1,1,0,0,-0.47,-0.2,retained_legacy_not_independently_reimported,,0,excluded_until_researcher_coding_rubric_is_documented,2959694,31,296,265,90,0.104741,0,GDP parsed from comma-formatted text to numeric.
Armenia,ARM,2022,signed_not_ratified,2018,,,,0,0,0,,,,3.784,2.048,4791,50.2,0,0,1,1,0,1,1,1,0,1,1,2780000,,0,0,1.0,0.0,1,1,0,0,-0.44,-0.24,retained_legacy_not_independently_reimported,,0,excluded_until_researcher_coding_rubric_is_documented,2959694,31,296,265,90,0.104741,0,GDP parsed from comma-formatted text to numeric.
Armenia,ARM,2023,signed_not_ratified,2018,,,,0,0,0,,,,5.979,2.82,5197.24,51.5,0,0,1,1,0,1,1,1,0,1,1,2773000,,0,0,1.0,0.0,1,1,0,0,-0.13,-0.09,retained_legacy_not_independently_reimported,,0,excluded_until_researcher_coding_rubric_is_documented,2959694,31,296,265,90,0.104741,0,GDP parsed from comma-formatted text to numeric. | UNODC outcome values preserved from source dataset; not silently imputed or replaced.
Austria,AUT,1990,party,2011,2013.0,2014.0,,0,0,0,-23,-24,0.996,,,31167.19,43.1,0,0,1,1,0,0,0,0,0,0,0,7718000,2017,0,0,0.0,0.0,1,1,1,0,,,retained_legacy_not_independently_reimported,2017,0,excluded_until_researcher_coding_rubric_is_documented,8901064,791,890,99,11,0.888658,0,GDP parsed from comma-formatted text to numeric.
Austria,AUT,1991,party,2011,2013.0,2014.0,,0,0,0,-22,-23,1.16,,,31919.56,43.6,0,0,1,1,0,0,0,0,0,0,0,7754000,2017,0,0,0.0,0.0,1,1,1,0,,,retained_legacy_not_independently_reimported,2017,0,excluded_until_researcher_coding_rubric_is_documented,8901064,791,890,99,11,0.888658,0,GDP parsed from comma-formatted text to numeric.
Austria,AUT,1992,party,2011,2013.0,2014.0,,0,0,0,-21,-22,1.05,,,32231.12,45.1,0,0,1,1,0,0,0,0,0,0,0,7840000,2017,0,0,0.0,0.0,1,1,1,0,,,retained_legacy_not_independently_reimported,2017,0,excluded_until_researcher_coding_rubric_is_documented,8901064,791,890,99,11,0.888658,0,GDP parsed from comma-formatted text to numeric.
Austria,AUT,1993,party,2011,2013.0,2014.0,,0,0,0,-20,-21,0.847,,,32134.83,45.6,0,0,1,1,0,0,0,0,0,0,0,7914000,2017,0,0,0.0,0.0,1,1,1,0,,,retained_legacy_not_independently_reimported,2017,0,excluded_until_researcher_coding_rubric_is_documented,8901064,791,890,99,11,0.888658,0,GDP parsed from comma-formatted text to numeric.
Austria,AUT,1994,party,2011,2013.0,2014.0,,0,0,0,-19,-20,1.275,,,32780.34,48.1,0,0,1,1,0,0,0,0,0,0,0,7937000,2017,0,0,0.0,0.0,1,1,1,0,,,retained_legacy_not_independently_reimported,2017,0,excluded_until_researcher_coding_rubric_is_documented,8901064,791,890,99,11,0.888658,0,GDP parsed from comma-formatted text to numeric.
Austria,AUT,1995,party,2011,2013.0,2014.0,,0,0,0,-18,-19,0.925,,,33603.43,48.7,0,0,1,1,0,0,0,0,0,0,0,7948000,2017,0,0,0.0,0.0,1,1,1,0,,,retained_legacy_not_independently_reimported,2017,0,excluded_until_researcher_coding_rubric_is_documented,8901064,791,890,99,11,0.888658,0,GDP parsed from comma-formatted text to numeric.
Austria,AUT,1996,party,2011,2013.0,2014.0,,0,0,0,-17,-18,1.227,,,34301.66,48.3,0,0,1,1,0,0,0,1,0,0,0,7959000,2017,0,0,0.0,0.0,1,1,1,0,2.94,3.07,retained_legacy_not_independently_reimported,2017,0,excluded_until_researcher_coding_rubric_is_documented,8901064,791,890,99,11,0.888658,0,GDP parsed from comma-formatted text to numeric.
Austria,AUT,1997,party,2011,2013.0,2014.0,,0,0,0,-16,-17,0.905,,,34998.03,48.3,0,0,1,1,0,0,0,0,0,0,0,7968000,2017,0,0,0.0,0.0,1,1,1,0,,,retained_legacy_not_independently_reimported,2017,0,excluded_until_researcher_coding_rubric_is_documented,8901064,791,890,99,11,0.888658,0,GDP parsed from comma-formatted text to numeric.
Austria,AUT,1998,party,2011,2013.0,2014.0,,0,0,0,-15,-16,0.82,,,36180.75,48.8,0,0,1,1,0,0,0,1,0,0,0,7977000,2017,0,0,1.0,0.0,1,1,1,0,3.07,3.07,retained_legacy_not_independently_reimported,2017,0,excluded_until_researcher_coding_rubric_is_documented,8901064,791,890,99,11,0.888658,0,GDP parsed from comma-formatted text to numeric.
Austria,AUT,1999,party,2011,2013.0,2014.0,,0,0,0,-14,-15,0.769,,,37468.87,49.0,0,0,1,1,0,0,0,0,0,0,0,7992000,2017,0,0,1.0,0.0,1,1,1,0,,,retained_legacy_not_independently_reimported,2017,0,excluded_until_researcher_coding_rubric_is_documented,8901064,791,890,99,11,0.888658,0,GDP parsed from comma-formatted text to numeric.
Austria,AUT,2000,party,2011,2013.0,2014.0,,0,0,0,-13,-14,1.295,,,38571.09,49.0,0,0,1,1,1,0,0,1,1,0,0,8012000,2017,0,0,1.0,0.0,1,1,1,0,3.14,3.08,retained_legacy_not_independently_reimported,2017,0,excluded_until_researcher_coding_rubric_is_documented,8901064,791,890,99,11,0.888658,0,GDP parsed from comma-formatted text to numeric.
Austria,AUT,2001,party,2011,2013.0,2014.0,,0,0,0,-12,-13,1.008,,,38929.75,48.9,0,0,1,1,1,0,0,0,0,0,0,8043000,2017,0,0,1.0,0.0,1,1,1,0,,,retained_legacy_not_independently_reimported,2017,0,excluded_until_researcher_coding_rubric_is_documented,8901064,791,890,99,11,0.888658,0,GDP parsed from comma-formatted text to numeric.
Austria,AUT,2002,party,2011,2013.0,2014.0,,0,0,0,-11,-12,0.905,,,39313.72,50.1,0,0,1,1,1,0,0,1,1,0,0,8082000,2017,0,0,1.0,0.0,1,1,1,0,3.2,3.16,retained_legacy_not_independently_reimported,2017,0,excluded_until_researcher_coding_rubric_is_documented,8901064,791,890,99,11,0.888658,0,GDP parsed from comma-formatted text to numeric.
Austria,AUT,2003,party,2011,2013.0,2014.0,,0,0,0,-10,-11,0.56,,,39569.29,50.2,0,0,1,1,1,0,0,1,1,0,0,8118000,2017,0,0,1.0,0.0,1,1,1,0,3.28,3.14,retained_legacy_not_independently_reimported,2017,0,excluded_until_researcher_coding_rubric_is_documented,8901064,791,890,99,11,0.888658,0,GDP parsed from comma-formatted text to numeric.
Austria,AUT,2004,party,2011,2013.0,2014.0,,0,0,0,-9,-10,0.759,24.518,8.405,40333.33,50.1,0,0,1,1,1,0,0,1,1,0,0,8142000,2017,0,0,1.0,0.0,1,1,1,0,3.13,3.09,retained_legacy_not_independently_reimported,2017,0,excluded_until_researcher_coding_rubric_is_documented,8901064,791,890,99,11,0.888658,0,GDP parsed from comma-formatted text to numeric.
Austria,AUT,2005,party,2011,2013.0,2014.0,,0,0,0,-8,-9,0.572,20.342,8.239,40989.01,50.9,0,0,1,1,1,1,1,1,1,1,1,8207000,2017,0,0,1.0,0.0,1,1,1,0,2.86,3.14,retained_legacy_not_independently_reimported,2017,0,excluded_until_researcher_coding_rubric_is_documented,8901064,791,890,99,11,0.888658,0,GDP parsed from comma-formatted text to numeric.
Austria,AUT,2006,party,2011,2013.0,2014.0,,0,0,0,-7,-8,0.686,21.016,8.464,42120.16,51.5,0,0,1,1,1,1,1,1,1,1,1,8254000,2017,0,0,1.0,0.0,1,1,1,0,3.11,3.23,retained_legacy_not_independently_reimported,2017,0,excluded_until_researcher_coding_rubric_is_documented,8901064,791,890,99,11,0.888658,0,GDP parsed from comma-formatted text to numeric.
Austria,AUT,2007,party,2011,2013.0,2014.0,,0,0,0,-6,-7,0.569,21.61,8.557,43568.83,52.4,0,0,1,1,1,1,1,1,1,1,1,8283000,2017,0,0,1.0,0.0,1,1,1,0,3.17,3.3,retained_legacy_not_independently_reimported,2017,0,excluded_until_researcher_coding_rubric_is_documented,8901064,791,890,99,11,0.888658,0,GDP parsed from comma-formatted text to numeric.
Austria,AUT,2008,party,2011,2013.0,2014.0,,0,0,0,-5,-6,0.679,35.251,8.326,44063.86,52.9,0,0,1,1,1,1,1,1,1,1,1,8318000,2017,0,0,1.0,0.0,1,1,1,0,3.01,3.25,retained_legacy_not_independently_reimported,2017,0,excluded_until_researcher_coding_rubric_is_documented,8901064,791,890,99,11,0.888658,0,GDP parsed from comma-formatted text to numeric.
Austria,AUT,2009,party,2011,2013.0,2014.0,,0,0,0,-4,-5,0.657,30.773,9.335,42372.48,53.5,0,0,1,1,1,1,1,1,1,1,1,8343000,2017,0,0,1.0,0.0,1,1,1,0,2.83,3.02,retained_legacy_not_independently_reimported,2017,0,excluded_until_researcher_coding_rubric_is_documented,8901064,791,890,99,11,0.888658,0,GDP parsed from comma-formatted text to numeric.
Austria,AUT,2010,party,2011,2013.0,2014.0,,0,0,0,-3,-4,0.769,39.45,10.46,43035.41,53.6,0,0,1,1,1,1,1,1,1,1,1,8363000,2017,0,0,1.0,0.0,1,1,1,0,3.08,3.06,retained_legacy_not_independently_reimported,2017,0,excluded_until_researcher_coding_rubric_is_documented,8901064,791,890,99,11,0.888658,0,GDP parsed from comma-formatted text to numeric.
Austria,AUT,2011,party,2011,2013.0,2014.0,,0,0,0,-2,-3,0.813,44.905,11.616,44146.2,53.9,0,0,1,1,1,1,1,1,1,1,1,8391000,2017,0,0,1.0,0.0,1,1,1,0,2.72,3.06,retained_legacy_not_independently_reimported,2017,0,excluded_until_researcher_coding_rubric_is_documented,8901064,791,890,99,11,0.888658,0,GDP parsed from comma-formatted text to numeric.
Austria,AUT,2012,party,2011,2013.0,2014.0,,0,0,0,-1,-2,0.88,45.721,10.473,44221.46,54.4,0,0,1,1,1,1,1,1,1,1,1,8429000,2017,0,0,1.0,0.0,1,1,1,0,2.65,3.16,retained_legacy_not_independently_reimported,2017,0,excluded_until_researcher_coding_rubric_is_documented,8901064,791,890,99,11,0.888658,0,GDP parsed from comma-formatted text to numeric.
Austria,AUT,2013,party,2011,2013.0,2014.0,,1,0,0,0,-1,0.668,44.568,15.269,43851.37,54.7,0,0,1,1,1,1,1,1,1,1,1,8452000,2017,0,0,1.0,0.0,1,1,1,0,2.67,3.12,retained_legacy_not_independently_reimported,2017,0,excluded_until_researcher_coding_rubric_is_documented,8901064,791,890,99,11,0.888658,0,GDP parsed from comma-formatted text to numeric.
Austria,AUT,2014,party,2011,2013.0,2014.0,,1,1,1,1,0,0.504,41.695,13.618,43838.83,54.8,0,0,1,1,1,1,1,1,1,1,1,8507000,2017,0,0,1.0,0.0,1,1,1,0,2.64,3.3,retained_legacy_not_independently_reimported,2017,0,excluded_until_researcher_coding_rubric_is_documented,8901064,791,890,99,11,0.888658,0,GDP parsed from comma-formatted text to numeric.
Austria,AUT,2015,party,2011,2013.0,2014.0,,1,1,1,2,1,0.386,40.247,13.073,43915.23,54.8,0,0,1,1,1,1,1,1,1,1,1,8611000,2017,0,0,1.0,0.0,1,1,1,0,2.48,3.09,retained_legacy_not_independently_reimported,2017,0,excluded_until_researcher_coding_rubric_is_documented,8901064,791,890,99,11,0.888658,0,GDP parsed from comma-formatted text to numeric.
Austria,AUT,2016,party,2011,2013.0,2014.0,,1,1,1,3,2,0.697,50.252,14.088,44362.67,55.3,0,0,1,1,1,1,1,1,1,1,1,8700000,2017,0,0,1.0,0.0,1,1,1,0,2.52,3,retained_legacy_not_independently_reimported,2017,0,excluded_until_researcher_coding_rubric_is_documented,8901064,791,890,99,11,0.888658,0,GDP parsed from comma-formatted text to numeric.
Austria,AUT,2017,party,2011,2013.0,2014.0,,1,1,1,4,3,0.827,48.336,16.957,45056.64,55.4,0,0,1,1,1,1,1,1,1,1,1,8773000,2017,1,1,1.0,0.0,1,1,1,0,2.5,3.07,retained_legacy_not_independently_reimported,2017,1,excluded_until_researcher_coding_rubric_is_documented,8901064,791,890,99,11,0.888658,0,GDP parsed from comma-formatted text to numeric.
Austria,AUT,2018,party,2011,2013.0,2014.0,,1,1,1,5,4,0.979,50.047,18.843,45951.58,55.4,0,0,1,1,1,1,1,1,1,1,1,8840000,2017,1,1,1.0,0.0,1,1,1,0,2.48,3.16,retained_legacy_not_independently_reimported,2017,1,excluded_until_researcher_coding_rubric_is_documented,8901064,791,890,99,11,0.888658,0,GDP parsed from comma-formatted text to numeric.
Austria,AUT,2019,party,2011,2013.0,2014.0,,1,1,1,6,5,0.886,50.772,18.872,46550.56,55.5,0,0,1,1,1,1,1,1,1,1,1,8858000,2017,1,1,1.0,0.0,1,1,1,0,2.55,3.18,retained_legacy_not_independently_reimported,2017,1,excluded_until_researcher_coding_rubric_is_documented,8901064,791,890,99,11,0.888658,0,GDP parsed from comma-formatted text to numeric.
Austria,AUT,2020,party,2011,2013.0,2014.0,,1,1,1,7,6,0.816,46.416,18.876,43428.7,55.2,0,0,1,1,1,1,1,1,1,1,1,8901000,2017,1,1,1.0,0.0,1,1,1,0,2.74,3.02,retained_legacy_not_independently_reimported,2017,1,excluded_until_researcher_coding_rubric_is_documented,8901064,791,890,99,11,0.888658,0,GDP parsed from comma-formatted text to numeric.
Austria,AUT,2021,party,2011,2013.0,2014.0,,1,1,1,8,7,0.878,48.556,20.531,45368.64,55.4,0,0,1,1,1,1,1,1,1,1,1,8932000,2017,1,1,1.0,0.0,1,1,1,0,2.61,2.99,retained_legacy_not_independently_reimported,2017,1,excluded_until_researcher_coding_rubric_is_documented,8901064,791,890,99,11,0.888658,0,GDP parsed from comma-formatted text to numeric.
Austria,AUT,2022,party,2011,2013.0,2014.0,,1,1,1,9,8,0.891,54.806,22.67,47332.42,55.7,0,0,1,1,1,1,1,1,1,1,1,8979000,2017,1,1,1.0,0.0,1,1,1,0,2.05,2.39,retained_legacy_not_independently_reimported,2017,1,excluded_until_researcher_coding_rubric_is_documented,8901064,791,890,99,11,0.888658,0,GDP parsed from comma-formatted text to numeric.
Austria,AUT,2023,party,2011,2013.0,2014.0,,1,1,1,10,9,0.971,59.658,25.497,46497.91,55.8,0,0,1,1,1,1,1,0,0,0,0,9104000,2017,1,1,1.0,0.0,1,1,1,0,,,excluded_legacy_flagged_for_manual_review,2017,1,excluded_until_researcher_coding_rubric_is_documented,8901064,791,890,99,11,0.888658,0,GDP parsed from comma-formatted text to numeric. | WGI legacy value excluded because source file flagged this country-year for manual review. | UNODC outcome values preserved from source dataset; not silently imputed or replaced.
Belgium,BEL,1990,party,2012,2016.0,2016.0,,0,0,0,-26,-26,,,,29609.62,36.5,0,0,1,1,0,0,0,0,0,0,0,9959000,2020,0,0,0.0,0.0,1,1,1,0,,,retained_legacy_not_independently_reimported,2020,0,excluded_until_researcher_coding_rubric_is_documented,11522440,1863,1152,0,0,1.616845,1,GDP parsed from comma-formatted text to numeric.
Belgium,BEL,1991,party,2012,2016.0,2016.0,,0,0,0,-25,-25,,,,30040.55,37.9,0,0,1,1,0,0,0,0,0,0,0,9988000,2020,0,0,0.0,0.0,1,1,1,0,,,retained_legacy_not_independently_reimported,2020,0,excluded_until_researcher_coding_rubric_is_documented,11522440,1863,1152,0,0,1.616845,1,GDP parsed from comma-formatted text to numeric.
Belgium,BEL,1992,party,2012,2016.0,2016.0,,0,0,0,-24,-24,,,,30376.87,38.8,0,0,1,1,0,0,0,0,0,0,0,10021000,2020,0,0,0.0,0.0,1,1,1,0,,,retained_legacy_not_independently_reimported,2020,0,excluded_until_researcher_coding_rubric_is_documented,11522440,1863,1152,0,0,1.616845,1,GDP parsed from comma-formatted text to numeric.
Belgium,BEL,1993,party,2012,2016.0,2016.0,,0,0,0,-23,-23,,,,29967.39,39.5,0,0,1,1,0,0,0,0,0,0,0,10068000,2020,0,0,0.0,0.0,1,1,1,0,,,retained_legacy_not_independently_reimported,2020,0,excluded_until_researcher_coding_rubric_is_documented,11522440,1863,1152,0,0,1.616845,1,GDP parsed from comma-formatted text to numeric.
Belgium,BEL,1994,party,2012,2016.0,2016.0,,0,0,0,-22,-22,,,,30839.24,40.0,0,0,1,1,0,0,0,0,0,0,0,10116000,2020,0,0,0.0,0.0,1,1,1,0,,,retained_legacy_not_independently_reimported,2020,0,excluded_until_researcher_coding_rubric_is_documented,11522440,1863,1152,0,0,1.616845,1,GDP parsed from comma-formatted text to numeric.
Belgium,BEL,1995,party,2012,2016.0,2016.0,,0,0,0,-21,-21,,,,31508.62,40.4,0,0,1,1,0,0,0,0,0,0,0,10137000,2020,0,0,0.0,0.0,1,1,1,0,,,retained_legacy_not_independently_reimported,2020,0,excluded_until_researcher_coding_rubric_is_documented,11522440,1863,1152,0,0,1.616845,1,GDP parsed from comma-formatted text to numeric.
Belgium,BEL,1996,party,2012,2016.0,2016.0,,0,0,0,-20,-20,,,,31862.67,40.5,0,0,1,1,0,0,0,1,0,0,0,10157000,2020,0,0,0.0,0.0,1,1,1,0,2.91,2.32,retained_legacy_not_independently_reimported,2020,0,excluded_until_researcher_coding_rubric_is_documented,11522440,1863,1152,0,0,1.616845,1,GDP parsed from comma-formatted text to numeric.
Belgium,BEL,1997,party,2012,2016.0,2016.0,,0,0,0,-19,-19,,,,32991.5,41.0,0,0,1,1,0,0,0,0,0,0,0,10181000,2020,0,0,0.0,0.0,1,1,1,0,,,retained_legacy_not_independently_reimported,2020,0,excluded_until_researcher_coding_rubric_is_documented,11522440,1863,1152,0,0,1.616845,1,GDP parsed from comma-formatted text to numeric.
Belgium,BEL,1998,party,2012,2016.0,2016.0,,0,0,0,-18,-18,,,,33566.99,41.5,0,0,1,1,0,0,0,1,0,0,0,10203000,2020,0,0,0.0,0.0,1,1,1,0,3.01,2.07,retained_legacy_not_independently_reimported,2020,0,excluded_until_researcher_coding_rubric_is_documented,11522440,1863,1152,0,0,1.616845,1,GDP parsed from comma-formatted text to numeric.
Belgium,BEL,1999,party,2012,2016.0,2016.0,,0,0,0,-17,-17,,,,34676.61,43.1,0,0,1,1,0,0,0,0,0,0,0,10226000,2020,0,0,0.0,0.0,1,1,1,0,,,retained_legacy_not_independently_reimported,2020,0,excluded_until_researcher_coding_rubric_is_documented,11522440,1863,1152,0,0,1.616845,1,GDP parsed from comma-formatted text to numeric.
Belgium,BEL,2000,party,2012,2016.0,2016.0,,0,0,0,-16,-16,1.59,,,35878.32,43.6,0,0,1,1,1,0,0,1,1,0,0,10252000,2020,0,0,0.0,0.0,1,1,1,0,2.82,2.23,retained_legacy_not_independently_reimported,2020,0,excluded_until_researcher_coding_rubric_is_documented,11522440,1863,1152,0,0,1.616845,1,GDP parsed from comma-formatted text to numeric.
Belgium,BEL,2001,party,2012,2016.0,2016.0,,0,0,0,-15,-15,1.956,,,36148.29,41.8,0,0,1,1,1,0,0,0,0,0,0,10263000,2020,0,0,0.0,0.0,1,1,1,0,,,retained_legacy_not_independently_reimported,2020,0,excluded_until_researcher_coding_rubric_is_documented,11522440,1863,1152,0,0,1.616845,1,GDP parsed from comma-formatted text to numeric.
Belgium,BEL,2002,party,2012,2016.0,2016.0,,0,0,0,-14,-14,2.503,,,36600.86,42.5,0,0,1,1,1,0,0,1,1,0,0,10310000,2020,0,0,0.0,0.0,1,1,1,0,3.26,2.29,retained_legacy_not_independently_reimported,2020,0,excluded_until_researcher_coding_rubric_is_documented,11522440,1863,1152,0,0,1.616845,1,GDP parsed from comma-formatted text to numeric.
Belgium,BEL,2003,party,2012,2016.0,2016.0,,0,0,0,-13,-13,1.778,53.632,27.467,36826.27,42.9,0,0,1,1,1,0,0,1,1,0,0,10356000,2020,0,0,0.0,0.0,1,1,1,0,3.18,2.26,retained_legacy_not_independently_reimported,2020,0,excluded_until_researcher_coding_rubric_is_documented,11522440,1863,1152,0,0,1.616845,1,GDP parsed from comma-formatted text to numeric.
Belgium,BEL,2004,party,2012,2016.0,2016.0,,0,0,0,-12,-12,2.376,,28.25,37976.7,44.2,0,0,1,1,1,0,0,1,1,0,0,10396000,2020,0,0,1.0,1.0,1,1,1,0,3.15,2.23,retained_legacy_not_independently_reimported,2020,0,excluded_until_researcher_coding_rubric_is_documented,11522440,1863,1152,0,0,1.616845,1,GDP parsed from comma-formatted text to numeric.
Belgium,BEL,2005,party,2012,2016.0,2016.0,,0,0,0,-11,-11,1.723,57.707,28.906,38645.26,45.7,0,0,1,1,1,1,1,1,1,1,1,10445000,2020,0,0,1.0,1.0,1,1,1,0,2.9,2.14,retained_legacy_not_independently_reimported,2020,0,excluded_until_researcher_coding_rubric_is_documented,11522440,1863,1152,0,0,1.616845,1,GDP parsed from comma-formatted text to numeric.
Belgium,BEL,2006,party,2012,2016.0,2016.0,,0,0,0,-10,-10,1.63,61.545,30.497,39371.09,45.8,0,0,1,1,1,1,1,1,1,1,1,10511000,2020,0,0,1.0,1.0,1,1,1,0,2.96,2.08,retained_legacy_not_independently_reimported,2020,0,excluded_until_researcher_coding_rubric_is_documented,11522440,1863,1152,0,0,1.616845,1,GDP parsed from comma-formatted text to numeric.
Belgium,BEL,2007,party,2012,2016.0,2016.0,,0,0,0,-9,-9,1.611,61.729,30.963,40520.08,46.6,0,0,1,1,1,1,1,1,1,1,1,10585000,2020,0,0,1.0,1.0,1,1,1,0,2.72,2.24,retained_legacy_not_independently_reimported,2020,0,excluded_until_researcher_coding_rubric_is_documented,11522440,1863,1152,0,0,1.616845,1,GDP parsed from comma-formatted text to numeric.
Belgium,BEL,2008,party,2012,2016.0,2016.0,,0,0,0,-8,-8,1.306,61.496,30.169,40380.91,46.9,0,0,1,1,1,1,1,1,1,1,1,10666000,2020,0,0,1.0,1.0,1,1,1,0,2.35,2.27,retained_legacy_not_independently_reimported,2020,0,excluded_until_researcher_coding_rubric_is_documented,11522440,1863,1152,0,0,1.616845,1,GDP parsed from comma-formatted text to numeric.
Belgium,BEL,2009,party,2012,2016.0,2016.0,,0,0,0,-7,-7,1.382,62.619,29.15,39293.64,47.0,0,0,1,1,1,1,1,1,1,1,1,10750000,2020,0,0,1.0,1.0,1,1,1,0,2.66,2.34,retained_legacy_not_independently_reimported,2020,0,excluded_until_researcher_coding_rubric_is_documented,11522440,1863,1152,0,0,1.616845,1,GDP parsed from comma-formatted text to numeric.
Belgium,BEL,2010,party,2012,2016.0,2016.0,,0,0,0,-6,-6,1.247,64.855,30.247,39991.56,47.8,0,0,1,1,1,1,1,1,1,1,1,10839000,2020,0,0,1.0,1.0,1,1,1,0,2.81,2.41,retained_legacy_not_independently_reimported,2020,0,excluded_until_researcher_coding_rubric_is_documented,11522440,1863,1152,0,0,1.616845,1,GDP parsed from comma-formatted text to numeric.
Belgium,BEL,2011,party,2012,2016.0,2016.0,,0,0,0,-5,-5,1.644,65.878,30.774,40236.96,47.1,0,0,1,1,1,1,1,1,1,1,1,11000000,2020,0,0,1.0,1.0,1,1,1,0,2.93,2.44,retained_legacy_not_independently_reimported,2020,0,excluded_until_researcher_coding_rubric_is_documented,11522440,1863,1152,0,0,1.616845,1,GDP parsed from comma-formatted text to numeric.
Belgium,BEL,2012,party,2012,2016.0,2016.0,,0,0,0,-4,-4,1.367,63.858,30.655,40074.49,47.2,0,0,1,1,1,1,1,1,1,1,1,11094000,2020,0,0,1.0,1.0,1,1,1,0,2.84,2.46,retained_legacy_not_independently_reimported,2020,0,excluded_until_researcher_coding_rubric_is_documented,11522440,1863,1152,0,0,1.616845,1,GDP parsed from comma-formatted text to numeric.
Belgium,BEL,2013,party,2012,2016.0,2016.0,,0,0,0,-3,-3,1.74,64.138,29.972,40007.9,47.8,0,0,1,1,1,1,1,1,1,1,1,11161000,2020,0,0,1.0,1.0,1,1,1,0,2.89,2.48,retained_legacy_not_independently_reimported,2020,0,excluded_until_researcher_coding_rubric_is_documented,11522440,1863,1152,0,0,1.616845,1,GDP parsed from comma-formatted text to numeric.
Belgium,BEL,2014,party,2012,2016.0,2016.0,,0,0,0,-2,-2,1.422,61.525,28.439,40533.91,48.1,0,0,1,1,1,1,1,1,1,1,1,11204000,2020,0,0,1.0,1.0,1,1,1,0,2.58,2.63,retained_legacy_not_independently_reimported,2020,0,excluded_until_researcher_coding_rubric_is_documented,11522440,1863,1152,0,0,1.616845,1,GDP parsed from comma-formatted text to numeric.
Belgium,BEL,2015,party,2012,2016.0,2016.0,,0,0,0,-1,-1,1.833,61.089,28.655,40893.8,48.0,0,0,1,1,1,1,1,1,1,1,1,11247000,2020,0,0,1.0,1.0,1,1,1,0,2.61,2.48,retained_legacy_not_independently_reimported,2020,0,excluded_until_researcher_coding_rubric_is_documented,11522440,1863,1152,0,0,1.616845,1,GDP parsed from comma-formatted text to numeric.
Belgium,BEL,2016,party,2012,2016.0,2016.0,,1,1,1,0,0,1.165,68.457,30.028,41172.89,47.8,0,0,1,1,1,1,1,1,1,1,1,11311000,2020,0,0,1.0,1.0,1,1,1,0,2.39,2.38,retained_legacy_not_independently_reimported,2020,0,excluded_until_researcher_coding_rubric_is_documented,11522440,1863,1152,0,0,1.616845,1,GDP parsed from comma-formatted text to numeric.
Belgium,BEL,2017,party,2012,2016.0,2016.0,,1,1,1,1,1,1.593,75.893,32.76,41619.33,48.0,0,0,1,1,1,1,1,1,1,1,1,11352000,2020,0,0,1.0,1.0,1,1,1,0,2.12,2.25,retained_legacy_not_independently_reimported,2020,0,excluded_until_researcher_coding_rubric_is_documented,11522440,1863,1152,0,0,1.616845,1,GDP parsed from comma-formatted text to numeric.
Belgium,BEL,2018,party,2012,2016.0,2016.0,,1,1,1,2,2,1.259,76.449,33.836,42208.36,48.8,0,0,1,1,1,1,1,1,1,1,1,11398000,2020,0,0,1.0,1.0,1,1,1,0,2.09,2.28,retained_legacy_not_independently_reimported,2020,0,excluded_until_researcher_coding_rubric_is_documented,11522440,1863,1152,0,0,1.616845,1,GDP parsed from comma-formatted text to numeric.
Belgium,BEL,2019,party,2012,2016.0,2016.0,,1,1,1,3,3,0.944,83.877,36.734,43006.4,49.1,0,0,1,1,1,1,1,1,1,1,1,11455000,2020,0,0,1.0,1.0,1,1,1,0,1.9,2.28,retained_legacy_not_independently_reimported,2020,0,excluded_until_researcher_coding_rubric_is_documented,11522440,1863,1152,0,0,1.616845,1,GDP parsed from comma-formatted text to numeric.
Belgium,BEL,2020,party,2012,2016.0,2016.0,,1,1,1,4,4,,82.59,34.67,40769.02,48.7,0,0,1,1,0,1,1,1,0,1,1,11492000,2020,1,0,1.0,1.0,1,1,1,0,1.84,2.27,retained_legacy_not_independently_reimported,2020,1,excluded_until_researcher_coding_rubric_is_documented,11522440,1863,1152,0,0,1.616845,1,GDP parsed from comma-formatted text to numeric.
Belgium,BEL,2021,party,2012,2016.0,2016.0,,1,1,1,5,5,0.188,93.943,39.85,43140.97,49.4,0,0,1,1,1,1,1,1,1,1,1,11554000,2020,1,1,1.0,1.0,1,1,1,0,1.86,2.21,retained_legacy_not_independently_reimported,2020,1,excluded_until_researcher_coding_rubric_is_documented,11522440,1863,1152,0,0,1.616845,1,GDP parsed from comma-formatted text to numeric.
Belgium,BEL,2022,party,2012,2016.0,2016.0,,1,1,1,6,6,,99.435,40.166,44486.74,50.0,0,0,1,1,0,1,1,1,0,1,1,11590000,2020,1,0,1.0,1.0,1,1,1,0,1.72,1.89,retained_legacy_not_independently_reimported,2020,1,excluded_until_researcher_coding_rubric_is_documented,11522440,1863,1152,0,0,1.616845,1,GDP parsed from comma-formatted text to numeric.
Belgium,BEL,2023,party,2012,2016.0,2016.0,,1,1,1,7,7,,99.207,37.642,44866.19,49.8,0,0,1,1,0,1,1,0,0,0,0,11697000,2020,1,0,1.0,1.0,1,1,1,0,,,excluded_legacy_flagged_for_manual_review,2020,1,excluded_until_researcher_coding_rubric_is_documented,11522440,1863,1152,0,0,1.616845,1,GDP parsed from comma-formatted text to numeric. | WGI legacy value excluded because source file flagged this country-year for manual review. | UNODC outcome values preserved from source dataset; not silently imputed or replaced.
Bulgaria,BGR,1990,signed_not_ratified,2016,,,,0,0,0,,,1.182,,,4425.5,44.9,0,0,1,1,0,0,0,0,0,0,0,8718000,,0,0,0.0,0.0,1,1,0,0,,,retained_legacy_not_independently_reimported,,0,excluded_until_researcher_coding_rubric_is_documented,6951482,128,695,567,82,0.184133,0,GDP parsed from comma-formatted text to numeric.
Bulgaria,BGR,1991,signed_not_ratified,2016,,,,0,0,0,,,2.106,,,4092.08,44.7,0,0,1,1,0,0,0,0,0,0,0,8592000,,0,0,0.0,0.0,1,1,0,0,,,retained_legacy_not_independently_reimported,,0,excluded_until_researcher_coding_rubric_is_documented,6951482,128,695,567,82,0.184133,0,GDP parsed from comma-formatted text to numeric.
Bulgaria,BGR,1992,signed_not_ratified,2016,,,,0,0,0,,,2.313,,,3835.45,44.6,0,0,1,1,0,0,0,0,0,0,0,8485000,,0,0,0.0,0.0,1,1,0,0,,,retained_legacy_not_independently_reimported,,0,excluded_until_researcher_coding_rubric_is_documented,6951482,128,695,567,82,0.184133,0,GDP parsed from comma-formatted text to numeric.
Bulgaria,BGR,1993,signed_not_ratified,2016,,,,0,0,0,,,2.122,,,3808.94,44.4,0,0,1,1,0,0,0,0,0,0,0,8386000,,0,0,0.0,0.0,1,1,0,0,,,retained_legacy_not_independently_reimported,,0,excluded_until_researcher_coding_rubric_is_documented,6951482,128,695,567,82,0.184133,0,GDP parsed from comma-formatted text to numeric.
Bulgaria,BGR,1994,signed_not_ratified,2016,,,,0,0,0,,,2.305,,,3891.38,44.3,0,0,1,1,0,0,0,0,0,0,0,8282000,,0,0,0.0,0.0,1,1,0,0,,,retained_legacy_not_independently_reimported,,0,excluded_until_researcher_coding_rubric_is_documented,6951482,128,695,567,82,0.184133,0,GDP parsed from comma-formatted text to numeric.
Bulgaria,BGR,1995,signed_not_ratified,2016,,,,0,0,0,,,1.834,,,4022,44.2,0,0,1,1,0,0,0,0,0,0,0,8185000,,0,0,0.0,0.0,1,1,0,0,,,retained_legacy_not_independently_reimported,,0,excluded_until_researcher_coding_rubric_is_documented,6951482,128,695,567,82,0.184133,0,GDP parsed from comma-formatted text to numeric.
Bulgaria,BGR,1996,signed_not_ratified,2016,,,,0,0,0,,,1.961,,,4253.23,44.0,0,0,1,1,0,0,0,1,0,0,0,8095000,,0,0,0.0,0.0,1,1,0,0,-0.07,-0.59,retained_legacy_not_independently_reimported,,0,excluded_until_researcher_coding_rubric_is_documented,6951482,128,695,567,82,0.184133,0,GDP parsed from comma-formatted text to numeric.
Bulgaria,BGR,1997,signed_not_ratified,2016,,,,0,0,0,,,2.247,,,3675.18,44.4,0,0,1,1,0,0,0,0,0,0,0,7976000,,0,0,0.0,0.0,1,1,0,0,,,retained_legacy_not_independently_reimported,,0,excluded_until_researcher_coding_rubric_is_documented,6951482,128,695,567,82,0.184133,0,GDP parsed from comma-formatted text to numeric.
Bulgaria,BGR,1998,signed_not_ratified,2016,,,,0,0,0,,,2.395,,,3839.98,44.2,0,0,1,1,0,0,0,1,0,0,0,7934000,,0,0,0.0,0.0,1,1,0,0,-0.14,-0.38,retained_legacy_not_independently_reimported,,0,excluded_until_researcher_coding_rubric_is_documented,6951482,128,695,567,82,0.184133,0,GDP parsed from comma-formatted text to numeric.
Bulgaria,BGR,1999,signed_not_ratified,2016,,,,0,0,0,,,2.128,,,3537.35,44.6,0,0,1,1,0,0,0,0,0,0,0,7902000,,0,0,0.0,0.0,1,1,0,0,,,retained_legacy_not_independently_reimported,,0,excluded_until_researcher_coding_rubric_is_documented,6951482,128,695,567,82,0.184133,0,GDP parsed from comma-formatted text to numeric.
Bulgaria,BGR,2000,signed_not_ratified,2016,,,,0,0,0,,,2.373,,,3717.93,44.3,0,0,1,1,1,0,0,1,1,0,0,7874000,,0,0,0.0,0.0,1,1,0,0,0.06,-0.21,retained_legacy_not_independently_reimported,,0,excluded_until_researcher_coding_rubric_is_documented,6951482,128,695,567,82,0.184133,0,GDP parsed from comma-formatted text to numeric.
Bulgaria,BGR,2001,signed_not_ratified,2016,,,,0,0,0,,,1.521,,,3937.7,46.7,0,0,1,1,1,0,0,0,0,0,0,7892000,,0,0,0.0,0.0,1,1,0,0,,,retained_legacy_not_independently_reimported,,0,excluded_until_researcher_coding_rubric_is_documented,6951482,128,695,567,82,0.184133,0,GDP parsed from comma-formatted text to numeric.
Bulgaria,BGR,2002,signed_not_ratified,2016,,,,0,0,0,,,1.404,,,4260.4,46.2,0,0,1,1,1,0,0,1,1,0,0,7846000,,0,0,0.0,0.0,1,1,0,0,0.3,-0.1,retained_legacy_not_independently_reimported,,0,excluded_until_researcher_coding_rubric_is_documented,6951482,128,695,567,82,0.184133,0,GDP parsed from comma-formatted text to numeric.
Bulgaria,BGR,2003,signed_not_ratified,2016,,,,0,0,0,,,1.295,16.491,7.829,4519.18,44.9,0,0,1,1,1,0,0,1,1,0,0,7800000,,0,0,0.0,0.0,1,1,0,0,0.06,-0.29,retained_legacy_not_independently_reimported,,0,excluded_until_researcher_coding_rubric_is_documented,6951482,128,695,567,82,0.184133,0,GDP parsed from comma-formatted text to numeric.
Bulgaria,BGR,2004,signed_not_ratified,2016,,,,0,0,0,,,1.436,15.162,6.826,4849.87,45.7,0,0,1,1,1,0,0,1,1,0,0,7761000,,0,0,0.0,0.0,1,1,0,0,0.13,-0.2,retained_legacy_not_independently_reimported,,0,excluded_until_researcher_coding_rubric_is_documented,6951482,128,695,567,82,0.184133,0,GDP parsed from comma-formatted text to numeric.
Bulgaria,BGR,2005,signed_not_ratified,2016,,,,0,0,0,,,1.316,13.476,5.237,5231.34,44.6,0,0,1,1,1,1,1,1,1,1,1,7720000,,0,0,0.0,0.0,1,1,0,0,0.23,-0.18,retained_legacy_not_independently_reimported,,0,excluded_until_researcher_coding_rubric_is_documented,6951482,128,695,567,82,0.184133,0,GDP parsed from comma-formatted text to numeric.
Bulgaria,BGR,2006,signed_not_ratified,2016,,,,0,0,0,,,1.376,11.924,4.057,5629.8,46.7,0,0,1,1,1,1,1,1,1,1,1,7679000,,0,0,1.0,0.0,1,1,0,0,-0.22,-0.19,retained_legacy_not_independently_reimported,,0,excluded_until_researcher_coding_rubric_is_documented,6951482,128,695,567,82,0.184133,0,GDP parsed from comma-formatted text to numeric.
Bulgaria,BGR,2007,signed_not_ratified,2016,,,,0,0,0,,,0.975,10.07,2.966,6048.74,48.1,0,0,1,1,1,1,1,1,1,1,1,7545000,,0,0,1.0,0.0,1,1,0,0,-0.21,-0.1,retained_legacy_not_independently_reimported,,0,excluded_until_researcher_coding_rubric_is_documented,6951482,128,695,567,82,0.184133,0,GDP parsed from comma-formatted text to numeric.
Bulgaria,BGR,2008,signed_not_ratified,2016,,,,0,0,0,,,0.93,9.939,3.477,6464.72,48.9,0,0,1,1,1,1,1,1,1,1,1,7497000,,0,0,1.0,0.0,1,1,0,0,-0.3,-0.21,retained_legacy_not_independently_reimported,,0,excluded_until_researcher_coding_rubric_is_documented,6951482,128,695,567,82,0.184133,0,GDP parsed from comma-formatted text to numeric.
Bulgaria,BGR,2009,signed_not_ratified,2016,,,,0,0,0,,,0.91,9.695,3.285,6288.73,48.1,0,0,1,1,1,1,1,1,1,1,1,7445000,,0,0,1.0,0.0,1,1,0,0,0.12,-0.07,retained_legacy_not_independently_reimported,,0,excluded_until_researcher_coding_rubric_is_documented,6951482,128,695,567,82,0.184133,0,GDP parsed from comma-formatted text to numeric.
Bulgaria,BGR,2010,signed_not_ratified,2016,,,,0,0,0,,,0.707,9.358,2.837,6428.72,47.8,0,0,1,1,1,1,1,1,1,1,1,7395000,,0,0,1.0,0.0,1,1,0,0,-0.11,-0.17,retained_legacy_not_independently_reimported,,0,excluded_until_researcher_coding_rubric_is_documented,6951482,128,695,567,82,0.184133,0,GDP parsed from comma-formatted text to numeric.
Bulgaria,BGR,2011,signed_not_ratified,2016,,,,0,0,0,,,0.792,8.794,2.127,6605.31,47.2,0,0,1,1,1,1,1,1,1,1,1,7327000,,0,0,1.0,0.0,1,1,0,0,-0.12,-0.24,retained_legacy_not_independently_reimported,,0,excluded_until_researcher_coding_rubric_is_documented,6951482,128,695,567,82,0.184133,0,GDP parsed from comma-formatted text to numeric.
Bulgaria,BGR,2012,signed_not_ratified,2016,,,,0,0,0,,,0.985,9.512,2.556,6693.43,48.0,0,0,1,1,1,1,1,1,1,1,1,7245000,,0,0,1.0,0.0,1,1,0,0,-0.05,-0.2,retained_legacy_not_independently_reimported,,0,excluded_until_researcher_coding_rubric_is_documented,6951482,128,695,567,82,0.184133,0,GDP parsed from comma-formatted text to numeric.
Bulgaria,BGR,2013,signed_not_ratified,2016,,,,0,0,0,,,0.912,8.7,2.258,6792.74,48.5,0,0,1,1,1,1,1,1,1,1,1,7185000,,0,0,1.0,0.0,1,1,0,0,-0.02,-0.25,retained_legacy_not_independently_reimported,,0,excluded_until_researcher_coding_rubric_is_documented,6951482,128,695,567,82,0.184133,0,GDP parsed from comma-formatted text to numeric.
Bulgaria,BGR,2014,signed_not_ratified,2016,,,,0,0,0,,,0.701,8.445,2.049,6941.02,48.4,0,0,1,1,1,1,1,1,1,1,1,7130000,,0,0,1.0,0.0,1,1,0,0,-0.19,-0.14,retained_legacy_not_independently_reimported,,0,excluded_until_researcher_coding_rubric_is_documented,6951482,128,695,567,82,0.184133,0,GDP parsed from comma-formatted text to numeric.
Bulgaria,BGR,2015,signed_not_ratified,2016,,,,0,0,0,,,0.786,8.401,1.658,7268.65,48.7,0,0,1,1,1,1,1,1,1,1,1,7078000,,0,0,1.0,0.0,1,1,0,0,-0.01,-0.26,retained_legacy_not_independently_reimported,,0,excluded_until_researcher_coding_rubric_is_documented,6951482,128,695,567,82,0.184133,0,GDP parsed from comma-formatted text to numeric.
Bulgaria,BGR,2016,signed_not_ratified,2016,,,,0,0,0,,,0.6,7.773,1.782,7586.5,47.4,0,0,1,1,1,1,1,1,1,1,1,7041000,,0,0,1.0,0.0,1,1,0,0,0.16,-0.23,retained_legacy_not_independently_reimported,,0,excluded_until_researcher_coding_rubric_is_documented,6951482,128,695,567,82,0.184133,0,GDP parsed from comma-formatted text to numeric.
Bulgaria,BGR,2017,signed_not_ratified,2016,,,,0,0,0,,,0.962,9.229,2.007,7898.71,49.6,0,0,1,1,1,1,1,1,1,1,1,7002000,,0,0,1.0,0.0,1,1,0,0,0.18,-0.21,retained_legacy_not_independently_reimported,,0,excluded_until_researcher_coding_rubric_is_documented,6951482,128,695,567,82,0.184133,0,GDP parsed from comma-formatted text to numeric.
Bulgaria,BGR,2018,signed_not_ratified,2016,,,,0,0,0,,,1.051,8.185,1.609,8194.37,49.2,0,0,1,1,1,1,1,1,1,1,1,6972000,,0,0,1.0,0.0,1,1,0,0,0.2,-0.17,retained_legacy_not_independently_reimported,,0,excluded_until_researcher_coding_rubric_is_documented,6951482,128,695,567,82,0.184133,0,GDP parsed from comma-formatted text to numeric.
Bulgaria,BGR,2019,signed_not_ratified,2016,,,,0,0,0,,,0.64,8.673,1.878,8626.13,50.4,0,0,1,1,1,1,1,1,1,1,1,6975000,,0,0,1.0,0.0,1,1,0,0,0.3,-0.06,retained_legacy_not_independently_reimported,,0,excluded_until_researcher_coding_rubric_is_documented,6951482,128,695,567,82,0.184133,0,GDP parsed from comma-formatted text to numeric.
Bulgaria,BGR,2020,signed_not_ratified,2016,,,,0,0,0,,,0.727,8.192,1.572,8440.08,49.5,0,0,1,1,1,1,1,1,1,1,1,6916000,,0,0,1.0,0.0,1,1,0,0,-0.35,-0.21,retained_legacy_not_independently_reimported,,0,excluded_until_researcher_coding_rubric_is_documented,6951482,128,695,567,82,0.184133,0,GDP parsed from comma-formatted text to numeric.
Bulgaria,BGR,2021,signed_not_ratified,2016,,,,0,0,0,,,0.789,7.954,1.163,9161.48,49.2,0,0,1,1,1,1,1,1,1,1,1,6873000,,0,0,1.0,0.0,1,1,0,0,-0.28,-0.11,retained_legacy_not_independently_reimported,,0,excluded_until_researcher_coding_rubric_is_documented,6951482,128,695,567,82,0.184133,0,GDP parsed from comma-formatted text to numeric.
Bulgaria,BGR,2022,signed_not_ratified,2016,,,,0,0,0,,,0.824,8.307,1.406,9597.87,50.8,0,0,1,1,1,1,1,1,1,1,1,6458000,,0,0,1.0,0.0,1,1,0,0,-0.38,-0.15,retained_legacy_not_independently_reimported,,0,excluded_until_researcher_coding_rubric_is_documented,6951482,128,695,567,82,0.184133,0,GDP parsed from comma-formatted text to numeric.
Bulgaria,BGR,2023,signed_not_ratified,2016,,,,0,0,0,,,0.884,9.182,1.104,9787.27,51.0,0,0,1,1,1,1,1,1,1,1,1,6448000,,0,0,1.0,0.0,1,1,0,0,0.03,0,retained_legacy_not_independently_reimported,,0,excluded_until_researcher_coding_rubric_is_documented,6951482,128,695,567,82,0.184133,0,GDP parsed from comma-formatted text to numeric. | UNODC outcome values preserved from source dataset; not silently imputed or replaced.
Bosnia and Herzegovina,BIH,1990,party,2013,2013.0,2014.0,,0,0,0,-23,-24,0.702,,,791.44,41.7,0,0,1,1,0,0,0,0,0,0,0,4308000,2022,0,0,0.0,0.0,1,1,1,0,,,retained_legacy_not_independently_reimported,2022,0,excluded_until_researcher_coding_rubric_is_documented,3492018,189,349,160,46,0.541234,0,GREVIO baseline publication year corrected to 2022 from official CoE page.
Bosnia and Herzegovina,BIH,1991,party,2013,2013.0,2014.0,,0,0,0,-22,-23,,,,715.9,42.2,0,0,1,1,0,0,0,0,0,0,0,4365000,2022,0,0,0.0,0.0,1,1,1,0,,,retained_legacy_not_independently_reimported,2022,0,excluded_until_researcher_coding_rubric_is_documented,3492018,189,349,160,46,0.541234,0,GREVIO baseline publication year corrected to 2022 from official CoE page.
Bosnia and Herzegovina,BIH,1992,party,2013,2013.0,2014.0,,0,0,0,-21,-22,,,,705.21,42.5,0,0,1,1,0,0,0,0,0,0,0,4164000,2022,0,0,0.0,0.0,1,1,1,0,,,retained_legacy_not_independently_reimported,2022,0,excluded_until_researcher_coding_rubric_is_documented,3492018,189,349,160,46,0.541234,0,GREVIO baseline publication year corrected to 2022 from official CoE page.
Bosnia and Herzegovina,BIH,1993,party,2013,2013.0,2014.0,,0,0,0,-20,-21,,,,748.15,42.2,0,0,1,1,0,0,0,0,0,0,0,3677000,2022,0,0,0.0,0.0,1,1,1,0,,,retained_legacy_not_independently_reimported,2022,0,excluded_until_researcher_coding_rubric_is_documented,3492018,189,349,160,46,0.541234,0,GREVIO baseline publication year corrected to 2022 from official CoE page.
Bosnia and Herzegovina,BIH,1994,party,2013,2013.0,2014.0,,0,0,0,-19,-20,,,,871.4,42.0,0,0,1,1,0,0,0,0,0,0,0,3598000,2022,0,0,0.0,0.0,1,1,1,0,,,retained_legacy_not_independently_reimported,2022,0,excluded_until_researcher_coding_rubric_is_documented,3492018,189,349,160,46,0.541234,0,GREVIO baseline publication year corrected to 2022 from official CoE page.
Bosnia and Herzegovina,BIH,1995,party,2013,2013.0,2014.0,,0,0,0,-18,-19,,,,1013.22,41.6,0,0,1,1,0,0,0,0,0,0,0,3659000,2022,0,0,0.0,0.0,1,1,1,0,,,retained_legacy_not_independently_reimported,2022,0,excluded_until_researcher_coding_rubric_is_documented,3492018,189,349,160,46,0.541234,0,GDP parsed from comma-formatted text to numeric. | GREVIO baseline publication year corrected to 2022 from official CoE page.
Bosnia and Herzegovina,BIH,1996,party,2013,2013.0,2014.0,,0,0,0,-17,-18,,,,1498.01,41.4,0,0,1,1,0,0,0,1,0,0,0,3640000,2022,0,0,0.0,0.0,1,1,1,0,-2.03,-0.41,retained_legacy_not_independently_reimported,2022,0,excluded_until_researcher_coding_rubric_is_documented,3492018,189,349,160,46,0.541234,0,GDP parsed from comma-formatted text to numeric. | GREVIO baseline publication year corrected to 2022 from official CoE page.
Bosnia and Herzegovina,BIH,1997,party,2013,2013.0,2014.0,,0,0,0,-16,-17,,,,1974.06,41.5,0,0,1,1,0,0,0,0,0,0,0,3697000,2022,0,0,0.0,0.0,1,1,1,0,,,retained_legacy_not_independently_reimported,2022,0,excluded_until_researcher_coding_rubric_is_documented,3492018,189,349,160,46,0.541234,0,GDP parsed from comma-formatted text to numeric. | GREVIO baseline publication year corrected to 2022 from official CoE page.
Bosnia and Herzegovina,BIH,1998,party,2013,2013.0,2014.0,,0,0,0,-15,-16,,,,2262.03,41.3,0,0,1,1,0,0,0,1,0,0,0,3749000,2022,0,0,0.0,0.0,1,1,1,0,-2.05,-1.14,retained_legacy_not_independently_reimported,2022,0,excluded_until_researcher_coding_rubric_is_documented,3492018,189,349,160,46,0.541234,0,GDP parsed from comma-formatted text to numeric. | GREVIO baseline publication year corrected to 2022 from official CoE page.
Bosnia and Herzegovina,BIH,1999,party,2013,2013.0,2014.0,,0,0,0,-14,-15,,,,2452.85,41.3,0,0,1,1,0,0,0,0,0,0,0,3830000,2022,0,0,0.0,0.0,1,1,1,0,,,retained_legacy_not_independently_reimported,2022,0,excluded_until_researcher_coding_rubric_is_documented,3492018,189,349,160,46,0.541234,0,GDP parsed from comma-formatted text to numeric. | GREVIO baseline publication year corrected to 2022 from official CoE page.
Bosnia and Herzegovina,BIH,2000,party,2013,2013.0,2014.0,,0,0,0,-13,-14,0.922,,,2567.34,41.2,0,0,1,1,1,0,0,1,1,0,0,3863000,2022,0,0,0.0,0.0,1,1,1,0,-1.8,-1.02,retained_legacy_not_independently_reimported,2022,0,excluded_until_researcher_coding_rubric_is_documented,3492018,189,349,160,46,0.541234,0,GDP parsed from comma-formatted text to numeric. | GREVIO baseline publication year corrected to 2022 from official CoE page.
Bosnia and Herzegovina,BIH,2001,party,2013,2013.0,2014.0,,0,0,0,-12,-13,1.331,,,2617.18,41.1,0,0,1,1,1,0,0,0,0,0,0,3803000,2022,0,0,0.0,0.0,1,1,1,0,,,retained_legacy_not_independently_reimported,2022,0,excluded_until_researcher_coding_rubric_is_documented,3492018,189,349,160,46,0.541234,0,GDP parsed from comma-formatted text to numeric. | GREVIO baseline publication year corrected to 2022 from official CoE page.
Bosnia and Herzegovina,BIH,2002,party,2013,2013.0,2014.0,,0,0,0,-11,-12,1.145,,,2743.14,41.1,0,0,1,1,1,0,0,1,1,0,0,3790000,2022,0,0,0.0,0.0,1,1,1,0,-1.82,-1.12,retained_legacy_not_independently_reimported,2022,0,excluded_until_researcher_coding_rubric_is_documented,3492018,189,349,160,46,0.541234,0,GDP parsed from comma-formatted text to numeric. | GREVIO baseline publication year corrected to 2022 from official CoE page.
Bosnia and Herzegovina,BIH,2003,party,2013,2013.0,2014.0,,0,0,0,-10,-11,,,,2855.68,40.9,0,0,1,1,0,0,0,1,0,0,0,3830000,2022,0,0,0.0,0.0,1,1,1,0,-1.5,-1.05,retained_legacy_not_independently_reimported,2022,0,excluded_until_researcher_coding_rubric_is_documented,3492018,189,349,160,46,0.541234,0,GDP parsed from comma-formatted text to numeric. | GREVIO baseline publication year corrected to 2022 from official CoE page.
Bosnia and Herzegovina,BIH,2004,party,2013,2013.0,2014.0,,0,0,0,-9,-10,,,,3063.84,40.8,0,0,1,1,0,0,0,1,0,0,0,3823000,2022,0,0,0.0,0.0,1,1,1,0,-1.19,-0.83,retained_legacy_not_independently_reimported,2022,0,excluded_until_researcher_coding_rubric_is_documented,3492018,189,349,160,46,0.541234,0,GDP parsed from comma-formatted text to numeric. | GREVIO baseline publication year corrected to 2022 from official CoE page.
Bosnia and Herzegovina,BIH,2005,party,2013,2013.0,2014.0,,0,0,0,-8,-9,,,0.952,3217.81,40.6,0,0,1,1,0,0,1,1,0,0,1,3799000,2022,0,0,0.0,0.0,1,1,1,0,-1.3,-0.88,retained_legacy_not_independently_reimported,2022,0,excluded_until_researcher_coding_rubric_is_documented,3492018,189,349,160,46,0.541234,0,GDP parsed from comma-formatted text to numeric. | GREVIO baseline publication year corrected to 2022 from official CoE page.
Bosnia and Herzegovina,BIH,2006,party,2013,2013.0,2014.0,,0,0,0,-7,-8,,,0.984,3419.76,40.5,0,0,1,1,0,0,1,1,0,0,1,3766000,2022,0,0,1.0,0.0,1,1,1,0,-1.08,-0.84,retained_legacy_not_independently_reimported,2022,0,excluded_until_researcher_coding_rubric_is_documented,3492018,189,349,160,46,0.541234,0,GDP parsed from comma-formatted text to numeric. | GREVIO baseline publication year corrected to 2022 from official CoE page.
Bosnia and Herzegovina,BIH,2007,party,2013,2013.0,2014.0,,0,0,0,-6,-7,,4.385,1.096,3665.09,40.5,0,0,1,1,0,1,1,1,0,1,1,3740000,2022,0,0,1.0,0.0,1,1,1,0,-1.46,-0.8,retained_legacy_not_independently_reimported,2022,0,excluded_until_researcher_coding_rubric_is_documented,3492018,189,349,160,46,0.541234,0,GDP parsed from comma-formatted text to numeric. | GREVIO baseline publication year corrected to 2022 from official CoE page.
Bosnia and Herzegovina,BIH,2008,party,2013,2013.0,2014.0,,0,0,0,-5,-6,,4.306,0.887,3929.03,40.5,0,0,1,1,0,1,1,1,0,1,1,3726000,2022,0,0,1.0,0.0,1,1,1,0,-1.03,-0.69,retained_legacy_not_independently_reimported,2022,0,excluded_until_researcher_coding_rubric_is_documented,3492018,189,349,160,46,0.541234,0,GDP parsed from comma-formatted text to numeric. | GREVIO baseline publication year corrected to 2022 from official CoE page.
Bosnia and Herzegovina,BIH,2009,party,2013,2013.0,2014.0,,0,0,0,-4,-5,0.739,2.294,0.747,3877.54,40.3,0,0,1,1,1,1,1,1,1,1,1,3710000,2022,0,0,1.0,0.0,1,1,1,0,-1.23,-0.61,retained_legacy_not_independently_reimported,2022,0,excluded_until_researcher_coding_rubric_is_documented,3492018,189,349,160,46,0.541234,0,GDP parsed from comma-formatted text to numeric. | GREVIO baseline publication year corrected to 2022 from official CoE page.
Bosnia and Herzegovina,BIH,2010,party,2013,2013.0,2014.0,,0,0,0,-3,-4,0.501,3.857,1.207,3981.21,40.2,0,0,1,1,1,1,1,1,1,1,1,3702000,2022,0,0,1.0,0.0,1,1,1,0,-1.26,-0.6,retained_legacy_not_independently_reimported,2022,0,excluded_until_researcher_coding_rubric_is_documented,3492018,189,349,160,46,0.541234,0,GDP parsed from comma-formatted text to numeric. | GREVIO baseline publication year corrected to 2022 from official CoE page.
Bosnia and Herzegovina,BIH,2011,party,2013,2013.0,2014.0,,0,0,0,-2,-3,0.816,4.463,0.935,4094.25,39.8,0,0,1,1,1,1,1,1,1,1,1,3831000,2022,0,0,1.0,0.0,1,1,1,0,-1.25,-0.56,retained_legacy_not_independently_reimported,2022,0,excluded_until_researcher_coding_rubric_is_documented,3492018,189,349,160,46,0.541234,0,GDP parsed from comma-formatted text to numeric. | GREVIO baseline publication year corrected to 2022 from official CoE page.
Bosnia and Herzegovina,BIH,2012,party,2013,2013.0,2014.0,,0,0,0,-1,-2,1.247,3.787,1.117,4139.92,39.6,0,0,1,1,1,1,1,1,1,1,1,3826000,2022,0,0,1.0,0.0,1,1,1,0,-0.77,-0.34,retained_legacy_not_independently_reimported,2022,0,excluded_until_researcher_coding_rubric_is_documented,3492018,189,349,160,46,0.541234,0,GDP parsed from comma-formatted text to numeric. | GREVIO baseline publication year corrected to 2022 from official CoE page.
Bosnia and Herzegovina,BIH,2013,party,2013,2013.0,2014.0,,1,0,0,0,-1,0.739,3.794,0.969,4306.73,39.3,0,0,1,1,1,1,1,1,1,1,1,3827000,2022,0,0,1.0,0.0,1,1,1,0,-0.73,-0.24,retained_legacy_not_independently_reimported,2022,0,excluded_until_researcher_coding_rubric_is_documented,3492018,189,349,160,46,0.541234,0,GDP parsed from comma-formatted text to numeric. | GREVIO baseline publication year corrected to 2022 from official CoE page.
Bosnia and Herzegovina,BIH,2014,party,2013,2013.0,2014.0,,1,1,1,1,0,0.588,3.759,0.757,4412.68,39.0,0,0,1,1,1,1,1,1,1,1,1,3820000,2022,0,0,1.0,0.0,1,1,1,0,-0.83,-0.22,retained_legacy_not_independently_reimported,2022,0,excluded_until_researcher_coding_rubric_is_documented,3492018,189,349,160,46,0.541234,0,GDP parsed from comma-formatted text to numeric. | GREVIO baseline publication year corrected to 2022 from official CoE page.
Bosnia and Herzegovina,BIH,2015,party,2013,2013.0,2014.0,,1,1,1,2,1,0.975,4.661,1.023,4662.26,38.8,0,0,1,1,1,1,1,1,1,1,1,3810000,2022,0,0,1.0,0.0,1,1,1,0,-1.05,-0.44,retained_legacy_not_independently_reimported,2022,0,excluded_until_researcher_coding_rubric_is_documented,3492018,189,349,160,46,0.541234,0,GDP parsed from comma-formatted text to numeric. | GREVIO baseline publication year corrected to 2022 from official CoE page.
Bosnia and Herzegovina,BIH,2016,party,2013,2013.0,2014.0,,1,1,1,3,2,0.823,4.117,0.777,4876.53,38.6,0,0,1,1,1,1,1,1,1,1,1,3807000,2022,0,0,1.0,0.0,1,1,1,0,-0.76,-0.32,retained_legacy_not_independently_reimported,2022,0,excluded_until_researcher_coding_rubric_is_documented,3492018,189,349,160,46,0.541234,0,GDP parsed from comma-formatted text to numeric. | GREVIO baseline publication year corrected to 2022 from official CoE page.
Bosnia and Herzegovina,BIH,2017,party,2013,2013.0,2014.0,,1,1,1,4,3,0.556,4.608,0.729,5099.82,38.6,0,0,1,1,1,1,1,1,1,1,1,3804000,2022,0,0,1.0,0.0,1,1,1,0,-0.87,-0.34,retained_legacy_not_independently_reimported,2022,0,excluded_until_researcher_coding_rubric_is_documented,3492018,189,349,160,46,0.541234,0,GDP parsed from comma-formatted text to numeric. | GREVIO baseline publication year corrected to 2022 from official CoE page.
Bosnia and Herzegovina,BIH,2018,party,2013,2013.0,2014.0,,1,1,1,5,4,0.45,2.569,1.004,5360.25,38.4,0,0,1,1,1,1,1,1,1,1,1,3323000,2022,0,0,1.0,0.0,1,1,1,0,-1.13,-0.38,retained_legacy_not_independently_reimported,2022,0,excluded_until_researcher_coding_rubric_is_documented,3492018,189,349,160,46,0.541234,0,GDP parsed from comma-formatted text to numeric. | GREVIO baseline publication year corrected to 2022 from official CoE page.
Bosnia and Herzegovina,BIH,2019,party,2013,2013.0,2014.0,,1,1,1,6,5,0.57,5.56,0.777,5583.3,38.2,0,0,1,1,1,1,1,1,1,1,1,3301000,2022,0,0,1.0,0.0,1,1,1,0,-1.19,-0.38,retained_legacy_not_independently_reimported,2022,0,excluded_until_researcher_coding_rubric_is_documented,3492018,189,349,160,46,0.541234,0,GDP parsed from comma-formatted text to numeric. | GREVIO baseline publication year corrected to 2022 from official CoE page.
Bosnia and Herzegovina,BIH,2020,party,2013,2013.0,2014.0,,1,1,1,7,6,0.289,5.88,0.546,5490.75,37.1,0,0,1,1,1,1,1,1,1,1,1,3281000,2022,0,0,1.0,0.0,1,1,1,0,-1.82,-0.53,retained_legacy_not_independently_reimported,2022,0,excluded_until_researcher_coding_rubric_is_documented,3492018,189,349,160,46,0.541234,0,GDP parsed from comma-formatted text to numeric. | GREVIO baseline publication year corrected to 2022 from official CoE page.
Bosnia and Herzegovina,BIH,2021,party,2013,2013.0,2014.0,,1,1,1,8,7,0.411,5.979,0.616,5995.54,37.4,0,0,1,1,1,1,1,1,1,1,1,3271000,2022,0,0,1.0,0.0,1,1,1,0,-1.82,-0.51,retained_legacy_not_independently_reimported,2022,0,excluded_until_researcher_coding_rubric_is_documented,3492018,189,349,160,46,0.541234,0,GDP parsed from comma-formatted text to numeric. | GREVIO baseline publication year corrected to 2022 from official CoE page.
Bosnia and Herzegovina,BIH,2022,party,2013,2013.0,2014.0,,1,1,1,9,8,0.714,4.618,0.749,6327.16,38.5,0,0,1,1,1,1,1,1,1,1,1,3215000,2022,1,1,1.0,0.0,1,1,1,0,-1.49,-0.43,retained_legacy_not_independently_reimported,2022,1,excluded_until_researcher_coding_rubric_is_documented,3492018,189,349,160,46,0.541234,0,GDP parsed from comma-formatted text to numeric. | GREVIO baseline publication year corrected to 2022 from official CoE page.
Bosnia and Herzegovina,BIH,2023,party,2013,2013.0,2014.0,,1,1,1,10,9,0.778,6.185,1.13,6493.32,39.5,0,0,1,1,1,1,1,0,0,0,0,3210000,2022,1,1,1.0,0.0,1,1,1,0,,,excluded_legacy_flagged_for_manual_review,2022,1,excluded_until_researcher_coding_rubric_is_documented,3492018,189,349,160,46,0.541234,0,GDP parsed from comma-formatted text to numeric. | WGI legacy value excluded because source file flagged this country-year for manual review. | GREVIO baseline publication year corrected to 2022 from official CoE page. | UNODC outcome values preserved from source dataset; not silently imputed or replaced.
Switzerland,CHE,1990,party,2013,2017.0,2018.0,,0,0,0,-27,-28,1.488,,,70063.85,51.6,0,0,1,1,0,0,0,0,0,0,0,6712000,2022,0,0,0.0,0.0,1,1,1,0,,,retained_legacy_not_independently_reimported,2022,0,excluded_until_researcher_coding_rubric_is_documented,8606033,400,861,461,54,0.46479,0,GDP parsed from comma-formatted text to numeric.
Switzerland,CHE,1991,party,2013,2017.0,2018.0,,0,0,0,-26,-27,1.243,,,68559.94,51.8,0,0,1,1,0,0,0,0,0,0,0,6800000,2022,0,0,0.0,0.0,1,1,1,0,,,retained_legacy_not_independently_reimported,2022,0,excluded_until_researcher_coding_rubric_is_documented,8606033,400,861,461,54,0.46479,0,GDP parsed from comma-formatted text to numeric.
Switzerland,CHE,1992,party,2013,2017.0,2018.0,,0,0,0,-25,-26,1.204,,,67778.55,52.2,0,0,1,1,0,0,0,0,0,0,0,6875000,2022,0,0,0.0,0.0,1,1,1,0,,,retained_legacy_not_independently_reimported,2022,0,excluded_until_researcher_coding_rubric_is_documented,8606033,400,861,461,54,0.46479,0,GDP parsed from comma-formatted text to numeric.
Switzerland,CHE,1993,party,2013,2017.0,2018.0,,0,0,0,-24,-25,1.226,,,67079.46,52.8,0,0,1,1,0,0,0,0,0,0,0,6938000,2022,0,0,0.0,0.0,1,1,1,0,,,retained_legacy_not_independently_reimported,2022,0,excluded_until_researcher_coding_rubric_is_documented,8606033,400,861,461,54,0.46479,0,GDP parsed from comma-formatted text to numeric.
Switzerland,CHE,1994,party,2013,2017.0,2018.0,,0,0,0,-23,-24,1.142,,,67391.84,52.0,0,0,1,1,0,0,0,0,0,0,0,6983000,2022,0,0,0.0,0.0,1,1,1,0,,,retained_legacy_not_independently_reimported,2022,0,excluded_until_researcher_coding_rubric_is_documented,8606033,400,861,461,54,0.46479,0,GDP parsed from comma-formatted text to numeric.
Switzerland,CHE,1995,party,2013,2017.0,2018.0,,0,0,0,-22,-23,1.105,,,67264.91,52.0,0,0,1,1,0,0,0,0,0,0,0,7019000,2022,0,0,0.0,0.0,1,1,1,0,,,retained_legacy_not_independently_reimported,2022,0,excluded_until_researcher_coding_rubric_is_documented,8606033,400,861,461,54,0.46479,0,GDP parsed from comma-formatted text to numeric.
Switzerland,CHE,1996,party,2013,2017.0,2018.0,,0,0,0,-21,-22,0.864,,,67284.11,56.9,0,0,1,1,0,0,0,1,0,0,0,7060000,2022,0,0,0.0,0.0,1,1,1,0,2.99,3.28,retained_legacy_not_independently_reimported,2022,0,excluded_until_researcher_coding_rubric_is_documented,8606033,400,861,461,54,0.46479,0,GDP parsed from comma-formatted text to numeric.
Switzerland,CHE,1997,party,2013,2017.0,2018.0,,0,0,0,-20,-21,1.079,,,68640.07,56.9,0,0,1,1,0,0,0,0,0,0,0,7088000,2022,0,0,0.0,0.0,1,1,1,0,,,retained_legacy_not_independently_reimported,2022,0,excluded_until_researcher_coding_rubric_is_documented,8606033,400,861,461,54,0.46479,0,GDP parsed from comma-formatted text to numeric.
Switzerland,CHE,1998,party,2013,2017.0,2018.0,,0,0,0,-19,-20,0.814,,,70510.03,58.0,0,0,1,1,0,0,0,1,0,0,0,7118000,2022,0,0,0.0,0.0,1,1,1,0,3.24,3.28,retained_legacy_not_independently_reimported,2022,0,excluded_until_researcher_coding_rubric_is_documented,8606033,400,861,461,54,0.46479,0,GDP parsed from comma-formatted text to numeric.
Switzerland,CHE,1999,party,2013,2017.0,2018.0,,0,0,0,-18,-19,1.029,,,71341.34,58.1,0,0,1,1,0,0,0,0,0,0,0,7144000,2022,0,0,0.0,0.0,1,1,1,0,,,retained_legacy_not_independently_reimported,2022,0,excluded_until_researcher_coding_rubric_is_documented,8606033,400,861,461,54,0.46479,0,GDP parsed from comma-formatted text to numeric.
Switzerland,CHE,2000,party,2013,2017.0,2018.0,,0,0,0,-17,-18,1.054,,,73749.94,57.6,0,0,1,1,1,0,0,1,1,0,0,7186000,2022,0,0,0.0,0.0,1,1,1,0,3.33,3.31,retained_legacy_not_independently_reimported,2022,0,excluded_until_researcher_coding_rubric_is_documented,8606033,400,861,461,54,0.46479,0,GDP parsed from comma-formatted text to numeric.
Switzerland,CHE,2001,party,2013,2017.0,2018.0,,0,0,0,-16,-17,0.993,,,74439.46,58.8,0,0,1,1,1,0,0,0,0,0,0,7229000,2022,0,0,0.0,0.0,1,1,1,0,,,retained_legacy_not_independently_reimported,2022,0,excluded_until_researcher_coding_rubric_is_documented,8606033,400,861,461,54,0.46479,0,GDP parsed from comma-formatted text to numeric.
Switzerland,CHE,2002,party,2013,2017.0,2018.0,,0,0,0,-15,-16,1.325,,,73824.38,59.4,0,0,1,1,1,0,0,1,1,0,0,7285000,2022,0,0,0.0,0.0,1,1,1,0,3.29,3.26,retained_legacy_not_independently_reimported,2022,0,excluded_until_researcher_coding_rubric_is_documented,8606033,400,861,461,54,0.46479,0,GDP parsed from comma-formatted text to numeric.
Switzerland,CHE,2003,party,2013,2017.0,2018.0,,0,0,0,-14,-15,1.052,,7.459,73254.95,59.5,0,0,1,1,1,0,0,1,1,0,0,7339000,2022,0,0,0.0,0.0,1,1,1,0,2.98,3.23,retained_legacy_not_independently_reimported,2022,0,excluded_until_researcher_coding_rubric_is_documented,8606033,400,861,461,54,0.46479,0,GDP parsed from comma-formatted text to numeric.
Switzerland,CHE,2004,party,2013,2017.0,2018.0,,0,0,0,-13,-14,1.019,,7.76,74718.68,59.1,0,0,1,1,1,0,0,1,1,0,0,7389000,2022,0,0,0.0,0.0,1,1,1,0,3.67,3.21,retained_legacy_not_independently_reimported,2022,0,excluded_until_researcher_coding_rubric_is_documented,8606033,400,861,461,54,0.46479,0,GDP parsed from comma-formatted text to numeric.
Switzerland,CHE,2005,party,2013,2017.0,2018.0,,0,0,0,-12,-13,0.989,,8.692,76282.98,59.4,0,0,1,1,1,0,1,1,1,0,1,7438000,2022,0,0,0.0,0.0,1,1,1,0,3.14,3.23,retained_legacy_not_independently_reimported,2022,0,excluded_until_researcher_coding_rubric_is_documented,8606033,400,861,461,54,0.46479,0,GDP parsed from comma-formatted text to numeric.
Switzerland,CHE,2006,party,2013,2017.0,2018.0,,0,0,0,-11,-12,0.988,,8.544,78893.81,59.8,0,0,1,1,1,0,1,1,1,0,1,7484000,2022,0,0,0.0,0.0,1,1,1,0,3.53,3.07,retained_legacy_not_independently_reimported,2022,0,excluded_until_researcher_coding_rubric_is_documented,8606033,400,861,461,54,0.46479,0,GDP parsed from comma-formatted text to numeric.
Switzerland,CHE,2007,party,2013,2017.0,2018.0,,0,0,0,-10,-11,0.678,,8.588,81254.17,60.0,0,0,1,1,1,0,1,1,1,0,1,7551000,2022,0,0,0.0,0.0,1,1,1,0,3.46,3.11,retained_legacy_not_independently_reimported,2022,0,excluded_until_researcher_coding_rubric_is_documented,8606033,400,861,461,54,0.46479,0,GDP parsed from comma-formatted text to numeric.
Switzerland,CHE,2008,party,2013,2017.0,2018.0,,0,0,0,-9,-10,0.646,,8.009,82481.07,61.3,0,0,1,1,1,0,1,1,1,0,1,7647000,2022,0,0,1.0,0.0,1,1,1,0,3.45,3.07,retained_legacy_not_independently_reimported,2022,0,excluded_until_researcher_coding_rubric_is_documented,8606033,400,861,461,54,0.46479,0,GDP parsed from comma-formatted text to numeric.
Switzerland,CHE,2009,party,2013,2017.0,2018.0,,0,0,0,-8,-9,0.687,85.918,8.607,79585.52,61.6,0,0,1,1,1,1,1,1,1,1,1,7701000,2022,0,0,1.0,0.0,1,1,1,0,3.31,2.96,retained_legacy_not_independently_reimported,2022,0,excluded_until_researcher_coding_rubric_is_documented,8606033,400,861,461,54,0.46479,0,GDP parsed from comma-formatted text to numeric.
Switzerland,CHE,2010,party,2013,2017.0,2018.0,,0,0,0,-7,-8,0.655,31.844,6.939,81315.42,60.0,0,0,1,1,1,1,1,1,1,1,1,7786000,2022,0,0,1.0,0.0,1,1,1,0,3.18,2.97,retained_legacy_not_independently_reimported,2022,0,excluded_until_researcher_coding_rubric_is_documented,8606033,400,861,461,54,0.46479,0,GDP parsed from comma-formatted text to numeric.
Switzerland,CHE,2011,party,2013,2017.0,2018.0,,0,0,0,-6,-7,0.573,35.581,6.975,81874.34,60.6,0,0,1,1,1,1,1,1,1,1,1,7912000,2022,0,0,1.0,0.0,1,1,1,0,3.16,2.93,retained_legacy_not_independently_reimported,2022,0,excluded_until_researcher_coding_rubric_is_documented,8606033,400,861,461,54,0.46479,0,GDP parsed from comma-formatted text to numeric.
Switzerland,CHE,2012,party,2013,2017.0,2018.0,,0,0,0,-5,-6,0.419,32.267,7.113,81964.89,60.9,0,0,1,1,1,1,1,1,1,1,1,7997000,2022,0,0,1.0,0.0,1,1,1,0,3.2,3.08,retained_legacy_not_independently_reimported,2022,0,excluded_until_researcher_coding_rubric_is_documented,8606033,400,861,461,54,0.46479,0,GDP parsed from comma-formatted text to numeric.
Switzerland,CHE,2013,party,2013,2017.0,2018.0,,0,0,0,-4,-5,0.781,33.32,7.057,82479.92,61.2,0,0,1,1,1,1,1,1,1,1,1,8090000,2022,0,0,1.0,0.0,1,1,1,0,3.09,3.05,retained_legacy_not_independently_reimported,2022,0,excluded_until_researcher_coding_rubric_is_documented,8606033,400,861,461,54,0.46479,0,GDP parsed from comma-formatted text to numeric.
Switzerland,CHE,2014,party,2013,2017.0,2018.0,,0,0,0,-3,-4,0.58,33.54,6.789,83394.37,62.0,0,0,1,1,1,1,1,1,1,1,1,8189000,2022,0,0,1.0,0.0,1,1,1,0,3.58,3.38,retained_legacy_not_independently_reimported,2022,0,excluded_until_researcher_coding_rubric_is_documented,8606033,400,861,461,54,0.46479,0,GDP parsed from comma-formatted text to numeric.
Switzerland,CHE,2015,party,2013,2017.0,2018.0,,0,0,0,-2,-3,0.717,32.714,6.422,83806.45,62.4,0,0,1,1,1,1,1,1,1,1,1,8282000,2022,0,0,1.0,0.0,1,1,1,0,3.35,3.25,retained_legacy_not_independently_reimported,2022,0,excluded_until_researcher_coding_rubric_is_documented,8606033,400,861,461,54,0.46479,0,GDP parsed from comma-formatted text to numeric.
Switzerland,CHE,2016,party,2013,2017.0,2018.0,,0,0,0,-1,-2,0.591,32.741,7.021,84611.1,62.9,0,0,1,1,1,1,1,1,1,1,1,8372000,2022,0,0,1.0,0.0,1,1,1,0,3.36,3.25,retained_legacy_not_independently_reimported,2022,0,excluded_until_researcher_coding_rubric_is_documented,8606033,400,861,461,54,0.46479,0,GDP parsed from comma-formatted text to numeric.
Switzerland,CHE,2017,party,2013,2017.0,2018.0,,1,0,0,0,-1,0.469,44.419,7.322,84967.59,62.7,0,0,1,1,1,1,1,1,1,1,1,8477000,2022,0,0,1.0,0.0,1,1,1,0,3.44,3.22,retained_legacy_not_independently_reimported,2022,0,excluded_until_researcher_coding_rubric_is_documented,8606033,400,861,461,54,0.46479,0,GDP parsed from comma-formatted text to numeric.
Switzerland,CHE,2018,party,2013,2017.0,2018.0,,1,1,1,1,0,0.652,33.383,7.351,86756.6,63.0,0,0,1,1,1,1,1,1,1,1,1,8545000,2022,0,0,1.0,0.0,1,1,1,0,3.41,3.22,retained_legacy_not_independently_reimported,2022,0,excluded_until_researcher_coding_rubric_is_documented,8606033,400,861,461,54,0.46479,0,GDP parsed from comma-formatted text to numeric.
Switzerland,CHE,2019,party,2013,2017.0,2018.0,,1,1,1,2,1,0.601,31.874,7.916,87123.66,63.1,0,0,1,1,1,1,1,1,1,1,1,8599000,2022,0,0,1.0,0.0,1,1,1,0,3.27,3.18,retained_legacy_not_independently_reimported,2022,0,excluded_until_researcher_coding_rubric_is_documented,8606033,400,861,461,54,0.46479,0,GDP parsed from comma-formatted text to numeric.
Switzerland,CHE,2020,party,2013,2017.0,2018.0,,1,1,1,3,2,0.62,33.667,8.252,84637.01,62.6,0,0,1,1,1,1,1,1,1,1,1,8667000,2022,0,0,1.0,0.0,1,1,1,0,3.36,3.03,retained_legacy_not_independently_reimported,2022,0,excluded_until_researcher_coding_rubric_is_documented,8606033,400,861,461,54,0.46479,0,GDP parsed from comma-formatted text to numeric.
Switzerland,CHE,2021,party,2013,2017.0,2018.0,,1,1,1,4,3,0.57,35.029,8.694,88661.2,62.6,0,0,1,1,1,1,1,1,1,1,1,8738000,2022,0,0,1.0,0.0,1,1,1,0,3.4,3.02,retained_legacy_not_independently_reimported,2022,0,excluded_until_researcher_coding_rubric_is_documented,8606033,400,861,461,54,0.46479,0,GDP parsed from comma-formatted text to numeric.
Switzerland,CHE,2022,party,2013,2017.0,2018.0,,1,1,1,5,4,0.452,35.793,9.861,90605.02,61.9,0,0,1,1,1,1,1,1,1,1,1,8815000,2022,1,1,1.0,0.0,1,1,1,0,2.87,2.45,retained_legacy_not_independently_reimported,2022,1,excluded_until_researcher_coding_rubric_is_documented,8606033,400,861,461,54,0.46479,0,GDP parsed from comma-formatted text to numeric.
Switzerland,CHE,2023,party,2013,2017.0,2018.0,,1,1,1,6,5,0.627,33.684,9.458,90077.45,62.4,0,0,1,1,1,1,1,0,0,0,0,8962000,2022,1,1,1.0,0.0,1,1,1,0,,,excluded_legacy_flagged_for_manual_review,2022,1,excluded_until_researcher_coding_rubric_is_documented,8606033,400,861,461,54,0.46479,0,GDP parsed from comma-formatted text to numeric. | WGI legacy value excluded because source file flagged this country-year for manual review. | UNODC outcome values preserved from source dataset; not silently imputed or replaced.
Cyprus,CYP,1990,party,2015,2017.0,2018.0,,0,0,0,-27,-28,,,,17144.47,42.7,0,0,1,1,0,0,0,0,0,0,0,684000,2022,0,0,0.0,0.0,1,1,1,0,,,retained_legacy_not_independently_reimported,2022,0,excluded_until_researcher_coding_rubric_is_documented,888005,47,89,42,47,0.529276,0,GDP parsed from comma-formatted text to numeric.
Cyprus,CYP,1991,party,2015,2017.0,2018.0,,0,0,0,-26,-27,,,,16829.91,43.4,0,0,1,1,0,0,0,0,0,0,0,697000,2022,0,0,0.0,0.0,1,1,1,0,,,retained_legacy_not_independently_reimported,2022,0,excluded_until_researcher_coding_rubric_is_documented,888005,47,89,42,47,0.529276,0,GDP parsed from comma-formatted text to numeric.
Cyprus,CYP,1992,party,2015,2017.0,2018.0,,0,0,0,-25,-26,,,,17928.54,43.9,0,0,1,1,0,0,0,0,0,0,0,714000,2022,0,0,0.0,0.0,1,1,1,0,,,retained_legacy_not_independently_reimported,2022,0,excluded_until_researcher_coding_rubric_is_documented,888005,47,89,42,47,0.529276,0,GDP parsed from comma-formatted text to numeric.
Cyprus,CYP,1993,party,2015,2017.0,2018.0,,0,0,0,-24,-25,,,,17623.29,44.6,0,0,1,1,0,0,0,0,0,0,0,726000,2022,0,0,0.0,0.0,1,1,1,0,,,retained_legacy_not_independently_reimported,2022,0,excluded_until_researcher_coding_rubric_is_documented,888005,47,89,42,47,0.529276,0,GDP parsed from comma-formatted text to numeric.
Cyprus,CYP,1994,party,2015,2017.0,2018.0,,0,0,0,-23,-24,,,,18281.02,45.4,0,0,1,1,0,0,0,0,0,0,0,737000,2022,0,0,0.0,0.0,1,1,1,0,,,retained_legacy_not_independently_reimported,2022,0,excluded_until_researcher_coding_rubric_is_documented,888005,47,89,42,47,0.529276,0,GDP parsed from comma-formatted text to numeric.
Cyprus,CYP,1995,party,2015,2017.0,2018.0,,0,0,0,-22,-23,,,,19453.85,46.1,0,0,1,1,0,0,0,0,0,0,0,749000,2022,0,0,0.0,0.0,1,1,1,0,,,retained_legacy_not_independently_reimported,2022,0,excluded_until_researcher_coding_rubric_is_documented,888005,47,89,42,47,0.529276,0,GDP parsed from comma-formatted text to numeric.
Cyprus,CYP,1996,party,2015,2017.0,2018.0,,0,0,0,-21,-22,,,,19385.29,46.8,0,0,1,1,0,0,0,1,0,0,0,759000,2022,0,0,1.0,0.0,1,1,1,0,1.99,1.46,retained_legacy_not_independently_reimported,2022,0,excluded_until_researcher_coding_rubric_is_documented,888005,47,89,42,47,0.529276,0,GDP parsed from comma-formatted text to numeric.
Cyprus,CYP,1997,party,2015,2017.0,2018.0,,0,0,0,-20,-21,,,,19617.19,47.5,0,0,1,1,0,0,0,0,0,0,0,769000,2022,0,0,1.0,0.0,1,1,1,0,,,retained_legacy_not_independently_reimported,2022,0,excluded_until_researcher_coding_rubric_is_documented,888005,47,89,42,47,0.529276,0,GDP parsed from comma-formatted text to numeric.
Cyprus,CYP,1998,party,2015,2017.0,2018.0,,0,0,0,-19,-20,,,,20562.3,48.1,0,0,1,1,0,0,0,1,0,0,0,780000,2022,0,0,1.0,0.0,1,1,1,0,2.03,1.61,retained_legacy_not_independently_reimported,2022,0,excluded_until_researcher_coding_rubric_is_documented,888005,47,89,42,47,0.529276,0,GDP parsed from comma-formatted text to numeric.
Cyprus,CYP,1999,party,2015,2017.0,2018.0,,0,0,0,-18,-19,,,,21349.75,48.7,0,0,1,1,0,0,0,0,0,0,0,793000,2022,0,0,1.0,0.0,1,1,1,0,,,retained_legacy_not_independently_reimported,2022,0,excluded_until_researcher_coding_rubric_is_documented,888005,47,89,42,47,0.529276,0,GDP parsed from comma-formatted text to numeric.
Cyprus,CYP,2000,party,2015,2017.0,2018.0,,0,0,0,-17,-18,,,,22383.96,49.3,0,0,1,1,0,0,0,1,0,0,0,806000,2022,0,0,1.0,0.0,1,1,1,0,1.83,1.73,retained_legacy_not_independently_reimported,2022,0,excluded_until_researcher_coding_rubric_is_documented,888005,47,89,42,47,0.529276,0,GDP parsed from comma-formatted text to numeric.
Cyprus,CYP,2001,party,2015,2017.0,2018.0,,0,0,0,-16,-17,,,,23019.25,51.9,0,0,1,1,0,0,0,0,0,0,0,820000,2022,0,0,1.0,0.0,1,1,1,0,,,retained_legacy_not_independently_reimported,2022,0,excluded_until_researcher_coding_rubric_is_documented,888005,47,89,42,47,0.529276,0,GDP parsed from comma-formatted text to numeric.
Cyprus,CYP,2002,party,2015,2017.0,2018.0,,0,0,0,-15,-16,,,,23604.19,52.3,0,0,1,1,0,0,0,1,0,0,0,834000,2022,0,0,1.0,0.0,1,1,1,0,2.2,1.68,retained_legacy_not_independently_reimported,2022,0,excluded_until_researcher_coding_rubric_is_documented,888005,47,89,42,47,0.529276,0,GDP parsed from comma-formatted text to numeric.
Cyprus,CYP,2003,party,2015,2017.0,2018.0,,0,0,0,-14,-15,,,3.201,23930.78,53.7,0,0,1,1,0,0,0,1,0,0,0,849000,2022,0,0,1.0,0.0,1,1,1,0,1.91,1.6,retained_legacy_not_independently_reimported,2022,0,excluded_until_researcher_coding_rubric_is_documented,888005,47,89,42,47,0.529276,0,GDP parsed from comma-formatted text to numeric.
Cyprus,CYP,2004,party,2015,2017.0,2018.0,,0,0,0,-13,-14,0.798,13.459,4.028,24799.65,53.7,0,0,1,1,1,0,0,1,1,0,0,865000,2022,0,0,1.0,0.0,1,1,1,0,1.88,1.54,retained_legacy_not_independently_reimported,2022,0,excluded_until_researcher_coding_rubric_is_documented,888005,47,89,42,47,0.529276,0,GDP parsed from comma-formatted text to numeric.
Cyprus,CYP,2005,party,2015,2017.0,2018.0,,0,0,0,-12,-13,0.392,10.809,3.764,25631.37,53.5,0,0,1,1,1,1,1,1,1,1,1,880000,2022,0,0,1.0,0.0,1,1,1,0,1.96,1.49,retained_legacy_not_independently_reimported,2022,0,excluded_until_researcher_coding_rubric_is_documented,888005,47,89,42,47,0.529276,0,GDP parsed from comma-formatted text to numeric.
Cyprus,CYP,2006,party,2015,2017.0,2018.0,,0,0,0,-11,-12,0.769,9.579,2.75,26395.5,54.3,0,0,1,1,1,1,1,1,1,1,1,895000,2022,0,0,1.0,0.0,1,1,1,0,2.14,1.86,retained_legacy_not_independently_reimported,2022,0,excluded_until_researcher_coding_rubric_is_documented,888005,47,89,42,47,0.529276,0,GDP parsed from comma-formatted text to numeric.
Cyprus,CYP,2007,party,2015,2017.0,2018.0,,0,0,0,-10,-11,0.567,11.932,1.771,27156.82,55.7,0,0,1,1,1,1,1,1,1,1,1,908000,2022,0,0,1.0,0.0,1,1,1,0,2.42,1.88,retained_legacy_not_independently_reimported,2022,0,excluded_until_researcher_coding_rubric_is_documented,888005,47,89,42,47,0.529276,0,GDP parsed from comma-formatted text to numeric.
Cyprus,CYP,2008,party,2015,2017.0,2018.0,,0,0,0,-9,-10,0.372,8.891,3.116,27449.23,56.1,0,0,1,1,1,1,1,1,1,1,1,918000,2022,0,0,1.0,0.0,1,1,1,0,2.59,2.05,retained_legacy_not_independently_reimported,2022,0,excluded_until_researcher_coding_rubric_is_documented,888005,47,89,42,47,0.529276,0,GDP parsed from comma-formatted text to numeric.
Cyprus,CYP,2009,party,2015,2017.0,2018.0,,0,0,0,-8,-9,1.279,7.031,2.434,26183.69,56.7,0,0,1,1,1,1,1,1,1,1,1,928000,2022,0,0,1.0,0.0,1,1,1,0,2.4,2.05,retained_legacy_not_independently_reimported,2022,0,excluded_until_researcher_coding_rubric_is_documented,888005,47,89,42,47,0.529276,0,GDP parsed from comma-formatted text to numeric.
Cyprus,CYP,2010,party,2015,2017.0,2018.0,,0,0,0,-7,-8,0.18,7.005,3.192,26090.05,57.8,0,0,1,1,1,1,1,1,1,1,1,1037000,2022,0,0,1.0,0.0,1,1,1,0,2.6,2.06,retained_legacy_not_independently_reimported,2022,0,excluded_until_researcher_coding_rubric_is_documented,888005,47,89,42,47,0.529276,0,GDP parsed from comma-formatted text to numeric.
Cyprus,CYP,2011,party,2015,2017.0,2018.0,,0,0,0,-6,-7,1.06,6.716,3.314,25538.78,57.5,0,0,1,1,1,1,1,1,1,1,1,1051000,2022,0,0,1.0,0.0,1,1,1,0,2.65,1.81,retained_legacy_not_independently_reimported,2022,0,excluded_until_researcher_coding_rubric_is_documented,888005,47,89,42,47,0.529276,0,GDP parsed from comma-formatted text to numeric.
Cyprus,CYP,2012,party,2015,2017.0,2018.0,,0,0,0,-5,-6,0.868,5.921,2.145,24285.5,57.2,0,0,1,1,1,1,1,1,1,1,1,1059000,2022,0,0,1.0,0.0,1,1,1,0,2.35,1.86,retained_legacy_not_independently_reimported,2022,0,excluded_until_researcher_coding_rubric_is_documented,888005,47,89,42,47,0.529276,0,GDP parsed from comma-formatted text to numeric.
Cyprus,CYP,2013,party,2015,2017.0,2018.0,,0,0,0,-4,-5,0.513,3.97,1.52,22711.72,57.4,0,0,1,1,1,1,1,1,1,1,1,1058000,2022,0,0,1.0,0.0,1,1,1,0,2.31,1.75,retained_legacy_not_independently_reimported,2022,0,excluded_until_researcher_coding_rubric_is_documented,888005,47,89,42,47,0.529276,0,GDP parsed from comma-formatted text to numeric.
Cyprus,CYP,2014,party,2015,2017.0,2018.0,,0,0,0,-3,-4,0.841,4.244,1.165,22373.58,58.9,0,0,1,1,1,1,1,1,1,1,1,1053000,2022,0,0,1.0,0.0,1,1,1,0,1.93,1.83,retained_legacy_not_independently_reimported,2022,0,excluded_until_researcher_coding_rubric_is_documented,888005,47,89,42,47,0.529276,0,GDP parsed from comma-formatted text to numeric.
Cyprus,CYP,2015,party,2015,2017.0,2018.0,,0,0,0,-2,-3,0.497,1.722,1.722,23088.44,59.1,0,0,1,1,1,1,1,1,1,1,1,1048000,2022,0,0,1.0,0.0,1,1,1,0,1.74,1.73,retained_legacy_not_independently_reimported,2022,0,excluded_until_researcher_coding_rubric_is_documented,888005,47,89,42,47,0.529276,0,GDP parsed from comma-formatted text to numeric.
Cyprus,CYP,2016,party,2015,2017.0,2018.0,,0,0,0,-1,-2,0.816,1.94,1.778,24477.99,58.3,0,0,1,1,1,1,1,1,1,1,1,1047000,2022,0,0,1.0,0.0,1,1,1,0,1.58,1.19,retained_legacy_not_independently_reimported,2022,0,excluded_until_researcher_coding_rubric_is_documented,888005,47,89,42,47,0.529276,0,GDP parsed from comma-formatted text to numeric.
Cyprus,CYP,2017,party,2015,2017.0,2018.0,,1,0,0,0,-1,0.0,1.595,1.515,25666,58.9,0,0,1,1,1,1,1,1,1,1,1,1072000,2022,0,0,1.0,0.0,1,1,1,0,1.51,1.46,retained_legacy_not_independently_reimported,2022,0,excluded_until_researcher_coding_rubric_is_documented,888005,47,89,42,47,0.529276,0,GDP parsed from comma-formatted text to numeric.
Cyprus,CYP,2018,party,2015,2017.0,2018.0,,1,1,1,1,0,0.953,2.282,2.203,26962.41,59.6,0,0,1,1,1,1,1,1,1,1,1,1189000,2022,0,0,1.0,0.0,1,1,1,0,1.51,1.23,retained_legacy_not_independently_reimported,2022,0,excluded_until_researcher_coding_rubric_is_documented,888005,47,89,42,47,0.529276,0,GDP parsed from comma-formatted text to numeric.
Cyprus,CYP,2019,party,2015,2017.0,2018.0,,1,1,1,2,1,1.568,1.321,1.244,28167.16,60.1,0,0,1,1,1,1,1,1,1,1,1,1237000,2022,0,0,1.0,0.0,1,1,1,0,1.63,1.24,retained_legacy_not_independently_reimported,2022,0,excluded_until_researcher_coding_rubric_is_documented,888005,47,89,42,47,0.529276,0,GDP parsed from comma-formatted text to numeric.
Cyprus,CYP,2020,party,2015,2017.0,2018.0,,1,1,1,3,2,0.774,2.304,2.15,26895.68,59.1,0,0,1,1,1,1,1,1,1,1,1,1207000,2022,0,0,1.0,0.0,1,1,1,0,1.44,0.94,retained_legacy_not_independently_reimported,2022,0,excluded_until_researcher_coding_rubric_is_documented,888005,47,89,42,47,0.529276,0,GDP parsed from comma-formatted text to numeric.
Cyprus,CYP,2021,party,2015,2017.0,2018.0,,1,1,1,4,3,1.071,4.782,4.175,29517.07,59.5,0,0,1,1,1,1,1,1,1,1,1,1224000,2022,0,0,1.0,0.0,1,1,1,0,1.2,1.04,retained_legacy_not_independently_reimported,2022,0,excluded_until_researcher_coding_rubric_is_documented,888005,47,89,42,47,0.529276,0,GDP parsed from comma-formatted text to numeric.
Cyprus,CYP,2022,party,2015,2017.0,2018.0,,1,1,1,5,4,0.606,4.281,4.281,31370.55,61.2,0,0,1,1,1,1,1,1,1,1,1,1244000,2022,1,1,1.0,0.0,1,1,1,0,1.02,0.8,retained_legacy_not_independently_reimported,2022,1,excluded_until_researcher_coding_rubric_is_documented,888005,47,89,42,47,0.529276,0,GDP parsed from comma-formatted text to numeric.
Cyprus,CYP,2023,party,2015,2017.0,2018.0,,1,1,1,6,5,0.15,8.253,3.048,31884.84,62.5,0,0,1,1,1,1,1,1,1,1,1,1260000,2022,1,1,1.0,1.0,1,1,1,0,0.52,0.44,retained_legacy_not_independently_reimported,2022,1,excluded_until_researcher_coding_rubric_is_documented,888005,47,89,42,47,0.529276,0,GDP parsed from comma-formatted text to numeric. | UNODC outcome values preserved from source dataset; not silently imputed or replaced.
Czechia,CZE,1990,signed_not_ratified,2016,,,,0,0,0,,,,,,11900.58,52.7,0,0,1,1,0,0,0,0,0,0,0,10363000,,0,0,0.0,0.0,1,1,0,0,,,retained_legacy_not_independently_reimported,,0,excluded_until_researcher_coding_rubric_is_documented,10693939,90,1069,979,92,0.08416,0,GDP parsed from comma-formatted text to numeric.
Czechia,CZE,1991,signed_not_ratified,2016,,,,0,0,0,,,,,,10543.62,52.3,0,0,1,1,0,0,0,0,0,0,0,10309000,,0,0,0.0,0.0,1,1,0,0,,,retained_legacy_not_independently_reimported,,0,excluded_until_researcher_coding_rubric_is_documented,10693939,90,1069,979,92,0.08416,0,GDP parsed from comma-formatted text to numeric.
Czechia,CZE,1992,signed_not_ratified,2016,,,,0,0,0,,,,,,10479.49,52.3,0,0,1,1,0,0,0,0,0,0,0,10314000,,0,0,0.0,0.0,1,1,0,0,,,retained_legacy_not_independently_reimported,,0,excluded_until_researcher_coding_rubric_is_documented,10693939,90,1069,979,92,0.08416,0,GDP parsed from comma-formatted text to numeric.
Czechia,CZE,1993,signed_not_ratified,2016,,,,0,0,0,,,,,,10475.08,52.4,0,0,1,1,0,0,0,0,0,0,0,10327000,,0,0,0.0,0.0,1,1,0,0,,,retained_legacy_not_independently_reimported,,0,excluded_until_researcher_coding_rubric_is_documented,10693939,90,1069,979,92,0.08416,0,GDP parsed from comma-formatted text to numeric.
Czechia,CZE,1994,signed_not_ratified,2016,,,,0,0,0,,,1.56,,,10775.94,52.6,0,0,1,1,0,0,0,0,0,0,0,10333000,,0,0,0.0,0.0,1,1,0,0,,,retained_legacy_not_independently_reimported,,0,excluded_until_researcher_coding_rubric_is_documented,10693939,90,1069,979,92,0.08416,0,GDP parsed from comma-formatted text to numeric.
Czechia,CZE,1995,signed_not_ratified,2016,,,,0,0,0,,,1.095,,,11453.38,52.4,0,0,1,1,0,0,0,0,0,0,0,10333000,,0,0,0.0,0.0,1,1,0,0,,,retained_legacy_not_independently_reimported,,0,excluded_until_researcher_coding_rubric_is_documented,10693939,90,1069,979,92,0.08416,0,GDP parsed from comma-formatted text to numeric.
Czechia,CZE,1996,signed_not_ratified,2016,,,,0,0,0,,,1.047,,,11944.72,51.9,0,0,1,1,0,0,0,1,0,0,0,10315000,,0,0,0.0,0.0,1,1,0,0,1.05,1.56,retained_legacy_not_independently_reimported,,0,excluded_until_researcher_coding_rubric_is_documented,10693939,90,1069,979,92,0.08416,0,GDP parsed from comma-formatted text to numeric.
Czechia,CZE,1997,signed_not_ratified,2016,,,,0,0,0,,,1.202,,,11886.35,51.9,0,0,1,1,0,0,0,0,0,0,0,10304000,,0,0,0.0,0.0,1,1,0,0,,,retained_legacy_not_independently_reimported,,0,excluded_until_researcher_coding_rubric_is_documented,10693939,90,1069,979,92,0.08416,0,GDP parsed from comma-formatted text to numeric.
Czechia,CZE,1998,signed_not_ratified,2016,,,,0,0,0,,,0.924,,,11850.84,52.0,0,0,1,1,0,0,0,1,0,0,0,10299000,,0,0,0.0,0.0,1,1,0,0,1,1.47,retained_legacy_not_independently_reimported,,0,excluded_until_researcher_coding_rubric_is_documented,10693939,90,1069,979,92,0.08416,0,GDP parsed from comma-formatted text to numeric.
Czechia,CZE,1999,signed_not_ratified,2016,,,,0,0,0,,,1.169,,,12026.47,52.2,0,0,1,1,0,0,0,0,0,0,0,10285000,,0,0,0.0,0.0,1,1,0,0,,,retained_legacy_not_independently_reimported,,0,excluded_until_researcher_coding_rubric_is_documented,10693939,90,1069,979,92,0.08416,0,GDP parsed from comma-formatted text to numeric.
Czechia,CZE,2000,signed_not_ratified,2016,,,,0,0,0,,,0.933,,,12543.94,51.6,0,0,1,1,1,0,0,1,1,0,0,10272000,,0,0,0.0,0.0,1,1,0,0,1,1.03,retained_legacy_not_independently_reimported,,0,excluded_until_researcher_coding_rubric_is_documented,10693939,90,1069,979,92,0.08416,0,GDP parsed from comma-formatted text to numeric.
Czechia,CZE,2001,signed_not_ratified,2016,,,,0,0,0,,,0.896,,,12958.47,51.3,0,0,1,1,1,0,0,0,0,0,0,10224000,,0,0,0.0,0.0,1,1,0,0,,,retained_legacy_not_independently_reimported,,0,excluded_until_researcher_coding_rubric_is_documented,10693939,90,1069,979,92,0.08416,0,GDP parsed from comma-formatted text to numeric.
Czechia,CZE,2002,signed_not_ratified,2016,,,,0,0,0,,,1.105,,,13179.99,51.0,0,0,1,1,1,0,0,1,1,0,0,10201000,,0,0,0.0,0.0,1,1,0,0,1.57,1.46,retained_legacy_not_independently_reimported,,0,excluded_until_researcher_coding_rubric_is_documented,10693939,90,1069,979,92,0.08416,0,GDP parsed from comma-formatted text to numeric.
Czechia,CZE,2003,signed_not_ratified,2016,,,,0,0,0,,,1.105,18.519,6.303,13618.93,50.8,0,0,1,1,1,0,0,1,1,0,0,10202000,,0,0,0.0,0.0,1,1,0,0,1.45,1.49,retained_legacy_not_independently_reimported,,0,excluded_until_researcher_coding_rubric_is_documented,10693939,90,1069,979,92,0.08416,0,GDP parsed from comma-formatted text to numeric.
Czechia,CZE,2004,signed_not_ratified,2016,,,,0,0,0,,,0.95,18.604,6.695,14259.63,50.6,0,0,1,1,1,0,0,1,1,0,0,10212000,,0,0,0.0,0.0,1,1,0,0,1.47,1.29,retained_legacy_not_independently_reimported,,0,excluded_until_researcher_coding_rubric_is_documented,10693939,90,1069,979,92,0.08416,0,GDP parsed from comma-formatted text to numeric.
Czechia,CZE,2005,signed_not_ratified,2016,,,,0,0,0,,,0.856,17.986,5.798,15147.72,50.7,0,0,1,1,1,1,1,1,1,1,1,10221000,,0,0,0.0,0.0,1,1,0,0,1.55,1.46,retained_legacy_not_independently_reimported,,0,excluded_until_researcher_coding_rubric_is_documented,10693939,90,1069,979,92,0.08416,0,GDP parsed from comma-formatted text to numeric.
Czechia,CZE,2006,signed_not_ratified,2016,,,,0,0,0,,,1.026,15.673,5.143,16107.3,50.5,0,0,1,1,1,1,1,1,1,1,1,10251000,,0,0,0.0,0.0,1,1,0,0,1.84,1.47,retained_legacy_not_independently_reimported,,0,excluded_until_researcher_coding_rubric_is_documented,10693939,90,1069,979,92,0.08416,0,GDP parsed from comma-formatted text to numeric.
Czechia,CZE,2007,signed_not_ratified,2016,,,,0,0,0,,,1.042,16.339,6.162,16892.54,49.8,0,0,1,1,1,1,1,1,1,1,1,10323000,,0,0,1.0,0.0,1,1,0,0,1.44,1.49,retained_legacy_not_independently_reimported,,0,excluded_until_researcher_coding_rubric_is_documented,10693939,90,1069,979,92,0.08416,0,GDP parsed from comma-formatted text to numeric.
Czechia,CZE,2008,signed_not_ratified,2016,,,,0,0,0,,,0.831,16.188,5.097,17190.65,49.2,0,0,1,1,1,1,1,1,1,1,1,10381000,,0,0,1.0,0.0,1,1,0,0,1.62,1.53,retained_legacy_not_independently_reimported,,0,excluded_until_researcher_coding_rubric_is_documented,10693939,90,1069,979,92,0.08416,0,GDP parsed from comma-formatted text to numeric.
Czechia,CZE,2009,signed_not_ratified,2016,,,,0,0,0,,,0.715,16.601,4.606,16272.81,49.4,0,0,1,1,1,1,1,1,1,1,1,10432000,,0,0,1.0,0.0,1,1,0,0,1.49,1.63,retained_legacy_not_independently_reimported,,0,excluded_until_researcher_coding_rubric_is_documented,10693939,90,1069,979,92,0.08416,0,GDP parsed from comma-formatted text to numeric.
Czechia,CZE,2010,signed_not_ratified,2016,,,,0,0,0,,,0.994,12.777,5.6,16665.93,49.2,0,0,1,1,1,1,1,1,1,1,1,10463000,,0,0,1.0,0.0,1,1,0,0,1.53,1.58,retained_legacy_not_independently_reimported,,0,excluded_until_researcher_coding_rubric_is_documented,10693939,90,1069,979,92,0.08416,0,GDP parsed from comma-formatted text to numeric.
Czechia,CZE,2011,signed_not_ratified,2016,,,,0,0,0,,,0.823,13.873,6.431,16926.28,49.5,0,0,1,1,1,1,1,1,1,1,1,10487000,,0,0,1.0,0.0,1,1,0,0,1.57,1.73,retained_legacy_not_independently_reimported,,0,excluded_until_researcher_coding_rubric_is_documented,10693939,90,1069,979,92,0.08416,0,GDP parsed from comma-formatted text to numeric.
Czechia,CZE,2012,signed_not_ratified,2016,,,,0,0,0,,,0.898,13.419,6.367,16772.35,50.0,0,0,1,1,1,1,1,1,1,1,1,10511000,,0,0,1.0,0.0,1,1,0,0,1.57,1.74,retained_legacy_not_independently_reimported,,0,excluded_until_researcher_coding_rubric_is_documented,10693939,90,1069,979,92,0.08416,0,GDP parsed from comma-formatted text to numeric.
Czechia,CZE,2013,signed_not_ratified,2016,,,,0,0,0,,,0.954,13.481,5.604,16759.78,50.9,0,0,1,1,1,1,1,1,1,1,1,10517000,,0,0,1.0,0.0,1,1,0,0,1.56,1.74,retained_legacy_not_independently_reimported,,0,excluded_until_researcher_coding_rubric_is_documented,10693939,90,1069,979,92,0.08416,0,GDP parsed from comma-formatted text to numeric.
Czechia,CZE,2014,signed_not_ratified,2016,,,,0,0,0,,,0.842,13.616,6.361,17118.04,50.8,0,0,1,1,1,1,1,1,1,1,1,10512000,,0,0,1.0,0.0,1,1,0,0,1.75,1.94,retained_legacy_not_independently_reimported,,0,excluded_until_researcher_coding_rubric_is_documented,10693939,90,1069,979,92,0.08416,0,GDP parsed from comma-formatted text to numeric.
Czechia,CZE,2015,signed_not_ratified,2016,,,,0,0,0,,,0.916,13.511,5.682,17931.6,51.2,0,0,1,1,1,1,1,1,1,1,1,10554000,,0,0,1.0,0.0,1,1,0,0,1.75,1.89,retained_legacy_not_independently_reimported,,0,excluded_until_researcher_coding_rubric_is_documented,10693939,90,1069,979,92,0.08416,0,GDP parsed from comma-formatted text to numeric.
Czechia,CZE,2016,signed_not_ratified,2016,,,,0,0,0,,,0.673,13.226,6.162,18359.1,51.7,0,0,1,1,1,1,1,1,1,1,1,10566000,,0,0,1.0,0.0,1,1,0,0,1.72,1.69,retained_legacy_not_independently_reimported,,0,excluded_until_researcher_coding_rubric_is_documented,10693939,90,1069,979,92,0.08416,0,GDP parsed from comma-formatted text to numeric.
Czechia,CZE,2017,signed_not_ratified,2016,,,,0,0,0,,,0.561,13.414,5.673,19257.69,52.1,0,0,1,1,1,1,1,1,1,1,1,10591000,,0,0,1.0,0.0,1,1,0,0,1.76,1.86,retained_legacy_not_independently_reimported,,0,excluded_until_researcher_coding_rubric_is_documented,10693939,90,1069,979,92,0.08416,0,GDP parsed from comma-formatted text to numeric.
Czechia,CZE,2018,signed_not_ratified,2016,,,,0,0,0,,,,13.727,6.171,19736.63,52.6,0,0,1,1,0,1,1,1,0,1,1,10611000,,0,0,1.0,0.0,1,1,0,0,1.63,1.74,retained_legacy_not_independently_reimported,,0,excluded_until_researcher_coding_rubric_is_documented,10693939,90,1069,979,92,0.08416,0,GDP parsed from comma-formatted text to numeric.
Czechia,CZE,2019,signed_not_ratified,2016,,,,0,0,0,,,0.654,14.78,6.471,20360.06,52.3,0,0,1,1,1,1,1,1,1,1,1,10669000,,0,0,1.0,0.0,1,1,0,0,1.57,1.74,retained_legacy_not_independently_reimported,,0,excluded_until_researcher_coding_rubric_is_documented,10693939,90,1069,979,92,0.08416,0,GDP parsed from comma-formatted text to numeric.
Czechia,CZE,2020,signed_not_ratified,2016,,,,0,0,0,,,0.636,13.772,6.057,19233.15,51.5,0,0,1,1,1,1,1,1,1,1,1,10694000,,0,0,1.0,0.0,1,1,0,0,1.56,1.74,retained_legacy_not_independently_reimported,,0,excluded_until_researcher_coding_rubric_is_documented,10693939,90,1069,979,92,0.08416,0,GDP parsed from comma-formatted text to numeric.
Czechia,CZE,2021,signed_not_ratified,2016,,,,0,0,0,,,0.468,15.127,14.159,20373.88,51.6,0,0,1,1,1,1,1,1,1,1,1,10701000,,0,0,1.0,0.0,1,1,0,0,1.83,1.86,retained_legacy_not_independently_reimported,,0,excluded_until_researcher_coding_rubric_is_documented,10693939,90,1069,979,92,0.08416,0,GDP parsed from comma-formatted text to numeric.
Czechia,CZE,2022,signed_not_ratified,2016,,,,0,0,0,,,0.739,17.071,16.05,20627.35,52.2,0,0,1,1,1,1,1,1,1,1,1,10827000,,0,0,1.0,0.0,1,1,0,0,1.53,1.54,retained_legacy_not_independently_reimported,,0,excluded_until_researcher_coding_rubric_is_documented,10693939,90,1069,979,92,0.08416,0,GDP parsed from comma-formatted text to numeric.
Czechia,CZE,2023,signed_not_ratified,2016,,,,0,0,0,,,0.821,17.244,16.171,20272.59,53.2,0,0,1,1,1,1,1,0,0,0,0,10828000,,0,0,1.0,0.0,1,1,0,0,,,excluded_legacy_flagged_for_manual_review,,0,excluded_until_researcher_coding_rubric_is_documented,10693939,90,1069,979,92,0.08416,0,GDP parsed from comma-formatted text to numeric. | WGI legacy value excluded because source file flagged this country-year for manual review. | UNODC outcome values preserved from source dataset; not silently imputed or replaced.
Germany,DEU,1990,party,2011,2017.0,2018.0,,0,0,0,-27,-28,0.927,,,29763.31,45.2,0,0,1,1,0,0,0,0,0,0,0,79433000,2022,0,0,0.0,0.0,1,1,1,0,,,retained_legacy_not_independently_reimported,2022,0,excluded_until_researcher_coding_rubric_is_documented,83166711,6500,8316,1816,21,0.781563,0,GDP parsed from comma-formatted text to numeric.
Germany,DEU,1991,party,2011,2017.0,2018.0,,0,0,0,-26,-27,1.097,,,31056.59,47.9,0,0,1,1,0,0,0,0,0,0,0,80274000,2022,0,0,0.0,0.0,1,1,1,0,,,retained_legacy_not_independently_reimported,2022,0,excluded_until_researcher_coding_rubric_is_documented,83166711,6500,8316,1816,21,0.781563,0,GDP parsed from comma-formatted text to numeric.
Germany,DEU,1992,party,2011,2017.0,2018.0,,0,0,0,-25,-26,1.127,,,31441.97,47.8,0,0,1,1,0,0,0,0,0,0,0,80974000,2022,0,0,0.0,0.0,1,1,1,0,,,retained_legacy_not_independently_reimported,2022,0,excluded_until_researcher_coding_rubric_is_documented,83166711,6500,8316,1816,21,0.781563,0,GDP parsed from comma-formatted text to numeric.
Germany,DEU,1993,party,2011,2017.0,2018.0,,0,0,0,-24,-25,1.33,,,30932.02,47.5,0,0,1,1,0,0,0,0,0,0,0,81338000,2022,0,0,0.0,0.0,1,1,1,0,,,retained_legacy_not_independently_reimported,2022,0,excluded_until_researcher_coding_rubric_is_documented,83166711,6500,8316,1816,21,0.781563,0,GDP parsed from comma-formatted text to numeric.
Germany,DEU,1994,party,2011,2017.0,2018.0,,0,0,0,-23,-24,1.618,,,31625.39,48.0,0,0,1,1,0,0,0,0,0,0,0,81422000,2022,0,0,0.0,0.0,1,1,1,0,,,retained_legacy_not_independently_reimported,2022,0,excluded_until_researcher_coding_rubric_is_documented,83166711,6500,8316,1816,21,0.781563,0,GDP parsed from comma-formatted text to numeric.
Germany,DEU,1995,party,2011,2017.0,2018.0,,0,0,0,-22,-23,1.645,,,32007.15,47.8,0,0,1,1,0,0,0,0,0,0,0,81661000,2022,0,0,0.0,0.0,1,1,1,0,,,retained_legacy_not_independently_reimported,2022,0,excluded_until_researcher_coding_rubric_is_documented,83166711,6500,8316,1816,21,0.781563,0,GDP parsed from comma-formatted text to numeric.
Germany,DEU,1996,party,2011,2017.0,2018.0,,0,0,0,-21,-22,1.584,,,32245.86,47.9,0,0,1,1,0,0,0,1,0,0,0,81896000,2022,0,0,0.0,0.0,1,1,1,0,2.93,2.74,retained_legacy_not_independently_reimported,2022,0,excluded_until_researcher_coding_rubric_is_documented,83166711,6500,8316,1816,21,0.781563,0,GDP parsed from comma-formatted text to numeric.
Germany,DEU,1997,party,2011,2017.0,2018.0,,0,0,0,-20,-21,1.538,,,32795.78,48.4,0,0,1,1,0,0,0,0,0,0,0,82052000,2022,0,0,0.0,0.0,1,1,1,0,,,retained_legacy_not_independently_reimported,2022,0,excluded_until_researcher_coding_rubric_is_documented,83166711,6500,8316,1816,21,0.781563,0,GDP parsed from comma-formatted text to numeric.
Germany,DEU,1998,party,2011,2017.0,2018.0,,0,0,0,-19,-20,1.433,,,33477.99,48.5,0,0,1,1,0,0,0,1,0,0,0,82047000,2022,0,0,0.0,0.0,1,1,1,0,3.08,2.76,retained_legacy_not_independently_reimported,2022,0,excluded_until_researcher_coding_rubric_is_documented,83166711,6500,8316,1816,21,0.781563,0,GDP parsed from comma-formatted text to numeric.
Germany,DEU,1999,party,2011,2017.0,2018.0,,0,0,0,-18,-19,1.231,,,34168.83,49.1,0,0,1,1,0,0,0,0,0,0,0,82100000,2022,0,0,0.0,0.0,1,1,1,0,,,retained_legacy_not_independently_reimported,2022,0,excluded_until_researcher_coding_rubric_is_documented,83166711,6500,8316,1816,21,0.781563,0,GDP parsed from comma-formatted text to numeric.
Germany,DEU,2000,party,2011,2017.0,2018.0,,0,0,0,-17,-18,1.298,,,35104.13,49.0,0,0,1,1,1,0,0,1,1,0,0,82212000,2022,0,0,0.0,0.0,1,1,1,0,3.07,2.74,retained_legacy_not_independently_reimported,2022,0,excluded_until_researcher_coding_rubric_is_documented,83166711,6500,8316,1816,21,0.781563,0,GDP parsed from comma-formatted text to numeric.
Germany,DEU,2001,party,2011,2017.0,2018.0,,0,0,0,-16,-17,1.17,,,35618.51,49.3,0,0,1,1,1,0,0,0,0,0,0,82349000,2022,0,0,0.0,0.0,1,1,1,0,,,retained_legacy_not_independently_reimported,2022,0,excluded_until_researcher_coding_rubric_is_documented,83166711,6500,8316,1816,21,0.781563,0,GDP parsed from comma-formatted text to numeric.
Germany,DEU,2002,party,2011,2017.0,2018.0,,0,0,0,-15,-16,1.125,,,35477.52,49.6,0,0,1,1,1,0,0,1,1,0,0,82487000,2022,0,0,0.0,0.0,1,1,1,0,2.82,2.78,retained_legacy_not_independently_reimported,2022,0,excluded_until_researcher_coding_rubric_is_documented,83166711,6500,8316,1816,21,0.781563,0,GDP parsed from comma-formatted text to numeric.
Germany,DEU,2003,party,2011,2017.0,2018.0,,0,0,0,-14,-15,1.155,66.534,10.676,35270.02,50.0,0,0,1,1,1,0,0,1,1,0,0,82536000,2022,0,0,1.0,0.0,1,1,1,0,2.31,2.78,retained_legacy_not_independently_reimported,2022,0,excluded_until_researcher_coding_rubric_is_documented,83166711,6500,8316,1816,21,0.781563,0,GDP parsed from comma-formatted text to numeric.
Germany,DEU,2004,party,2011,2017.0,2018.0,,0,0,0,-13,-14,1.087,69.806,10.757,35687.64,49.7,0,0,1,1,1,0,0,1,1,0,0,82532000,2022,0,0,1.0,0.0,1,1,1,0,2.49,2.75,retained_legacy_not_independently_reimported,2022,0,excluded_until_researcher_coding_rubric_is_documented,83166711,6500,8316,1816,21,0.781563,0,GDP parsed from comma-formatted text to numeric.
Germany,DEU,2005,party,2011,2017.0,2018.0,,0,0,0,-12,-13,1.063,67.282,9.913,36024.09,50.7,0,0,1,1,1,1,1,1,1,1,1,82469000,2022,0,0,1.0,0.0,1,1,1,0,2.55,2.81,retained_legacy_not_independently_reimported,2022,0,excluded_until_researcher_coding_rubric_is_documented,83166711,6500,8316,1816,21,0.781563,0,GDP parsed from comma-formatted text to numeric.
Germany,DEU,2006,party,2011,2017.0,2018.0,,0,0,0,-11,-12,1.054,63.929,9.936,37459.26,51.8,0,0,1,1,1,1,1,1,1,1,1,82366000,2022,0,0,1.0,0.0,1,1,1,0,2.8,3.01,retained_legacy_not_independently_reimported,2022,0,excluded_until_researcher_coding_rubric_is_documented,83166711,6500,8316,1816,21,0.781563,0,GDP parsed from comma-formatted text to numeric.
Germany,DEU,2007,party,2011,2017.0,2018.0,,0,0,0,-10,-11,0.937,69.228,9.239,38593.07,52.2,0,0,1,1,1,1,1,1,1,1,1,82266000,2022,0,0,1.0,0.0,1,1,1,0,2.77,2.98,retained_legacy_not_independently_reimported,2022,0,excluded_until_researcher_coding_rubric_is_documented,83166711,6500,8316,1816,21,0.781563,0,GDP parsed from comma-formatted text to numeric.
Germany,DEU,2008,party,2011,2017.0,2018.0,,0,0,0,-9,-10,0.884,70.008,8.99,39009.85,52.0,0,0,1,1,1,1,1,1,1,1,1,82110000,2022,0,0,1.0,0.0,1,1,1,0,2.57,2.95,retained_legacy_not_independently_reimported,2022,0,excluded_until_researcher_coding_rubric_is_documented,83166711,6500,8316,1816,21,0.781563,0,GDP parsed from comma-formatted text to numeric.
Germany,DEU,2009,party,2011,2017.0,2018.0,,0,0,0,-8,-9,0.931,60.646,9.037,36940.41,52.6,0,0,1,1,1,1,1,1,1,1,1,81902000,2022,0,0,1.0,0.0,1,1,1,0,2.68,2.8,retained_legacy_not_independently_reimported,2022,0,excluded_until_researcher_coding_rubric_is_documented,83166711,6500,8316,1816,21,0.781563,0,GDP parsed from comma-formatted text to numeric.
Germany,DEU,2010,party,2011,2017.0,2018.0,,0,0,0,-7,-8,0.948,45.238,9.556,38526.74,52.5,0,0,1,1,1,1,1,1,1,1,1,81777000,2022,0,0,1.0,0.0,1,1,1,0,2.58,2.78,retained_legacy_not_independently_reimported,2022,0,excluded_until_researcher_coding_rubric_is_documented,83166711,6500,8316,1816,21,0.781563,0,GDP parsed from comma-formatted text to numeric.
Germany,DEU,2011,party,2011,2017.0,2018.0,,0,0,0,-6,-7,0.816,44.96,9.324,40722.48,53.7,0,0,1,1,1,1,1,1,1,1,1,80328000,2022,0,0,1.0,0.0,1,1,1,0,2.55,2.75,retained_legacy_not_independently_reimported,2022,0,excluded_until_researcher_coding_rubric_is_documented,83166711,6500,8316,1816,21,0.781563,0,GDP parsed from comma-formatted text to numeric.
Germany,DEU,2012,party,2011,2017.0,2018.0,,0,0,0,-5,-6,0.716,44.833,9.925,40834.51,53.7,0,0,1,1,1,1,1,1,1,1,1,80426000,2022,0,0,1.0,0.0,1,1,1,0,2.6,2.84,retained_legacy_not_independently_reimported,2022,0,excluded_until_researcher_coding_rubric_is_documented,83166711,6500,8316,1816,21,0.781563,0,GDP parsed from comma-formatted text to numeric.
Germany,DEU,2013,party,2011,2017.0,2018.0,,0,0,0,-4,-5,0.793,43.595,9.141,40884.89,54.2,0,0,1,1,1,1,1,1,1,1,1,80645000,2022,0,0,1.0,0.0,1,1,1,0,2.57,2.79,retained_legacy_not_independently_reimported,2022,0,excluded_until_researcher_coding_rubric_is_documented,83166711,6500,8316,1816,21,0.781563,0,GDP parsed from comma-formatted text to numeric.
Germany,DEU,2014,party,2011,2017.0,2018.0,,0,0,0,-3,-4,0.818,42.96,9.026,41602.47,54.5,0,0,1,1,1,1,1,1,1,1,1,80982000,2022,0,0,1.0,0.0,1,1,1,0,2.83,3.15,retained_legacy_not_independently_reimported,2022,0,excluded_until_researcher_coding_rubric_is_documented,83166711,6500,8316,1816,21,0.781563,0,GDP parsed from comma-formatted text to numeric.
Germany,DEU,2015,party,2011,2017.0,2018.0,,0,0,0,-2,-3,0.785,41.747,8.555,41929.75,54.4,0,0,1,1,1,1,1,1,1,1,1,82176000,2022,0,0,1.0,0.0,1,1,1,0,2.82,3,retained_legacy_not_independently_reimported,2022,0,excluded_until_researcher_coding_rubric_is_documented,83166711,6500,8316,1816,21,0.781563,0,GDP parsed from comma-formatted text to numeric.
Germany,DEU,2016,party,2011,2017.0,2018.0,,0,0,0,-1,-2,1.119,44.908,9.569,42516.93,54.8,0,0,1,1,1,1,1,1,1,1,1,82522000,2022,0,0,1.0,0.0,1,1,1,0,2.83,2.7,retained_legacy_not_independently_reimported,2022,0,excluded_until_researcher_coding_rubric_is_documented,83166711,6500,8316,1816,21,0.781563,0,GDP parsed from comma-formatted text to numeric.
Germany,DEU,2017,party,2011,2017.0,2018.0,,1,0,0,0,-1,0.903,41.893,10.0,43543.48,55.1,0,0,1,1,1,1,1,1,1,1,1,82793000,2022,0,0,1.0,0.0,1,1,1,0,2.75,2.68,retained_legacy_not_independently_reimported,2022,0,excluded_until_researcher_coding_rubric_is_documented,83166711,6500,8316,1816,21,0.781563,0,GDP parsed from comma-formatted text to numeric.
Germany,DEU,2018,party,2011,2017.0,2018.0,,1,1,1,1,0,0.87,48.681,10.839,43905.86,55.2,0,0,1,1,1,1,1,1,1,1,1,83020000,2022,0,0,1.0,0.0,1,1,1,0,2.6,2.71,retained_legacy_not_independently_reimported,2022,0,excluded_until_researcher_coding_rubric_is_documented,83166711,6500,8316,1816,21,0.781563,0,GDP parsed from comma-formatted text to numeric.
Germany,DEU,2019,party,2011,2017.0,2018.0,,1,1,1,2,1,0.653,48.737,11.46,44235.27,55.7,0,0,1,1,1,1,1,1,1,1,1,83166000,2022,0,0,1.0,0.0,1,1,1,0,2.55,2.7,retained_legacy_not_independently_reimported,2022,0,excluded_until_researcher_coding_rubric_is_documented,83166711,6500,8316,1816,21,0.781563,0,GDP parsed from comma-formatted text to numeric.
Germany,DEU,2020,party,2011,2017.0,2018.0,,1,1,1,3,2,0.843,49.121,12.103,42372.87,55.1,0,0,1,1,1,1,1,1,1,1,1,83240000,2022,0,0,1.0,0.0,1,1,1,0,2.25,2.59,retained_legacy_not_independently_reimported,2022,0,excluded_until_researcher_coding_rubric_is_documented,83166711,6500,8316,1816,21,0.781563,0,GDP parsed from comma-formatted text to numeric.
Germany,DEU,2021,party,2011,2017.0,2018.0,,1,1,1,4,3,0.795,49.93,12.438,44011.02,55.0,0,0,1,1,1,1,1,1,1,1,1,83196000,2022,0,0,1.0,0.0,1,1,1,0,2.21,2.68,retained_legacy_not_independently_reimported,2022,0,excluded_until_researcher_coding_rubric_is_documented,83166711,6500,8316,1816,21,0.781563,0,GDP parsed from comma-formatted text to numeric.
Germany,DEU,2022,party,2011,2017.0,2018.0,,1,1,1,5,4,0.82,59.094,14.935,44817.13,55.5,0,0,1,1,1,1,1,1,1,1,1,84359000,2022,1,1,1.0,0.0,1,1,1,0,1.81,2.15,retained_legacy_not_independently_reimported,2022,1,excluded_until_researcher_coding_rubric_is_documented,83166711,6500,8316,1816,21,0.781563,0,GDP parsed from comma-formatted text to numeric.
Germany,DEU,2023,party,2011,2017.0,2018.0,,1,1,1,6,5,,62.279,15.504,44368.99,55.8,0,0,1,1,0,1,1,0,0,0,0,84358000,2022,1,0,1.0,0.0,1,1,1,0,,,excluded_legacy_flagged_for_manual_review,2022,1,excluded_until_researcher_coding_rubric_is_documented,83166711,6500,8316,1816,21,0.781563,0,GDP parsed from comma-formatted text to numeric. | WGI legacy value excluded because source file flagged this country-year for manual review. | UNODC outcome values preserved from source dataset; not silently imputed or replaced.
Denmark,DNK,1990,party,2013,2014.0,2014.0,,0,0,0,-24,-24,0.959,,,39306.79,61.1,0,0,1,1,0,0,0,0,0,0,0,5140000,2017,0,0,0.0,0.0,1,1,1,0,,,retained_legacy_not_independently_reimported,2017,0,excluded_until_researcher_coding_rubric_is_documented,5822763,850,582,0,0,1.459788,1,GDP parsed from comma-formatted text to numeric.
Denmark,DNK,1991,party,2013,2014.0,2014.0,,0,0,0,-23,-23,1.645,,,39776.6,61.4,0,0,1,1,0,0,0,0,0,0,0,5154000,2017,0,0,0.0,0.0,1,1,1,0,,,retained_legacy_not_independently_reimported,2017,0,excluded_until_researcher_coding_rubric_is_documented,5822763,850,582,0,0,1.459788,1,GDP parsed from comma-formatted text to numeric.
Denmark,DNK,1992,party,2013,2014.0,2014.0,,0,0,0,-22,-22,1.221,,,40447.23,61.6,0,0,1,1,0,0,0,0,0,0,0,5171000,2017,0,0,0.0,0.0,1,1,1,0,,,retained_legacy_not_independently_reimported,2017,0,excluded_until_researcher_coding_rubric_is_documented,5822763,850,582,0,0,1.459788,1,GDP parsed from comma-formatted text to numeric.
Denmark,DNK,1993,party,2013,2014.0,2014.0,,0,0,0,-21,-21,0.989,,,40280.89,61.0,0,0,1,1,0,0,0,0,0,0,0,5189000,2017,0,0,0.0,0.0,1,1,1,0,,,retained_legacy_not_independently_reimported,2017,0,excluded_until_researcher_coding_rubric_is_documented,5822763,850,582,0,0,1.459788,1,GDP parsed from comma-formatted text to numeric.
Denmark,DNK,1994,party,2013,2014.0,2014.0,,0,0,0,-20,-20,0.948,,,42270.65,57.9,0,0,1,1,0,0,0,0,0,0,0,5205000,2017,0,0,0.0,0.0,1,1,1,0,,,retained_legacy_not_independently_reimported,2017,0,excluded_until_researcher_coding_rubric_is_documented,5822763,850,582,0,0,1.459788,1,GDP parsed from comma-formatted text to numeric.
Denmark,DNK,1995,party,2013,2014.0,2014.0,,0,0,0,-19,-19,0.717,,,43328.53,57.9,0,0,1,1,0,0,0,0,0,0,0,5228000,2017,0,0,0.0,0.0,1,1,1,0,,,retained_legacy_not_independently_reimported,2017,0,excluded_until_researcher_coding_rubric_is_documented,5822763,850,582,0,0,1.459788,1,GDP parsed from comma-formatted text to numeric.
Denmark,DNK,1996,party,2013,2014.0,2014.0,,0,0,0,-18,-18,0.974,,,44331.62,58.3,0,0,1,1,0,0,0,1,0,0,0,5251000,2017,0,0,0.0,0.0,1,1,1,0,2.99,3.1,retained_legacy_not_independently_reimported,2017,0,excluded_until_researcher_coding_rubric_is_documented,5822763,850,582,0,0,1.459788,1,GDP parsed from comma-formatted text to numeric.
Denmark,DNK,1997,party,2013,2014.0,2014.0,,0,0,0,-17,-17,1.57,,,45546.59,58.6,0,0,1,1,0,0,0,0,0,0,0,5275000,2017,0,0,0.0,0.0,1,1,1,0,,,retained_legacy_not_independently_reimported,2017,0,excluded_until_researcher_coding_rubric_is_documented,5822763,850,582,0,0,1.459788,1,GDP parsed from comma-formatted text to numeric.
Denmark,DNK,1998,party,2013,2014.0,2014.0,,0,0,0,-16,-16,0.788,,,46437.19,59.4,0,0,1,1,0,0,0,1,0,0,0,5295000,2017,0,0,0.0,0.0,1,1,1,0,3.25,3.12,retained_legacy_not_independently_reimported,2017,0,excluded_until_researcher_coding_rubric_is_documented,5822763,850,582,0,0,1.459788,1,GDP parsed from comma-formatted text to numeric.
Denmark,DNK,1999,party,2013,2014.0,2014.0,,0,0,0,-15,-15,1.06,,,47657.17,60.2,0,0,1,1,0,0,0,0,0,0,0,5314000,2017,0,0,0.0,0.0,1,1,1,0,,,retained_legacy_not_independently_reimported,2017,0,excluded_until_researcher_coding_rubric_is_documented,5822763,850,582,0,0,1.459788,1,GDP parsed from comma-formatted text to numeric.
Denmark,DNK,2000,party,2013,2014.0,2014.0,,0,0,0,-14,-14,1.185,,,49266.99,60.0,0,0,1,1,1,0,0,1,1,0,0,5340000,2017,0,0,0.0,0.0,1,1,1,0,3.22,3.07,retained_legacy_not_independently_reimported,2017,0,excluded_until_researcher_coding_rubric_is_documented,5822763,850,582,0,0,1.459788,1,GDP parsed from comma-formatted text to numeric.
Denmark,DNK,2001,party,2013,2014.0,2014.0,,0,0,0,-13,-13,0.705,,,49557.15,59.9,0,0,1,1,1,0,0,0,0,0,0,5359000,2017,0,0,0.0,0.0,1,1,1,0,,,retained_legacy_not_independently_reimported,2017,0,excluded_until_researcher_coding_rubric_is_documented,5822763,850,582,0,0,1.459788,1,GDP parsed from comma-formatted text to numeric.
Denmark,DNK,2002,party,2013,2014.0,2014.0,,0,0,0,-12,-12,0.552,,,49624.6,60.3,0,0,1,1,1,0,0,1,1,0,0,5375000,2017,0,0,0.0,0.0,1,1,1,0,3.44,3.2,retained_legacy_not_independently_reimported,2017,0,excluded_until_researcher_coding_rubric_is_documented,5822763,850,582,0,0,1.459788,1,GDP parsed from comma-formatted text to numeric.
Denmark,DNK,2003,party,2013,2014.0,2014.0,,0,0,0,-11,-11,1.028,,8.756,49708.09,59.9,0,0,1,1,1,0,0,1,1,0,0,5384000,2017,0,0,0.0,0.0,1,1,1,0,3.55,3.26,retained_legacy_not_independently_reimported,2017,0,excluded_until_researcher_coding_rubric_is_documented,5822763,850,582,0,0,1.459788,1,GDP parsed from comma-formatted text to numeric.
Denmark,DNK,2004,party,2013,2014.0,2014.0,,0,0,0,-10,-10,0.623,,10.399,50956.3,60.6,0,0,1,1,1,0,0,1,1,0,0,5398000,2017,0,0,0.0,0.0,1,1,1,0,3.89,3.28,retained_legacy_not_independently_reimported,2017,0,excluded_until_researcher_coding_rubric_is_documented,5822763,850,582,0,0,1.459788,1,GDP parsed from comma-formatted text to numeric.
Denmark,DNK,2005,party,2013,2014.0,2014.0,,0,0,0,-9,-9,0.657,,8.765,52015.18,60.6,0,0,1,1,1,0,1,1,1,0,1,5411000,2017,0,0,0.0,0.0,1,1,1,0,3.6,3.29,retained_legacy_not_independently_reimported,2017,0,excluded_until_researcher_coding_rubric_is_documented,5822763,850,582,0,0,1.459788,1,GDP parsed from comma-formatted text to numeric.
Denmark,DNK,2006,party,2013,2014.0,2014.0,,0,0,0,-8,-8,0.401,,9.692,53823.16,61.3,0,0,1,1,1,0,1,1,1,0,1,5427000,2017,0,0,0.0,0.0,1,1,1,0,3.78,3.37,retained_legacy_not_independently_reimported,2017,0,excluded_until_researcher_coding_rubric_is_documented,5822763,850,582,0,0,1.459788,1,GDP parsed from comma-formatted text to numeric.
Denmark,DNK,2007,party,2013,2014.0,2014.0,,0,0,0,-7,-7,0.617,,9.008,54113.98,60.8,0,0,1,1,1,0,1,1,1,0,1,5447000,2017,0,0,0.0,0.0,1,1,1,0,3.99,3.39,retained_legacy_not_independently_reimported,2017,0,excluded_until_researcher_coding_rubric_is_documented,5822763,850,582,0,0,1.459788,1,GDP parsed from comma-formatted text to numeric.
Denmark,DNK,2008,party,2013,2014.0,2014.0,,0,0,0,-6,-6,0.62,,7.208,53572.53,60.1,0,0,1,1,1,0,1,1,1,0,1,5494000,2017,0,0,0.0,0.0,1,1,1,0,3.81,3.32,retained_legacy_not_independently_reimported,2017,0,excluded_until_researcher_coding_rubric_is_documented,5822763,850,582,0,0,1.459788,1,GDP parsed from comma-formatted text to numeric.
Denmark,DNK,2009,party,2013,2014.0,2014.0,,0,0,0,-5,-5,0.503,,6.373,50635.91,59.8,0,0,1,1,1,0,1,1,1,0,1,5511000,2017,0,0,0.0,0.0,1,1,1,0,3.79,3.26,retained_legacy_not_independently_reimported,2017,0,excluded_until_researcher_coding_rubric_is_documented,5822763,850,582,0,0,1.459788,1,GDP parsed from comma-formatted text to numeric.
Denmark,DNK,2010,party,2013,2014.0,2014.0,,0,0,0,-4,-4,0.786,36.23,17.196,51209.45,59.0,0,0,1,1,1,1,1,1,1,1,1,5534000,2017,0,0,0.0,0.0,1,1,1,0,3.57,3.23,retained_legacy_not_independently_reimported,2017,0,excluded_until_researcher_coding_rubric_is_documented,5822763,850,582,0,0,1.459788,1,GDP parsed from comma-formatted text to numeric.
Denmark,DNK,2011,party,2013,2014.0,2014.0,,0,0,0,-3,-3,0.534,33.496,15.312,51667.53,58.7,0,0,1,1,1,1,1,1,1,1,1,5561000,2017,0,0,0.0,0.0,1,1,1,0,3.57,3.26,retained_legacy_not_independently_reimported,2017,0,excluded_until_researcher_coding_rubric_is_documented,5822763,850,582,0,0,1.459788,1,GDP parsed from comma-formatted text to numeric.
Denmark,DNK,2012,party,2013,2014.0,2014.0,,0,0,0,-2,-2,0.568,34.049,15.54,51470.69,58.3,0,0,1,1,1,1,1,1,1,1,1,5581000,2017,0,0,0.0,0.0,1,1,1,0,3.38,3.19,retained_legacy_not_independently_reimported,2017,0,excluded_until_researcher_coding_rubric_is_documented,5822763,850,582,0,0,1.459788,1,GDP parsed from comma-formatted text to numeric.
Denmark,DNK,2013,party,2013,2014.0,2014.0,,0,0,0,-1,-1,0.459,32.821,14.941,51970.39,57.7,0,0,1,1,1,1,1,1,1,1,1,5602000,2017,0,0,1.0,0.0,1,1,1,0,3.3,3.23,retained_legacy_not_independently_reimported,2017,0,excluded_until_researcher_coding_rubric_is_documented,5822763,850,582,0,0,1.459788,1,GDP parsed from comma-formatted text to numeric.
Denmark,DNK,2014,party,2013,2014.0,2014.0,,1,1,1,0,0,1.091,41.958,14.83,52368.36,57.1,0,0,1,1,1,1,1,1,1,1,1,5627000,2017,0,0,1.0,0.0,1,1,1,0,3.03,3.57,retained_legacy_not_independently_reimported,2017,0,excluded_until_researcher_coding_rubric_is_documented,5822763,850,582,0,0,1.459788,1,GDP parsed from comma-formatted text to numeric.
Denmark,DNK,2015,party,2013,2014.0,2014.0,,1,1,1,1,1,0.818,45.938,18.491,53094.01,56.8,0,0,1,1,1,1,1,1,1,1,1,5660000,2017,0,0,1.0,0.0,1,1,1,0,3.06,3.44,retained_legacy_not_independently_reimported,2017,0,excluded_until_researcher_coding_rubric_is_documented,5822763,850,582,0,0,1.459788,1,GDP parsed from comma-formatted text to numeric.
Denmark,DNK,2016,party,2013,2014.0,2014.0,,1,1,1,2,2,0.799,66.216,29.311,54300.2,57.7,0,0,1,1,1,1,1,1,1,1,1,5707000,2017,0,0,1.0,0.0,1,1,1,0,3.11,3.21,retained_legacy_not_independently_reimported,2017,0,excluded_until_researcher_coding_rubric_is_documented,5822763,850,582,0,0,1.459788,1,GDP parsed from comma-formatted text to numeric.
Denmark,DNK,2017,party,2013,2014.0,2014.0,,1,1,1,3,3,0.69,83.172,31.274,55601.01,57.7,0,0,1,1,1,1,1,1,1,1,1,5749000,2017,1,1,1.0,0.0,1,1,1,0,2.98,3.08,retained_legacy_not_independently_reimported,2017,1,excluded_until_researcher_coding_rubric_is_documented,5822763,850,582,0,0,1.459788,1,GDP parsed from comma-formatted text to numeric.
Denmark,DNK,2018,party,2013,2014.0,2014.0,,1,1,1,4,4,0.687,95.619,38.265,56355.07,57.6,0,0,1,1,1,1,1,1,1,1,1,5781000,2017,1,1,1.0,0.0,1,1,1,0,3.09,3.02,retained_legacy_not_independently_reimported,2017,1,excluded_until_researcher_coding_rubric_is_documented,5822763,850,582,0,0,1.459788,1,GDP parsed from comma-formatted text to numeric.
Denmark,DNK,2019,party,2013,2014.0,2014.0,,1,1,1,5,5,0.821,84.184,35.273,57114.62,58.1,0,0,1,1,1,1,1,1,1,1,1,5806000,2017,1,1,1.0,0.0,1,1,1,0,3.19,3.13,retained_legacy_not_independently_reimported,2017,1,excluded_until_researcher_coding_rubric_is_documented,5822763,850,582,0,0,1.459788,1,GDP parsed from comma-formatted text to numeric.
Denmark,DNK,2020,party,2013,2014.0,2014.0,,1,1,1,6,6,0.512,92.086,37.297,55934.56,57.9,0,0,1,1,1,1,1,1,1,1,1,5822000,2017,1,1,1.0,0.0,1,1,1,0,3.14,3.08,retained_legacy_not_independently_reimported,2017,1,excluded_until_researcher_coding_rubric_is_documented,5822763,850,582,0,0,1.459788,1,GDP parsed from comma-formatted text to numeric.
Denmark,DNK,2021,party,2013,2014.0,2014.0,,1,1,1,7,7,0.476,108.302,45.383,59312.82,58.2,0,0,1,1,1,1,1,1,1,1,1,5840000,2017,1,1,1.0,0.0,1,1,1,0,3.35,3.24,retained_legacy_not_independently_reimported,2017,1,excluded_until_researcher_coding_rubric_is_documented,5822763,850,582,0,0,1.459788,1,GDP parsed from comma-formatted text to numeric.
Denmark,DNK,2022,party,2013,2014.0,2014.0,,1,1,1,8,8,0.775,106.659,47.959,59108.74,59.6,0,0,1,1,1,1,1,1,1,1,1,5873000,2017,1,1,1.0,0.0,1,1,1,0,2.79,2.66,retained_legacy_not_independently_reimported,2017,1,excluded_until_researcher_coding_rubric_is_documented,5822763,850,582,0,0,1.459788,1,GDP parsed from comma-formatted text to numeric.
Denmark,DNK,2023,party,2013,2014.0,2014.0,,1,1,1,9,9,,113.75,39.928,59026.98,59.8,0,0,1,1,0,1,1,0,0,0,0,5910000,2017,1,0,1.0,0.0,1,1,1,0,,,excluded_legacy_flagged_for_manual_review,2017,1,excluded_until_researcher_coding_rubric_is_documented,5822763,850,582,0,0,1.459788,1,GDP parsed from comma-formatted text to numeric. | WGI legacy value excluded because source file flagged this country-year for manual review. | UNODC outcome values preserved from source dataset; not silently imputed or replaced.
Spain,ESP,1990,party,2011,2014.0,2014.0,,0,0,0,-24,-24,,,,19174.77,33.4,0,0,1,1,0,0,0,0,0,0,0,38851000,2020,0,0,0.0,0.0,1,1,1,0,,,retained_legacy_not_independently_reimported,2020,0,excluded_until_researcher_coding_rubric_is_documented,47332614,2583,4733,2150,45,0.545713,0,GDP parsed from comma-formatted text to numeric. | GREVIO baseline publication year corrected to 2020 from official CoE page.
Spain,ESP,1991,party,2011,2014.0,2014.0,,0,0,0,-23,-23,,,,19612.98,33.4,0,0,1,1,0,0,0,0,0,0,0,39025000,2020,0,0,0.0,0.0,1,1,1,0,,,retained_legacy_not_independently_reimported,2020,0,excluded_until_researcher_coding_rubric_is_documented,47332614,2583,4733,2150,45,0.545713,0,GDP parsed from comma-formatted text to numeric. | GREVIO baseline publication year corrected to 2020 from official CoE page.
Spain,ESP,1992,party,2011,2014.0,2014.0,,0,0,0,-22,-22,,,,19698.51,34.5,0,0,1,1,0,0,0,0,0,0,0,39121000,2020,0,0,0.0,0.0,1,1,1,0,,,retained_legacy_not_independently_reimported,2020,0,excluded_until_researcher_coding_rubric_is_documented,47332614,2583,4733,2150,45,0.545713,0,GDP parsed from comma-formatted text to numeric. | GREVIO baseline publication year corrected to 2020 from official CoE page.
Spain,ESP,1993,party,2011,2014.0,2014.0,,0,0,0,-21,-21,,,,19394.49,35.0,0,0,1,1,0,0,0,0,0,0,0,39171000,2020,0,0,0.0,0.0,1,1,1,0,,,retained_legacy_not_independently_reimported,2020,0,excluded_until_researcher_coding_rubric_is_documented,47332614,2583,4733,2150,45,0.545713,0,GDP parsed from comma-formatted text to numeric. | GREVIO baseline publication year corrected to 2020 from official CoE page.
Spain,ESP,1994,party,2011,2014.0,2014.0,,0,0,0,-20,-20,,,,19762.39,36.3,0,0,1,1,0,0,0,0,0,0,0,39183000,2020,0,0,0.0,0.0,1,1,1,0,,,retained_legacy_not_independently_reimported,2020,0,excluded_until_researcher_coding_rubric_is_documented,47332614,2583,4733,2150,45,0.545713,0,GDP parsed from comma-formatted text to numeric. | GREVIO baseline publication year corrected to 2020 from official CoE page.
Spain,ESP,1995,party,2011,2014.0,2014.0,,0,0,0,-19,-19,,,,20217.9,36.8,0,0,1,1,0,0,0,0,0,0,0,39221000,2020,0,0,0.0,0.0,1,1,1,0,,,retained_legacy_not_independently_reimported,2020,0,excluded_until_researcher_coding_rubric_is_documented,47332614,2583,4733,2150,45,0.545713,0,GDP parsed from comma-formatted text to numeric. | GREVIO baseline publication year corrected to 2020 from official CoE page.
Spain,ESP,1996,party,2011,2014.0,2014.0,,0,0,0,-18,-18,,,,20658.84,37.3,0,0,1,1,0,0,0,1,0,0,0,39270000,2020,0,0,0.0,0.0,1,1,1,0,2.75,2.44,retained_legacy_not_independently_reimported,2020,0,excluded_until_researcher_coding_rubric_is_documented,47332614,2583,4733,2150,45,0.545713,0,GDP parsed from comma-formatted text to numeric. | GREVIO baseline publication year corrected to 2020 from official CoE page.
Spain,ESP,1997,party,2011,2014.0,2014.0,,0,0,0,-17,-17,,,,21310.43,38.1,0,0,1,1,0,0,0,0,0,0,0,39348000,2020,0,0,1.0,1.0,1,1,1,0,,,retained_legacy_not_independently_reimported,2020,0,excluded_until_researcher_coding_rubric_is_documented,47332614,2583,4733,2150,45,0.545713,0,GDP parsed from comma-formatted text to numeric. | GREVIO baseline publication year corrected to 2020 from official CoE page.
Spain,ESP,1998,party,2011,2014.0,2014.0,,0,0,0,-16,-16,,,,22135.4,38.4,0,0,1,1,0,0,0,1,0,0,0,39507000,2020,0,0,1.0,1.0,1,1,1,0,2.72,2.22,retained_legacy_not_independently_reimported,2020,0,excluded_until_researcher_coding_rubric_is_documented,47332614,2583,4733,2150,45,0.545713,0,GDP parsed from comma-formatted text to numeric. | GREVIO baseline publication year corrected to 2020 from official CoE page.
Spain,ESP,1999,party,2011,2014.0,2014.0,,0,0,0,-15,-15,,,,23017.84,39.1,0,0,1,1,0,0,0,0,0,0,0,39850000,2020,0,0,1.0,1.0,1,1,1,0,,,retained_legacy_not_independently_reimported,2020,0,excluded_until_researcher_coding_rubric_is_documented,47332614,2583,4733,2150,45,0.545713,0,GDP parsed from comma-formatted text to numeric. | GREVIO baseline publication year corrected to 2020 from official CoE page.
Spain,ESP,2000,party,2011,2014.0,2014.0,,0,0,0,-14,-14,,,,24106.88,40.7,0,0,1,1,0,0,0,1,0,0,0,40264000,2020,0,0,1.0,1.0,1,1,1,0,2.87,2.39,retained_legacy_not_independently_reimported,2020,0,excluded_until_researcher_coding_rubric_is_documented,47332614,2583,4733,2150,45,0.545713,0,GDP parsed from comma-formatted text to numeric. | GREVIO baseline publication year corrected to 2020 from official CoE page.
Spain,ESP,2001,party,2011,2014.0,2014.0,,0,0,0,-13,-13,0.631,,,24878.38,39.4,0,0,1,1,1,0,0,0,0,0,0,40847000,2020,0,0,1.0,1.0,1,1,1,0,,,retained_legacy_not_independently_reimported,2020,0,excluded_until_researcher_coding_rubric_is_documented,47332614,2583,4733,2150,45,0.545713,0,GDP parsed from comma-formatted text to numeric. | GREVIO baseline publication year corrected to 2020 from official CoE page.
Spain,ESP,2002,party,2011,2014.0,2014.0,,0,0,0,-12,-12,0.632,,,25205.32,41.9,0,0,1,1,1,0,0,1,1,0,0,41430000,2020,0,0,1.0,1.0,1,1,1,0,3.04,2.09,retained_legacy_not_independently_reimported,2020,0,excluded_until_researcher_coding_rubric_is_documented,47332614,2583,4733,2150,45,0.545713,0,GDP parsed from comma-formatted text to numeric. | GREVIO baseline publication year corrected to 2020 from official CoE page.
Spain,ESP,2003,party,2011,2014.0,2014.0,,0,0,0,-11,-11,0.793,,,25481.17,43.4,0,0,1,1,1,0,0,1,1,0,0,42005000,2020,0,0,1.0,1.0,1,1,1,0,3.09,2.12,retained_legacy_not_independently_reimported,2020,0,excluded_until_researcher_coding_rubric_is_documented,47332614,2583,4733,2150,45,0.545713,0,GDP parsed from comma-formatted text to numeric. | GREVIO baseline publication year corrected to 2020 from official CoE page.
Spain,ESP,2004,party,2011,2014.0,2014.0,,0,0,0,-10,-10,0.856,,,25825.31,44.8,0,0,1,1,1,0,0,0,0,0,0,42691000,2020,0,0,1.0,1.0,1,1,1,0,,,excluded_legacy_flagged_for_manual_review,2020,0,excluded_until_researcher_coding_rubric_is_documented,47332614,2583,4733,2150,45,0.545713,0,GDP parsed from comma-formatted text to numeric. | WGI legacy value excluded because source file flagged this country-year for manual review. | GREVIO baseline publication year corrected to 2020 from official CoE page.
Spain,ESP,2005,party,2011,2014.0,2014.0,,0,0,0,-9,-9,0.581,,4.868,26294.45,46.2,0,0,1,1,1,0,1,1,1,0,1,43398000,2020,0,0,1.0,1.0,1,1,1,0,2.55,1.9,retained_legacy_not_independently_reimported,2020,0,excluded_until_researcher_coding_rubric_is_documented,47332614,2583,4733,2150,45,0.545713,0,GDP parsed from comma-formatted text to numeric. | GREVIO baseline publication year corrected to 2020 from official CoE page.
Spain,ESP,2006,party,2011,2014.0,2014.0,,0,0,0,-8,-8,0.706,,4.703,26899.09,47.6,0,0,1,1,1,0,1,0,0,0,0,44109000,2020,0,0,1.0,1.0,1,1,1,0,,,excluded_legacy_flagged_for_manual_review,2020,0,excluded_until_researcher_coding_rubric_is_documented,47332614,2583,4733,2150,45,0.545713,0,GDP parsed from comma-formatted text to numeric. | WGI legacy value excluded because source file flagged this country-year for manual review. | GREVIO baseline publication year corrected to 2020 from official CoE page.
Spain,ESP,2007,party,2011,2014.0,2014.0,,0,0,0,-7,-7,0.727,22.735,5.558,27338.8,48.5,0,0,1,1,1,1,1,1,1,1,1,44875000,2020,0,0,1.0,1.0,1,1,1,0,1.68,1.96,retained_legacy_not_independently_reimported,2020,0,excluded_until_researcher_coding_rubric_is_documented,47332614,2583,4733,2150,45,0.545713,0,GDP parsed from comma-formatted text to numeric. | GREVIO baseline publication year corrected to 2020 from official CoE page.
Spain,ESP,2008,party,2011,2014.0,2014.0,,0,0,0,-6,-6,0.545,24.998,5.271,27112.53,49.9,0,0,1,1,1,1,1,1,1,1,1,45668000,2020,0,0,1.0,1.0,1,1,1,0,1.55,2.01,retained_legacy_not_independently_reimported,2020,0,excluded_until_researcher_coding_rubric_is_documented,47332614,2583,4733,2150,45,0.545713,0,GDP parsed from comma-formatted text to numeric. | GREVIO baseline publication year corrected to 2020 from official CoE page.
Spain,ESP,2009,party,2011,2014.0,2014.0,,0,0,0,-5,-5,0.579,22.91,4.398,25860.81,51.0,0,0,1,1,1,1,1,1,1,1,1,46022000,2020,0,0,1.0,1.0,1,1,1,0,1.6,1.97,retained_legacy_not_independently_reimported,2020,0,excluded_until_researcher_coding_rubric_is_documented,47332614,2583,4733,2150,45,0.545713,0,GDP parsed from comma-formatted text to numeric. | GREVIO baseline publication year corrected to 2020 from official CoE page.
Spain,ESP,2010,party,2011,2014.0,2014.0,,0,0,0,-4,-4,0.659,21.259,3.369,25766.25,51.7,0,0,1,1,1,1,1,1,1,1,1,46486000,2020,0,0,1.0,1.0,1,1,1,0,1.6,1.97,retained_legacy_not_independently_reimported,2020,0,excluded_until_researcher_coding_rubric_is_documented,47332614,2583,4733,2150,45,0.545713,0,GDP parsed from comma-formatted text to numeric. | GREVIO baseline publication year corrected to 2020 from official CoE page.
Spain,ESP,2011,party,2011,2014.0,2014.0,,0,0,0,-3,-3,0.539,21.048,3.219,25510.56,52.3,0,0,1,1,1,1,1,1,1,1,1,46816000,2020,0,0,1.0,1.0,1,1,1,0,1.65,1.99,retained_legacy_not_independently_reimported,2020,0,excluded_until_researcher_coding_rubric_is_documented,47332614,2583,4733,2150,45,0.545713,0,GDP parsed from comma-formatted text to numeric. | GREVIO baseline publication year corrected to 2020 from official CoE page.
Spain,ESP,2012,party,2011,2014.0,2014.0,,0,0,0,-2,-2,0.525,19.158,2.722,24763.57,52.9,0,0,1,1,1,1,1,1,1,1,1,46818000,2020,0,0,1.0,1.0,1,1,1,0,1.8,1.76,retained_legacy_not_independently_reimported,2020,0,excluded_until_researcher_coding_rubric_is_documented,47332614,2583,4733,2150,45,0.545713,0,GDP parsed from comma-formatted text to numeric. | GREVIO baseline publication year corrected to 2020 from official CoE page.
Spain,ESP,2013,party,2011,2014.0,2014.0,,0,0,0,-1,-1,0.509,19.042,2.77,24498.56,52.8,0,0,1,1,1,1,1,1,1,1,1,46620000,2020,0,0,1.0,1.0,1,1,1,0,1.99,1.74,retained_legacy_not_independently_reimported,2020,0,excluded_until_researcher_coding_rubric_is_documented,47332614,2583,4733,2150,45,0.545713,0,GDP parsed from comma-formatted text to numeric. | GREVIO baseline publication year corrected to 2020 from official CoE page.
Spain,ESP,2014,party,2011,2014.0,2014.0,,1,1,1,0,0,0.54,20.265,2.652,24947.85,52.6,0,0,1,1,1,1,1,1,1,1,1,46480000,2020,0,0,1.0,1.0,1,1,1,0,2,1.64,retained_legacy_not_independently_reimported,2020,0,excluded_until_researcher_coding_rubric_is_documented,47332614,2583,4733,2150,45,0.545713,0,GDP parsed from comma-formatted text to numeric. | GREVIO baseline publication year corrected to 2020 from official CoE page.
Spain,ESP,2015,party,2011,2014.0,2014.0,,1,1,1,1,1,0.51,16.057,2.633,25982.44,52.6,0,0,1,1,1,1,1,1,1,1,1,46418000,2020,0,0,1.0,1.0,1,1,1,0,1.98,1.51,retained_legacy_not_independently_reimported,2020,0,excluded_until_researcher_coding_rubric_is_documented,47332614,2583,4733,2150,45,0.545713,0,GDP parsed from comma-formatted text to numeric. | GREVIO baseline publication year corrected to 2020 from official CoE page.
Spain,ESP,2016,party,2011,2014.0,2014.0,,1,1,1,2,2,0.476,18.672,2.673,26719.24,52.5,0,0,1,1,1,1,1,1,1,1,1,46524000,2020,0,0,1.0,1.0,1,1,1,0,1.87,1.65,retained_legacy_not_independently_reimported,2020,0,excluded_until_researcher_coding_rubric_is_documented,47332614,2583,4733,2150,45,0.545713,0,GDP parsed from comma-formatted text to numeric. | GREVIO baseline publication year corrected to 2020 from official CoE page.
Spain,ESP,2017,party,2011,2014.0,2014.0,,1,1,1,3,3,0.474,20.193,2.959,27426.28,52.3,0,0,1,1,1,1,1,1,1,1,1,46572000,2020,0,0,1.0,1.0,1,1,1,0,1.71,1.75,retained_legacy_not_independently_reimported,2020,0,excluded_until_researcher_coding_rubric_is_documented,47332614,2583,4733,2150,45,0.545713,0,GDP parsed from comma-formatted text to numeric. | GREVIO baseline publication year corrected to 2020 from official CoE page.
Spain,ESP,2018,party,2011,2014.0,2014.0,,1,1,1,4,4,0.488,24.658,3.61,27956.72,51.9,0,0,1,1,1,1,1,1,1,1,1,46723000,2020,0,0,1.0,1.0,1,1,1,0,1.66,1.67,retained_legacy_not_independently_reimported,2020,0,excluded_until_researcher_coding_rubric_is_documented,47332614,2583,4733,2150,45,0.545713,0,GDP parsed from comma-formatted text to numeric. | GREVIO baseline publication year corrected to 2020 from official CoE page.
Spain,ESP,2019,party,2011,2014.0,2014.0,,1,1,1,5,5,0.522,27.471,3.949,28301.44,52.0,0,0,1,1,1,1,1,1,1,1,1,47333000,2020,0,0,1.0,1.0,1,1,1,0,1.66,1.69,retained_legacy_not_independently_reimported,2020,0,excluded_until_researcher_coding_rubric_is_documented,47332614,2583,4733,2150,45,0.545713,0,GDP parsed from comma-formatted text to numeric. | GREVIO baseline publication year corrected to 2020 from official CoE page.
Spain,ESP,2020,party,2011,2014.0,2014.0,,1,1,1,6,6,0.49,23.306,3.347,25077.02,50.9,0,0,1,1,1,1,1,1,1,1,1,47351000,2020,1,1,1.0,1.0,1,1,1,0,1.46,1.47,retained_legacy_not_independently_reimported,2020,1,excluded_until_researcher_coding_rubric_is_documented,47332614,2583,4733,2150,45,0.545713,0,GDP parsed from comma-formatted text to numeric. | GREVIO baseline publication year corrected to 2020 from official CoE page.
Spain,ESP,2021,party,2011,2014.0,2014.0,,1,1,1,7,7,0.399,31.251,4.489,26705.36,52.2,0,0,1,1,1,1,1,1,1,1,1,47487000,2020,1,1,1.0,1.0,1,1,1,0,1.56,1.44,retained_legacy_not_independently_reimported,2020,1,excluded_until_researcher_coding_rubric_is_documented,47332614,2583,4733,2150,45,0.545713,0,GDP parsed from comma-formatted text to numeric. | GREVIO baseline publication year corrected to 2020 from official CoE page.
Spain,ESP,2022,party,2011,2014.0,2014.0,,1,1,1,8,8,0.497,35.103,5.99,28203.11,52.3,0,0,1,1,1,1,1,1,1,1,1,47615000,2020,1,1,1.0,1.0,1,1,1,0,1.29,1.12,retained_legacy_not_independently_reimported,2020,1,excluded_until_researcher_coding_rubric_is_documented,47332614,2583,4733,2150,45,0.545713,0,GDP parsed from comma-formatted text to numeric. | GREVIO baseline publication year corrected to 2020 from official CoE page.
Spain,ESP,2023,party,2011,2014.0,2014.0,,1,1,1,9,9,0.455,39.905,10.206,28558.63,52.8,0,0,1,1,1,1,1,0,0,0,0,48059000,2020,1,1,1.0,1.0,1,1,1,0,,,excluded_legacy_flagged_for_manual_review,2020,1,excluded_until_researcher_coding_rubric_is_documented,47332614,2583,4733,2150,45,0.545713,0,GDP parsed from comma-formatted text to numeric. | WGI legacy value excluded because source file flagged this country-year for manual review. | GREVIO baseline publication year corrected to 2020 from official CoE page. | UNODC outcome values preserved from source dataset; not silently imputed or replaced.
Estonia,EST,1990,party,2014,2017.0,2018.0,,0,0,0,-27,-28,,,,9341.23,59.7,0,0,1,1,0,0,0,0,0,0,0,1570000,2022,0,0,0.0,0.0,1,1,1,0,,,retained_legacy_not_independently_reimported,2022,0,excluded_until_researcher_coding_rubric_is_documented,1328976,75,133,58,44,0.564344,0,GDP parsed from comma-formatted text to numeric. | GREVIO baseline publication year corrected to 2022 from official CoE page.
Estonia,EST,1991,party,2014,2017.0,2018.0,,0,0,0,-26,-27,,,,8637.21,58.2,0,0,1,1,0,0,0,0,0,0,0,1533000,2022,0,0,0.0,0.0,1,1,1,0,,,retained_legacy_not_independently_reimported,2022,0,excluded_until_researcher_coding_rubric_is_documented,1328976,75,133,58,44,0.564344,0,GDP parsed from comma-formatted text to numeric. | GREVIO baseline publication year corrected to 2022 from official CoE page.
Estonia,EST,1992,party,2014,2017.0,2018.0,,0,0,0,-25,-26,,,,6934.17,55.8,0,0,1,1,0,0,0,0,0,0,0,1466000,2022,0,0,0.0,0.0,1,1,1,0,,,retained_legacy_not_independently_reimported,2022,0,excluded_until_researcher_coding_rubric_is_documented,1328976,75,133,58,44,0.564344,0,GDP parsed from comma-formatted text to numeric. | GREVIO baseline publication year corrected to 2022 from official CoE page.
Estonia,EST,1993,party,2014,2017.0,2018.0,,0,0,0,-24,-25,,,,6706.56,54.7,0,0,1,1,0,0,0,0,0,0,0,1423000,2022,0,0,0.0,0.0,1,1,1,0,,,retained_legacy_not_independently_reimported,2022,0,excluded_until_researcher_coding_rubric_is_documented,1328976,75,133,58,44,0.564344,0,GDP parsed from comma-formatted text to numeric. | GREVIO baseline publication year corrected to 2022 from official CoE page.
Estonia,EST,1994,party,2014,2017.0,2018.0,,0,0,0,-23,-24,7.846,,,6739,54.7,0,0,1,1,0,0,0,0,0,0,0,1390000,2022,0,0,0.0,0.0,1,1,1,0,,,retained_legacy_not_independently_reimported,2022,0,excluded_until_researcher_coding_rubric_is_documented,1328976,75,133,58,44,0.564344,0,GDP parsed from comma-formatted text to numeric. | GREVIO baseline publication year corrected to 2022 from official CoE page.
Estonia,EST,1995,party,2014,2017.0,2018.0,,0,0,0,-22,-23,4.154,,,7170.95,53.7,0,0,1,1,0,0,0,0,0,0,0,1366000,2022,0,0,0.0,0.0,1,1,1,0,,,retained_legacy_not_independently_reimported,2022,0,excluded_until_researcher_coding_rubric_is_documented,1328976,75,133,58,44,0.564344,0,GDP parsed from comma-formatted text to numeric. | GREVIO baseline publication year corrected to 2022 from official CoE page.
Estonia,EST,1996,party,2014,2017.0,2018.0,,0,0,0,-21,-22,6.189,,,7637.26,53.5,0,0,1,1,0,0,0,1,0,0,0,1340000,2022,0,0,0.0,0.0,1,1,1,0,1.04,0.98,retained_legacy_not_independently_reimported,2022,0,excluded_until_researcher_coding_rubric_is_documented,1328976,75,133,58,44,0.564344,0,GDP parsed from comma-formatted text to numeric. | GREVIO baseline publication year corrected to 2022 from official CoE page.
Estonia,EST,1997,party,2014,2017.0,2018.0,,0,0,0,-20,-21,5.139,,,8732.99,54.3,0,0,1,1,0,0,0,0,0,0,0,1318000,2022,0,0,0.0,0.0,1,1,1,0,,,retained_legacy_not_independently_reimported,2022,0,excluded_until_researcher_coding_rubric_is_documented,1328976,75,133,58,44,0.564344,0,GDP parsed from comma-formatted text to numeric. | GREVIO baseline publication year corrected to 2022 from official CoE page.
Estonia,EST,1998,party,2014,2017.0,2018.0,,0,0,0,-19,-20,5.393,,,9199.94,52.7,0,0,1,1,0,0,0,1,0,0,0,1299000,2022,0,0,0.0,0.0,1,1,1,0,0.84,1.01,retained_legacy_not_independently_reimported,2022,0,excluded_until_researcher_coding_rubric_is_documented,1328976,75,133,58,44,0.564344,0,GDP parsed from comma-formatted text to numeric. | GREVIO baseline publication year corrected to 2022 from official CoE page.
Estonia,EST,1999,party,2014,2017.0,2018.0,,0,0,0,-18,-19,5.443,,,9133.9,51.9,0,0,1,1,0,0,0,0,0,0,0,1378000,2022,0,0,0.0,0.0,1,1,1,0,,,retained_legacy_not_independently_reimported,2022,0,excluded_until_researcher_coding_rubric_is_documented,1328976,75,133,58,44,0.564344,0,GDP parsed from comma-formatted text to numeric. | GREVIO baseline publication year corrected to 2022 from official CoE page.
Estonia,EST,2000,party,2014,2017.0,2018.0,,0,0,0,-17,-18,3.431,,,10006.77,52.6,0,0,1,1,1,0,0,1,1,0,0,1370000,2022,0,0,0.0,0.0,1,1,1,0,1.17,1.01,retained_legacy_not_independently_reimported,2022,0,excluded_until_researcher_coding_rubric_is_documented,1328976,75,133,58,44,0.564344,0,GDP parsed from comma-formatted text to numeric. | GREVIO baseline publication year corrected to 2022 from official CoE page.
Estonia,EST,2001,party,2014,2017.0,2018.0,,0,0,0,-16,-17,4.017,,,10662.95,52.0,0,0,1,1,1,0,0,0,0,0,0,1358000,2022,0,0,0.0,0.0,1,1,1,0,,,retained_legacy_not_independently_reimported,2022,0,excluded_until_researcher_coding_rubric_is_documented,1328976,75,133,58,44,0.564344,0,GDP parsed from comma-formatted text to numeric. | GREVIO baseline publication year corrected to 2022 from official CoE page.
Estonia,EST,2002,party,2014,2017.0,2018.0,,0,0,0,-15,-16,4.361,,,11474.66,51.0,0,0,1,1,1,0,0,1,1,0,0,1351000,2022,0,0,0.0,0.0,1,1,1,0,1.14,1.35,retained_legacy_not_independently_reimported,2022,0,excluded_until_researcher_coding_rubric_is_documented,1328976,75,133,58,44,0.564344,0,GDP parsed from comma-formatted text to numeric. | GREVIO baseline publication year corrected to 2022 from official CoE page.
Estonia,EST,2003,party,2014,2017.0,2018.0,,0,0,0,-14,-15,5.419,15.684,7.805,12424.04,52.3,0,0,1,1,1,0,0,1,1,0,0,1345000,2022,0,0,0.0,0.0,1,1,1,0,1.5,1.31,retained_legacy_not_independently_reimported,2022,0,excluded_until_researcher_coding_rubric_is_documented,1328976,75,133,58,44,0.564344,0,GDP parsed from comma-formatted text to numeric. | GREVIO baseline publication year corrected to 2022 from official CoE page.
Estonia,EST,2004,party,2014,2017.0,2018.0,,0,0,0,-13,-14,2.176,38.601,8.88,13348.53,53.2,0,0,1,1,1,0,0,1,1,0,0,1341000,2022,0,0,0.0,0.0,1,1,1,0,1.54,1.5,retained_legacy_not_independently_reimported,2022,0,excluded_until_researcher_coding_rubric_is_documented,1328976,75,133,58,44,0.564344,0,GDP parsed from comma-formatted text to numeric. | GREVIO baseline publication year corrected to 2022 from official CoE page.
Estonia,EST,2005,party,2014,2017.0,2018.0,,0,0,0,-12,-13,3.928,29.671,13.212,14703.62,53.5,0,0,1,1,1,1,1,1,1,1,1,1342000,2022,0,0,0.0,0.0,1,1,1,0,1.6,1.54,retained_legacy_not_independently_reimported,2022,0,excluded_until_researcher_coding_rubric_is_documented,1328976,75,133,58,44,0.564344,0,GDP parsed from comma-formatted text to numeric. | GREVIO baseline publication year corrected to 2022 from official CoE page.
Estonia,EST,2006,party,2014,2017.0,2018.0,,0,0,0,-11,-12,3.443,26.283,11.36,16234.52,54.7,0,0,1,1,1,1,1,1,1,1,1,1341000,2022,0,0,0.0,0.0,1,1,1,0,1.95,1.92,retained_legacy_not_independently_reimported,2022,0,excluded_until_researcher_coding_rubric_is_documented,1328976,75,133,58,44,0.564344,0,GDP parsed from comma-formatted text to numeric. | GREVIO baseline publication year corrected to 2022 from official CoE page.
Estonia,EST,2007,party,2014,2017.0,2018.0,,0,0,0,-10,-11,2.676,18.199,9.1,17543.47,54.0,0,0,1,1,1,1,1,1,1,1,1,1343000,2022,0,0,0.0,0.0,1,1,1,0,1.71,1.91,retained_legacy_not_independently_reimported,2022,0,excluded_until_researcher_coding_rubric_is_documented,1328976,75,133,58,44,0.564344,0,GDP parsed from comma-formatted text to numeric. | GREVIO baseline publication year corrected to 2022 from official CoE page.
Estonia,EST,2008,party,2014,2017.0,2018.0,,0,0,0,-9,-10,2.642,27.523,11.966,16689,54.8,0,0,1,1,1,1,1,1,1,1,1,1339000,2022,0,0,0.0,0.0,1,1,1,0,1.97,1.96,retained_legacy_not_independently_reimported,2022,0,excluded_until_researcher_coding_rubric_is_documented,1328976,75,133,58,44,0.564344,0,GDP parsed from comma-formatted text to numeric. | GREVIO baseline publication year corrected to 2022 from official CoE page.
Estonia,EST,2009,party,2014,2017.0,2018.0,,0,0,0,-8,-9,3.028,23.154,9.292,14274.85,54.7,0,0,1,1,1,1,1,1,1,1,1,1326000,2022,0,0,0.0,0.0,1,1,1,0,1.7,1.91,retained_legacy_not_independently_reimported,2022,0,excluded_until_researcher_coding_rubric_is_documented,1328976,75,133,58,44,0.564344,0,GDP parsed from comma-formatted text to numeric. | GREVIO baseline publication year corrected to 2022 from official CoE page.
Estonia,EST,2010,party,2014,2017.0,2018.0,,0,0,0,-7,-8,2.307,20.654,6.084,14657.94,55.1,0,0,1,1,1,1,1,1,1,1,1,1329000,2022,0,0,0.0,0.0,1,1,1,0,1.83,1.96,retained_legacy_not_independently_reimported,2022,0,excluded_until_researcher_coding_rubric_is_documented,1328976,75,133,58,44,0.564344,0,GDP parsed from comma-formatted text to numeric. | GREVIO baseline publication year corrected to 2022 from official CoE page.
Estonia,EST,2011,party,2014,2017.0,2018.0,,0,0,0,-6,-7,1.976,23.43,6.856,15820.92,55.6,0,0,1,1,1,1,1,1,1,1,1,1294000,2022,0,0,0.0,0.0,1,1,1,0,1.82,2,retained_legacy_not_independently_reimported,2022,0,excluded_until_researcher_coding_rubric_is_documented,1328976,75,133,58,44,0.564344,0,GDP parsed from comma-formatted text to numeric. | GREVIO baseline publication year corrected to 2022 from official CoE page.
Estonia,EST,2012,party,2014,2017.0,2018.0,,0,0,0,-5,-6,2.41,30.243,10.812,16460.68,55.4,0,0,1,1,1,1,1,1,1,1,1,1315000,2022,0,0,0.0,0.0,1,1,1,0,1.61,1.96,retained_legacy_not_independently_reimported,2022,0,excluded_until_researcher_coding_rubric_is_documented,1328976,75,133,58,44,0.564344,0,GDP parsed from comma-formatted text to numeric. | GREVIO baseline publication year corrected to 2022 from official CoE page.
Estonia,EST,2013,party,2014,2017.0,2018.0,,0,0,0,-4,-5,2.563,28.909,10.243,16809.53,55.3,0,0,1,1,1,1,1,1,1,1,1,1315000,2022,0,0,0.0,0.0,1,1,1,0,1.64,2.03,retained_legacy_not_independently_reimported,2022,0,excluded_until_researcher_coding_rubric_is_documented,1328976,75,133,58,44,0.564344,0,GDP parsed from comma-formatted text to numeric. | GREVIO baseline publication year corrected to 2022 from official CoE page.
Estonia,EST,2014,party,2014,2017.0,2018.0,,0,0,0,-3,-4,1.286,25.79,11.183,17413.69,54.5,0,0,1,1,1,1,1,1,1,1,1,1316000,2022,0,0,0.0,0.0,1,1,1,0,1.72,2.33,retained_legacy_not_independently_reimported,2022,0,excluded_until_researcher_coding_rubric_is_documented,1328976,75,133,58,44,0.564344,0,GDP parsed from comma-formatted text to numeric. | GREVIO baseline publication year corrected to 2022 from official CoE page.
Estonia,EST,2015,party,2014,2017.0,2018.0,,0,0,0,-2,-3,1.533,42.827,12.247,17722.16,55.7,0,0,1,1,1,1,1,1,1,1,1,1314000,2022,0,0,0.0,0.0,1,1,1,0,1.77,2.22,retained_legacy_not_independently_reimported,2022,0,excluded_until_researcher_coding_rubric_is_documented,1328976,75,133,58,44,0.564344,0,GDP parsed from comma-formatted text to numeric. | GREVIO baseline publication year corrected to 2022 from official CoE page.
Estonia,EST,2016,party,2014,2017.0,2018.0,,0,0,0,-1,-2,1.288,,,18264.99,56.3,0,0,1,1,1,0,0,1,1,0,0,1316000,2022,0,0,0.0,0.0,1,1,1,0,1.8,2.04,retained_legacy_not_independently_reimported,2022,0,excluded_until_researcher_coding_rubric_is_documented,1328976,75,133,58,44,0.564344,0,GDP parsed from comma-formatted text to numeric. | GREVIO baseline publication year corrected to 2022 from official CoE page.
Estonia,EST,2017,party,2014,2017.0,2018.0,,1,0,0,0,-1,1.146,19.66,11.386,19270.81,57.0,0,0,1,1,1,1,1,1,1,1,1,1316000,2022,0,0,0.0,0.0,1,1,1,0,1.83,2.13,retained_legacy_not_independently_reimported,2022,0,excluded_until_researcher_coding_rubric_is_documented,1328976,75,133,58,44,0.564344,0,GDP parsed from comma-formatted text to numeric. | GREVIO baseline publication year corrected to 2022 from official CoE page.
Estonia,EST,2018,party,2014,2017.0,2018.0,,1,1,1,1,0,0.716,22.391,16.037,19914.35,57.3,0,0,1,1,1,1,1,1,1,1,1,1320000,2022,0,0,0.0,0.0,1,1,1,0,1.97,2.05,retained_legacy_not_independently_reimported,2022,0,excluded_until_researcher_coding_rubric_is_documented,1328976,75,133,58,44,0.564344,0,GDP parsed from comma-formatted text to numeric. | GREVIO baseline publication year corrected to 2022 from official CoE page.
Estonia,EST,2019,party,2014,2017.0,2018.0,,1,1,1,2,1,0.858,26.756,15.3,20579.88,57.3,0,0,1,1,1,1,1,1,1,1,1,1326000,2022,0,0,0.0,0.0,1,1,1,0,1.95,2.12,retained_legacy_not_independently_reimported,2022,0,excluded_until_researcher_coding_rubric_is_documented,1328976,75,133,58,44,0.564344,0,GDP parsed from comma-formatted text to numeric. | GREVIO baseline publication year corrected to 2022 from official CoE page.
Estonia,EST,2020,party,2014,2017.0,2018.0,,1,1,1,3,2,1.429,23.314,11.431,19946.95,57.1,0,0,1,1,1,1,1,1,1,1,1,1329000,2022,0,0,0.0,0.0,1,1,1,0,2.22,2.28,retained_legacy_not_independently_reimported,2022,0,excluded_until_researcher_coding_rubric_is_documented,1328976,75,133,58,44,0.564344,0,GDP parsed from comma-formatted text to numeric. | GREVIO baseline publication year corrected to 2022 from official CoE page.
Estonia,EST,2021,party,2014,2017.0,2018.0,,1,1,1,4,3,0.571,29.51,13.967,21570.67,57.8,0,0,1,1,1,1,1,1,1,1,1,1330000,2022,0,0,0.0,0.0,1,1,1,0,2.3,2.37,retained_legacy_not_independently_reimported,2022,0,excluded_until_researcher_coding_rubric_is_documented,1328976,75,133,58,44,0.564344,0,GDP parsed from comma-formatted text to numeric. | GREVIO baseline publication year corrected to 2022 from official CoE page.
Estonia,EST,2022,party,2014,2017.0,2018.0,,1,1,1,5,4,0.564,26.887,11.258,21023.3,60.1,0,0,1,1,1,1,1,1,1,1,1,1331000,2022,1,1,0.0,0.0,1,1,1,0,1.88,2,retained_legacy_not_independently_reimported,2022,1,excluded_until_researcher_coding_rubric_is_documented,1328976,75,133,58,44,0.564344,0,GDP parsed from comma-formatted text to numeric. | GREVIO baseline publication year corrected to 2022 from official CoE page.
Estonia,EST,2023,party,2014,2017.0,2018.0,,1,1,1,6,5,0.836,31.159,13.97,20126.37,61.0,0,0,1,1,1,1,1,0,0,0,0,1374000,2022,1,1,0.0,0.0,1,1,1,0,,,excluded_legacy_flagged_for_manual_review,2022,1,excluded_until_researcher_coding_rubric_is_documented,1328976,75,133,58,44,0.564344,0,GDP parsed from comma-formatted text to numeric. | WGI legacy value excluded because source file flagged this country-year for manual review. | GREVIO baseline publication year corrected to 2022 from official CoE page. | UNODC outcome values preserved from source dataset; not silently imputed or replaced.
Finland,FIN,1990,party,2011,2015.0,2015.0,,0,0,0,-25,-25,1.48,,,31291.52,58.6,0,0,1,1,0,0,0,0,0,0,0,4986000,2019,0,0,0.0,0.0,1,1,1,0,,,retained_legacy_not_independently_reimported,2019,0,excluded_until_researcher_coding_rubric_is_documented,5525292,211,553,342,62,0.38188,0,GDP parsed from comma-formatted text to numeric.
Finland,FIN,1991,party,2011,2015.0,2015.0,,0,0,0,-24,-24,1.473,,,29290.98,57.4,0,0,1,1,0,0,0,0,0,0,0,5014000,2019,0,0,0.0,0.0,1,1,1,0,,,retained_legacy_not_independently_reimported,2019,0,excluded_until_researcher_coding_rubric_is_documented,5525292,211,553,342,62,0.38188,0,GDP parsed from comma-formatted text to numeric.
Finland,FIN,1992,party,2011,2015.0,2015.0,,0,0,0,-23,-23,2.122,,,28162.35,56.2,0,0,1,1,0,0,0,0,0,0,0,5042000,2019,0,0,0.0,0.0,1,1,1,0,,,retained_legacy_not_independently_reimported,2019,0,excluded_until_researcher_coding_rubric_is_documented,5525292,211,553,342,62,0.38188,0,GDP parsed from comma-formatted text to numeric.
Finland,FIN,1993,party,2011,2015.0,2015.0,,0,0,0,-22,-22,1.535,,,27807.86,55.4,0,0,1,1,0,0,0,0,0,0,0,5066000,2019,0,0,0.0,0.0,1,1,1,0,,,retained_legacy_not_independently_reimported,2019,0,excluded_until_researcher_coding_rubric_is_documented,5525292,211,553,342,62,0.38188,0,GDP parsed from comma-formatted text to numeric.
Finland,FIN,1994,party,2011,2015.0,2015.0,,0,0,0,-21,-21,1.807,,,28785.92,54.7,0,0,1,1,0,0,0,0,0,0,0,5089000,2019,0,0,0.0,0.0,1,1,1,0,,,retained_legacy_not_independently_reimported,2019,0,excluded_until_researcher_coding_rubric_is_documented,5525292,211,553,342,62,0.38188,0,GDP parsed from comma-formatted text to numeric.
Finland,FIN,1995,party,2011,2015.0,2015.0,,0,0,0,-20,-20,1.857,,,29890.52,54.6,0,0,1,1,0,0,0,0,0,0,0,5108000,2019,0,0,0.0,0.0,1,1,1,0,,,retained_legacy_not_independently_reimported,2019,0,excluded_until_researcher_coding_rubric_is_documented,5525292,211,553,342,62,0.38188,0,GDP parsed from comma-formatted text to numeric.
Finland,FIN,1996,party,2011,2015.0,2015.0,,0,0,0,-19,-19,1.746,,,30883.83,54.6,0,0,1,1,0,0,0,1,0,0,0,5125000,2019,0,0,0.0,0.0,1,1,1,0,2.93,3.24,retained_legacy_not_independently_reimported,2019,0,excluded_until_researcher_coding_rubric_is_documented,5525292,211,553,342,62,0.38188,0,GDP parsed from comma-formatted text to numeric.
Finland,FIN,1997,party,2011,2015.0,2015.0,,0,0,0,-18,-18,1.375,,,32762.12,54.9,0,0,1,1,0,0,0,0,0,0,0,5140000,2019,0,0,0.0,0.0,1,1,1,0,,,retained_legacy_not_independently_reimported,2019,0,excluded_until_researcher_coding_rubric_is_documented,5525292,211,553,342,62,0.38188,0,GDP parsed from comma-formatted text to numeric.
Finland,FIN,1998,party,2011,2015.0,2015.0,,0,0,0,-17,-17,1.198,,,34457.46,55.1,0,0,1,1,0,0,0,1,0,0,0,5153000,2019,0,0,0.0,0.0,1,1,1,0,3.31,3.32,retained_legacy_not_independently_reimported,2019,0,excluded_until_researcher_coding_rubric_is_documented,5525292,211,553,342,62,0.38188,0,GDP parsed from comma-formatted text to numeric.
Finland,FIN,1999,party,2011,2015.0,2015.0,,0,0,0,-16,-16,1.193,,,35886.49,56.3,0,0,1,1,0,0,0,0,0,0,0,5165000,2019,0,0,0.0,0.0,1,1,1,0,,,retained_legacy_not_independently_reimported,2019,0,excluded_until_researcher_coding_rubric_is_documented,5525292,211,553,342,62,0.38188,0,GDP parsed from comma-formatted text to numeric.
Finland,FIN,2000,party,2011,2015.0,2015.0,,0,0,0,-15,-15,1.728,,,37872.6,56.6,0,0,1,1,1,0,0,1,1,0,0,5176000,2019,0,0,1.0,0.0,1,1,1,0,3.45,3.32,retained_legacy_not_independently_reimported,2019,0,excluded_until_researcher_coding_rubric_is_documented,5525292,211,553,342,62,0.38188,0,GDP parsed from comma-formatted text to numeric.
Finland,FIN,2001,party,2011,2015.0,2015.0,,0,0,0,-14,-14,1.794,,,38784.13,57.3,0,0,1,1,1,0,0,0,0,0,0,5188000,2019,0,0,1.0,0.0,1,1,1,0,,,retained_legacy_not_independently_reimported,2019,0,excluded_until_researcher_coding_rubric_is_documented,5525292,211,553,342,62,0.38188,0,GDP parsed from comma-formatted text to numeric.
Finland,FIN,2002,party,2011,2015.0,2015.0,,0,0,0,-13,-13,1.642,,,39343.07,57.8,0,0,1,1,1,0,0,1,1,0,0,5201000,2019,0,0,1.0,0.0,1,1,1,0,3.56,3.24,retained_legacy_not_independently_reimported,2019,0,excluded_until_researcher_coding_rubric_is_documented,5525292,211,553,342,62,0.38188,0,GDP parsed from comma-formatted text to numeric.
Finland,FIN,2003,party,2011,2015.0,2015.0,,0,0,0,-12,-12,1.133,30.328,10.992,40038.98,57.6,0,0,1,1,1,0,0,1,1,0,0,5213000,2019,0,0,1.0,0.0,1,1,1,0,3.73,3.33,retained_legacy_not_independently_reimported,2019,0,excluded_until_researcher_coding_rubric_is_documented,5525292,211,553,342,62,0.38188,0,GDP parsed from comma-formatted text to numeric.
Finland,FIN,2004,party,2011,2015.0,2015.0,,0,0,0,-11,-11,1.236,33.76,11.381,41521.96,57.6,0,0,1,1,1,0,0,1,1,0,0,5228000,2019,0,0,1.0,0.0,1,1,1,0,3.65,3.3,retained_legacy_not_independently_reimported,2019,0,excluded_until_researcher_coding_rubric_is_documented,5525292,211,553,342,62,0.38188,0,GDP parsed from comma-formatted text to numeric.
Finland,FIN,2005,party,2011,2015.0,2015.0,,0,0,0,-10,-10,1.307,36.58,11.304,42529.35,58.2,0,0,1,1,1,1,1,1,1,1,1,5246000,2019,0,0,1.0,0.0,1,1,1,0,3.61,3.32,retained_legacy_not_independently_reimported,2019,0,excluded_until_researcher_coding_rubric_is_documented,5525292,211,553,342,62,0.38188,0,GDP parsed from comma-formatted text to numeric.
Finland,FIN,2006,party,2011,2015.0,2015.0,,0,0,0,-9,-9,1.376,51.802,11.64,44069.4,58.3,0,0,1,1,1,1,1,1,1,1,1,5266000,2019,0,0,1.0,0.0,1,1,1,0,3.68,3.33,retained_legacy_not_independently_reimported,2019,0,excluded_until_researcher_coding_rubric_is_documented,5525292,211,553,342,62,0.38188,0,GDP parsed from comma-formatted text to numeric.
Finland,FIN,2007,party,2011,2015.0,2015.0,,0,0,0,-8,-8,1.779,43.98,13.973,46213.69,57.3,0,0,1,1,1,1,1,1,1,1,1,5289000,2019,0,0,1.0,0.0,1,1,1,0,3.35,3.22,retained_legacy_not_independently_reimported,2019,0,excluded_until_researcher_coding_rubric_is_documented,5525292,211,553,342,62,0.38188,0,GDP parsed from comma-formatted text to numeric.
Finland,FIN,2008,party,2011,2015.0,2015.0,,0,0,0,-7,-7,1.624,54.692,17.221,46359.87,57.4,0,0,1,1,1,1,1,1,1,1,1,5312000,2019,0,0,1.0,0.0,1,1,1,0,3.47,3.25,retained_legacy_not_independently_reimported,2019,0,excluded_until_researcher_coding_rubric_is_documented,5525292,211,553,342,62,0.38188,0,GDP parsed from comma-formatted text to numeric.
Finland,FIN,2009,party,2011,2015.0,2015.0,,0,0,0,-6,-6,1.25,41.301,12.362,42412.51,56.9,0,0,1,1,1,1,1,1,1,1,1,5338000,2019,0,0,1.0,0.0,1,1,1,0,3.78,3.34,retained_legacy_not_independently_reimported,2019,0,excluded_until_researcher_coding_rubric_is_documented,5525292,211,553,342,62,0.38188,0,GDP parsed from comma-formatted text to numeric.
Finland,FIN,2010,party,2011,2015.0,2015.0,,0,0,0,-5,-5,0.988,45.065,15.252,43556.54,55.9,0,0,1,1,1,1,1,1,1,1,1,5363000,2019,0,0,1.0,0.0,1,1,1,0,3.78,3.33,retained_legacy_not_independently_reimported,2019,0,excluded_until_researcher_coding_rubric_is_documented,5525292,211,553,342,62,0.38188,0,GDP parsed from comma-formatted text to numeric.
Finland,FIN,2011,party,2011,2015.0,2015.0,,0,0,0,-4,-4,1.349,60.354,19.283,44391.45,55.7,0,0,1,1,1,1,1,1,1,1,1,5388000,2019,0,0,1.0,0.0,1,1,1,0,3.8,3.3,retained_legacy_not_independently_reimported,2019,0,excluded_until_researcher_coding_rubric_is_documented,5525292,211,553,342,62,0.38188,0,GDP parsed from comma-formatted text to numeric.
Finland,FIN,2012,party,2011,2015.0,2015.0,,0,0,0,-3,-3,1.489,64.851,18.637,43507.93,55.9,0,0,1,1,1,1,1,1,1,1,1,5414000,2019,0,0,1.0,0.0,1,1,1,0,3.76,3.3,retained_legacy_not_independently_reimported,2019,0,excluded_until_researcher_coding_rubric_is_documented,5525292,211,553,342,62,0.38188,0,GDP parsed from comma-formatted text to numeric.
Finland,FIN,2013,party,2011,2015.0,2015.0,,0,0,0,-2,-2,0.868,54.936,17.926,42883.64,55.6,0,0,1,1,1,1,1,1,1,1,1,5439000,2019,0,0,1.0,0.0,1,1,1,0,3.71,3.32,retained_legacy_not_independently_reimported,2019,0,excluded_until_researcher_coding_rubric_is_documented,5525292,211,553,342,62,0.38188,0,GDP parsed from comma-formatted text to numeric.
Finland,FIN,2014,party,2011,2015.0,2015.0,,0,0,0,-1,-1,0.973,51.724,18.474,42502.49,55.3,0,0,1,1,1,1,1,1,1,1,1,5459000,2019,0,0,1.0,0.0,1,1,1,0,3.44,3.61,retained_legacy_not_independently_reimported,2019,0,excluded_until_researcher_coding_rubric_is_documented,5525292,211,553,342,62,0.38188,0,GDP parsed from comma-formatted text to numeric.
Finland,FIN,2015,party,2011,2015.0,2015.0,,1,1,1,0,0,0.575,50.587,19.034,42560.35,55.4,0,0,1,1,1,1,1,1,1,1,1,5471000,2019,0,0,1.0,0.0,1,1,1,0,3.14,3.5,retained_legacy_not_independently_reimported,2019,0,excluded_until_researcher_coding_rubric_is_documented,5525292,211,553,342,62,0.38188,0,GDP parsed from comma-formatted text to numeric.
Finland,FIN,2016,party,2011,2015.0,2015.0,,1,1,1,1,1,0.789,58.011,21.108,43529.68,55.0,0,0,1,1,1,1,1,1,1,1,1,5487000,2019,0,0,1.0,0.0,1,1,1,0,3.14,3.42,retained_legacy_not_independently_reimported,2019,0,excluded_until_researcher_coding_rubric_is_documented,5525292,211,553,342,62,0.38188,0,GDP parsed from comma-formatted text to numeric.
Finland,FIN,2017,party,2011,2015.0,2015.0,,1,1,1,2,2,1.074,55.443,22.602,44862.22,55.0,0,0,1,1,1,1,1,1,1,1,1,5503000,2019,0,0,1.0,0.0,1,1,1,0,3.37,3.45,retained_legacy_not_independently_reimported,2019,0,excluded_until_researcher_coding_rubric_is_documented,5525292,211,553,342,62,0.38188,0,GDP parsed from comma-formatted text to numeric.
Finland,FIN,2018,party,2011,2015.0,2015.0,,1,1,1,3,3,0.895,64.126,25.255,45337.24,55.7,0,0,1,1,1,1,1,1,1,1,1,5518000,2019,0,0,1.0,0.0,1,1,1,0,3.43,3.47,retained_legacy_not_independently_reimported,2019,0,excluded_until_researcher_coding_rubric_is_documented,5525292,211,553,342,62,0.38188,0,GDP parsed from comma-formatted text to numeric.
Finland,FIN,2019,party,2011,2015.0,2015.0,,1,1,1,4,4,1.001,72.604,27.364,45898.57,55.7,0,0,1,1,1,1,1,1,1,1,1,5523000,2019,1,1,1.0,0.0,1,1,1,0,3.36,3.43,retained_legacy_not_independently_reimported,2019,1,excluded_until_researcher_coding_rubric_is_documented,5525292,211,553,342,62,0.38188,0,GDP parsed from comma-formatted text to numeric.
Finland,FIN,2020,party,2011,2015.0,2015.0,,1,1,1,5,5,0.822,73.459,27.452,44690.98,55.2,0,0,1,1,1,1,1,1,1,1,1,5531000,2019,1,1,1.0,0.0,1,1,1,0,3.24,3.45,retained_legacy_not_independently_reimported,2019,1,excluded_until_researcher_coding_rubric_is_documented,5525292,211,553,342,62,0.38188,0,GDP parsed from comma-formatted text to numeric.
Finland,FIN,2021,party,2011,2015.0,2015.0,,1,1,1,6,6,0.963,90.524,35.607,45792.05,55.9,0,0,1,1,1,1,1,1,1,1,1,5534000,2019,1,1,1.0,0.0,1,1,1,0,3.28,3.44,retained_legacy_not_independently_reimported,2019,1,excluded_until_researcher_coding_rubric_is_documented,5525292,211,553,342,62,0.38188,0,GDP parsed from comma-formatted text to numeric.
Finland,FIN,2022,party,2011,2015.0,2015.0,,1,1,1,7,7,0.888,91.717,32.733,46016.15,57.3,0,0,1,1,1,1,1,0,0,0,0,5541000,2019,1,1,1.0,0.0,1,1,1,0,,,excluded_legacy_flagged_for_manual_review,2019,1,excluded_until_researcher_coding_rubric_is_documented,5525292,211,553,342,62,0.38188,0,GDP parsed from comma-formatted text to numeric. | WGI legacy value excluded because source file flagged this country-year for manual review.
Finland,FIN,2023,party,2011,2015.0,2015.0,,1,1,1,8,8,0.812,108.959,42.473,45357.03,57.5,0,0,1,1,1,1,1,0,0,0,0,5563000,2019,1,1,1.0,0.0,1,1,1,0,,,excluded_legacy_flagged_for_manual_review,2019,1,excluded_until_researcher_coding_rubric_is_documented,5525292,211,553,342,62,0.38188,0,GDP parsed from comma-formatted text to numeric. | WGI legacy value excluded because source file flagged this country-year for manual review. | UNODC outcome values preserved from source dataset; not silently imputed or replaced.
France,FRA,1990,party,2011,2014.0,2014.0,,0,0,0,-24,-24,,,,27992.98,46.4,0,0,1,1,0,0,0,0,0,0,0,58258000,2019,0,0,0.0,0.0,1,1,1,0,,,retained_legacy_not_independently_reimported,2019,0,excluded_until_researcher_coding_rubric_is_documented,67320216,3081,6732,3651,54,0.457663,0,GDP parsed from comma-formatted text to numeric.
France,FRA,1991,party,2011,2014.0,2014.0,,0,0,0,-23,-23,,,,28197.24,46.5,0,0,1,1,0,0,0,0,0,0,0,58561000,2019,0,0,0.0,0.0,1,1,1,0,,,retained_legacy_not_independently_reimported,2019,0,excluded_until_researcher_coding_rubric_is_documented,67320216,3081,6732,3651,54,0.457663,0,GDP parsed from comma-formatted text to numeric.
France,FRA,1992,party,2011,2014.0,2014.0,,0,0,0,-22,-22,,,,28482.52,46.9,0,0,1,1,0,0,0,0,0,0,0,58832000,2019,0,0,0.0,0.0,1,1,1,0,,,retained_legacy_not_independently_reimported,2019,0,excluded_until_researcher_coding_rubric_is_documented,67320216,3081,6732,3651,54,0.457663,0,GDP parsed from comma-formatted text to numeric.
France,FRA,1993,party,2011,2014.0,2014.0,,0,0,0,-21,-21,,,,28257.1,47.3,0,0,1,1,0,0,0,0,0,0,0,59089000,2019,0,0,0.0,0.0,1,1,1,0,,,retained_legacy_not_independently_reimported,2019,0,excluded_until_researcher_coding_rubric_is_documented,67320216,3081,6732,3651,54,0.457663,0,GDP parsed from comma-formatted text to numeric.
France,FRA,1994,party,2011,2014.0,2014.0,,0,0,0,-20,-20,,,,28822.5,47.5,0,0,1,1,0,0,0,0,0,0,0,59369000,2019,0,0,0.0,0.0,1,1,1,0,,,retained_legacy_not_independently_reimported,2019,0,excluded_until_researcher_coding_rubric_is_documented,67320216,3081,6732,3651,54,0.457663,0,GDP parsed from comma-formatted text to numeric.
France,FRA,1995,party,2011,2014.0,2014.0,,0,0,0,-19,-19,,,,29379.62,47.8,0,0,1,1,0,0,0,0,0,0,0,59622000,2019,0,0,0.0,0.0,1,1,1,0,,,retained_legacy_not_independently_reimported,2019,0,excluded_until_researcher_coding_rubric_is_documented,67320216,3081,6732,3651,54,0.457663,0,GDP parsed from comma-formatted text to numeric.
France,FRA,1996,party,2011,2014.0,2014.0,,0,0,0,-18,-18,,,,29683.78,48.1,0,0,1,1,0,0,0,1,0,0,0,59793000,2019,0,0,0.0,0.0,1,1,1,0,2.13,2.52,retained_legacy_not_independently_reimported,2019,0,excluded_until_researcher_coding_rubric_is_documented,67320216,3081,6732,3651,54,0.457663,0,GDP parsed from comma-formatted text to numeric.
France,FRA,1997,party,2011,2014.0,2014.0,,0,0,0,-17,-17,,,,30325.52,47.7,0,0,1,1,0,0,0,0,0,0,0,59967000,2019,0,0,0.0,0.0,1,1,1,0,,,retained_legacy_not_independently_reimported,2019,0,excluded_until_researcher_coding_rubric_is_documented,67320216,3081,6732,3651,54,0.457663,0,GDP parsed from comma-formatted text to numeric.
France,FRA,1998,party,2011,2014.0,2014.0,,0,0,0,-16,-16,,,,31256.51,48.1,0,0,1,1,0,0,0,1,0,0,0,60202000,2019,0,0,0.0,0.0,1,1,1,0,2.47,2.32,retained_legacy_not_independently_reimported,2019,0,excluded_until_researcher_coding_rubric_is_documented,67320216,3081,6732,3651,54,0.457663,0,GDP parsed from comma-formatted text to numeric.
France,FRA,1999,party,2011,2014.0,2014.0,,0,0,0,-15,-15,,,,32152.72,48.4,0,0,1,1,0,0,0,0,0,0,0,60484000,2019,0,0,0.0,0.0,1,1,1,0,,,retained_legacy_not_independently_reimported,2019,0,excluded_until_researcher_coding_rubric_is_documented,67320216,3081,6732,3651,54,0.457663,0,GDP parsed from comma-formatted text to numeric.
France,FRA,2000,party,2011,2014.0,2014.0,,0,0,0,-14,-14,,,,33255.14,48.5,0,0,1,1,0,0,0,1,0,0,0,60748000,2019,0,0,0.0,0.0,1,1,1,0,2.78,2.43,retained_legacy_not_independently_reimported,2019,0,excluded_until_researcher_coding_rubric_is_documented,67320216,3081,6732,3651,54,0.457663,0,GDP parsed from comma-formatted text to numeric.
France,FRA,2001,party,2011,2014.0,2014.0,,0,0,0,-13,-13,,,,33640.67,48.3,0,0,1,1,0,0,0,0,0,0,0,61037000,2019,0,0,0.0,0.0,1,1,1,0,,,retained_legacy_not_independently_reimported,2019,0,excluded_until_researcher_coding_rubric_is_documented,67320216,3081,6732,3651,54,0.457663,0,GDP parsed from comma-formatted text to numeric.
France,FRA,2002,party,2011,2014.0,2014.0,,0,0,0,-12,-12,,,,33753.58,48.5,0,0,1,1,0,0,0,1,0,0,0,61394000,2019,0,0,0.0,0.0,1,1,1,0,2.62,2.06,retained_legacy_not_independently_reimported,2019,0,excluded_until_researcher_coding_rubric_is_documented,67320216,3081,6732,3651,54,0.457663,0,GDP parsed from comma-formatted text to numeric.
France,FRA,2003,party,2011,2014.0,2014.0,,0,0,0,-11,-11,,42.479,17.135,33840.62,49.7,0,0,1,1,0,0,0,1,0,0,0,61716000,2019,0,0,0.0,0.0,1,1,1,0,2.81,2.27,retained_legacy_not_independently_reimported,2019,0,excluded_until_researcher_coding_rubric_is_documented,67320216,3081,6732,3651,54,0.457663,0,GDP parsed from comma-formatted text to numeric.
France,FRA,2004,party,2011,2014.0,2014.0,,0,0,0,-10,-10,,42.89,17.174,34557.15,49.6,0,0,1,1,0,0,0,1,0,0,0,62027000,2019,0,0,0.0,0.0,1,1,1,0,2.98,2.42,retained_legacy_not_independently_reimported,2019,0,excluded_until_researcher_coding_rubric_is_documented,67320216,3081,6732,3651,54,0.457663,0,GDP parsed from comma-formatted text to numeric.
France,FRA,2005,party,2011,2014.0,2014.0,,0,0,0,-9,-9,,38.731,16.216,34946.04,50.1,0,0,1,1,0,1,1,1,0,1,1,63000000,2019,0,0,0.0,0.0,1,1,1,0,2.83,2.39,retained_legacy_not_independently_reimported,2019,0,excluded_until_researcher_coding_rubric_is_documented,67320216,3081,6732,3651,54,0.457663,0,GDP parsed from comma-formatted text to numeric.
France,FRA,2006,party,2011,2014.0,2014.0,,0,0,0,-8,-8,,36.848,15.768,35645.42,50.2,0,0,1,1,0,1,1,1,0,1,1,63341000,2019,0,0,0.0,0.0,1,1,1,0,2.77,2.49,retained_legacy_not_independently_reimported,2019,0,excluded_until_researcher_coding_rubric_is_documented,67320216,3081,6732,3651,54,0.457663,0,GDP parsed from comma-formatted text to numeric.
France,FRA,2007,party,2011,2014.0,2014.0,,0,0,0,-7,-7,,37.235,16.229,36322.17,50.6,0,0,1,1,0,1,1,1,0,1,1,63708000,2019,0,0,1.0,0.0,1,1,1,0,2.49,2.48,retained_legacy_not_independently_reimported,2019,0,excluded_until_researcher_coding_rubric_is_documented,67320216,3081,6732,3651,54,0.457663,0,GDP parsed from comma-formatted text to numeric.
France,FRA,2008,party,2011,2014.0,2014.0,,0,0,0,-6,-6,,38.278,16.37,36257.37,50.7,0,0,1,1,0,1,1,1,0,1,1,64007000,2019,0,0,1.0,0.0,1,1,1,0,2.68,2.54,retained_legacy_not_independently_reimported,2019,0,excluded_until_researcher_coding_rubric_is_documented,67320216,3081,6732,3651,54,0.457663,0,GDP parsed from comma-formatted text to numeric.
France,FRA,2009,party,2011,2014.0,2014.0,,0,0,0,-5,-5,,36.847,15.596,35052.85,51.1,0,0,1,1,0,1,1,1,0,1,1,64350000,2019,0,0,1.0,0.0,1,1,1,0,2.51,2.46,retained_legacy_not_independently_reimported,2019,0,excluded_until_researcher_coding_rubric_is_documented,67320216,3081,6732,3651,54,0.457663,0,GDP parsed from comma-formatted text to numeric.
France,FRA,2010,party,2011,2014.0,2014.0,,0,0,0,-4,-4,,36.209,15.939,35578.2,51.1,0,0,1,1,0,1,1,1,0,1,1,64698000,2019,0,0,1.0,0.0,1,1,1,0,2.49,2.55,retained_legacy_not_independently_reimported,2019,0,excluded_until_researcher_coding_rubric_is_documented,67320216,3081,6732,3651,54,0.457663,0,GDP parsed from comma-formatted text to numeric.
France,FRA,2011,party,2011,2014.0,2014.0,,0,0,0,-3,-3,,37.454,16.327,36269.96,51.0,0,0,1,1,0,1,1,1,0,1,1,65048000,2019,0,0,1.0,0.0,1,1,1,0,2.37,2.43,retained_legacy_not_independently_reimported,2019,0,excluded_until_researcher_coding_rubric_is_documented,67320216,3081,6732,3651,54,0.457663,0,GDP parsed from comma-formatted text to numeric.
France,FRA,2012,party,2011,2014.0,2014.0,,0,0,0,-2,-2,,41.81,16.992,36161.29,51.2,0,0,1,1,0,1,1,1,0,1,1,65397000,2019,0,0,1.0,0.0,1,1,1,0,2.33,2.44,retained_legacy_not_independently_reimported,2019,0,excluded_until_researcher_coding_rubric_is_documented,67320216,3081,6732,3651,54,0.457663,0,GDP parsed from comma-formatted text to numeric.
France,FRA,2013,party,2011,2014.0,2014.0,,0,0,0,-1,-1,,43.142,17.35,36256.09,51.3,0,0,1,1,0,1,1,1,0,1,1,65705000,2019,0,0,1.0,0.0,1,1,1,0,2.52,2.38,retained_legacy_not_independently_reimported,2019,0,excluded_until_researcher_coding_rubric_is_documented,67320216,3081,6732,3651,54,0.457663,0,GDP parsed from comma-formatted text to numeric.
France,FRA,2014,party,2011,2014.0,2014.0,,1,1,1,0,0,,47.856,18.792,36444.39,51.0,0,0,1,1,0,1,1,1,0,1,1,66046000,2019,0,0,1.0,0.0,1,1,1,0,2.4,2.47,retained_legacy_not_independently_reimported,2019,0,excluded_until_researcher_coding_rubric_is_documented,67320216,3081,6732,3651,54,0.457663,0,GDP parsed from comma-formatted text to numeric.
France,FRA,2015,party,2011,2014.0,2014.0,,1,1,1,1,1,1.14,51.271,19.747,36702.43,51.0,0,0,1,1,1,1,1,1,1,1,1,66418000,2019,0,0,1.0,0.0,1,1,1,0,2.42,2.33,retained_legacy_not_independently_reimported,2019,0,excluded_until_researcher_coding_rubric_is_documented,67320216,3081,6732,3651,54,0.457663,0,GDP parsed from comma-formatted text to numeric.
France,FRA,2016,party,2011,2014.0,2014.0,,1,1,1,2,2,0.84,54.487,22.032,36920.53,50.8,0,0,1,1,1,1,1,1,1,1,1,66724000,2019,0,0,1.0,0.0,1,1,1,0,2.36,2.31,retained_legacy_not_independently_reimported,2019,0,excluded_until_researcher_coding_rubric_is_documented,67320216,3081,6732,3651,54,0.457663,0,GDP parsed from comma-formatted text to numeric.
France,FRA,2017,party,2011,2014.0,2014.0,,1,1,1,3,3,0.763,60.795,24.922,37580.6,50.6,0,0,1,1,1,1,1,1,1,1,1,67026000,2019,0,0,1.0,0.0,1,1,1,0,2.23,2.38,retained_legacy_not_independently_reimported,2019,0,excluded_until_researcher_coding_rubric_is_documented,67320216,3081,6732,3651,54,0.457663,0,GDP parsed from comma-formatted text to numeric.
France,FRA,2018,party,2011,2014.0,2014.0,,1,1,1,4,4,0.66,72.459,29.236,38062.44,50.8,0,0,1,1,1,1,1,1,1,1,1,67320000,2019,0,0,1.0,1.0,1,1,1,0,2.42,2.38,retained_legacy_not_independently_reimported,2019,0,excluded_until_researcher_coding_rubric_is_documented,67320216,3081,6732,3651,54,0.457663,0,GDP parsed from comma-formatted text to numeric.
France,FRA,2019,party,2011,2014.0,2014.0,,1,1,1,5,5,0.77,84.016,34.797,38705.21,50.6,0,0,1,1,1,1,1,1,1,1,1,67521000,2019,1,1,1.0,1.0,1,1,1,0,2.28,2.34,retained_legacy_not_independently_reimported,2019,1,excluded_until_researcher_coding_rubric_is_documented,67320216,3081,6732,3651,54,0.457663,0,GDP parsed from comma-formatted text to numeric.
France,FRA,2020,party,2011,2014.0,2014.0,,1,1,1,6,6,0.571,85.541,38.768,35709.2,50.1,0,0,1,1,1,1,1,1,1,1,1,67615000,2019,1,1,1.0,1.0,1,1,1,0,2.06,2.21,retained_legacy_not_independently_reimported,2019,1,excluded_until_researcher_coding_rubric_is_documented,67320216,3081,6732,3651,54,0.457663,0,GDP parsed from comma-formatted text to numeric.
France,FRA,2021,party,2011,2014.0,2014.0,,1,1,1,7,7,0.669,112.346,51.326,38030.86,51.6,0,0,1,1,1,1,1,1,1,1,1,67813000,2019,1,1,1.0,1.0,1,1,1,0,2.1,2.15,retained_legacy_not_independently_reimported,2019,1,excluded_until_researcher_coding_rubric_is_documented,67320216,3081,6732,3651,54,0.457663,0,GDP parsed from comma-formatted text to numeric.
France,FRA,2022,party,2011,2014.0,2014.0,,1,1,1,8,8,0.694,126.066,57.513,38868.33,51.9,0,0,1,1,1,1,1,1,1,1,1,68171000,2019,1,1,1.0,1.0,1,1,1,0,1.63,1.65,retained_legacy_not_independently_reimported,2019,1,excluded_until_researcher_coding_rubric_is_documented,67320216,3081,6732,3651,54,0.457663,0,GDP parsed from comma-formatted text to numeric.
France,FRA,2023,party,2011,2014.0,2014.0,,1,1,1,9,9,0.762,134.89,62.692,39319.42,52.1,0,0,1,1,1,1,1,0,0,0,0,68374000,2019,1,1,1.0,1.0,1,1,1,0,,,excluded_legacy_flagged_for_manual_review,2019,1,excluded_until_researcher_coding_rubric_is_documented,67320216,3081,6732,3651,54,0.457663,0,GDP parsed from comma-formatted text to numeric. | WGI legacy value excluded because source file flagged this country-year for manual review. | UNODC outcome values preserved from source dataset; not silently imputed or replaced.
United Kingdom,GBR,1990,party,2012,2022.0,2022.0,,0,0,0,-32,-32,,,,30071.21,52.0,0,0,1,1,0,0,0,0,0,0,0,57237000,,0,0,0.0,0.0,1,1,1,0,,,retained_legacy_not_independently_reimported,,0,excluded_until_researcher_coding_rubric_is_documented,67081280,4984,6709,1867,28,0.742979,0,GDP parsed from comma-formatted text to numeric.
United Kingdom,GBR,1991,party,2012,2022.0,2022.0,,0,0,0,-31,-31,0.702,,,29590.91,51.8,0,0,1,1,0,0,0,0,0,0,0,57439000,,0,0,0.0,0.0,1,1,1,0,,,retained_legacy_not_independently_reimported,,0,excluded_until_researcher_coding_rubric_is_documented,67081280,4984,6709,1867,28,0.742979,0,GDP parsed from comma-formatted text to numeric.
United Kingdom,GBR,1992,party,2012,2022.0,2022.0,,0,0,0,-30,-30,0.744,,,29893.08,51.8,0,0,1,1,0,0,0,0,0,0,0,57580000,,0,0,0.0,0.0,1,1,1,0,,,retained_legacy_not_independently_reimported,,0,excluded_until_researcher_coding_rubric_is_documented,67081280,4984,6709,1867,28,0.742979,0,GDP parsed from comma-formatted text to numeric.
United Kingdom,GBR,1993,party,2012,2022.0,2022.0,,0,0,0,-29,-29,0.942,,,30862.41,51.9,0,0,1,1,0,0,0,0,0,0,0,57718000,,0,0,0.0,0.0,1,1,1,0,,,retained_legacy_not_independently_reimported,,0,excluded_until_researcher_coding_rubric_is_documented,67081280,4984,6709,1867,28,0.742979,0,GDP parsed from comma-formatted text to numeric.
United Kingdom,GBR,1994,party,2012,2022.0,2022.0,,0,0,0,-28,-28,0.787,,,32308.8,51.9,0,0,1,1,0,0,0,0,0,0,0,57855000,,0,0,0.0,0.0,1,1,1,0,,,retained_legacy_not_independently_reimported,,0,excluded_until_researcher_coding_rubric_is_documented,67081280,4984,6709,1867,28,0.742979,0,GDP parsed from comma-formatted text to numeric.
United Kingdom,GBR,1995,party,2012,2022.0,2022.0,,0,0,0,-27,-27,0.916,,,33362.02,51.9,0,0,1,1,0,0,0,0,0,0,0,58019000,,0,0,0.0,0.0,1,1,1,0,,,retained_legacy_not_independently_reimported,,0,excluded_until_researcher_coding_rubric_is_documented,67081280,4984,6709,1867,28,0.742979,0,GDP parsed from comma-formatted text to numeric.
United Kingdom,GBR,1996,party,2012,2022.0,2022.0,,0,0,0,-26,-26,1.255,,,34147.35,52.3,0,0,1,1,0,0,0,1,0,0,0,58164000,,0,0,0.0,0.0,1,1,1,0,3.2,2.77,retained_legacy_not_independently_reimported,,0,excluded_until_researcher_coding_rubric_is_documented,67081280,4984,6709,1867,28,0.742979,0,GDP parsed from comma-formatted text to numeric.
United Kingdom,GBR,1997,party,2012,2022.0,2022.0,,0,0,0,-25,-25,0.606,,,35721.61,52.7,0,0,1,1,0,0,0,0,0,0,0,58314000,,0,0,0.0,0.0,1,1,1,0,,,retained_legacy_not_independently_reimported,,0,excluded_until_researcher_coding_rubric_is_documented,67081280,4984,6709,1867,28,0.742979,0,GDP parsed from comma-formatted text to numeric.
United Kingdom,GBR,1998,party,2012,2022.0,2022.0,,0,0,0,-24,-24,0.658,,,36773.93,52.7,0,0,1,1,0,0,0,1,0,0,0,58475000,,0,0,1.0,0.0,1,1,1,0,3.17,2.95,retained_legacy_not_independently_reimported,,0,excluded_until_researcher_coding_rubric_is_documented,67081280,4984,6709,1867,28,0.742979,0,GDP parsed from comma-formatted text to numeric.
United Kingdom,GBR,1999,party,2012,2022.0,2022.0,,0,0,0,-23,-23,0.753,,,37730.72,53.3,0,0,1,1,0,0,0,0,0,0,0,58684000,,0,0,1.0,0.0,1,1,1,0,,,retained_legacy_not_independently_reimported,,0,excluded_until_researcher_coding_rubric_is_documented,67081280,4984,6709,1867,28,0.742979,0,GDP parsed from comma-formatted text to numeric.
United Kingdom,GBR,2000,party,2012,2022.0,2022.0,,0,0,0,-22,-22,1.198,,,39297.14,53.7,0,0,1,1,1,0,0,1,1,0,0,58886000,,0,0,1.0,0.0,1,1,1,0,3.01,2.83,retained_legacy_not_independently_reimported,,0,excluded_until_researcher_coding_rubric_is_documented,67081280,4984,6709,1867,28,0.742979,0,GDP parsed from comma-formatted text to numeric.
United Kingdom,GBR,2001,party,2012,2022.0,2022.0,,0,0,0,-21,-21,1.178,,,40082.14,53.5,0,0,1,1,1,0,0,0,0,0,0,59122000,,0,0,1.0,0.0,1,1,1,0,,,retained_legacy_not_independently_reimported,,0,excluded_until_researcher_coding_rubric_is_documented,67081280,4984,6709,1867,28,0.742979,0,GDP parsed from comma-formatted text to numeric.
United Kingdom,GBR,2002,party,2012,2022.0,2022.0,,0,0,0,-20,-20,1.227,,,40594.93,54.1,0,0,1,1,1,0,0,1,1,0,0,59370000,,0,0,1.0,0.0,1,1,1,0,3.03,2.81,retained_legacy_not_independently_reimported,,0,excluded_until_researcher_coding_rubric_is_documented,67081280,4984,6709,1867,28,0.742979,0,GDP parsed from comma-formatted text to numeric.
United Kingdom,GBR,2003,party,2012,2022.0,2022.0,,0,0,0,-19,-19,1.139,91.982,24.197,41706.83,54.1,0,0,1,1,1,0,0,1,1,0,0,59647000,,0,0,1.0,0.0,1,1,1,0,2.97,2.83,retained_legacy_not_independently_reimported,,0,excluded_until_researcher_coding_rubric_is_documented,67081280,4984,6709,1867,28,0.742979,0,GDP parsed from comma-formatted text to numeric.
United Kingdom,GBR,2004,party,2012,2022.0,2022.0,,0,0,0,-18,-18,1.171,93.624,25.476,42434.82,54.5,0,0,1,1,1,0,0,1,1,0,0,59936000,,0,0,1.0,0.0,1,1,1,0,3.18,2.73,retained_legacy_not_independently_reimported,,0,excluded_until_researcher_coding_rubric_is_documented,67081280,4984,6709,1867,28,0.742979,0,GDP parsed from comma-formatted text to numeric.
United Kingdom,GBR,2005,party,2012,2022.0,2022.0,,0,0,0,-17,-17,0.976,91.256,26.092,43320.56,54.9,0,0,1,1,1,1,1,1,1,1,1,60413000,,0,0,1.0,0.0,1,1,1,0,2.99,2.65,retained_legacy_not_independently_reimported,,0,excluded_until_researcher_coding_rubric_is_documented,67081280,4984,6709,1867,28,0.742979,0,GDP parsed from comma-formatted text to numeric.
United Kingdom,GBR,2006,party,2012,2022.0,2022.0,,0,0,0,-16,-16,1.047,85.423,24.895,43945,55.4,0,0,1,1,1,1,1,1,1,1,1,60846000,,0,0,1.0,0.0,1,1,1,0,2.83,3.01,retained_legacy_not_independently_reimported,,0,excluded_until_researcher_coding_rubric_is_documented,67081280,4984,6709,1867,28,0.742979,0,GDP parsed from comma-formatted text to numeric.
United Kingdom,GBR,2007,party,2012,2022.0,2022.0,,0,0,0,-15,-15,1.08,80.76,22.782,44882.14,55.1,0,0,1,1,1,1,1,1,1,1,1,61319000,,0,0,1.0,0.0,1,1,1,0,2.79,2.92,retained_legacy_not_independently_reimported,,0,excluded_until_researcher_coding_rubric_is_documented,67081280,4984,6709,1867,28,0.742979,0,GDP parsed from comma-formatted text to numeric.
United Kingdom,GBR,2008,party,2012,2022.0,2022.0,,0,0,0,-14,-14,0.931,78.987,23.151,44508.29,55.4,0,0,1,1,1,1,1,1,1,1,1,61824000,,0,0,1.0,0.0,1,1,1,0,2.78,2.88,retained_legacy_not_independently_reimported,,0,excluded_until_researcher_coding_rubric_is_documented,67081280,4984,6709,1867,28,0.742979,0,GDP parsed from comma-formatted text to numeric.
United Kingdom,GBR,2009,party,2012,2022.0,2022.0,,0,0,0,-13,-13,0.71,83.08,26.33,42146.51,55.6,0,0,1,1,1,1,1,1,1,1,1,62261000,,0,0,1.0,0.0,1,1,1,0,2.56,2.94,retained_legacy_not_independently_reimported,,0,excluded_until_researcher_coding_rubric_is_documented,67081280,4984,6709,1867,28,0.742979,0,GDP parsed from comma-formatted text to numeric.
United Kingdom,GBR,2010,party,2012,2022.0,2022.0,,0,0,0,-12,-12,0.707,85.05,27.744,42762.72,55.5,0,0,1,1,1,1,1,1,1,1,1,62760000,,0,0,1.0,0.0,1,1,1,0,2.75,3.02,retained_legacy_not_independently_reimported,,0,excluded_until_researcher_coding_rubric_is_documented,67081280,4984,6709,1867,28,0.742979,0,GDP parsed from comma-formatted text to numeric.
United Kingdom,GBR,2011,party,2012,2022.0,2022.0,,0,0,0,-11,-11,0.603,84.127,28.119,42791.09,55.7,0,0,1,1,1,1,1,1,1,1,1,63258000,,0,0,1.0,0.0,1,1,1,0,2.73,2.82,retained_legacy_not_independently_reimported,,0,excluded_until_researcher_coding_rubric_is_documented,67081280,4984,6709,1867,28,0.742979,0,GDP parsed from comma-formatted text to numeric.
United Kingdom,GBR,2012,party,2012,2022.0,2022.0,,0,0,0,-10,-10,0.565,86.588,28.685,43136.7,55.9,0,0,1,1,1,1,1,1,1,1,1,63700000,,0,0,1.0,0.0,1,1,1,0,2.7,2.94,retained_legacy_not_independently_reimported,,0,excluded_until_researcher_coding_rubric_is_documented,67081280,4984,6709,1867,28,0.742979,0,GDP parsed from comma-formatted text to numeric.
United Kingdom,GBR,2013,party,2012,2022.0,2022.0,,0,0,0,-9,-9,0.626,104.278,35.847,43585.19,56.3,0,0,1,1,1,1,1,1,1,1,1,64106000,,0,0,1.0,0.0,1,1,1,0,2.57,2.87,retained_legacy_not_independently_reimported,,0,excluded_until_researcher_coding_rubric_is_documented,67081280,4984,6709,1867,28,0.742979,0,GDP parsed from comma-formatted text to numeric.
United Kingdom,GBR,2014,party,2012,2022.0,2022.0,,0,0,0,-8,-8,0.628,139.207,49.341,44627.88,56.5,0,0,1,1,1,1,1,1,1,1,1,64597000,,0,0,1.0,0.0,1,1,1,0,2.76,3.19,retained_legacy_not_independently_reimported,,0,excluded_until_researcher_coding_rubric_is_documented,67081280,4984,6709,1867,28,0.742979,0,GDP parsed from comma-formatted text to numeric.
United Kingdom,GBR,2015,party,2012,2022.0,2022.0,,0,0,0,-7,-7,0.593,182.399,58.894,45255.34,56.7,0,0,1,1,1,1,1,1,1,1,1,65111000,,0,0,1.0,0.0,1,1,1,0,2.91,3.02,retained_legacy_not_independently_reimported,,0,excluded_until_researcher_coding_rubric_is_documented,67081280,4984,6709,1867,28,0.742979,0,GDP parsed from comma-formatted text to numeric.
United Kingdom,GBR,2016,party,2012,2022.0,2022.0,,0,0,0,-6,-6,0.577,206.32,67.329,45888.01,57.1,0,0,1,1,1,1,1,1,1,1,1,65596000,,0,0,1.0,0.0,1,1,1,0,2.68,2.8,retained_legacy_not_independently_reimported,,0,excluded_until_researcher_coding_rubric_is_documented,67081280,4984,6709,1867,28,0.742979,0,GDP parsed from comma-formatted text to numeric.
United Kingdom,GBR,2017,party,2012,2022.0,2022.0,,0,0,0,-5,-5,0.711,251.519,86.512,47018.03,57.3,0,0,1,1,1,1,1,1,1,1,1,66040000,,0,0,1.0,0.0,1,1,1,0,2.44,2.81,retained_legacy_not_independently_reimported,,0,excluded_until_researcher_coding_rubric_is_documented,67081280,4984,6709,1867,28,0.742979,0,GDP parsed from comma-formatted text to numeric.
United Kingdom,GBR,2018,party,2012,2022.0,2022.0,,0,0,0,-4,-4,0.722,268.451,93.367,47514.78,57.5,0,0,1,1,1,1,1,1,1,1,1,66436000,,0,0,1.0,0.0,1,1,1,0,2.32,2.73,retained_legacy_not_independently_reimported,,0,excluded_until_researcher_coding_rubric_is_documented,67081280,4984,6709,1867,28,0.742979,0,GDP parsed from comma-formatted text to numeric.
United Kingdom,GBR,2019,party,2012,2022.0,2022.0,,0,0,0,-3,-3,0.615,270.05,94.518,47864.76,58.0,0,0,1,1,1,1,1,1,1,1,1,66836000,,0,0,1.0,0.0,1,1,1,0,2.47,2.68,retained_legacy_not_independently_reimported,,0,excluded_until_researcher_coding_rubric_is_documented,67081280,4984,6709,1867,28,0.742979,0,GDP parsed from comma-formatted text to numeric.
United Kingdom,GBR,2020,party,2012,2022.0,2022.0,,0,0,0,-2,-2,0.513,266.698,92.856,42982.46,58.3,0,0,1,1,1,1,1,1,1,1,1,67081000,,0,0,1.0,0.0,1,1,1,0,2.28,2.5,retained_legacy_not_independently_reimported,,0,excluded_until_researcher_coding_rubric_is_documented,67081280,4984,6709,1867,28,0.742979,0,GDP parsed from comma-formatted text to numeric.
United Kingdom,GBR,2021,party,2012,2022.0,2022.0,,0,0,0,-1,-1,0.629,247.757,88.411,46487.34,58.0,0,0,1,1,1,1,1,1,1,1,1,67026000,,0,0,1.0,0.0,1,1,1,0,2.12,2.38,retained_legacy_not_independently_reimported,,0,excluded_until_researcher_coding_rubric_is_documented,67081280,4984,6709,1867,28,0.742979,0,GDP parsed from comma-formatted text to numeric.
United Kingdom,GBR,2022,party,2012,2022.0,2022.0,,1,1,1,0,0,0.618,315.559,109.828,48433.01,57.7,0,0,1,1,1,1,1,1,1,1,1,67597000,,0,0,1.0,0.0,1,1,1,0,1.73,1.98,retained_legacy_not_independently_reimported,,0,excluded_until_researcher_coding_rubric_is_documented,67081280,4984,6709,1867,28,0.742979,0,GDP parsed from comma-formatted text to numeric.
United Kingdom,GBR,2023,party,2012,2022.0,2022.0,,1,1,1,1,1,,240.335,48.647,47934.94,57.4,0,0,1,1,0,1,1,0,0,0,0,68350000,,0,0,1.0,0.0,1,1,1,0,,,excluded_legacy_flagged_for_manual_review,,0,excluded_until_researcher_coding_rubric_is_documented,67081280,4984,6709,1867,28,0.742979,0,GDP parsed from comma-formatted text to numeric. | WGI legacy value excluded because source file flagged this country-year for manual review. | UNODC outcome values preserved from source dataset; not silently imputed or replaced.
Georgia,GEO,1990,party,2014,2017.0,2017.0,,0,0,0,-27,-27,,,,3534.03,70.3,0,0,1,1,0,0,0,0,0,0,0,5456000,2022,0,0,0.0,0.0,1,1,1,0,,,retained_legacy_not_independently_reimported,2022,0,excluded_until_researcher_coding_rubric_is_documented,3716858,136,372,236,63,0.3659,0,GDP parsed from comma-formatted text to numeric.
Georgia,GEO,1991,party,2014,2017.0,2017.0,,0,0,0,-26,-26,,,,2768.81,71.5,0,0,1,1,0,0,0,0,0,0,0,5412000,2022,0,0,0.0,0.0,1,1,1,0,,,retained_legacy_not_independently_reimported,2022,0,excluded_until_researcher_coding_rubric_is_documented,3716858,136,372,236,63,0.3659,0,GDP parsed from comma-formatted text to numeric.
Georgia,GEO,1992,party,2014,2017.0,2017.0,,0,0,0,-25,-25,,,,1513.85,72.8,0,0,1,1,0,0,0,0,0,0,0,5284000,2022,0,0,0.0,0.0,1,1,1,0,,,retained_legacy_not_independently_reimported,2022,0,excluded_until_researcher_coding_rubric_is_documented,3716858,136,372,236,63,0.3659,0,GDP parsed from comma-formatted text to numeric.
Georgia,GEO,1993,party,2014,2017.0,2017.0,,0,0,0,-24,-24,,,,1062.1,74.3,0,0,1,1,0,0,0,0,0,0,0,5111000,2022,0,0,0.0,0.0,1,1,1,0,,,retained_legacy_not_independently_reimported,2022,0,excluded_until_researcher_coding_rubric_is_documented,3716858,136,372,236,63,0.3659,0,GDP parsed from comma-formatted text to numeric.
Georgia,GEO,1994,party,2014,2017.0,2017.0,,0,0,0,-23,-23,,,,966.42,75.9,0,0,1,1,0,0,0,0,0,0,0,4960000,2022,0,0,0.0,0.0,1,1,1,0,,,retained_legacy_not_independently_reimported,2022,0,excluded_until_researcher_coding_rubric_is_documented,3716858,136,372,236,63,0.3659,0,
Georgia,GEO,1995,party,2014,2017.0,2017.0,,0,0,0,-22,-22,,,,1029.48,74.8,0,0,1,1,0,0,0,0,0,0,0,4854000,2022,0,0,0.0,0.0,1,1,1,0,,,retained_legacy_not_independently_reimported,2022,0,excluded_until_researcher_coding_rubric_is_documented,3716858,136,372,236,63,0.3659,0,GDP parsed from comma-formatted text to numeric.
Georgia,GEO,1996,party,2014,2017.0,2017.0,,0,0,0,-21,-21,,,,1187.12,72.4,0,0,1,1,0,0,0,1,0,0,0,4773000,2022,0,0,0.0,0.0,1,1,1,0,-1.08,-2.14,retained_legacy_not_independently_reimported,2022,0,excluded_until_researcher_coding_rubric_is_documented,3716858,136,372,236,63,0.3659,0,GDP parsed from comma-formatted text to numeric.
Georgia,GEO,1997,party,2014,2017.0,2017.0,,0,0,0,-20,-20,,,,1354.78,70.3,0,0,1,1,0,0,0,0,0,0,0,4703000,2022,0,0,0.0,0.0,1,1,1,0,,,retained_legacy_not_independently_reimported,2022,0,excluded_until_researcher_coding_rubric_is_documented,3716858,136,372,236,63,0.3659,0,GDP parsed from comma-formatted text to numeric.
Georgia,GEO,1998,party,2014,2017.0,2017.0,,0,0,0,-19,-19,,,,1431.79,69.5,0,0,1,1,0,0,0,1,0,0,0,4648000,2022,0,0,0.0,0.0,1,1,1,0,-1.02,-2.07,retained_legacy_not_independently_reimported,2022,0,excluded_until_researcher_coding_rubric_is_documented,3716858,136,372,236,63,0.3659,0,GDP parsed from comma-formatted text to numeric.
Georgia,GEO,1999,party,2014,2017.0,2017.0,,0,0,0,-18,-18,,,,1503.46,68.8,0,0,1,1,0,0,0,0,0,0,0,4600000,2022,0,0,0.0,0.0,1,1,1,0,,,retained_legacy_not_independently_reimported,2022,0,excluded_until_researcher_coding_rubric_is_documented,3716858,136,372,236,63,0.3659,0,GDP parsed from comma-formatted text to numeric.
Georgia,GEO,2000,party,2014,2017.0,2017.0,,0,0,0,-17,-17,,,,1561.2,68.2,0,0,1,1,0,0,0,1,0,0,0,4559000,2022,0,0,0.0,0.0,1,1,1,0,-0.73,-1.6,retained_legacy_not_independently_reimported,2022,0,excluded_until_researcher_coding_rubric_is_documented,3716858,136,372,236,63,0.3659,0,GDP parsed from comma-formatted text to numeric.
Georgia,GEO,2001,party,2014,2017.0,2017.0,,0,0,0,-16,-16,,,,1661.83,67.3,0,0,1,1,0,0,0,0,0,0,0,4489000,2022,0,0,0.0,0.0,1,1,1,0,,,retained_legacy_not_independently_reimported,2022,0,excluded_until_researcher_coding_rubric_is_documented,3716858,136,372,236,63,0.3659,0,GDP parsed from comma-formatted text to numeric.
Georgia,GEO,2002,party,2014,2017.0,2017.0,,0,0,0,-15,-15,,,,1768.6,66.5,0,0,1,1,0,0,0,1,0,0,0,4363000,2022,0,0,0.0,0.0,1,1,1,0,-1.21,-1.84,retained_legacy_not_independently_reimported,2022,0,excluded_until_researcher_coding_rubric_is_documented,3716858,136,372,236,63,0.3659,0,GDP parsed from comma-formatted text to numeric.
Georgia,GEO,2003,party,2014,2017.0,2017.0,,0,0,0,-14,-14,,,1.273,1977.46,65.0,0,0,1,1,0,0,0,0,0,0,0,4325000,2022,0,0,0.0,0.0,1,1,1,0,,,excluded_legacy_flagged_for_manual_review,2022,0,excluded_until_researcher_coding_rubric_is_documented,3716858,136,372,236,63,0.3659,0,GDP parsed from comma-formatted text to numeric. | WGI legacy value excluded because source file flagged this country-year for manual review.
Georgia,GEO,2004,party,2014,2017.0,2017.0,,0,0,0,-13,-13,1.544,2.416,1.529,2105,64.2,0,0,1,1,1,0,0,1,1,0,0,4314000,2022,0,0,0.0,0.0,1,1,1,0,-0.95,-1.27,retained_legacy_not_independently_reimported,2022,0,excluded_until_researcher_coding_rubric_is_documented,3716858,136,372,236,63,0.3659,0,GDP parsed from comma-formatted text to numeric.
Georgia,GEO,2005,party,2014,2017.0,2017.0,,0,0,0,-12,-12,3.299,4.073,3.502,2321.6,63.1,0,0,1,1,1,1,1,1,1,1,1,4311000,2022,0,0,0.0,0.0,1,1,1,0,-0.73,-1.18,retained_legacy_not_independently_reimported,2022,0,excluded_until_researcher_coding_rubric_is_documented,3716858,136,372,236,63,0.3659,0,GDP parsed from comma-formatted text to numeric.
Georgia,GEO,2006,party,2014,2017.0,2017.0,,0,0,0,-11,-11,2.081,5.73,4.179,2554.81,62.1,0,0,1,1,1,1,1,1,1,1,1,4311000,2022,0,0,0.0,0.0,1,1,1,0,-0.42,-0.78,retained_legacy_not_independently_reimported,2022,0,excluded_until_researcher_coding_rubric_is_documented,3716858,136,372,236,63,0.3659,0,GDP parsed from comma-formatted text to numeric.
Georgia,GEO,2007,party,2014,2017.0,2017.0,,0,0,0,-10,-10,2.1,5.419,3.932,2891.14,61.0,0,0,1,1,1,1,1,1,1,1,1,4313000,2022,0,0,1.0,0.0,1,1,1,0,0.21,-0.59,retained_legacy_not_independently_reimported,2022,0,excluded_until_researcher_coding_rubric_is_documented,3716858,136,372,236,63,0.3659,0,GDP parsed from comma-formatted text to numeric.
Georgia,GEO,2008,party,2014,2017.0,2017.0,,0,0,0,-9,-9,2.023,5.125,2.537,2970.16,60.7,0,0,1,1,1,1,1,1,1,1,1,4318000,2022,0,0,1.0,0.0,1,1,1,0,0.52,-0.45,retained_legacy_not_independently_reimported,2022,0,excluded_until_researcher_coding_rubric_is_documented,3716858,136,372,236,63,0.3659,0,GDP parsed from comma-formatted text to numeric.
Georgia,GEO,2009,party,2014,2017.0,2017.0,,0,0,0,-8,-8,1.569,4.159,2.143,2887.26,60.9,0,0,1,1,1,1,1,1,1,1,1,4321000,2022,0,0,1.0,0.0,1,1,1,0,0.51,-0.34,retained_legacy_not_independently_reimported,2022,0,excluded_until_researcher_coding_rubric_is_documented,3716858,136,372,236,63,0.3659,0,GDP parsed from comma-formatted text to numeric.
Georgia,GEO,2010,party,2014,2017.0,2017.0,,0,0,0,-7,-7,1.338,4.235,2.105,3090.07,60.4,0,0,1,1,1,1,1,1,1,1,1,4329000,2022,0,0,1.0,0.0,1,1,1,0,0.56,-0.35,retained_legacy_not_independently_reimported,2022,0,excluded_until_researcher_coding_rubric_is_documented,3716858,136,372,236,63,0.3659,0,GDP parsed from comma-formatted text to numeric.
Georgia,GEO,2011,party,2014,2017.0,2017.0,,0,0,0,-6,-6,,,,3362.1,59.8,0,0,1,1,0,0,0,1,0,0,0,4338000,2022,0,0,1.0,0.0,1,1,1,0,0.99,-0.2,retained_legacy_not_independently_reimported,2022,0,excluded_until_researcher_coding_rubric_is_documented,3716858,136,372,236,63,0.3659,0,GDP parsed from comma-formatted text to numeric.
Georgia,GEO,2012,party,2014,2017.0,2017.0,,0,0,0,-5,-5,,,,3609.78,59.3,0,0,1,1,0,0,0,1,0,0,0,4497000,2022,0,0,1.0,0.0,1,1,1,0,1.07,-0.01,retained_legacy_not_independently_reimported,2022,0,excluded_until_researcher_coding_rubric_is_documented,3716858,136,372,236,63,0.3659,0,GDP parsed from comma-formatted text to numeric.
Georgia,GEO,2013,party,2014,2017.0,2017.0,,0,0,0,-4,-4,,,,3806.51,59.0,0,0,1,1,0,0,0,1,0,0,0,4478000,2022,0,0,1.0,0.0,1,1,1,0,1.03,0.01,retained_legacy_not_independently_reimported,2022,0,excluded_until_researcher_coding_rubric_is_documented,3716858,136,372,236,63,0.3659,0,GDP parsed from comma-formatted text to numeric.
Georgia,GEO,2014,party,2014,2017.0,2017.0,,0,0,0,-3,-3,1.653,3.454,1.081,3960.35,58.8,0,0,1,1,1,1,1,1,1,1,1,4461000,2022,0,0,1.0,0.0,1,1,1,0,0.72,0.38,retained_legacy_not_independently_reimported,2022,0,excluded_until_researcher_coding_rubric_is_documented,3716858,136,372,236,63,0.3659,0,GDP parsed from comma-formatted text to numeric.
Georgia,GEO,2015,party,2014,2017.0,2017.0,,0,0,0,-2,-2,,,,4086.62,58.7,0,0,1,1,0,0,0,1,0,0,0,4445000,2022,0,0,1.0,0.0,1,1,1,0,0.47,0.38,retained_legacy_not_independently_reimported,2022,0,excluded_until_researcher_coding_rubric_is_documented,3716858,136,372,236,63,0.3659,0,GDP parsed from comma-formatted text to numeric.
Georgia,GEO,2016,party,2014,2017.0,2017.0,,0,0,0,-1,-1,1.679,,,4225.09,58.6,0,0,1,1,1,0,0,1,1,0,0,4429000,2022,0,0,1.0,0.0,1,1,1,0,0.73,0.58,retained_legacy_not_independently_reimported,2022,0,excluded_until_researcher_coding_rubric_is_documented,3716858,136,372,236,63,0.3659,0,GDP parsed from comma-formatted text to numeric.
Georgia,GEO,2017,party,2014,2017.0,2017.0,,1,1,1,0,0,1.037,,,4442.51,58.4,0,0,1,1,1,0,0,1,1,0,0,4411000,2022,0,0,1.0,0.0,1,1,1,0,0.83,0.45,retained_legacy_not_independently_reimported,2022,0,excluded_until_researcher_coding_rubric_is_documented,3716858,136,372,236,63,0.3659,0,GDP parsed from comma-formatted text to numeric.
Georgia,GEO,2018,party,2014,2017.0,2017.0,,1,1,1,1,1,1.085,10.672,2.53,4713.65,55.7,0,0,1,1,1,1,1,1,1,1,1,3723000,2022,0,0,1.0,0.0,1,1,1,0,0.89,0.47,retained_legacy_not_independently_reimported,2022,0,excluded_until_researcher_coding_rubric_is_documented,3716858,136,372,236,63,0.3659,0,GDP parsed from comma-formatted text to numeric.
Georgia,GEO,2019,party,2014,2017.0,2017.0,,1,1,1,2,2,0.937,11.089,3.134,4975.81,54.7,0,0,1,1,1,1,1,1,1,1,1,3717000,2022,0,0,1.0,0.0,1,1,1,0,1.32,0.43,retained_legacy_not_independently_reimported,2022,0,excluded_until_researcher_coding_rubric_is_documented,3716858,136,372,236,63,0.3659,0,GDP parsed from comma-formatted text to numeric.
Georgia,GEO,2020,party,2014,2017.0,2017.0,,1,1,1,3,3,1.183,,,4659.61,55.2,0,0,1,1,1,0,0,1,1,0,0,3714000,2022,0,0,1.0,0.0,1,1,1,0,1.23,0.38,retained_legacy_not_independently_reimported,2022,0,excluded_until_researcher_coding_rubric_is_documented,3716858,136,372,236,63,0.3659,0,GDP parsed from comma-formatted text to numeric.
Georgia,GEO,2021,party,2014,2017.0,2017.0,,1,1,1,4,4,,,,5175.2,53.1,0,0,1,1,0,0,0,1,0,0,0,3729000,2022,0,0,1.0,0.0,1,1,1,0,1.06,0.25,retained_legacy_not_independently_reimported,2022,0,excluded_until_researcher_coding_rubric_is_documented,3716858,136,372,236,63,0.3659,0,GDP parsed from comma-formatted text to numeric.
Georgia,GEO,2022,party,2014,2017.0,2017.0,,1,1,1,5,5,,,,5736.3,55.8,0,0,1,1,0,0,0,1,0,0,0,3750000,2022,1,0,1.0,0.0,1,1,1,0,0.91,0.24,retained_legacy_not_independently_reimported,2022,1,excluded_until_researcher_coding_rubric_is_documented,3716858,136,372,236,63,0.3659,0,GDP parsed from comma-formatted text to numeric.
Georgia,GEO,2023,party,2014,2017.0,2017.0,,1,1,1,6,6,,,,6180.62,56.3,0,0,1,1,0,0,0,1,0,0,0,3760000,2022,1,0,1.0,1.0,1,1,1,0,0.55,0.12,retained_legacy_not_independently_reimported,2022,1,excluded_until_researcher_coding_rubric_is_documented,3716858,136,372,236,63,0.3659,0,GDP parsed from comma-formatted text to numeric. | UNODC outcome values preserved from source dataset; not silently imputed or replaced.
Greece,GRC,1990,party,2011,2018.0,2018.0,,0,0,0,-28,-28,0.633,,,15438.79,35.5,0,0,1,1,0,0,0,0,0,0,0,10161000,2023,0,0,0.0,0.0,1,1,1,0,,,retained_legacy_not_independently_reimported,2023,0,excluded_until_researcher_coding_rubric_is_documented,10718565,450,1072,622,58,0.419832,0,GDP parsed from comma-formatted text to numeric. | GREVIO baseline publication year corrected to 2023 from official CoE page.
Greece,GRC,1991,party,2011,2018.0,2018.0,,0,0,0,-27,-27,0.801,,,15727.47,33.3,0,0,1,1,0,0,0,0,0,0,0,10200000,2023,0,0,0.0,0.0,1,1,1,0,,,retained_legacy_not_independently_reimported,2023,0,excluded_until_researcher_coding_rubric_is_documented,10718565,450,1072,622,58,0.419832,0,GDP parsed from comma-formatted text to numeric. | GREVIO baseline publication year corrected to 2023 from official CoE page.
Greece,GRC,1992,party,2011,2018.0,2018.0,,0,0,0,-26,-26,0.574,,,15717.05,34.6,0,0,1,1,0,0,0,0,0,0,0,10259000,2023,0,0,0.0,0.0,1,1,1,0,,,retained_legacy_not_independently_reimported,2023,0,excluded_until_researcher_coding_rubric_is_documented,10718565,450,1072,622,58,0.419832,0,GDP parsed from comma-formatted text to numeric. | GREVIO baseline publication year corrected to 2023 from official CoE page.
Greece,GRC,1993,party,2011,2018.0,2018.0,,0,0,0,-25,-25,0.746,,,15374.86,34.8,0,0,1,1,0,0,0,0,0,0,0,10319000,2023,0,0,0.0,0.0,1,1,1,0,,,retained_legacy_not_independently_reimported,2023,0,excluded_until_researcher_coding_rubric_is_documented,10718565,450,1072,622,58,0.419832,0,GDP parsed from comma-formatted text to numeric. | GREVIO baseline publication year corrected to 2023 from official CoE page.
Greece,GRC,1994,party,2011,2018.0,2018.0,,0,0,0,-24,-24,0.568,,,15604.03,35.4,0,0,1,1,0,0,0,0,0,0,0,10397000,2023,0,0,0.0,0.0,1,1,1,0,,,retained_legacy_not_independently_reimported,2023,0,excluded_until_researcher_coding_rubric_is_documented,10718565,450,1072,622,58,0.419832,0,GDP parsed from comma-formatted text to numeric. | GREVIO baseline publication year corrected to 2023 from official CoE page.
Greece,GRC,1995,party,2011,2018.0,2018.0,,0,0,0,-23,-23,0.814,,,15857.42,36.0,0,0,1,1,0,0,0,0,0,0,0,10470000,2023,0,0,0.0,0.0,1,1,1,0,,,retained_legacy_not_independently_reimported,2023,0,excluded_until_researcher_coding_rubric_is_documented,10718565,450,1072,622,58,0.419832,0,GDP parsed from comma-formatted text to numeric. | GREVIO baseline publication year corrected to 2023 from official CoE page.
Greece,GRC,1996,party,2011,2018.0,2018.0,,0,0,0,-22,-22,1.006,,,16005.95,37.2,0,0,1,1,0,0,0,1,0,0,0,10530000,2023,0,0,0.0,0.0,1,1,1,0,1.42,1.79,retained_legacy_not_independently_reimported,2023,0,excluded_until_researcher_coding_rubric_is_documented,10718565,450,1072,622,58,0.419832,0,GDP parsed from comma-formatted text to numeric. | GREVIO baseline publication year corrected to 2023 from official CoE page.
Greece,GRC,1997,party,2011,2018.0,2018.0,,0,0,0,-21,-21,0.722,,,16501.03,37.2,0,0,1,1,0,0,0,0,0,0,0,10573000,2023,0,0,0.0,0.0,1,1,1,0,,,retained_legacy_not_independently_reimported,2023,0,excluded_until_researcher_coding_rubric_is_documented,10718565,450,1072,622,58,0.419832,0,GDP parsed from comma-formatted text to numeric. | GREVIO baseline publication year corrected to 2023 from official CoE page.
Greece,GRC,1998,party,2011,2018.0,2018.0,,0,0,0,-20,-20,0.79,,,16973.83,39.0,0,0,1,1,0,0,0,1,0,0,0,10599000,2023,0,0,0.0,0.0,1,1,1,0,1.25,1.32,retained_legacy_not_independently_reimported,2023,0,excluded_until_researcher_coding_rubric_is_documented,10718565,450,1072,622,58,0.419832,0,GDP parsed from comma-formatted text to numeric. | GREVIO baseline publication year corrected to 2023 from official CoE page.
Greece,GRC,1999,party,2011,2018.0,2018.0,,0,0,0,-19,-19,0.746,,,17358.43,39.5,0,0,1,1,0,0,0,0,0,0,0,10609000,2023,0,0,0.0,0.0,1,1,1,0,,,retained_legacy_not_independently_reimported,2023,0,excluded_until_researcher_coding_rubric_is_documented,10718565,450,1072,622,58,0.419832,0,GDP parsed from comma-formatted text to numeric. | GREVIO baseline publication year corrected to 2023 from official CoE page.
Greece,GRC,2000,party,2011,2018.0,2018.0,,0,0,0,-18,-18,,,,18002.91,39.5,0,0,1,1,0,0,0,1,0,0,0,10917000,2023,0,0,0.0,0.0,1,1,1,0,1,1.46,retained_legacy_not_independently_reimported,2023,0,excluded_until_researcher_coding_rubric_is_documented,10718565,450,1072,622,58,0.419832,0,GDP parsed from comma-formatted text to numeric. | GREVIO baseline publication year corrected to 2023 from official CoE page.
Greece,GRC,2001,party,2011,2018.0,2018.0,,0,0,0,-17,-17,0.648,,,18742.42,38.7,0,0,1,1,1,0,0,0,0,0,0,10951000,2023,0,0,0.0,0.0,1,1,1,0,,,retained_legacy_not_independently_reimported,2023,0,excluded_until_researcher_coding_rubric_is_documented,10718565,450,1072,622,58,0.419832,0,GDP parsed from comma-formatted text to numeric. | GREVIO baseline publication year corrected to 2023 from official CoE page.
Greece,GRC,2002,party,2011,2018.0,2018.0,,0,0,0,-16,-16,0.426,,,19548.37,39.3,0,0,1,1,1,0,0,1,1,0,0,10994000,2023,0,0,0.0,0.0,1,1,1,0,1.32,1.23,retained_legacy_not_independently_reimported,2023,0,excluded_until_researcher_coding_rubric_is_documented,10718565,450,1072,622,58,0.419832,0,GDP parsed from comma-formatted text to numeric. | GREVIO baseline publication year corrected to 2023 from official CoE page.
Greece,GRC,2003,party,2011,2018.0,2018.0,,0,0,0,-15,-15,0.597,8.234,2.116,20632.26,39.9,0,0,1,1,1,0,0,1,1,0,0,11017000,2023,0,0,0.0,0.0,1,1,1,0,1.2,1.34,retained_legacy_not_independently_reimported,2023,0,excluded_until_researcher_coding_rubric_is_documented,10718565,450,1072,622,58,0.419832,0,GDP parsed from comma-formatted text to numeric. | GREVIO baseline publication year corrected to 2023 from official CoE page.
Greece,GRC,2004,party,2011,2018.0,2018.0,,0,0,0,-14,-14,0.535,5.718,2.192,21688.11,41.0,0,0,1,1,1,0,0,1,1,0,0,11041000,2023,0,0,0.0,0.0,1,1,1,0,1.34,1.53,retained_legacy_not_independently_reimported,2023,0,excluded_until_researcher_coding_rubric_is_documented,10718565,450,1072,622,58,0.419832,0,GDP parsed from comma-formatted text to numeric. | GREVIO baseline publication year corrected to 2023 from official CoE page.
Greece,GRC,2005,party,2011,2018.0,2018.0,,0,0,0,-13,-13,0.797,5.764,1.612,21880.53,41.3,0,0,1,1,1,1,1,1,1,1,1,11083000,2023,0,0,0.0,0.0,1,1,1,0,1.21,1.33,retained_legacy_not_independently_reimported,2023,0,excluded_until_researcher_coding_rubric_is_documented,10718565,450,1072,622,58,0.419832,0,GDP parsed from comma-formatted text to numeric. | GREVIO baseline publication year corrected to 2023 from official CoE page.
Greece,GRC,2006,party,2011,2018.0,2018.0,,0,0,0,-12,-12,0.394,6.309,1.652,23220.53,41.6,0,0,1,1,1,1,1,1,1,1,1,11125000,2023,0,0,0.0,0.0,1,1,1,0,1.07,1.47,retained_legacy_not_independently_reimported,2023,0,excluded_until_researcher_coding_rubric_is_documented,10718565,450,1072,622,58,0.419832,0,GDP parsed from comma-formatted text to numeric. | GREVIO baseline publication year corrected to 2023 from official CoE page.
Greece,GRC,2007,party,2011,2018.0,2018.0,,0,0,0,-11,-11,0.624,5.025,1.675,23973.69,41.5,0,0,1,1,1,1,1,1,1,1,1,11171000,2023,0,0,0.0,0.0,1,1,1,0,0.94,1.46,retained_legacy_not_independently_reimported,2023,0,excluded_until_researcher_coding_rubric_is_documented,10718565,450,1072,622,58,0.419832,0,GDP parsed from comma-formatted text to numeric. | GREVIO baseline publication year corrected to 2023 from official CoE page.
Greece,GRC,2008,party,2011,2018.0,2018.0,,0,0,0,-10,-10,0.585,6.157,2.094,23923.88,41.5,0,0,1,1,1,1,1,1,1,1,1,11215000,2023,0,0,1.0,0.0,1,1,1,0,0.98,1.45,retained_legacy_not_independently_reimported,2023,0,excluded_until_researcher_coding_rubric_is_documented,10718565,450,1072,622,58,0.419832,0,GDP parsed from comma-formatted text to numeric. | GREVIO baseline publication year corrected to 2023 from official CoE page.
Greece,GRC,2009,party,2011,2018.0,2018.0,,0,0,0,-9,-9,0.442,8.318,1.918,22878.13,42.6,0,0,1,1,1,1,1,1,1,1,1,11258000,2023,0,0,1.0,0.0,1,1,1,0,1.05,1.1,retained_legacy_not_independently_reimported,2023,0,excluded_until_researcher_coding_rubric_is_documented,10718565,450,1072,622,58,0.419832,0,GDP parsed from comma-formatted text to numeric. | GREVIO baseline publication year corrected to 2023 from official CoE page.
Greece,GRC,2010,party,2011,2018.0,2018.0,,0,0,0,-8,-8,0.599,4.593,1.933,21547.72,43.2,0,0,1,1,1,1,1,1,1,1,1,11254000,2023,0,0,1.0,0.0,1,1,1,0,0.84,0.99,retained_legacy_not_independently_reimported,2023,0,excluded_until_researcher_coding_rubric_is_documented,10718565,450,1072,622,58,0.419832,0,GDP parsed from comma-formatted text to numeric. | GREVIO baseline publication year corrected to 2023 from official CoE page.
Greece,GRC,2011,party,2011,2018.0,2018.0,,0,0,0,-7,-7,0.563,3.916,1.548,19448.26,43.1,0,0,1,1,1,1,1,1,1,1,1,10816000,2023,0,0,1.0,0.0,1,1,1,0,0.77,0.91,retained_legacy_not_independently_reimported,2023,0,excluded_until_researcher_coding_rubric_is_documented,10718565,450,1072,622,58,0.419832,0,GDP parsed from comma-formatted text to numeric. | GREVIO baseline publication year corrected to 2023 from official CoE page.
Greece,GRC,2012,party,2011,2018.0,2018.0,,0,0,0,-6,-6,0.688,4.399,1.512,17924.66,43.4,0,0,1,1,1,1,1,1,1,1,1,10816000,2023,0,0,1.0,0.0,1,1,1,0,0.47,0.66,retained_legacy_not_independently_reimported,2023,0,excluded_until_researcher_coding_rubric_is_documented,10718565,450,1072,622,58,0.419832,0,GDP parsed from comma-formatted text to numeric. | GREVIO baseline publication year corrected to 2023 from official CoE page.
Greece,GRC,2013,party,2011,2018.0,2018.0,,0,0,0,-5,-5,0.886,4.267,1.359,17644.88,43.2,0,0,1,1,1,1,1,1,1,1,1,10815000,2023,0,0,1.0,0.0,1,1,1,0,0.61,0.79,retained_legacy_not_independently_reimported,2023,0,excluded_until_researcher_coding_rubric_is_documented,10718565,450,1072,622,58,0.419832,0,GDP parsed from comma-formatted text to numeric. | GREVIO baseline publication year corrected to 2023 from official CoE page.
Greece,GRC,2014,party,2011,2018.0,2018.0,,0,0,0,-4,-4,0.48,4.278,1.23,17903.53,43.5,0,0,1,1,1,1,1,1,1,1,1,10814000,2023,0,0,1.0,0.0,1,1,1,0,0.51,0.64,retained_legacy_not_independently_reimported,2023,0,excluded_until_researcher_coding_rubric_is_documented,10718565,450,1072,622,58,0.419832,0,GDP parsed from comma-formatted text to numeric. | GREVIO baseline publication year corrected to 2023 from official CoE page.
Greece,GRC,2015,party,2011,2018.0,2018.0,,0,0,0,-3,-3,0.536,5.12,1.127,17980.73,44.0,0,0,1,1,1,1,1,1,1,1,1,10812000,2023,0,0,1.0,0.0,1,1,1,0,0.26,0.44,retained_legacy_not_independently_reimported,2023,0,excluded_until_researcher_coding_rubric_is_documented,10718565,450,1072,622,58,0.419832,0,GDP parsed from comma-formatted text to numeric. | GREVIO baseline publication year corrected to 2023 from official CoE page.
Greece,GRC,2016,party,2011,2018.0,2018.0,,0,0,0,-2,-2,0.467,4.575,1.438,18049.93,44.1,0,0,1,1,1,1,1,1,1,1,1,10746000,2023,0,0,1.0,0.0,1,1,1,0,0.22,0.2,retained_legacy_not_independently_reimported,2023,0,excluded_until_researcher_coding_rubric_is_documented,10718565,450,1072,622,58,0.419832,0,GDP parsed from comma-formatted text to numeric. | GREVIO baseline publication year corrected to 2023 from official CoE page.
Greece,GRC,2017,party,2011,2018.0,2018.0,,0,0,0,-1,-1,0.414,4.213,1.451,18352.09,43.8,0,0,1,1,1,1,1,1,1,1,1,10768000,2023,0,0,1.0,0.0,1,1,1,0,0.42,0.09,retained_legacy_not_independently_reimported,2023,0,excluded_until_researcher_coding_rubric_is_documented,10718565,450,1072,622,58,0.419832,0,GDP parsed from comma-formatted text to numeric. | GREVIO baseline publication year corrected to 2023 from official CoE page.
Greece,GRC,2018,party,2011,2018.0,2018.0,,1,1,1,0,0,0.523,3.942,1.463,18769.04,43.4,0,0,1,1,1,1,1,1,1,1,1,10730000,2023,0,0,1.0,0.0,1,1,1,0,0.45,0.2,retained_legacy_not_independently_reimported,2023,0,excluded_until_researcher_coding_rubric_is_documented,10718565,450,1072,622,58,0.419832,0,GDP parsed from comma-formatted text to numeric. | GREVIO baseline publication year corrected to 2023 from official CoE page.
Greece,GRC,2019,party,2011,2018.0,2018.0,,1,1,1,1,1,0.344,2.827,1.698,19216.68,43.5,0,0,1,1,1,1,1,1,1,1,1,10718000,2023,0,0,1.0,0.0,1,1,1,0,0.54,0.27,retained_legacy_not_independently_reimported,2023,0,excluded_until_researcher_coding_rubric_is_documented,10718565,450,1072,622,58,0.419832,0,GDP parsed from comma-formatted text to numeric. | GREVIO baseline publication year corrected to 2023 from official CoE page.
Greece,GRC,2020,party,2011,2018.0,2018.0,,1,1,1,2,2,0.345,5.075,1.608,17486.95,42.7,0,0,1,1,1,1,1,1,1,1,1,10714000,2023,0,0,1.0,0.0,1,1,1,0,0.7,0.5,retained_legacy_not_independently_reimported,2023,0,excluded_until_researcher_coding_rubric_is_documented,10718565,450,1072,622,58,0.419832,0,GDP parsed from comma-formatted text to numeric. | GREVIO baseline publication year corrected to 2023 from official CoE page.
Greece,GRC,2021,party,2011,2018.0,2018.0,,1,1,1,3,3,0.605,9.131,2.448,19232.97,43.3,0,0,1,1,1,1,1,1,1,1,1,10678000,2023,0,0,1.0,0.0,1,1,1,0,0.7,0.55,retained_legacy_not_independently_reimported,2023,0,excluded_until_researcher_coding_rubric_is_documented,10718565,450,1072,622,58,0.419832,0,GDP parsed from comma-formatted text to numeric. | GREVIO baseline publication year corrected to 2023 from official CoE page.
Greece,GRC,2022,party,2011,2018.0,2018.0,,1,1,1,4,4,0.838,10.564,3.198,20552.32,44.4,0,0,1,1,1,1,1,1,1,1,1,10433000,2023,0,0,1.0,0.0,1,1,1,0,0.63,0.46,retained_legacy_not_independently_reimported,2023,0,excluded_until_researcher_coding_rubric_is_documented,10718565,450,1072,622,58,0.419832,0,GDP parsed from comma-formatted text to numeric. | GREVIO baseline publication year corrected to 2023 from official CoE page.
Greece,GRC,2023,party,2011,2018.0,2018.0,,1,1,1,5,5,0.341,10.222,2.861,21050.86,44.6,0,0,1,1,1,1,1,1,1,1,1,10394000,2023,1,1,1.0,0.0,1,1,1,0,0.1,0.15,retained_legacy_not_independently_reimported,2023,1,excluded_until_researcher_coding_rubric_is_documented,10718565,450,1072,622,58,0.419832,0,GDP parsed from comma-formatted text to numeric. | GREVIO baseline publication year corrected to 2023 from official CoE page. | UNODC outcome values preserved from source dataset; not silently imputed or replaced.
Croatia,HRV,1990,party,2013,2018.0,2018.0,,0,0,0,-28,-28,1.724,,,9754.65,47.3,0,0,1,1,0,0,0,0,0,0,0,4784000,2023,0,0,0.0,0.0,1,1,1,0,,,retained_legacy_not_independently_reimported,2023,0,excluded_until_researcher_coding_rubric_is_documented,4058165,301,406,105,26,0.741715,0,GDP parsed from comma-formatted text to numeric. | GREVIO baseline publication year corrected to 2023 from official CoE page.
Croatia,HRV,1991,party,2013,2018.0,2018.0,,0,0,0,-27,-27,4.951,,,7842.55,46.6,0,0,1,1,0,0,0,0,0,0,0,4760000,2023,0,0,0.0,0.0,1,1,1,0,,,retained_legacy_not_independently_reimported,2023,0,excluded_until_researcher_coding_rubric_is_documented,4058165,301,406,105,26,0.741715,0,GDP parsed from comma-formatted text to numeric. | GREVIO baseline publication year corrected to 2023 from official CoE page.
Croatia,HRV,1992,party,2013,2018.0,2018.0,,0,0,0,-26,-26,3.812,,,7095.23,46.3,0,0,1,1,0,0,0,0,0,0,0,4757000,2023,0,0,0.0,0.0,1,1,1,0,,,retained_legacy_not_independently_reimported,2023,0,excluded_until_researcher_coding_rubric_is_documented,4058165,301,406,105,26,0.741715,0,GDP parsed from comma-formatted text to numeric. | GREVIO baseline publication year corrected to 2023 from official CoE page.
Croatia,HRV,1993,party,2013,2018.0,2018.0,,0,0,0,-25,-25,2.255,,,6490.83,46.0,0,0,1,1,0,0,0,0,0,0,0,4784000,2023,0,0,0.0,0.0,1,1,1,0,,,retained_legacy_not_independently_reimported,2023,0,excluded_until_researcher_coding_rubric_is_documented,4058165,301,406,105,26,0.741715,0,GDP parsed from comma-formatted text to numeric. | GREVIO baseline publication year corrected to 2023 from official CoE page.
Croatia,HRV,1994,party,2013,2018.0,2018.0,,0,0,0,-24,-24,1.266,,,6795.71,45.7,0,0,1,1,0,0,0,0,0,0,0,4669000,2023,0,0,0.0,0.0,1,1,1,0,,,retained_legacy_not_independently_reimported,2023,0,excluded_until_researcher_coding_rubric_is_documented,4058165,301,406,105,26,0.741715,0,GDP parsed from comma-formatted text to numeric. | GREVIO baseline publication year corrected to 2023 from official CoE page.
Croatia,HRV,1995,party,2013,2018.0,2018.0,,0,0,0,-23,-23,1.881,,,7304.71,45.4,0,0,1,1,0,0,0,0,0,0,0,4640000,2023,0,0,0.0,0.0,1,1,1,0,,,retained_legacy_not_independently_reimported,2023,0,excluded_until_researcher_coding_rubric_is_documented,4058165,301,406,105,26,0.741715,0,GDP parsed from comma-formatted text to numeric. | GREVIO baseline publication year corrected to 2023 from official CoE page.
Croatia,HRV,1996,party,2013,2018.0,2018.0,,0,0,0,-22,-22,1.624,,,7857.99,45.1,0,0,1,1,0,0,0,1,0,0,0,4619000,2023,0,0,0.0,0.0,1,1,1,0,0.17,-1.08,retained_legacy_not_independently_reimported,2023,0,excluded_until_researcher_coding_rubric_is_documented,4058165,301,406,105,26,0.741715,0,GDP parsed from comma-formatted text to numeric. | GREVIO baseline publication year corrected to 2023 from official CoE page.
Croatia,HRV,1997,party,2013,2018.0,2018.0,,0,0,0,-21,-21,1.341,,,8383.47,44.9,0,0,1,1,0,0,0,0,0,0,0,4571000,2023,0,0,0.0,0.0,1,1,1,0,,,retained_legacy_not_independently_reimported,2023,0,excluded_until_researcher_coding_rubric_is_documented,4058165,301,406,105,26,0.741715,0,GDP parsed from comma-formatted text to numeric. | GREVIO baseline publication year corrected to 2023 from official CoE page.
Croatia,HRV,1998,party,2013,2018.0,2018.0,,0,0,0,-20,-20,1.494,,,8577.51,44.7,0,0,1,1,0,0,0,1,0,0,0,4501000,2023,0,0,0.0,0.0,1,1,1,0,0.06,-0.69,retained_legacy_not_independently_reimported,2023,0,excluded_until_researcher_coding_rubric_is_documented,4058165,301,406,105,26,0.741715,0,GDP parsed from comma-formatted text to numeric. | GREVIO baseline publication year corrected to 2023 from official CoE page.
Croatia,HRV,1999,party,2013,2018.0,2018.0,,0,0,0,-19,-19,1.256,,,8541.53,44.5,0,0,1,1,0,0,0,0,0,0,0,4471000,2023,0,0,0.0,0.0,1,1,1,0,,,retained_legacy_not_independently_reimported,2023,0,excluded_until_researcher_coding_rubric_is_documented,4058165,301,406,105,26,0.741715,0,GDP parsed from comma-formatted text to numeric. | GREVIO baseline publication year corrected to 2023 from official CoE page.
Croatia,HRV,2000,party,2013,2018.0,2018.0,,0,0,0,-18,-18,1.432,,,8880.27,44.4,0,0,1,1,1,0,0,1,1,0,0,4426000,2023,0,0,0.0,0.0,1,1,1,0,0.62,-0.05,retained_legacy_not_independently_reimported,2023,0,excluded_until_researcher_coding_rubric_is_documented,4058165,301,406,105,26,0.741715,0,GDP parsed from comma-formatted text to numeric. | GREVIO baseline publication year corrected to 2023 from official CoE page.
Croatia,HRV,2001,party,2013,2018.0,2018.0,,0,0,0,-17,-17,1.25,,,9515.74,44.3,0,0,1,1,1,0,0,0,0,0,0,4440000,2023,0,0,0.0,0.0,1,1,1,0,,,retained_legacy_not_independently_reimported,2023,0,excluded_until_researcher_coding_rubric_is_documented,4058165,301,406,105,26,0.741715,0,GDP parsed from comma-formatted text to numeric. | GREVIO baseline publication year corrected to 2023 from official CoE page.
Croatia,HRV,2002,party,2013,2018.0,2018.0,,0,0,0,-16,-16,1.413,,,10062.04,44.1,0,0,1,1,1,0,0,1,1,0,0,4443000,2023,0,0,0.0,0.0,1,1,1,0,0.56,-0.25,retained_legacy_not_independently_reimported,2023,0,excluded_until_researcher_coding_rubric_is_documented,4058165,301,406,105,26,0.741715,0,GDP parsed from comma-formatted text to numeric. | GREVIO baseline publication year corrected to 2023 from official CoE page.
Croatia,HRV,2003,party,2013,2018.0,2018.0,,0,0,0,-15,-15,0.985,12.748,4.946,10619.31,44.1,0,0,1,1,1,0,0,1,1,0,0,4442000,2023,0,0,0.0,0.0,1,1,1,0,0.54,-0.08,retained_legacy_not_independently_reimported,2023,0,excluded_until_researcher_coding_rubric_is_documented,4058165,301,406,105,26,0.741715,0,GDP parsed from comma-formatted text to numeric. | GREVIO baseline publication year corrected to 2023 from official CoE page.
Croatia,HRV,2004,party,2013,2018.0,2018.0,,0,0,0,-14,-14,1.652,11.253,3.828,11059.1,45.2,0,0,1,1,1,0,0,1,1,0,0,4436000,2023,0,0,0.0,0.0,1,1,1,0,0.76,0.07,retained_legacy_not_independently_reimported,2023,0,excluded_until_researcher_coding_rubric_is_documented,4058165,301,406,105,26,0.741715,0,GDP parsed from comma-formatted text to numeric. | GREVIO baseline publication year corrected to 2023 from official CoE page.
Croatia,HRV,2005,party,2013,2018.0,2018.0,,0,0,0,-13,-13,1.205,14.418,3.292,11522.79,45.4,0,0,1,1,1,1,1,1,1,1,1,4431000,2023,0,0,1.0,0.0,1,1,1,0,0.77,0.14,retained_legacy_not_independently_reimported,2023,0,excluded_until_researcher_coding_rubric_is_documented,4058165,301,406,105,26,0.741715,0,GDP parsed from comma-formatted text to numeric. | GREVIO baseline publication year corrected to 2023 from official CoE page.
Croatia,HRV,2006,party,2013,2018.0,2018.0,,0,0,0,-12,-12,1.428,14.134,4.333,12104.04,45.4,0,0,1,1,1,1,1,1,1,1,1,4440000,2023,0,0,1.0,0.0,1,1,1,0,0.94,-0.08,retained_legacy_not_independently_reimported,2023,0,excluded_until_researcher_coding_rubric_is_documented,4058165,301,406,105,26,0.741715,0,GDP parsed from comma-formatted text to numeric. | GREVIO baseline publication year corrected to 2023 from official CoE page.
Croatia,HRV,2007,party,2013,2018.0,2018.0,,0,0,0,-11,-11,1.071,15.779,3.754,12717.99,45.1,0,0,1,1,1,1,1,1,1,1,1,4435000,2023,0,0,1.0,0.0,1,1,1,0,0.78,0.07,retained_legacy_not_independently_reimported,2023,0,excluded_until_researcher_coding_rubric_is_documented,4058165,301,406,105,26,0.741715,0,GDP parsed from comma-formatted text to numeric. | GREVIO baseline publication year corrected to 2023 from official CoE page.
Croatia,HRV,2008,party,2013,2018.0,2018.0,,0,0,0,-10,-10,1.072,17.638,4.357,12970.44,45.7,0,0,1,1,1,1,1,1,1,1,1,4434000,2023,0,0,1.0,0.0,1,1,1,0,0.97,0.04,retained_legacy_not_independently_reimported,2023,0,excluded_until_researcher_coding_rubric_is_documented,4058165,301,406,105,26,0.741715,0,GDP parsed from comma-formatted text to numeric. | GREVIO baseline publication year corrected to 2023 from official CoE page.
Croatia,HRV,2009,party,2013,2018.0,2018.0,,0,0,0,-9,-9,1.073,15.265,2.993,12099.55,46.6,0,0,1,1,1,1,1,1,1,1,1,4429000,2023,0,0,1.0,0.0,1,1,1,0,1,0.07,retained_legacy_not_independently_reimported,2023,0,excluded_until_researcher_coding_rubric_is_documented,4058165,301,406,105,26,0.741715,0,GDP parsed from comma-formatted text to numeric. | GREVIO baseline publication year corrected to 2023 from official CoE page.
Croatia,HRV,2010,party,2013,2018.0,2018.0,,0,0,0,-8,-8,1.435,9.23,3.278,11965,46.0,0,0,1,1,1,1,1,1,1,1,1,4418000,2023,0,0,1.0,0.0,1,1,1,0,0.99,0.14,retained_legacy_not_independently_reimported,2023,0,excluded_until_researcher_coding_rubric_is_documented,4058165,301,406,105,26,0.741715,0,GDP parsed from comma-formatted text to numeric. | GREVIO baseline publication year corrected to 2023 from official CoE page.
Croatia,HRV,2011,party,2013,2018.0,2018.0,,0,0,0,-7,-7,0.946,8.83,2.85,11993.07,44.5,0,0,1,1,1,1,1,1,1,1,1,4290000,2023,0,0,1.0,0.0,1,1,1,0,0.85,0.19,retained_legacy_not_independently_reimported,2023,0,excluded_until_researcher_coding_rubric_is_documented,4058165,301,406,105,26,0.741715,0,GDP parsed from comma-formatted text to numeric. | GREVIO baseline publication year corrected to 2023 from official CoE page.
Croatia,HRV,2012,party,2013,2018.0,2018.0,,0,0,0,-6,-6,0.815,8.053,2.958,11780.47,44.5,0,0,1,1,1,1,1,1,1,1,1,4268000,2023,0,0,1.0,0.0,1,1,1,0,1.15,0.25,retained_legacy_not_independently_reimported,2023,0,excluded_until_researcher_coding_rubric_is_documented,4058165,301,406,105,26,0.741715,0,GDP parsed from comma-formatted text to numeric. | GREVIO baseline publication year corrected to 2023 from official CoE page.
Croatia,HRV,2013,party,2013,2018.0,2018.0,,0,0,0,-5,-5,0.954,13.577,6.459,11838.22,44.5,0,0,1,1,1,1,1,1,1,1,1,4256000,2023,0,0,1.0,0.0,1,1,1,0,1.15,0.3,retained_legacy_not_independently_reimported,2023,0,excluded_until_researcher_coding_rubric_is_documented,4058165,301,406,105,26,0.741715,0,GDP parsed from comma-formatted text to numeric. | GREVIO baseline publication year corrected to 2023 from official CoE page.
Croatia,HRV,2014,party,2013,2018.0,2018.0,,0,0,0,-4,-4,0.777,14.315,7.939,11862.76,46.3,0,0,1,1,1,1,1,1,1,1,1,4238000,2023,0,0,1.0,0.0,1,1,1,0,1.15,0.37,retained_legacy_not_independently_reimported,2023,0,excluded_until_researcher_coding_rubric_is_documented,4058165,301,406,105,26,0.741715,0,GDP parsed from comma-formatted text to numeric. | GREVIO baseline publication year corrected to 2023 from official CoE page.
Croatia,HRV,2015,party,2013,2018.0,2018.0,,0,0,0,-3,-3,0.692,14.461,6.167,12283.78,46.7,0,0,1,1,1,1,1,1,1,1,1,4203000,2023,0,0,1.0,0.0,1,1,1,0,0.79,0.22,retained_legacy_not_independently_reimported,2023,0,excluded_until_researcher_coding_rubric_is_documented,4058165,301,406,105,26,0.741715,0,GDP parsed from comma-formatted text to numeric. | GREVIO baseline publication year corrected to 2023 from official CoE page.
Croatia,HRV,2016,party,2013,2018.0,2018.0,,0,0,0,-2,-2,0.933,17.334,7.688,12848.42,45.1,0,0,1,1,1,1,1,1,1,1,1,4174000,2023,0,0,1.0,0.0,1,1,1,0,0.73,0.58,retained_legacy_not_independently_reimported,2023,0,excluded_until_researcher_coding_rubric_is_documented,4058165,301,406,105,26,0.741715,0,GDP parsed from comma-formatted text to numeric. | GREVIO baseline publication year corrected to 2023 from official CoE page.
Croatia,HRV,2017,party,2013,2018.0,2018.0,,0,0,0,-1,-1,0.851,12.135,6.031,13485.3,45.2,0,0,1,1,1,1,1,1,1,1,1,4154000,2023,0,0,1.0,0.0,1,1,1,0,0.92,0.53,retained_legacy_not_independently_reimported,2023,0,excluded_until_researcher_coding_rubric_is_documented,4058165,301,406,105,26,0.741715,0,GDP parsed from comma-formatted text to numeric. | GREVIO baseline publication year corrected to 2023 from official CoE page.
Croatia,HRV,2018,party,2013,2018.0,2018.0,,1,1,1,0,0,0.383,14.634,7.379,14060.99,45.0,0,0,1,1,1,1,1,1,1,1,1,4089000,2023,0,0,1.0,0.0,1,1,1,0,0.88,0.52,retained_legacy_not_independently_reimported,2023,0,excluded_until_researcher_coding_rubric_is_documented,4058165,301,406,105,26,0.741715,0,GDP parsed from comma-formatted text to numeric. | GREVIO baseline publication year corrected to 2023 from official CoE page.
Croatia,HRV,2019,party,2013,2018.0,2018.0,,1,1,1,1,1,0.678,21.524,11.84,14641.66,44.8,0,0,1,1,1,1,1,1,1,1,1,4066000,2023,0,0,1.0,0.0,1,1,1,0,0.79,0.6,retained_legacy_not_independently_reimported,2023,0,excluded_until_researcher_coding_rubric_is_documented,4058165,301,406,105,26,0.741715,0,GDP parsed from comma-formatted text to numeric. | GREVIO baseline publication year corrected to 2023 from official CoE page.
Croatia,HRV,2020,party,2013,2018.0,2018.0,,1,1,1,2,2,0.927,15.074,7.638,13545.49,44.4,0,0,1,1,1,1,1,1,1,1,1,4048000,2023,0,0,1.0,0.0,1,1,1,0,0.73,0.41,retained_legacy_not_independently_reimported,2023,0,excluded_until_researcher_coding_rubric_is_documented,4058165,301,406,105,26,0.741715,0,GDP parsed from comma-formatted text to numeric. | GREVIO baseline publication year corrected to 2023 from official CoE page.
Croatia,HRV,2021,party,2013,2018.0,2018.0,,1,1,1,3,3,0.688,22.703,11.492,15395.13,45.9,0,0,1,1,1,1,1,1,1,1,1,3900000,2023,0,0,1.0,0.0,1,1,1,0,0.95,0.48,retained_legacy_not_independently_reimported,2023,0,excluded_until_researcher_coding_rubric_is_documented,4058165,301,406,105,26,0.741715,0,GDP parsed from comma-formatted text to numeric. | GREVIO baseline publication year corrected to 2023 from official CoE page.
Croatia,HRV,2022,party,2013,2018.0,2018.0,,1,1,1,4,4,0.692,18.377,9.137,16618.11,47.0,0,0,1,1,1,1,1,1,1,1,1,3875000,2023,0,0,1.0,0.0,1,1,1,0,0.81,0.52,retained_legacy_not_independently_reimported,2023,0,excluded_until_researcher_coding_rubric_is_documented,4058165,301,406,105,26,0.741715,0,GDP parsed from comma-formatted text to numeric. | GREVIO baseline publication year corrected to 2023 from official CoE page.
Croatia,HRV,2023,party,2013,2018.0,2018.0,,1,1,1,5,5,,21.458,10.832,17225.15,47.1,0,0,1,1,0,1,1,1,0,1,1,3854000,2023,1,0,1.0,0.0,1,1,1,0,0.5,0.25,retained_legacy_not_independently_reimported,2023,1,excluded_until_researcher_coding_rubric_is_documented,4058165,301,406,105,26,0.741715,0,GDP parsed from comma-formatted text to numeric. | GREVIO baseline publication year corrected to 2023 from official CoE page. | UNODC outcome values preserved from source dataset; not silently imputed or replaced.
Hungary,HUN,1990,signed_not_ratified,2014,,,,0,0,0,,,1.284,,,8646.45,46.1,0,0,1,1,0,0,0,0,0,0,0,10375000,,0,0,0.0,0.0,1,1,0,0,,,retained_legacy_not_independently_reimported,,0,excluded_until_researcher_coding_rubric_is_documented,9769526,348,977,629,64,0.35621,0,GDP parsed from comma-formatted text to numeric.
Hungary,HUN,1991,signed_not_ratified,2014,,,,0,0,0,,,2.149,,,7618.64,45.6,0,0,1,1,0,0,0,0,0,0,0,10346000,,0,0,0.0,0.0,1,1,0,0,,,retained_legacy_not_independently_reimported,,0,excluded_until_researcher_coding_rubric_is_documented,9769526,348,977,629,64,0.35621,0,GDP parsed from comma-formatted text to numeric.
Hungary,HUN,1992,signed_not_ratified,2014,,,,0,0,0,,,2.114,,,7388.08,45.5,0,0,1,1,0,0,0,0,0,0,0,10324000,,0,0,0.0,0.0,1,1,0,0,,,retained_legacy_not_independently_reimported,,0,excluded_until_researcher_coding_rubric_is_documented,9769526,348,977,629,64,0.35621,0,GDP parsed from comma-formatted text to numeric.
Hungary,HUN,1993,signed_not_ratified,2014,,,,0,0,0,,,2.177,,,7353.9,45.4,0,0,1,1,0,0,0,0,0,0,0,10294000,,0,0,0.0,0.0,1,1,0,0,,,retained_legacy_not_independently_reimported,,0,excluded_until_researcher_coding_rubric_is_documented,9769526,348,977,629,64,0.35621,0,GDP parsed from comma-formatted text to numeric.
Hungary,HUN,1994,signed_not_ratified,2014,,,,0,0,0,,,1.827,,,7581,45.3,0,0,1,1,0,0,0,0,0,0,0,10261000,,0,0,0.0,0.0,1,1,0,0,,,retained_legacy_not_independently_reimported,,0,excluded_until_researcher_coding_rubric_is_documented,9769526,348,977,629,64,0.35621,0,GDP parsed from comma-formatted text to numeric.
Hungary,HUN,1995,signed_not_ratified,2014,,,,0,0,0,,,1.815,,,7704.64,45.3,0,0,1,1,0,0,0,0,0,0,0,10229000,,0,0,0.0,0.0,1,1,0,0,,,retained_legacy_not_independently_reimported,,0,excluded_until_researcher_coding_rubric_is_documented,9769526,348,977,629,64,0.35621,0,GDP parsed from comma-formatted text to numeric.
Hungary,HUN,1996,signed_not_ratified,2014,,,,0,0,0,,,2.106,,,7725.7,45.2,0,0,1,1,0,0,0,1,0,0,0,10193000,,0,0,0.0,0.0,1,1,0,0,1.47,1.55,retained_legacy_not_independently_reimported,,0,excluded_until_researcher_coding_rubric_is_documented,9769526,348,977,629,64,0.35621,0,GDP parsed from comma-formatted text to numeric.
Hungary,HUN,1997,signed_not_ratified,2014,,,,0,0,0,,,2.079,,,7971.81,45.2,0,0,1,1,0,0,0,0,0,0,0,10156000,,0,0,0.0,0.0,1,1,0,0,,,retained_legacy_not_independently_reimported,,0,excluded_until_researcher_coding_rubric_is_documented,9769526,348,977,629,64,0.35621,0,GDP parsed from comma-formatted text to numeric.
Hungary,HUN,1998,signed_not_ratified,2014,,,,0,0,0,,,2.115,,,8297.85,45.2,0,0,1,1,0,0,0,1,0,0,0,10116000,,0,0,0.0,0.0,1,1,0,0,1.59,1.38,retained_legacy_not_independently_reimported,,0,excluded_until_researcher_coding_rubric_is_documented,9769526,348,977,629,64,0.35621,0,GDP parsed from comma-formatted text to numeric.
Hungary,HUN,1999,signed_not_ratified,2014,,,,0,0,0,,,1.966,,,8578.2,45.3,0,0,1,1,0,0,0,0,0,0,0,10068000,,0,0,0.0,0.0,1,1,0,0,,,retained_legacy_not_independently_reimported,,0,excluded_until_researcher_coding_rubric_is_documented,9769526,348,977,629,64,0.35621,0,GDP parsed from comma-formatted text to numeric.
Hungary,HUN,2000,signed_not_ratified,2014,,,,0,0,0,,,1.637,,,8979.74,45.6,0,0,1,1,1,0,0,1,1,0,0,10222000,,0,0,0.0,0.0,1,1,0,0,1.7,1.42,retained_legacy_not_independently_reimported,,0,excluded_until_researcher_coding_rubric_is_documented,9769526,348,977,629,64,0.35621,0,GDP parsed from comma-formatted text to numeric.
Hungary,HUN,2001,signed_not_ratified,2014,,,,0,0,0,,,1.595,,,9365.95,45.9,0,0,1,1,1,0,0,0,0,0,0,10188000,,0,0,0.0,0.0,1,1,0,0,,,retained_legacy_not_independently_reimported,,0,excluded_until_researcher_coding_rubric_is_documented,9769526,348,977,629,64,0.35621,0,GDP parsed from comma-formatted text to numeric.
Hungary,HUN,2002,signed_not_ratified,2014,,,,0,0,0,,,1.638,,,9836.94,46.2,0,0,1,1,1,0,0,1,1,0,0,10158000,,0,0,0.0,0.0,1,1,0,0,1.69,1.48,retained_legacy_not_independently_reimported,,0,excluded_until_researcher_coding_rubric_is_documented,9769526,348,977,629,64,0.35621,0,GDP parsed from comma-formatted text to numeric.
Hungary,HUN,2003,signed_not_ratified,2014,,,,0,0,0,,,1.715,5.54,5.292,10253.72,46.4,0,0,1,1,1,0,0,1,1,0,0,10129000,,0,0,0.0,0.0,1,1,0,0,1.41,1.37,retained_legacy_not_independently_reimported,,0,excluded_until_researcher_coding_rubric_is_documented,9769526,348,977,629,64,0.35621,0,GDP parsed from comma-formatted text to numeric.
Hungary,HUN,2004,signed_not_ratified,2014,,,,0,0,0,,,1.662,7.654,2.647,10786.49,46.7,0,0,1,1,1,0,0,1,1,0,0,10107000,,0,0,0.0,0.0,1,1,0,0,1.36,1.44,retained_legacy_not_independently_reimported,,0,excluded_until_researcher_coding_rubric_is_documented,9769526,348,977,629,64,0.35621,0,GDP parsed from comma-formatted text to numeric.
Hungary,HUN,2005,signed_not_ratified,2014,,,,0,0,0,,,1.447,8.524,2.623,11272.73,46.8,0,0,1,1,1,1,1,1,1,1,1,10087000,,0,0,0.0,0.0,1,1,0,0,1.27,1.43,retained_legacy_not_independently_reimported,,0,excluded_until_researcher_coding_rubric_is_documented,9769526,348,977,629,64,0.35621,0,GDP parsed from comma-formatted text to numeric.
Hungary,HUN,2006,signed_not_ratified,2014,,,,0,0,0,,,1.411,6.498,2.05,11734.45,46.9,0,0,1,1,1,1,1,1,1,1,1,10071000,,0,0,0.0,0.0,1,1,0,0,1.43,1.66,retained_legacy_not_independently_reimported,,0,excluded_until_researcher_coding_rubric_is_documented,9769526,348,977,629,64,0.35621,0,GDP parsed from comma-formatted text to numeric.
Hungary,HUN,2007,signed_not_ratified,2014,,,,0,0,0,,,1.196,6.408,2.143,11791.71,46.8,0,0,1,1,1,1,1,1,1,1,1,10066000,,0,0,0.0,0.0,1,1,0,0,1.18,1.6,retained_legacy_not_independently_reimported,,0,excluded_until_researcher_coding_rubric_is_documented,9769526,348,977,629,64,0.35621,0,GDP parsed from comma-formatted text to numeric.
Hungary,HUN,2008,signed_not_ratified,2014,,,,0,0,0,,,1.331,25.228,2.136,11929.72,46.6,0,0,1,1,1,1,1,1,1,1,1,10044000,,0,0,0.0,0.0,1,1,0,0,1.18,1.55,retained_legacy_not_independently_reimported,,0,excluded_until_researcher_coding_rubric_is_documented,9769526,348,977,629,64,0.35621,0,GDP parsed from comma-formatted text to numeric.
Hungary,HUN,2009,signed_not_ratified,2014,,,,0,0,0,,,1.2,14.618,2.28,11142.89,45.8,0,0,1,1,1,1,1,1,1,1,1,10031000,,0,0,0.0,0.0,1,1,0,0,1.14,1.31,retained_legacy_not_independently_reimported,,0,excluded_until_researcher_coding_rubric_is_documented,9769526,348,977,629,64,0.35621,0,GDP parsed from comma-formatted text to numeric.
Hungary,HUN,2010,signed_not_ratified,2014,,,,0,0,0,,,1.165,12.947,2.465,11287.37,46.6,0,0,1,1,1,1,1,1,1,1,1,10014000,,0,0,0.0,0.0,1,1,0,0,1.1,1.31,retained_legacy_not_independently_reimported,,0,excluded_until_researcher_coding_rubric_is_documented,9769526,348,977,629,64,0.35621,0,GDP parsed from comma-formatted text to numeric.
Hungary,HUN,2011,signed_not_ratified,2014,,,,0,0,0,,,0.805,8.133,1.971,11536.36,46.8,0,0,1,1,1,1,1,1,1,1,1,9986000,,0,0,1.0,0.0,1,1,0,0,1.11,1.29,retained_legacy_not_independently_reimported,,0,excluded_until_researcher_coding_rubric_is_documented,9769526,348,977,629,64,0.35621,0,GDP parsed from comma-formatted text to numeric.
Hungary,HUN,2012,signed_not_ratified,2014,,,,0,0,0,,,1.116,13.664,1.936,11440.76,47.5,0,0,1,1,1,1,1,1,1,1,1,9932000,,0,0,1.0,0.0,1,1,0,0,1.04,1.04,retained_legacy_not_independently_reimported,,0,excluded_until_researcher_coding_rubric_is_documented,9769526,348,977,629,64,0.35621,0,GDP parsed from comma-formatted text to numeric.
Hungary,HUN,2013,signed_not_ratified,2014,,,,0,0,0,,,1.37,60.408,2.508,11729.57,47.7,0,0,1,1,1,1,1,1,1,1,1,9909000,,0,0,1.0,0.0,1,1,0,0,1.16,0.99,retained_legacy_not_independently_reimported,,0,excluded_until_researcher_coding_rubric_is_documented,9769526,348,977,629,64,0.35621,0,GDP parsed from comma-formatted text to numeric.
Hungary,HUN,2014,signed_not_ratified,2014,,,,0,0,0,,,1.297,7.837,3.224,12287.38,48.9,0,0,1,1,1,1,1,1,1,1,1,9878000,,0,0,1.0,0.0,1,1,0,0,0.99,0.87,retained_legacy_not_independently_reimported,,0,excluded_until_researcher_coding_rubric_is_documented,9769526,348,977,629,64,0.35621,0,GDP parsed from comma-formatted text to numeric.
Hungary,HUN,2015,signed_not_ratified,2014,,,,0,0,0,,,1.981,,,12782.94,49.9,0,0,1,1,1,0,0,1,1,0,0,9845000,,0,0,1.0,0.0,1,1,0,0,0.88,0.66,retained_legacy_not_independently_reimported,,0,excluded_until_researcher_coding_rubric_is_documented,9769526,348,977,629,64,0.35621,0,GDP parsed from comma-formatted text to numeric.
Hungary,HUN,2016,signed_not_ratified,2014,,,,0,0,0,,,1.598,6.116,6.095,13145.66,50.8,0,0,1,1,1,1,1,1,1,1,1,9814000,,0,0,1.0,0.0,1,1,0,0,0.79,0.71,retained_legacy_not_independently_reimported,,0,excluded_until_researcher_coding_rubric_is_documented,9769526,348,977,629,64,0.35621,0,GDP parsed from comma-formatted text to numeric.
Hungary,HUN,2017,signed_not_ratified,2014,,,,0,0,0,,,0.86,6.009,6.009,13734.24,51.1,0,0,1,1,1,1,1,1,1,1,1,9788000,,0,0,1.0,0.0,1,1,0,0,0.83,0.92,retained_legacy_not_independently_reimported,,0,excluded_until_researcher_coding_rubric_is_documented,9769526,348,977,629,64,0.35621,0,GDP parsed from comma-formatted text to numeric.
Hungary,HUN,2018,signed_not_ratified,2014,,,,0,0,0,,,0.843,5.535,5.535,14533.78,51.5,0,0,1,1,1,1,1,1,1,1,1,9775000,,0,0,1.0,0.0,1,1,0,0,0.77,0.95,retained_legacy_not_independently_reimported,,0,excluded_until_researcher_coding_rubric_is_documented,9769526,348,977,629,64,0.35621,0,GDP parsed from comma-formatted text to numeric.
Hungary,HUN,2019,signed_not_ratified,2014,,,,0,0,0,,,0.609,3.94,3.9,15290.81,51.3,0,0,1,1,1,1,1,1,1,1,1,9773000,,0,0,1.0,0.0,1,1,0,0,0.78,0.85,retained_legacy_not_independently_reimported,,0,excluded_until_researcher_coding_rubric_is_documented,9769526,348,977,629,64,0.35621,0,GDP parsed from comma-formatted text to numeric.
Hungary,HUN,2020,signed_not_ratified,2014,,,,0,0,0,,,0.768,5.17,5.17,14664.3,51.3,0,0,1,1,1,1,1,1,1,1,1,9750000,,0,0,1.0,0.0,1,1,0,0,0.93,0.84,retained_legacy_not_independently_reimported,,0,excluded_until_researcher_coding_rubric_is_documented,9769526,348,977,629,64,0.35621,0,GDP parsed from comma-formatted text to numeric.
Hungary,HUN,2021,signed_not_ratified,2014,,,,0,0,0,,,0.514,4.872,4.872,15787.95,52.2,0,0,1,1,1,1,1,1,1,1,1,9710000,,0,0,1.0,0.0,1,1,0,0,1.03,0.87,retained_legacy_not_independently_reimported,,0,excluded_until_researcher_coding_rubric_is_documented,9769526,348,977,629,64,0.35621,0,GDP parsed from comma-formatted text to numeric.
Hungary,HUN,2022,signed_not_ratified,2014,,,,0,0,0,,,0.873,6.061,6.061,16487.8,53.1,0,0,1,1,1,1,1,1,1,1,1,9689000,,0,0,1.0,0.0,1,1,0,0,0.75,0.59,retained_legacy_not_independently_reimported,,0,excluded_until_researcher_coding_rubric_is_documented,9769526,348,977,629,64,0.35621,0,GDP parsed from comma-formatted text to numeric.
Hungary,HUN,2023,signed_not_ratified,2014,,,,0,0,0,,,0.615,5.544,5.544,16375.05,54.0,0,0,1,1,1,1,1,1,1,1,1,9676000,,0,0,1.0,0.0,1,1,0,0,0.26,0.3,retained_legacy_not_independently_reimported,,0,excluded_until_researcher_coding_rubric_is_documented,9769526,348,977,629,64,0.35621,0,GDP parsed from comma-formatted text to numeric. | UNODC outcome values preserved from source dataset; not silently imputed or replaced.
Ireland,IRL,1990,party,2015,2019.0,2019.0,,0,0,0,-29,-29,0.131,,,23457,41.7,0,0,1,1,0,0,0,0,0,0,0,3503000,2023,0,0,1.0,0.0,1,1,1,0,,,retained_legacy_not_independently_reimported,2023,0,excluded_until_researcher_coding_rubric_is_documented,4964440,139,496,357,72,0.279991,0,GDP parsed from comma-formatted text to numeric.
Ireland,IRL,1991,party,2015,2019.0,2019.0,,0,0,0,-28,-28,0.432,,,23772.57,42.5,0,0,1,1,0,0,0,0,0,0,0,3526000,2023,0,0,1.0,0.0,1,1,1,0,,,retained_legacy_not_independently_reimported,2023,0,excluded_until_researcher_coding_rubric_is_documented,4964440,139,496,357,72,0.279991,0,GDP parsed from comma-formatted text to numeric.
Ireland,IRL,1992,party,2015,2019.0,2019.0,,0,0,0,-27,-27,0.3,,,24400.31,42.9,0,0,1,1,0,0,0,0,0,0,0,3554000,2023,0,0,1.0,0.0,1,1,1,0,,,retained_legacy_not_independently_reimported,2023,0,excluded_until_researcher_coding_rubric_is_documented,4964440,139,496,357,72,0.279991,0,GDP parsed from comma-formatted text to numeric.
Ireland,IRL,1993,party,2015,2019.0,2019.0,,0,0,0,-26,-26,0.334,,,24932.38,44.3,0,0,1,1,0,0,0,0,0,0,0,3564000,2023,0,0,1.0,0.0,1,1,1,0,,,retained_legacy_not_independently_reimported,2023,0,excluded_until_researcher_coding_rubric_is_documented,4964440,139,496,357,72,0.279991,0,GDP parsed from comma-formatted text to numeric.
Ireland,IRL,1994,party,2015,2019.0,2019.0,,0,0,0,-25,-25,0.277,,,26263.71,45.3,0,0,1,1,0,0,0,0,0,0,0,3571000,2023,0,0,1.0,0.0,1,1,1,0,,,retained_legacy_not_independently_reimported,2023,0,excluded_until_researcher_coding_rubric_is_documented,4964440,139,496,357,72,0.279991,0,GDP parsed from comma-formatted text to numeric.
Ireland,IRL,1995,party,2015,2019.0,2019.0,,0,0,0,-24,-24,0.351,,,28646.82,46.3,0,0,1,1,0,0,0,0,0,0,0,3600000,2023,0,0,1.0,0.0,1,1,1,0,,,retained_legacy_not_independently_reimported,2023,0,excluded_until_researcher_coding_rubric_is_documented,4964440,139,496,357,72,0.279991,0,GDP parsed from comma-formatted text to numeric.
Ireland,IRL,1996,party,2015,2019.0,2019.0,,0,0,0,-23,-23,0.973,,,30518.4,48.2,0,0,1,1,0,0,0,1,0,0,0,3627000,2023,0,0,1.0,0.0,1,1,1,0,2.84,2.55,retained_legacy_not_independently_reimported,2023,0,excluded_until_researcher_coding_rubric_is_documented,4964440,139,496,357,72,0.279991,0,GDP parsed from comma-formatted text to numeric.
Ireland,IRL,1997,party,2015,2019.0,2019.0,,0,0,0,-22,-22,0.617,,,33543.99,48.3,0,0,1,1,0,0,0,0,0,0,0,3677000,2023,0,0,1.0,0.0,1,1,1,0,,,retained_legacy_not_independently_reimported,2023,0,excluded_until_researcher_coding_rubric_is_documented,4964440,139,496,357,72,0.279991,0,GDP parsed from comma-formatted text to numeric.
Ireland,IRL,1998,party,2015,2019.0,2019.0,,0,0,0,-21,-21,0.347,,,36105.92,49.8,0,0,1,1,0,0,0,1,0,0,0,3740000,2023,0,0,1.0,0.0,1,1,1,0,2.95,2.71,retained_legacy_not_independently_reimported,2023,0,excluded_until_researcher_coding_rubric_is_documented,4964440,139,496,357,72,0.279991,0,GDP parsed from comma-formatted text to numeric.
Ireland,IRL,1999,party,2015,2019.0,2019.0,,0,0,0,-20,-20,0.326,,,39460.48,50.8,0,0,1,1,0,0,0,0,0,0,0,3800000,2023,0,0,1.0,0.0,1,1,1,0,,,retained_legacy_not_independently_reimported,2023,0,excluded_until_researcher_coding_rubric_is_documented,4964440,139,496,357,72,0.279991,0,GDP parsed from comma-formatted text to numeric.
Ireland,IRL,2000,party,2015,2019.0,2019.0,,0,0,0,-19,-19,0.407,,,42599.48,51.9,0,0,1,1,1,0,0,1,1,0,0,3805000,2023,0,0,1.0,0.0,1,1,1,0,2.71,2.62,retained_legacy_not_independently_reimported,2023,0,excluded_until_researcher_coding_rubric_is_documented,4964440,139,496,357,72,0.279991,0,GDP parsed from comma-formatted text to numeric.
Ireland,IRL,2001,party,2015,2019.0,2019.0,,0,0,0,-18,-18,0.402,,,44151.15,52.4,0,0,1,1,1,0,0,0,0,0,0,3866000,2023,0,0,1.0,0.0,1,1,1,0,,,retained_legacy_not_independently_reimported,2023,0,excluded_until_researcher_coding_rubric_is_documented,4964440,139,496,357,72,0.279991,0,GDP parsed from comma-formatted text to numeric.
Ireland,IRL,2002,party,2015,2019.0,2019.0,,0,0,0,-17,-17,0.551,,,45974.49,53.1,0,0,1,1,1,0,0,1,1,0,0,3958000,2023,0,0,1.0,0.0,1,1,1,0,2.67,2.71,retained_legacy_not_independently_reimported,2023,0,excluded_until_researcher_coding_rubric_is_documented,4964440,139,496,357,72,0.279991,0,GDP parsed from comma-formatted text to numeric.
Ireland,IRL,2003,party,2015,2019.0,2019.0,,0,0,0,-16,-16,0.409,,9.266,46594.86,53.2,0,0,1,1,1,0,0,1,1,0,0,4028000,2023,0,0,1.0,0.0,1,1,1,0,2.54,2.52,retained_legacy_not_independently_reimported,2023,0,excluded_until_researcher_coding_rubric_is_documented,4964440,139,496,357,72,0.279991,0,GDP parsed from comma-formatted text to numeric.
Ireland,IRL,2004,party,2015,2019.0,2019.0,,0,0,0,-15,-15,0.245,43.088,10.059,48856.32,53.3,0,0,1,1,1,0,0,1,1,0,0,4108000,2023,0,0,1.0,0.0,1,1,1,0,2.58,2.57,retained_legacy_not_independently_reimported,2023,0,excluded_until_researcher_coding_rubric_is_documented,4964440,139,496,357,72,0.279991,0,GDP parsed from comma-formatted text to numeric.
Ireland,IRL,2005,party,2015,2019.0,2019.0,,0,0,0,-14,-14,0.394,43.342,10.854,50547.21,55.0,0,0,1,1,1,1,1,1,1,1,1,4204000,2023,0,0,1.0,0.0,1,1,1,0,2.94,2.69,retained_legacy_not_independently_reimported,2023,0,excluded_until_researcher_coding_rubric_is_documented,4964440,139,496,357,72,0.279991,0,GDP parsed from comma-formatted text to numeric.
Ireland,IRL,2006,party,2015,2019.0,2019.0,,0,0,0,-13,-13,0.761,33.148,8.691,51656.82,55.7,0,0,1,1,1,1,1,1,1,1,1,4340000,2023,0,0,1.0,0.0,1,1,1,0,2.6,2.91,retained_legacy_not_independently_reimported,2023,0,excluded_until_researcher_coding_rubric_is_documented,4964440,139,496,357,72,0.279991,0,GDP parsed from comma-formatted text to numeric.
Ireland,IRL,2007,party,2015,2019.0,2019.0,,0,0,0,-12,-12,0.507,31.091,8.126,52849.69,57.0,0,0,1,1,1,1,1,1,1,1,1,4467000,2023,0,0,1.0,0.0,1,1,1,0,2.64,2.94,retained_legacy_not_independently_reimported,2023,0,excluded_until_researcher_coding_rubric_is_documented,4964440,139,496,357,72,0.279991,0,GDP parsed from comma-formatted text to numeric.
Ireland,IRL,2008,party,2015,2019.0,2019.0,,0,0,0,-11,-11,0.443,31.342,7.757,49461.16,56.8,0,0,1,1,1,1,1,1,1,1,1,4548000,2023,0,0,1.0,0.0,1,1,1,0,2.54,2.9,retained_legacy_not_independently_reimported,2023,0,excluded_until_researcher_coding_rubric_is_documented,4964440,139,496,357,72,0.279991,0,GDP parsed from comma-formatted text to numeric.
Ireland,IRL,2009,party,2015,2019.0,2019.0,,0,0,0,-10,-10,0.427,32.644,7.257,46466.38,56.1,0,0,1,1,1,1,1,1,1,1,1,4535000,2023,0,0,1.0,0.0,1,1,1,0,2.26,2.96,retained_legacy_not_independently_reimported,2023,0,excluded_until_researcher_coding_rubric_is_documented,4964440,139,496,357,72,0.279991,0,GDP parsed from comma-formatted text to numeric.
Ireland,IRL,2010,party,2015,2019.0,2019.0,,0,0,0,-9,-9,0.479,51.896,10.485,46991.65,55.2,0,0,1,1,1,1,1,1,1,1,1,4554000,2023,0,0,1.0,0.0,1,1,1,0,2.29,2.99,retained_legacy_not_independently_reimported,2023,0,excluded_until_researcher_coding_rubric_is_documented,4964440,139,496,357,72,0.279991,0,GDP parsed from comma-formatted text to numeric.
Ireland,IRL,2011,party,2015,2019.0,2019.0,,0,0,0,-8,-8,0.347,43.978,9.848,47539.92,54.9,0,0,1,1,1,1,1,1,1,1,1,4571000,2023,0,0,1.0,0.0,1,1,1,0,2.47,2.97,retained_legacy_not_independently_reimported,2023,0,excluded_until_researcher_coding_rubric_is_documented,4964440,139,496,357,72,0.279991,0,GDP parsed from comma-formatted text to numeric.
Ireland,IRL,2012,party,2015,2019.0,2019.0,,0,0,0,-7,-7,0.517,45.999,11.282,47147.16,54.7,0,0,1,1,1,1,1,1,1,1,1,4586000,2023,0,0,1.0,0.0,1,1,1,0,2.62,2.94,retained_legacy_not_independently_reimported,2023,0,excluded_until_researcher_coding_rubric_is_documented,4964440,139,496,357,72,0.279991,0,GDP parsed from comma-formatted text to numeric.
Ireland,IRL,2013,party,2015,2019.0,2019.0,,0,0,0,-6,-6,0.386,40.716,9.752,47928.03,55.2,0,0,1,1,1,1,1,1,1,1,1,4598000,2023,0,0,1.0,0.0,1,1,1,0,2.56,2.91,retained_legacy_not_independently_reimported,2023,0,excluded_until_researcher_coding_rubric_is_documented,4964440,139,496,357,72,0.279991,0,GDP parsed from comma-formatted text to numeric.
Ireland,IRL,2014,party,2015,2019.0,2019.0,,0,0,0,-5,-5,0.467,40.015,10.304,52044.62,54.9,0,0,1,1,1,1,1,1,1,1,1,4614000,2023,0,0,1.0,0.0,1,1,1,0,2.72,2.99,retained_legacy_not_independently_reimported,2023,0,excluded_until_researcher_coding_rubric_is_documented,4964440,139,496,357,72,0.279991,0,GDP parsed from comma-formatted text to numeric.
Ireland,IRL,2015,party,2015,2019.0,2019.0,,0,0,0,-4,-4,0.295,49.038,14.163,64250.14,54.8,0,0,1,1,1,1,1,1,1,1,1,4658000,2023,0,0,1.0,0.0,1,1,1,0,2.59,2.95,retained_legacy_not_independently_reimported,2023,0,excluded_until_researcher_coding_rubric_is_documented,4964440,139,496,357,72,0.279991,0,GDP parsed from comma-formatted text to numeric.
Ireland,IRL,2016,party,2015,2019.0,2019.0,,0,0,0,-3,-3,0.083,53.539,14.642,64205.98,55.5,0,0,1,1,1,1,1,1,1,1,1,4726000,2023,0,0,1.0,0.0,1,1,1,0,2.27,2.5,retained_legacy_not_independently_reimported,2023,0,excluded_until_researcher_coding_rubric_is_documented,4964440,139,496,357,72,0.279991,0,GDP parsed from comma-formatted text to numeric.
Ireland,IRL,2017,party,2015,2019.0,2019.0,,0,0,0,-2,-2,0.618,52.617,17.442,69748.62,55.6,0,0,1,1,1,1,1,1,1,1,1,4801000,2023,0,0,1.0,0.0,1,1,1,0,2.16,2.36,retained_legacy_not_independently_reimported,2023,0,excluded_until_researcher_coding_rubric_is_documented,4964440,139,496,357,72,0.279991,0,GDP parsed from comma-formatted text to numeric.
Ireland,IRL,2018,party,2015,2019.0,2019.0,,0,0,0,-1,-1,0.407,57.588,21.139,74029.06,56.0,0,0,1,1,1,1,1,1,1,1,1,4861000,2023,0,0,1.0,0.0,1,1,1,0,2.35,2.41,retained_legacy_not_independently_reimported,2023,0,excluded_until_researcher_coding_rubric_is_documented,4964440,139,496,357,72,0.279991,0,GDP parsed from comma-formatted text to numeric.
Ireland,IRL,2019,party,2015,2019.0,2019.0,,1,1,1,0,0,0.281,57.931,21.587,76485.64,56.2,0,0,1,1,1,1,1,1,1,1,1,4955000,2023,0,0,1.0,0.0,1,1,1,0,2.15,2.3,retained_legacy_not_independently_reimported,2023,0,excluded_until_researcher_coding_rubric_is_documented,4964440,139,496,357,72,0.279991,0,GDP parsed from comma-formatted text to numeric.
Ireland,IRL,2020,party,2015,2019.0,2019.0,,1,1,1,1,1,0.239,52.683,20.993,80927.94,55.1,0,0,1,1,1,1,1,1,1,1,1,5006000,2023,0,0,1.0,0.0,1,1,1,0,2.45,2.49,retained_legacy_not_independently_reimported,2023,0,excluded_until_researcher_coding_rubric_is_documented,4964440,139,496,357,72,0.279991,0,GDP parsed from comma-formatted text to numeric.
Ireland,IRL,2021,party,2015,2019.0,2019.0,,1,1,1,2,2,0.276,59.482,22.075,92781.23,57.9,0,0,1,1,1,1,1,1,1,1,1,5033000,2023,0,0,1.0,0.0,1,1,1,0,2.5,2.55,retained_legacy_not_independently_reimported,2023,0,excluded_until_researcher_coding_rubric_is_documented,4964440,139,496,357,72,0.279991,0,GDP parsed from comma-formatted text to numeric.
Ireland,IRL,2022,party,2015,2019.0,2019.0,,1,1,1,3,3,0.426,62.407,21.546,97793.54,59.1,0,0,1,1,1,1,1,1,1,1,1,5123000,2023,0,0,1.0,0.0,1,1,1,0,2.17,2.14,retained_legacy_not_independently_reimported,2023,0,excluded_until_researcher_coding_rubric_is_documented,4964440,139,496,357,72,0.279991,0,GDP parsed from comma-formatted text to numeric.
Ireland,IRL,2023,party,2015,2019.0,2019.0,,1,1,1,4,4,0.419,56.614,19.32,93541.96,60.2,0,0,1,1,1,1,1,0,0,0,0,5280000,2023,1,1,1.0,0.0,1,1,1,0,,,excluded_legacy_flagged_for_manual_review,2023,1,excluded_until_researcher_coding_rubric_is_documented,4964440,139,496,357,72,0.279991,0,GDP parsed from comma-formatted text to numeric. | WGI legacy value excluded because source file flagged this country-year for manual review. | UNODC outcome values preserved from source dataset; not silently imputed or replaced.
Iceland,ISL,1990,party,2011,2018.0,2018.0,,0,0,0,-28,-28,,,,37302.81,66.2,0,0,1,1,0,0,0,0,0,0,0,255000,2022,0,0,0.0,0.0,1,1,1,0,,,retained_legacy_not_independently_reimported,2022,0,excluded_until_researcher_coding_rubric_is_documented,364134,40,36,0,0,1.098497,1,GDP parsed from comma-formatted text to numeric.
Iceland,ISL,1991,party,2011,2018.0,2018.0,,0,0,0,-27,-27,,,,36790.49,66.2,0,0,1,1,0,0,0,0,0,0,0,259000,2022,0,0,0.0,0.0,1,1,1,0,,,retained_legacy_not_independently_reimported,2022,0,excluded_until_researcher_coding_rubric_is_documented,364134,40,36,0,0,1.098497,1,GDP parsed from comma-formatted text to numeric.
Iceland,ISL,1992,party,2011,2018.0,2018.0,,0,0,0,-26,-26,,,,35105.29,67.1,0,0,1,1,0,0,0,0,0,0,0,261000,2022,0,0,0.0,0.0,1,1,1,0,,,retained_legacy_not_independently_reimported,2022,0,excluded_until_researcher_coding_rubric_is_documented,364134,40,36,0,0,1.098497,1,GDP parsed from comma-formatted text to numeric.
Iceland,ISL,1993,party,2011,2018.0,2018.0,,0,0,0,-25,-25,,,,35206.57,67.4,0,0,1,1,0,0,0,0,0,0,0,264000,2022,0,0,0.0,0.0,1,1,1,0,,,retained_legacy_not_independently_reimported,2022,0,excluded_until_researcher_coding_rubric_is_documented,364134,40,36,0,0,1.098497,1,GDP parsed from comma-formatted text to numeric.
Iceland,ISL,1994,party,2011,2018.0,2018.0,,0,0,0,-24,-24,,,,36162.29,67.9,0,0,1,1,0,0,0,0,0,0,0,267000,2022,0,0,0.0,0.0,1,1,1,0,,,retained_legacy_not_independently_reimported,2022,0,excluded_until_researcher_coding_rubric_is_documented,364134,40,36,0,0,1.098497,1,GDP parsed from comma-formatted text to numeric.
Iceland,ISL,1995,party,2011,2018.0,2018.0,,0,0,0,-23,-23,,,,36008.58,70.1,0,0,1,1,0,0,0,0,0,0,0,269000,2022,0,0,0.0,0.0,1,1,1,0,,,retained_legacy_not_independently_reimported,2022,0,excluded_until_researcher_coding_rubric_is_documented,364134,40,36,0,0,1.098497,1,GDP parsed from comma-formatted text to numeric.
Iceland,ISL,1996,party,2011,2018.0,2018.0,,0,0,0,-22,-22,0.0,,,37425.51,68.7,0,0,1,1,0,0,0,1,0,0,0,272000,2022,0,0,0.0,0.0,1,1,1,0,3.16,2.72,retained_legacy_not_independently_reimported,2022,0,excluded_until_researcher_coding_rubric_is_documented,364134,40,36,0,0,1.098497,1,GDP parsed from comma-formatted text to numeric.
Iceland,ISL,1997,party,2011,2018.0,2018.0,,0,0,0,-21,-21,,,,38657.28,67.6,0,0,1,1,0,0,0,0,0,0,0,274000,2022,0,0,0.0,0.0,1,1,1,0,,,retained_legacy_not_independently_reimported,2022,0,excluded_until_researcher_coding_rubric_is_documented,364134,40,36,0,0,1.098497,1,GDP parsed from comma-formatted text to numeric.
Iceland,ISL,1998,party,2011,2018.0,2018.0,,0,0,0,-20,-20,,,,40926.72,69.4,0,0,1,1,0,0,0,1,0,0,0,275000,2022,0,0,0.0,0.0,1,1,1,0,3.14,2.82,retained_legacy_not_independently_reimported,2022,0,excluded_until_researcher_coding_rubric_is_documented,364134,40,36,0,0,1.098497,1,GDP parsed from comma-formatted text to numeric.
Iceland,ISL,1999,party,2011,2018.0,2018.0,,0,0,0,-19,-19,0.722,,,42010.94,71.2,0,0,1,1,0,0,0,0,0,0,0,277000,2022,0,0,0.0,0.0,1,1,1,0,,,retained_legacy_not_independently_reimported,2022,0,excluded_until_researcher_coding_rubric_is_documented,364134,40,36,0,0,1.098497,1,GDP parsed from comma-formatted text to numeric.
Iceland,ISL,2000,party,2011,2018.0,2018.0,,0,0,0,-18,-18,,,,43472.34,73.5,0,0,1,1,0,0,0,1,0,0,0,281000,2022,0,0,0.0,0.0,1,1,1,0,3.31,3.05,retained_legacy_not_independently_reimported,2022,0,excluded_until_researcher_coding_rubric_is_documented,364134,40,36,0,0,1.098497,1,GDP parsed from comma-formatted text to numeric.
Iceland,ISL,2001,party,2011,2018.0,2018.0,,0,0,0,-17,-17,,,,44545.98,72.6,0,0,1,1,0,0,0,0,0,0,0,284000,2022,0,0,0.0,0.0,1,1,1,0,,,retained_legacy_not_independently_reimported,2022,0,excluded_until_researcher_coding_rubric_is_documented,364134,40,36,0,0,1.098497,1,GDP parsed from comma-formatted text to numeric.
Iceland,ISL,2002,party,2011,2018.0,2018.0,,0,0,0,-16,-16,,,,44389.56,71.7,0,0,1,1,0,0,0,1,0,0,0,288000,2022,0,0,0.0,0.0,1,1,1,0,3.33,3.16,retained_legacy_not_independently_reimported,2022,0,excluded_until_researcher_coding_rubric_is_documented,364134,40,36,0,0,1.098497,1,GDP parsed from comma-formatted text to numeric.
Iceland,ISL,2003,party,2011,2018.0,2018.0,,0,0,0,-15,-15,,,23.826,45088.92,72.1,0,0,1,1,0,0,0,1,0,0,0,291000,2022,0,0,0.0,0.0,1,1,1,0,3.47,3.26,retained_legacy_not_independently_reimported,2022,0,excluded_until_researcher_coding_rubric_is_documented,364134,40,36,0,0,1.098497,1,GDP parsed from comma-formatted text to numeric.
Iceland,ISL,2004,party,2011,2018.0,2018.0,,0,0,0,-14,-14,,,17.456,48101.71,70.4,0,0,1,1,0,0,0,1,0,0,0,293000,2022,0,0,0.0,0.0,1,1,1,0,3.49,3.24,retained_legacy_not_independently_reimported,2022,0,excluded_until_researcher_coding_rubric_is_documented,364134,40,36,0,0,1.098497,1,GDP parsed from comma-formatted text to numeric.
Iceland,ISL,2005,party,2011,2018.0,2018.0,,0,0,0,-13,-13,0.0,97.024,25.267,50674.44,70.9,0,0,1,1,1,1,1,1,1,1,1,297000,2022,0,0,0.0,0.0,1,1,1,0,3.35,3.3,retained_legacy_not_independently_reimported,2022,0,excluded_until_researcher_coding_rubric_is_documented,364134,40,36,0,0,1.098497,1,GDP parsed from comma-formatted text to numeric.
Iceland,ISL,2006,party,2011,2018.0,2018.0,,0,0,0,-12,-12,,92.473,23.694,52306.13,71.7,0,0,1,1,0,1,1,1,0,1,1,304000,2022,0,0,0.0,0.0,1,1,1,0,3.21,3.2,retained_legacy_not_independently_reimported,2022,0,excluded_until_researcher_coding_rubric_is_documented,364134,40,36,0,0,1.098497,1,GDP parsed from comma-formatted text to numeric.
Iceland,ISL,2007,party,2011,2018.0,2018.0,,0,0,0,-11,-11,0.0,111.984,27.916,55457.36,71.3,0,0,1,1,1,1,1,1,1,1,1,311000,2022,0,0,0.0,0.0,1,1,1,0,3.04,3.11,retained_legacy_not_independently_reimported,2022,0,excluded_until_researcher_coding_rubric_is_documented,364134,40,36,0,0,1.098497,1,GDP parsed from comma-formatted text to numeric.
Iceland,ISL,2008,party,2011,2018.0,2018.0,,0,0,0,-10,-10,,115.9,21.416,55360.81,70.7,0,0,1,1,0,1,1,1,0,1,1,317000,2022,0,0,0.0,0.0,1,1,1,0,3.1,3.15,retained_legacy_not_independently_reimported,2022,0,excluded_until_researcher_coding_rubric_is_documented,364134,40,36,0,0,1.098497,1,GDP parsed from comma-formatted text to numeric.
Iceland,ISL,2009,party,2011,2018.0,2018.0,,0,0,0,-9,-9,0.0,,24.481,50581.08,70.2,0,0,1,1,1,0,1,1,1,0,1,319000,2022,0,0,0.0,0.0,1,1,1,0,2.77,2.9,retained_legacy_not_independently_reimported,2022,0,excluded_until_researcher_coding_rubric_is_documented,364134,40,36,0,0,1.098497,1,GDP parsed from comma-formatted text to numeric.
Iceland,ISL,2010,party,2011,2018.0,2018.0,,0,0,0,-8,-8,0.0,68.205,30.802,49528.49,70.5,0,0,1,1,1,1,1,1,1,1,1,318000,2022,0,0,0.0,0.0,1,1,1,0,2.69,2.9,retained_legacy_not_independently_reimported,2022,0,excluded_until_researcher_coding_rubric_is_documented,364134,40,36,0,0,1.098497,1,GDP parsed from comma-formatted text to numeric.
Iceland,ISL,2011,party,2011,2018.0,2018.0,,0,0,0,-7,-7,0.629,89.303,40.108,50058.83,70.0,0,0,1,1,1,1,1,1,1,1,1,319000,2022,0,0,0.0,0.0,1,1,1,0,2.68,2.87,retained_legacy_not_independently_reimported,2022,0,excluded_until_researcher_coding_rubric_is_documented,364134,40,36,0,0,1.098497,1,GDP parsed from comma-formatted text to numeric.
Iceland,ISL,2012,party,2011,2018.0,2018.0,,0,0,0,-6,-6,0.625,85.089,38.025,50375.41,70.6,0,0,1,1,1,1,1,1,1,1,1,320000,2022,0,0,0.0,0.0,1,1,1,0,2.52,2.85,retained_legacy_not_independently_reimported,2022,0,excluded_until_researcher_coding_rubric_is_documented,364134,40,36,0,0,1.098497,1,GDP parsed from comma-formatted text to numeric.
Iceland,ISL,2013,party,2011,2018.0,2018.0,,0,0,0,-5,-5,0.0,225.697,55.575,51696.09,71.1,0,0,1,1,1,1,1,1,1,1,1,321000,2022,0,0,1.0,0.0,1,1,1,0,2.52,2.81,retained_legacy_not_independently_reimported,2022,0,excluded_until_researcher_coding_rubric_is_documented,364134,40,36,0,0,1.098497,1,GDP parsed from comma-formatted text to numeric.
Iceland,ISL,2014,party,2011,2018.0,2018.0,,0,0,0,-4,-4,0.613,127.934,39.388,52102.58,71.9,0,0,1,1,1,1,1,1,1,1,1,327000,2022,0,0,1.0,0.0,1,1,1,0,2.53,2.9,retained_legacy_not_independently_reimported,2022,0,excluded_until_researcher_coding_rubric_is_documented,364134,40,36,0,0,1.098497,1,GDP parsed from comma-formatted text to numeric.
Iceland,ISL,2015,party,2011,2018.0,2018.0,,0,0,0,-3,-3,0.0,133.554,53.784,53505.7,72.8,0,0,1,1,1,1,1,1,1,1,1,332000,2022,0,0,1.0,0.0,1,1,1,0,2.49,2.79,retained_legacy_not_independently_reimported,2022,0,excluded_until_researcher_coding_rubric_is_documented,364134,40,36,0,0,1.098497,1,GDP parsed from comma-formatted text to numeric.
Iceland,ISL,2016,party,2011,2018.0,2018.0,,0,0,0,-2,-2,0.601,148.403,55.13,56049.29,73.0,0,0,1,1,1,1,1,1,1,1,1,338000,2022,0,0,1.0,0.0,1,1,1,0,2.3,2.53,retained_legacy_not_independently_reimported,2022,0,excluded_until_researcher_coding_rubric_is_documented,364134,40,36,0,0,1.098497,1,GDP parsed from comma-formatted text to numeric.
Iceland,ISL,2017,party,2011,2018.0,2018.0,,0,0,0,-1,-1,1.182,138.561,62.003,56657.98,72.6,0,0,1,1,1,1,1,1,1,1,1,348000,2022,0,0,1.0,0.0,1,1,1,0,2.41,2.68,retained_legacy_not_independently_reimported,2022,0,excluded_until_researcher_coding_rubric_is_documented,364134,40,36,0,0,1.098497,1,GDP parsed from comma-formatted text to numeric.
Iceland,ISL,2018,party,2011,2018.0,2018.0,,1,1,1,0,0,0.579,156.155,74.535,57731.65,71.6,0,0,1,1,1,1,1,1,1,1,1,354000,2022,0,0,1.0,0.0,1,1,1,0,2.43,2.86,retained_legacy_not_independently_reimported,2022,0,excluded_until_researcher_coding_rubric_is_documented,364134,40,36,0,0,1.098497,1,GDP parsed from comma-formatted text to numeric.
Iceland,ISL,2019,party,2011,2018.0,2018.0,,1,1,1,1,1,0.0,182.423,59.606,57118.85,71.5,0,0,1,1,1,1,1,1,1,1,1,361000,2022,0,0,1.0,0.0,1,1,1,0,2.53,2.94,retained_legacy_not_independently_reimported,2022,0,excluded_until_researcher_coding_rubric_is_documented,364134,40,36,0,0,1.098497,1,GDP parsed from comma-formatted text to numeric.
Iceland,ISL,2020,party,2011,2018.0,2018.0,,1,1,1,2,2,2.24,141.839,43.097,52464.31,69.3,0,0,1,1,1,1,1,1,1,1,1,366000,2022,0,0,1.0,0.0,1,1,1,0,2.52,2.99,retained_legacy_not_independently_reimported,2022,0,excluded_until_researcher_coding_rubric_is_documented,364134,40,36,0,0,1.098497,1,GDP parsed from comma-formatted text to numeric.
Iceland,ISL,2021,party,2011,2018.0,2018.0,,1,1,1,3,3,0.55,173.356,56.622,54285.02,69.1,0,0,1,1,1,1,1,1,1,1,1,372000,2022,0,0,1.0,0.0,1,1,1,0,2.72,2.92,retained_legacy_not_independently_reimported,2022,0,excluded_until_researcher_coding_rubric_is_documented,364134,40,36,0,0,1.098497,1,GDP parsed from comma-formatted text to numeric.
Iceland,ISL,2022,party,2011,2018.0,2018.0,,1,1,1,4,4,0.539,163.531,67.305,57606.88,70.6,0,0,1,1,1,1,1,1,1,1,1,376000,2022,1,1,1.0,0.0,1,1,1,0,2.19,2.38,retained_legacy_not_independently_reimported,2022,1,excluded_until_researcher_coding_rubric_is_documented,364134,40,36,0,0,1.098497,1,GDP parsed from comma-formatted text to numeric.
Iceland,ISL,2023,party,2011,2018.0,2018.0,,1,1,1,5,5,,130.045,45.413,60019.41,70.4,0,0,1,1,0,1,1,0,0,0,0,383000,2022,1,0,1.0,0.0,1,1,1,0,,,excluded_legacy_flagged_for_manual_review,2022,1,excluded_until_researcher_coding_rubric_is_documented,364134,40,36,0,0,1.098497,1,GDP parsed from comma-formatted text to numeric. | WGI legacy value excluded because source file flagged this country-year for manual review. | UNODC outcome values preserved from source dataset; not silently imputed or replaced.
Italy,ITA,1990,party,2012,2013.0,2014.0,,0,0,0,-23,-24,0.705,,,27625.18,35.0,0,0,1,1,0,0,0,0,0,0,0,56760000,2020,0,0,0.0,0.0,1,1,1,0,,,retained_legacy_not_independently_reimported,2020,0,excluded_until_researcher_coding_rubric_is_documented,59641488,2421,5964,3543,59,0.405925,0,GDP parsed from comma-formatted text to numeric.
Italy,ITA,1991,party,2012,2013.0,2014.0,,0,0,0,-22,-23,0.787,,,28030.77,35.5,0,0,1,1,0,0,0,0,0,0,0,56817000,2020,0,0,0.0,0.0,1,1,1,0,,,retained_legacy_not_independently_reimported,2020,0,excluded_until_researcher_coding_rubric_is_documented,59641488,2421,5964,3543,59,0.405925,0,GDP parsed from comma-formatted text to numeric.
Italy,ITA,1992,party,2012,2013.0,2014.0,,0,0,0,-21,-22,0.732,,,28245.43,33.9,0,0,1,1,0,0,0,0,0,0,0,56861000,2020,0,0,0.0,0.0,1,1,1,0,,,retained_legacy_not_independently_reimported,2020,0,excluded_until_researcher_coding_rubric_is_documented,59641488,2421,5964,3543,59,0.405925,0,GDP parsed from comma-formatted text to numeric.
Italy,ITA,1993,party,2012,2013.0,2014.0,,0,0,0,-20,-21,0.664,,,27987.43,33.3,0,0,1,1,0,0,0,0,0,0,0,56961000,2020,0,0,0.0,0.0,1,1,1,0,,,retained_legacy_not_independently_reimported,2020,0,excluded_until_researcher_coding_rubric_is_documented,59641488,2421,5964,3543,59,0.405925,0,GDP parsed from comma-formatted text to numeric.
Italy,ITA,1994,party,2012,2013.0,2014.0,,0,0,0,-19,-20,0.526,,,28583.63,33.1,0,0,1,1,0,0,0,0,0,0,0,57057000,2020,0,0,0.0,0.0,1,1,1,0,,,retained_legacy_not_independently_reimported,2020,0,excluded_until_researcher_coding_rubric_is_documented,59641488,2421,5964,3543,59,0.405925,0,GDP parsed from comma-formatted text to numeric.
Italy,ITA,1995,party,2012,2013.0,2014.0,,0,0,0,-18,-19,0.675,,,29408.32,33.1,0,0,1,1,0,0,0,0,0,0,0,57269000,2020,0,0,0.0,0.0,1,1,1,0,,,retained_legacy_not_independently_reimported,2020,0,excluded_until_researcher_coding_rubric_is_documented,59641488,2421,5964,3543,59,0.405925,0,GDP parsed from comma-formatted text to numeric.
Italy,ITA,1996,party,2012,2013.0,2014.0,,0,0,0,-17,-18,0.733,,,29795.66,33.8,0,0,1,1,0,0,0,1,0,0,0,57461000,2020,0,0,0.0,0.0,1,1,1,0,1.43,1.8,retained_legacy_not_independently_reimported,2020,0,excluded_until_researcher_coding_rubric_is_documented,59641488,2421,5964,3543,59,0.405925,0,GDP parsed from comma-formatted text to numeric.
Italy,ITA,1997,party,2012,2013.0,2014.0,,0,0,0,-16,-17,0.654,,,30353.38,34.0,0,0,1,1,0,0,0,0,0,0,0,57563000,2020,0,0,0.0,0.0,1,1,1,0,,,retained_legacy_not_independently_reimported,2020,0,excluded_until_researcher_coding_rubric_is_documented,59641488,2421,5964,3543,59,0.405925,0,GDP parsed from comma-formatted text to numeric.
Italy,ITA,1998,party,2012,2013.0,2014.0,,0,0,0,-15,-16,0.659,,,30892.18,34.5,0,0,1,1,0,0,0,1,0,0,0,57612000,2020,0,0,0.0,0.0,1,1,1,0,1.41,1.36,retained_legacy_not_independently_reimported,2020,0,excluded_until_researcher_coding_rubric_is_documented,59641488,2421,5964,3543,59,0.405925,0,GDP parsed from comma-formatted text to numeric.
Italy,ITA,1999,party,2012,2013.0,2014.0,,0,0,0,-14,-15,0.614,,,31405.26,35.2,0,0,1,1,0,0,0,0,0,0,0,57613000,2020,0,0,0.0,0.0,1,1,1,0,,,retained_legacy_not_independently_reimported,2020,0,excluded_until_researcher_coding_rubric_is_documented,59641488,2421,5964,3543,59,0.405925,0,GDP parsed from comma-formatted text to numeric.
Italy,ITA,2000,party,2012,2013.0,2014.0,,0,0,0,-13,-14,0.645,,,32609.67,35.4,0,0,1,1,1,0,0,1,1,0,0,56942000,2020,0,0,0.0,0.0,1,1,1,0,1.23,1.42,retained_legacy_not_independently_reimported,2020,0,excluded_until_researcher_coding_rubric_is_documented,59641488,2421,5964,3543,59,0.405925,0,GDP parsed from comma-formatted text to numeric.
Italy,ITA,2001,party,2012,2013.0,2014.0,,0,0,0,-12,-13,0.579,,,33243.6,35.9,0,0,1,1,1,0,0,0,0,0,0,57032000,2020,0,0,0.0,0.0,1,1,1,0,,,retained_legacy_not_independently_reimported,2020,0,excluded_until_researcher_coding_rubric_is_documented,59641488,2421,5964,3543,59,0.405925,0,GDP parsed from comma-formatted text to numeric.
Italy,ITA,2002,party,2012,2013.0,2014.0,,0,0,0,-11,-12,0.617,,,33267.45,36.3,0,0,1,1,1,0,0,1,1,0,0,57157000,2020,0,0,0.0,0.0,1,1,1,0,1.28,1.26,retained_legacy_not_independently_reimported,2020,0,excluded_until_researcher_coding_rubric_is_documented,59641488,2421,5964,3543,59,0.405925,0,GDP parsed from comma-formatted text to numeric.
Italy,ITA,2003,party,2012,2013.0,2014.0,,0,0,0,-10,-11,0.664,4.752,,33110.17,36.8,0,0,1,1,1,0,0,1,1,0,0,57321000,2020,0,0,0.0,0.0,1,1,1,0,1.26,1.17,retained_legacy_not_independently_reimported,2020,0,excluded_until_researcher_coding_rubric_is_documented,59641488,2421,5964,3543,59,0.405925,0,GDP parsed from comma-formatted text to numeric.
Italy,ITA,2004,party,2012,2013.0,2014.0,,0,0,0,-9,-10,,6.418,,33348.97,38.1,0,0,1,1,0,0,0,1,0,0,0,57888000,2020,0,0,0.0,0.0,1,1,1,0,1.07,1,retained_legacy_not_independently_reimported,2020,0,excluded_until_researcher_coding_rubric_is_documented,59641488,2421,5964,3543,59,0.405925,0,GDP parsed from comma-formatted text to numeric.
Italy,ITA,2005,party,2012,2013.0,2014.0,,0,0,0,-8,-9,0.452,6.869,,33407.68,37.8,0,0,1,1,1,1,0,1,1,1,0,58462000,2020,0,0,0.0,0.0,1,1,1,0,0.95,0.87,retained_legacy_not_independently_reimported,2020,0,excluded_until_researcher_coding_rubric_is_documented,59641488,2421,5964,3543,59,0.405925,0,GDP parsed from comma-formatted text to numeric.
Italy,ITA,2006,party,2012,2013.0,2014.0,,0,0,0,-7,-8,0.589,7.681,,33873.05,37.9,0,0,1,1,1,1,0,1,1,1,0,58751000,2020,0,0,0.0,0.0,1,1,1,0,0.61,0.64,retained_legacy_not_independently_reimported,2020,0,excluded_until_researcher_coding_rubric_is_documented,59641488,2421,5964,3543,59,0.405925,0,GDP parsed from comma-formatted text to numeric.
Italy,ITA,2007,party,2012,2013.0,2014.0,,0,0,0,-6,-7,0.492,8.285,,34159.91,37.7,0,0,1,1,1,1,0,1,1,1,0,59131000,2020,0,0,0.0,0.0,1,1,1,0,0.33,0.79,retained_legacy_not_independently_reimported,2020,0,excluded_until_researcher_coding_rubric_is_documented,59641488,2421,5964,3543,59,0.405925,0,GDP parsed from comma-formatted text to numeric.
Italy,ITA,2008,party,2012,2013.0,2014.0,,0,0,0,-5,-6,0.481,8.215,,33550.63,38.4,0,0,1,1,1,1,0,1,1,1,0,59619000,2020,0,0,0.0,0.0,1,1,1,0,0.46,0.76,retained_legacy_not_independently_reimported,2020,0,excluded_until_researcher_coding_rubric_is_documented,59641488,2421,5964,3543,59,0.405925,0,GDP parsed from comma-formatted text to numeric.
Italy,ITA,2009,party,2012,2013.0,2014.0,,0,0,0,-4,-5,0.56,8.285,,31587.06,38.0,0,0,1,1,1,1,0,1,1,1,0,60045000,2020,0,0,0.0,0.0,1,1,1,0,0.71,0.68,retained_legacy_not_independently_reimported,2020,0,excluded_until_researcher_coding_rubric_is_documented,59641488,2421,5964,3543,59,0.405925,0,GDP parsed from comma-formatted text to numeric.
Italy,ITA,2010,party,2012,2013.0,2014.0,,0,0,0,-3,-4,0.498,8.0,,31928.55,37.9,0,0,1,1,1,1,0,1,1,1,0,60483000,2020,0,0,0.0,0.0,1,1,1,0,0.79,0.77,retained_legacy_not_independently_reimported,2020,0,excluded_until_researcher_coding_rubric_is_documented,59641488,2421,5964,3543,59,0.405925,0,GDP parsed from comma-formatted text to numeric.
Italy,ITA,2011,party,2012,2013.0,2014.0,,0,0,0,-2,-3,0.534,7.648,,32039.5,38.1,0,0,1,1,1,1,0,1,1,1,0,59379000,2020,0,0,0.0,0.0,1,1,1,0,0.69,0.82,retained_legacy_not_independently_reimported,2020,0,excluded_until_researcher_coding_rubric_is_documented,59641488,2421,5964,3543,59,0.405925,0,GDP parsed from comma-formatted text to numeric.
Italy,ITA,2012,party,2012,2013.0,2014.0,,0,0,0,-1,-2,0.521,7.746,,30953.41,39.4,0,0,1,1,1,1,0,1,1,1,0,59539000,2020,0,0,0.0,0.0,1,1,1,0,0.76,0.72,retained_legacy_not_independently_reimported,2020,0,excluded_until_researcher_coding_rubric_is_documented,59641488,2421,5964,3543,59,0.405925,0,GDP parsed from comma-formatted text to numeric.
Italy,ITA,2013,party,2012,2013.0,2014.0,,1,0,0,0,-1,0.573,7.399,,30330.02,39.3,0,0,1,1,1,1,0,1,1,1,0,60233000,2020,0,0,0.0,0.0,1,1,1,0,0.91,0.74,retained_legacy_not_independently_reimported,2020,0,excluded_until_researcher_coding_rubric_is_documented,59641488,2421,5964,3543,59,0.405925,0,GDP parsed from comma-formatted text to numeric.
Italy,ITA,2014,party,2012,2013.0,2014.0,,1,1,1,1,0,0.471,7.837,,30325.03,39.7,0,0,1,1,1,1,0,1,1,1,0,60782000,2020,0,0,0.0,0.0,1,1,1,0,0.8,0.72,retained_legacy_not_independently_reimported,2020,0,excluded_until_researcher_coding_rubric_is_documented,59641488,2421,5964,3543,59,0.405925,0,GDP parsed from comma-formatted text to numeric.
Italy,ITA,2015,party,2012,2013.0,2014.0,,1,1,1,2,1,0.436,7.447,,30639.88,39.4,0,0,1,1,1,1,0,1,1,1,0,60802000,2020,0,0,1.0,0.0,1,1,1,0,0.84,0.5,retained_legacy_not_independently_reimported,2020,0,excluded_until_researcher_coding_rubric_is_documented,59641488,2421,5964,3543,59,0.405925,0,GDP parsed from comma-formatted text to numeric.
Italy,ITA,2016,party,2012,2013.0,2014.0,,1,1,1,3,2,0.486,7.462,,31077.68,40.1,0,0,1,1,1,1,0,1,1,1,0,60627000,2020,0,0,1.0,0.0,1,1,1,0,0.94,0.63,retained_legacy_not_independently_reimported,2020,0,excluded_until_researcher_coding_rubric_is_documented,59641488,2421,5964,3543,59,0.405925,0,GDP parsed from comma-formatted text to numeric.
Italy,ITA,2017,party,2012,2013.0,2014.0,,1,1,1,4,3,0.426,8.47,,31635.52,40.6,0,0,1,1,1,1,0,1,1,1,0,60484000,2020,0,0,1.0,0.0,1,1,1,0,0.85,0.55,retained_legacy_not_independently_reimported,2020,0,excluded_until_researcher_coding_rubric_is_documented,59641488,2421,5964,3543,59,0.405925,0,GDP parsed from comma-formatted text to numeric.
Italy,ITA,2018,party,2012,2013.0,2014.0,,1,1,1,5,4,0.456,8.927,,31819.4,40.8,0,0,1,1,1,1,0,1,1,1,0,60359000,2020,0,0,1.0,0.0,1,1,1,0,0.7,0.42,retained_legacy_not_independently_reimported,2020,0,excluded_until_researcher_coding_rubric_is_documented,59641488,2421,5964,3543,59,0.405925,0,GDP parsed from comma-formatted text to numeric.
Italy,ITA,2019,party,2012,2013.0,2014.0,,1,1,1,6,5,0.36,8.984,,32180.43,40.9,0,0,1,1,1,1,0,1,1,1,0,60244000,2020,0,0,1.0,0.0,1,1,1,0,0.77,0.47,retained_legacy_not_independently_reimported,2020,0,excluded_until_researcher_coding_rubric_is_documented,59641488,2421,5964,3543,59,0.405925,0,GDP parsed from comma-formatted text to numeric.
Italy,ITA,2020,party,2012,2013.0,2014.0,,1,1,1,7,6,0.378,8.209,,29469.8,39.5,0,0,1,1,1,1,0,1,1,1,0,59641000,2020,1,1,1.0,0.0,1,1,1,0,0.62,0.36,retained_legacy_not_independently_reimported,2020,1,excluded_until_researcher_coding_rubric_is_documented,59641488,2421,5964,3543,59,0.405925,0,GDP parsed from comma-formatted text to numeric.
Italy,ITA,2021,party,2012,2013.0,2014.0,,1,1,1,8,7,0.389,9.654,,32267.71,39.9,0,0,1,1,1,1,0,1,1,1,0,59236000,2020,1,1,1.0,0.0,1,1,1,0,0.56,0.42,retained_legacy_not_independently_reimported,2020,1,excluded_until_researcher_coding_rubric_is_documented,59641488,2421,5964,3543,59,0.405925,0,GDP parsed from comma-formatted text to numeric.
Italy,ITA,2022,party,2012,2013.0,2014.0,,1,1,1,9,8,0.413,11.429,,33891.89,40.5,0,0,1,1,1,1,0,1,1,1,0,58851000,2020,1,1,1.0,0.0,1,1,1,0,0.63,0.42,retained_legacy_not_independently_reimported,2020,1,excluded_until_researcher_coding_rubric_is_documented,59641488,2421,5964,3543,59,0.405925,0,GDP parsed from comma-formatted text to numeric.
Italy,ITA,2023,party,2012,2013.0,2014.0,,1,1,1,10,9,,11.331,,34239.66,41.3,0,0,1,1,0,1,0,1,0,1,0,58997000,2020,1,0,1.0,0.0,1,1,1,0,0.43,0.27,retained_legacy_not_independently_reimported,2020,1,excluded_until_researcher_coding_rubric_is_documented,59641488,2421,5964,3543,59,0.405925,0,GDP parsed from comma-formatted text to numeric. | UNODC outcome values preserved from source dataset; not silently imputed or replaced.
Liechtenstein,LIE,1990,party,2016,2021.0,2021.0,,0,0,0,-31,-31,,,,,,0,1,1,0,0,0,0,0,0,0,0,28000,,0,0,,,0,0,1,0,,,retained_legacy_not_independently_reimported,,0,excluded_until_researcher_coding_rubric_is_documented,38747,10,4,0,0,2.580845,1,
Liechtenstein,LIE,1991,party,2016,2021.0,2021.0,,0,0,0,-30,-30,,,,,,0,1,1,0,0,0,0,0,0,0,0,29000,,0,0,,,0,0,1,0,,,retained_legacy_not_independently_reimported,,0,excluded_until_researcher_coding_rubric_is_documented,38747,10,4,0,0,2.580845,1,
Liechtenstein,LIE,1992,party,2016,2021.0,2021.0,,0,0,0,-29,-29,,,,,,0,1,1,0,0,0,0,0,0,0,0,29000,,0,0,,,0,0,1,0,,,retained_legacy_not_independently_reimported,,0,excluded_until_researcher_coding_rubric_is_documented,38747,10,4,0,0,2.580845,1,
Liechtenstein,LIE,1993,party,2016,2021.0,2021.0,,0,0,0,-28,-28,,,,,,0,1,1,0,0,0,0,0,0,0,0,30000,,0,0,,,0,0,1,0,,,retained_legacy_not_independently_reimported,,0,excluded_until_researcher_coding_rubric_is_documented,38747,10,4,0,0,2.580845,1,
Liechtenstein,LIE,1994,party,2016,2021.0,2021.0,,0,0,0,-27,-27,,,,,,0,1,1,0,0,0,0,0,0,0,0,30000,,0,0,,,0,0,1,0,,,retained_legacy_not_independently_reimported,,0,excluded_until_researcher_coding_rubric_is_documented,38747,10,4,0,0,2.580845,1,
Liechtenstein,LIE,1995,party,2016,2021.0,2021.0,,0,0,0,-26,-26,,,,,,0,1,1,0,0,0,0,0,0,0,0,31000,,0,0,,,0,0,1,0,,,retained_legacy_not_independently_reimported,,0,excluded_until_researcher_coding_rubric_is_documented,38747,10,4,0,0,2.580845,1,
Liechtenstein,LIE,1996,party,2016,2021.0,2021.0,,0,0,0,-25,-25,,,,,,0,1,1,0,0,0,0,0,0,0,0,31000,,0,0,,,0,0,1,0,2.84,2.5,retained_legacy_not_independently_reimported,,0,excluded_until_researcher_coding_rubric_is_documented,38747,10,4,0,0,2.580845,1,
Liechtenstein,LIE,1997,party,2016,2021.0,2021.0,,0,0,0,-24,-24,,,,,,0,1,1,0,0,0,0,0,0,0,0,31000,,0,0,,,0,0,1,0,,,retained_legacy_not_independently_reimported,,0,excluded_until_researcher_coding_rubric_is_documented,38747,10,4,0,0,2.580845,1,
Liechtenstein,LIE,1998,party,2016,2021.0,2021.0,,0,0,0,-23,-23,,,,,,0,1,1,0,0,0,0,0,0,0,0,32000,,0,0,,,0,0,1,0,2.81,2.51,retained_legacy_not_independently_reimported,,0,excluded_until_researcher_coding_rubric_is_documented,38747,10,4,0,0,2.580845,1,
Liechtenstein,LIE,1999,party,2016,2021.0,2021.0,,0,0,0,-22,-22,,,,,,0,1,1,0,0,0,0,0,0,0,0,32000,,0,0,,,0,0,1,0,,,retained_legacy_not_independently_reimported,,0,excluded_until_researcher_coding_rubric_is_documented,38747,10,4,0,0,2.580845,1,
Liechtenstein,LIE,2000,party,2016,2021.0,2021.0,,0,0,0,-21,-21,,,,,,0,1,1,0,0,0,0,0,0,0,0,33000,,0,0,,,0,0,1,0,2.78,2.55,retained_legacy_not_independently_reimported,,0,excluded_until_researcher_coding_rubric_is_documented,38747,10,4,0,0,2.580845,1,
Liechtenstein,LIE,2001,party,2016,2021.0,2021.0,,0,0,0,-20,-20,,,,,,0,1,1,0,0,0,0,0,0,0,0,33000,,0,0,,,0,0,1,0,,,retained_legacy_not_independently_reimported,,0,excluded_until_researcher_coding_rubric_is_documented,38747,10,4,0,0,2.580845,1,
Liechtenstein,LIE,2002,party,2016,2021.0,2021.0,,0,0,0,-19,-19,,,,,,0,1,1,0,0,0,0,0,0,0,0,33000,,0,0,,,0,0,1,0,2.78,2.52,retained_legacy_not_independently_reimported,,0,excluded_until_researcher_coding_rubric_is_documented,38747,10,4,0,0,2.580845,1,
Liechtenstein,LIE,2003,party,2016,2021.0,2021.0,,0,0,0,-18,-18,,49.912,0.0,,,0,1,1,0,0,0,0,0,0,0,0,34000,,0,0,,,0,0,1,0,2.73,2.16,retained_legacy_not_independently_reimported,,0,excluded_until_researcher_coding_rubric_is_documented,38747,10,4,0,0,2.580845,1,
Liechtenstein,LIE,2004,party,2016,2021.0,2021.0,,0,0,0,-17,-17,,20.356,2.908,,,0,1,1,0,0,0,0,0,0,0,0,35000,,0,0,,,0,0,1,0,2.89,1.84,retained_legacy_not_independently_reimported,,0,excluded_until_researcher_coding_rubric_is_documented,38747,10,4,0,0,2.580845,1,
Liechtenstein,LIE,2005,party,2016,2021.0,2021.0,,0,0,0,-16,-16,,51.887,11.531,,,0,1,1,0,0,1,1,0,0,0,0,35000,,0,0,,,0,0,1,0,2.64,1.64,retained_legacy_not_independently_reimported,,0,excluded_until_researcher_coding_rubric_is_documented,38747,10,4,0,0,2.580845,1,
Liechtenstein,LIE,2006,party,2016,2021.0,2021.0,,0,0,0,-15,-15,,34.31,5.718,,,0,1,1,0,0,1,1,0,0,0,0,36000,,0,0,,,0,0,1,0,3.05,1.8,retained_legacy_not_independently_reimported,,0,excluded_until_researcher_coding_rubric_is_documented,38747,10,4,0,0,2.580845,1,
Liechtenstein,LIE,2007,party,2016,2021.0,2021.0,,0,0,0,-14,-14,,51.099,2.839,,,0,1,1,0,0,1,1,0,0,0,0,36000,,0,0,,,0,0,1,0,2.99,2.37,retained_legacy_not_independently_reimported,,0,excluded_until_researcher_coding_rubric_is_documented,38747,10,4,0,0,2.580845,1,
Liechtenstein,LIE,2008,party,2016,2021.0,2021.0,,0,0,0,-13,-13,,31.035,8.464,,,0,1,1,0,0,1,1,0,0,0,0,36000,,0,0,,,0,0,1,0,3.04,2.41,retained_legacy_not_independently_reimported,,0,excluded_until_researcher_coding_rubric_is_documented,38747,10,4,0,0,2.580845,1,
Liechtenstein,LIE,2009,party,2016,2021.0,2021.0,,0,0,0,-12,-12,0.0,8.399,0.0,,,0,1,1,0,1,1,1,0,0,0,0,36000,,0,0,,,0,0,1,0,3.06,2.74,retained_legacy_not_independently_reimported,,0,excluded_until_researcher_coding_rubric_is_documented,38747,10,4,0,0,2.580845,1,
Liechtenstein,LIE,2010,party,2016,2021.0,2021.0,,0,0,0,-11,-11,0.0,16.667,0.0,,,0,1,1,0,1,1,1,0,0,0,0,36000,,0,0,,,0,0,1,0,3.02,2.75,retained_legacy_not_independently_reimported,,0,excluded_until_researcher_coding_rubric_is_documented,38747,10,4,0,0,2.580845,1,
Liechtenstein,LIE,2011,party,2016,2021.0,2021.0,,0,0,0,-10,-10,0.0,13.786,5.514,,,0,1,1,0,1,1,1,0,0,0,0,36000,,0,0,,,0,0,1,0,3,2.74,retained_legacy_not_independently_reimported,,0,excluded_until_researcher_coding_rubric_is_documented,38747,10,4,0,0,2.580845,1,
Liechtenstein,LIE,2012,party,2016,2021.0,2021.0,,0,0,0,-9,-9,0.0,32.791,10.93,,,0,1,1,0,1,1,1,0,0,0,0,37000,,0,0,,,0,0,1,0,3.03,2.71,retained_legacy_not_independently_reimported,,0,excluded_until_researcher_coding_rubric_is_documented,38747,10,4,0,0,2.580845,1,
Liechtenstein,LIE,2013,party,2016,2021.0,2021.0,,0,0,0,-8,-8,0.0,16.256,8.128,,,0,1,1,0,1,1,1,0,0,0,0,37000,,0,0,,,0,0,1,0,2.97,2.68,retained_legacy_not_independently_reimported,,0,excluded_until_researcher_coding_rubric_is_documented,38747,10,4,0,0,2.580845,1,
Liechtenstein,LIE,2014,party,2016,2021.0,2021.0,,0,0,0,-7,-7,0.0,21.527,13.454,,,0,1,1,0,1,1,1,0,0,0,0,37000,,0,0,,,0,0,1,0,2.89,2.96,retained_legacy_not_independently_reimported,,0,excluded_until_researcher_coding_rubric_is_documented,38747,10,4,0,0,2.580845,1,
Liechtenstein,LIE,2015,party,2016,2021.0,2021.0,,0,0,0,-6,-6,0.0,24.064,5.348,167187.16,,0,1,1,0,1,1,1,0,0,0,0,38000,,0,0,,,0,0,1,0,2.82,2.81,retained_legacy_not_independently_reimported,,0,excluded_until_researcher_coding_rubric_is_documented,38747,10,4,0,0,2.580845,1,GDP parsed from comma-formatted text to numeric.
Liechtenstein,LIE,2016,party,2016,2021.0,2021.0,,0,0,0,-5,-5,0.0,23.927,5.317,,,0,1,1,0,1,1,1,0,0,0,0,38000,,0,0,,,0,0,1,0,2.84,2.81,retained_legacy_not_independently_reimported,,0,excluded_until_researcher_coding_rubric_is_documented,38747,10,4,0,0,2.580845,1,
Liechtenstein,LIE,2017,party,2016,2021.0,2021.0,,0,0,0,-4,-4,5.241,21.136,13.21,,,0,1,1,0,1,1,1,0,0,0,0,38000,,0,0,,,0,0,1,0,2.93,2.79,retained_legacy_not_independently_reimported,,0,excluded_until_researcher_coding_rubric_is_documented,38747,10,4,0,0,2.580845,1,
Liechtenstein,LIE,2018,party,2016,2021.0,2021.0,,0,0,0,-3,-3,5.202,23.604,13.114,,,0,1,1,0,1,1,1,0,0,0,0,38000,,0,0,,,0,0,1,0,2.88,2.79,retained_legacy_not_independently_reimported,,0,excluded_until_researcher_coding_rubric_is_documented,38747,10,4,0,0,2.580845,1,
Liechtenstein,LIE,2019,party,2016,2021.0,2021.0,,0,0,0,-2,-2,,15.609,2.601,,,0,1,1,0,0,1,1,0,0,0,0,38000,,0,0,,,0,0,1,0,2.82,2.79,retained_legacy_not_independently_reimported,,0,excluded_until_researcher_coding_rubric_is_documented,38747,10,4,0,0,2.580845,1,
Liechtenstein,LIE,2020,party,2016,2021.0,2021.0,,0,0,0,-1,-1,5.12,28.375,7.739,,,0,1,1,0,1,1,1,0,0,0,0,38000,,0,0,,,0,0,1,0,3.01,2.93,retained_legacy_not_independently_reimported,,0,excluded_until_researcher_coding_rubric_is_documented,38747,10,4,0,0,2.580845,1,
Liechtenstein,LIE,2021,party,2016,2021.0,2021.0,,1,1,1,0,0,5.085,15.367,5.122,,,0,1,1,0,1,1,1,0,0,0,0,39000,,0,0,,,0,0,1,0,2.51,2.91,retained_legacy_not_independently_reimported,,0,excluded_until_researcher_coding_rubric_is_documented,38747,10,4,0,0,2.580845,1,
Liechtenstein,LIE,2022,party,2016,2021.0,2021.0,,1,1,1,1,1,,35.608,10.174,,,0,1,1,0,0,1,1,0,0,0,0,39000,,0,0,,,0,0,1,0,2.08,2.41,retained_legacy_not_independently_reimported,,0,excluded_until_researcher_coding_rubric_is_documented,38747,10,4,0,0,2.580845,1,
Liechtenstein,LIE,2023,party,2016,2021.0,2021.0,,1,1,1,2,2,,50.508,12.627,,,0,1,1,0,0,1,1,0,0,0,0,39000,,0,0,,,0,0,1,0,,,excluded_legacy_flagged_for_manual_review,,0,excluded_until_researcher_coding_rubric_is_documented,38747,10,4,0,0,2.580845,1,WGI legacy value excluded because source file flagged this country-year for manual review. | UNODC outcome values preserved from source dataset; not silently imputed or replaced.
Lithuania,LTU,1990,signed_not_ratified,2013,,,,0,0,0,,,,,,8333.35,60.0,0,0,1,1,0,0,0,0,0,0,0,3695000,,0,0,0.0,0.0,1,1,0,0,,,retained_legacy_not_independently_reimported,,0,excluded_until_researcher_coding_rubric_is_documented,2794090,0,279,279,100,0.0,0,GDP parsed from comma-formatted text to numeric.
Lithuania,LTU,1991,signed_not_ratified,2013,,,,0,0,0,,,,,,7847.02,59.1,0,0,1,1,0,0,0,0,0,0,0,3741000,,0,0,0.0,0.0,1,1,0,0,,,retained_legacy_not_independently_reimported,,0,excluded_until_researcher_coding_rubric_is_documented,2794090,0,279,279,100,0.0,0,GDP parsed from comma-formatted text to numeric.
Lithuania,LTU,1992,signed_not_ratified,2013,,,,0,0,0,,,,,,6185.54,58.2,0,0,1,1,0,0,0,0,0,0,0,3672000,,0,0,0.0,0.0,1,1,0,0,,,retained_legacy_not_independently_reimported,,0,excluded_until_researcher_coding_rubric_is_documented,2794090,0,279,279,100,0.0,0,GDP parsed from comma-formatted text to numeric.
Lithuania,LTU,1993,signed_not_ratified,2013,,,,0,0,0,,,5.162,,,5206.44,57.3,0,0,1,1,0,0,0,0,0,0,0,3596000,,0,0,0.0,0.0,1,1,0,0,,,retained_legacy_not_independently_reimported,,0,excluded_until_researcher_coding_rubric_is_documented,2794090,0,279,279,100,0.0,0,GDP parsed from comma-formatted text to numeric.
Lithuania,LTU,1994,signed_not_ratified,2013,,,,0,0,0,,,6.35,,,4730.7,56.5,0,0,1,1,0,0,0,0,0,0,0,3560000,,0,0,0.0,0.0,1,1,0,0,,,retained_legacy_not_independently_reimported,,0,excluded_until_researcher_coding_rubric_is_documented,2794090,0,279,279,100,0.0,0,GDP parsed from comma-formatted text to numeric.
Lithuania,LTU,1995,signed_not_ratified,2013,,,,0,0,0,,,7.96,,,4924.1,55.8,0,0,1,1,0,0,0,0,0,0,0,3535000,,0,0,0.0,0.0,1,1,0,0,,,retained_legacy_not_independently_reimported,,0,excluded_until_researcher_coding_rubric_is_documented,2794090,0,279,279,100,0.0,0,GDP parsed from comma-formatted text to numeric.
Lithuania,LTU,1996,signed_not_ratified,2013,,,,0,0,0,,,6.114,,,5211.1,55.0,0,0,1,1,0,0,0,1,0,0,0,3503000,,0,0,0.0,0.0,1,1,0,0,0.9,0.76,retained_legacy_not_independently_reimported,,0,excluded_until_researcher_coding_rubric_is_documented,2794090,0,279,279,100,0.0,0,GDP parsed from comma-formatted text to numeric.
Lithuania,LTU,1997,signed_not_ratified,2013,,,,0,0,0,,,6.079,,,5685.45,54.2,0,0,1,1,0,0,0,0,0,0,0,3469000,,0,0,0.0,0.0,1,1,0,0,,,retained_legacy_not_independently_reimported,,0,excluded_until_researcher_coding_rubric_is_documented,2794090,0,279,279,100,0.0,0,GDP parsed from comma-formatted text to numeric.
Lithuania,LTU,1998,signed_not_ratified,2013,,,,0,0,0,,,4.85,,,6154.17,53.4,0,0,1,1,0,0,0,1,0,0,0,3441000,,0,0,0.0,0.0,1,1,0,0,0.53,0.94,retained_legacy_not_independently_reimported,,0,excluded_until_researcher_coding_rubric_is_documented,2794090,0,279,279,100,0.0,0,GDP parsed from comma-formatted text to numeric.
Lithuania,LTU,1999,signed_not_ratified,2013,,,,0,0,0,,,4.89,,,6130,55.2,0,0,1,1,0,0,0,0,0,0,0,3421000,,0,0,0.0,0.0,1,1,0,0,,,retained_legacy_not_independently_reimported,,0,excluded_until_researcher_coding_rubric_is_documented,2794090,0,279,279,100,0.0,0,GDP parsed from comma-formatted text to numeric.
Lithuania,LTU,2000,signed_not_ratified,2013,,,,0,0,0,,,5.47,,,6384.31,54.9,0,0,1,1,1,0,0,1,1,0,0,3512000,,0,0,0.0,0.0,1,1,0,0,0.17,0.37,retained_legacy_not_independently_reimported,,0,excluded_until_researcher_coding_rubric_is_documented,2794090,0,279,279,100,0.0,0,GDP parsed from comma-formatted text to numeric.
Lithuania,LTU,2001,signed_not_ratified,2013,,,,0,0,0,,,4.823,,,6854.53,53.3,0,0,1,1,1,0,0,0,0,0,0,3484000,,0,0,0.0,0.0,1,1,0,0,,,retained_legacy_not_independently_reimported,,0,excluded_until_researcher_coding_rubric_is_documented,2794090,0,279,279,100,0.0,0,GDP parsed from comma-formatted text to numeric.
Lithuania,LTU,2002,signed_not_ratified,2013,,,,0,0,0,,,3.795,,,7374.1,52.2,0,0,1,1,1,0,0,1,1,0,0,3430000,,0,0,0.0,0.0,1,1,0,0,0.84,0.68,retained_legacy_not_independently_reimported,,0,excluded_until_researcher_coding_rubric_is_documented,2794090,0,279,279,100,0.0,0,GDP parsed from comma-formatted text to numeric.
Lithuania,LTU,2003,signed_not_ratified,2013,,,,0,0,0,,,5.685,12.151,8.14,8218.69,54.8,0,0,1,1,1,0,0,1,1,0,0,3371000,,0,0,0.0,0.0,1,1,0,0,1.24,0.82,retained_legacy_not_independently_reimported,,0,excluded_until_researcher_coding_rubric_is_documented,2794090,0,279,279,100,0.0,0,GDP parsed from comma-formatted text to numeric.
Lithuania,LTU,2004,signed_not_ratified,2013,,,,0,0,0,,,7.209,13.149,7.7,8851.93,51.3,0,0,1,1,1,0,0,1,1,0,0,3446000,,0,0,0.0,0.0,1,1,0,0,1.18,0.95,retained_legacy_not_independently_reimported,,0,excluded_until_researcher_coding_rubric_is_documented,2794090,0,279,279,100,0.0,0,GDP parsed from comma-formatted text to numeric.
Lithuania,LTU,2005,signed_not_ratified,2013,,,,0,0,0,,,5.628,16.796,7.976,9692.87,50.6,0,0,1,1,1,1,1,1,1,1,1,3414000,,0,0,0.0,0.0,1,1,0,0,1.28,0.98,retained_legacy_not_independently_reimported,,0,excluded_until_researcher_coding_rubric_is_documented,2794090,0,279,279,100,0.0,0,GDP parsed from comma-formatted text to numeric.
Lithuania,LTU,2006,signed_not_ratified,2013,,,,0,0,0,,,4.281,15.934,7.737,10577.21,50.1,0,0,1,1,1,1,1,1,1,1,1,3382000,,0,0,0.0,0.0,1,1,0,0,1.22,1.2,retained_legacy_not_independently_reimported,,0,excluded_until_researcher_coding_rubric_is_documented,2794090,0,279,279,100,0.0,0,GDP parsed from comma-formatted text to numeric.
Lithuania,LTU,2007,signed_not_ratified,2013,,,,0,0,0,,,4.152,12.533,6.189,11889.35,50.1,0,0,1,1,1,1,1,1,1,1,1,3348000,,0,0,0.0,0.0,1,1,0,0,1.12,1.17,retained_legacy_not_independently_reimported,,0,excluded_until_researcher_coding_rubric_is_documented,2794090,0,279,279,100,0.0,0,GDP parsed from comma-formatted text to numeric.
Lithuania,LTU,2008,signed_not_ratified,2013,,,,0,0,0,,,4.715,12.756,5.127,12324.52,50.5,0,0,1,1,1,1,1,1,1,1,1,3310000,,0,0,0.0,0.0,1,1,0,0,0.95,1.16,retained_legacy_not_independently_reimported,,0,excluded_until_researcher_coding_rubric_is_documented,2794090,0,279,279,100,0.0,0,GDP parsed from comma-formatted text to numeric.
Lithuania,LTU,2009,signed_not_ratified,2013,,,,0,0,0,,,3.762,12.55,4.71,10612.92,52.0,0,0,1,1,1,1,1,1,1,1,1,3244000,,0,0,0.0,0.0,1,1,0,0,1.17,1.23,retained_legacy_not_independently_reimported,,0,excluded_until_researcher_coding_rubric_is_documented,2794090,0,279,279,100,0.0,0,GDP parsed from comma-formatted text to numeric.
Lithuania,LTU,2010,signed_not_ratified,2013,,,,0,0,0,,,4.494,16.593,6.715,10884.12,52.3,0,0,1,1,1,1,1,1,1,1,1,3140000,,0,0,0.0,0.0,1,1,0,0,1.25,1.32,retained_legacy_not_independently_reimported,,0,excluded_until_researcher_coding_rubric_is_documented,2794090,0,279,279,100,0.0,0,GDP parsed from comma-formatted text to numeric.
Lithuania,LTU,2011,signed_not_ratified,2013,,,,0,0,0,,,4.042,17.467,6.306,11836.72,52.7,0,0,1,1,1,1,1,1,1,1,1,2988000,,0,0,0.0,0.0,1,1,0,0,1.19,1.31,retained_legacy_not_independently_reimported,,0,excluded_until_researcher_coding_rubric_is_documented,2794090,0,279,279,100,0.0,0,GDP parsed from comma-formatted text to numeric.
Lithuania,LTU,2012,signed_not_ratified,2013,,,,0,0,0,,,3.288,14.757,5.957,12516.62,53.2,0,0,1,1,1,1,1,1,1,1,1,2987000,,0,0,0.0,0.0,1,1,0,0,1.41,1.44,retained_legacy_not_independently_reimported,,0,excluded_until_researcher_coding_rubric_is_documented,2794090,0,279,279,100,0.0,0,GDP parsed from comma-formatted text to numeric.
Lithuania,LTU,2013,signed_not_ratified,2013,,,,0,0,0,,,3.76,8.62,4.496,13145.81,52.9,0,0,1,1,1,1,1,1,1,1,1,2957000,,0,0,1.0,0.0,1,1,0,0,1.4,1.41,retained_legacy_not_independently_reimported,,0,excluded_until_researcher_coding_rubric_is_documented,2794090,0,279,279,100,0.0,0,GDP parsed from comma-formatted text to numeric.
Lithuania,LTU,2014,signed_not_ratified,2013,,,,0,0,0,,,3.351,10.807,5.387,13753.19,53.9,0,0,1,1,1,1,1,1,1,1,1,2930000,,0,0,1.0,0.0,1,1,0,0,1.66,1.59,retained_legacy_not_independently_reimported,,0,excluded_until_researcher_coding_rubric_is_documented,2794090,0,279,279,100,0.0,0,GDP parsed from comma-formatted text to numeric.
Lithuania,LTU,2015,signed_not_ratified,2013,,,,0,0,0,,,3.126,9.051,5.334,14269.8,54.4,0,0,1,1,1,1,1,1,1,1,1,2904000,,0,0,1.0,0.0,1,1,0,0,1.97,1.67,retained_legacy_not_independently_reimported,,0,excluded_until_researcher_coding_rubric_is_documented,2794090,0,279,279,100,0.0,0,GDP parsed from comma-formatted text to numeric.
Lithuania,LTU,2016,signed_not_ratified,2013,,,,0,0,0,,,2.972,7.25,3.834,14823.11,55.6,0,0,1,1,1,1,1,1,1,1,1,2872000,,0,0,1.0,0.0,1,1,0,0,1.77,1.7,retained_legacy_not_independently_reimported,,0,excluded_until_researcher_coding_rubric_is_documented,2794090,0,279,279,100,0.0,0,GDP parsed from comma-formatted text to numeric.
Lithuania,LTU,2017,signed_not_ratified,2013,,,,0,0,0,,,1.706,7.988,4.383,15696,55.8,0,0,1,1,1,1,1,1,1,1,1,2848000,,0,0,1.0,0.0,1,1,0,0,1.59,1.64,retained_legacy_not_independently_reimported,,0,excluded_until_researcher_coding_rubric_is_documented,2794090,0,279,279,100,0.0,0,GDP parsed from comma-formatted text to numeric.
Lithuania,LTU,2018,signed_not_ratified,2013,,,,0,0,0,,,1.129,7.815,4.139,16604.9,56.5,0,0,1,1,1,1,1,1,1,1,1,2801000,,0,0,1.0,0.0,1,1,0,0,1.76,1.58,retained_legacy_not_independently_reimported,,0,excluded_until_researcher_coding_rubric_is_documented,2794090,0,279,279,100,0.0,0,GDP parsed from comma-formatted text to numeric.
Lithuania,LTU,2019,signed_not_ratified,2013,,,,0,0,0,,,1.472,6.798,3.363,17431.72,57.2,0,0,1,1,1,1,1,1,1,1,1,2794000,,0,0,1.0,0.0,1,1,0,0,1.72,1.69,retained_legacy_not_independently_reimported,,0,excluded_until_researcher_coding_rubric_is_documented,2794090,0,279,279,100,0.0,0,GDP parsed from comma-formatted text to numeric.
Lithuania,LTU,2020,signed_not_ratified,2013,,,,0,0,0,,,1.951,4.507,2.575,17443.66,57.4,0,0,1,1,1,1,1,1,1,1,1,2795000,,0,0,1.0,0.0,1,1,0,0,1.74,1.62,retained_legacy_not_independently_reimported,,0,excluded_until_researcher_coding_rubric_is_documented,2794090,0,279,279,100,0.0,0,GDP parsed from comma-formatted text to numeric.
Lithuania,LTU,2021,signed_not_ratified,2013,,,,0,0,0,,,1.486,5.26,2.433,18569.71,57.4,0,0,1,1,1,1,1,1,1,1,1,2787000,,0,0,1.0,0.0,1,1,0,0,1.74,1.84,retained_legacy_not_independently_reimported,,0,excluded_until_researcher_coding_rubric_is_documented,2794090,0,279,279,100,0.0,0,GDP parsed from comma-formatted text to numeric.
Lithuania,LTU,2022,signed_not_ratified,2013,,,,0,0,0,,,1.945,5.005,2.378,18884.52,58.0,0,0,1,1,1,1,1,1,1,1,1,2857000,,0,0,1.0,0.0,1,1,0,0,1.39,1.48,retained_legacy_not_independently_reimported,,0,excluded_until_researcher_coding_rubric_is_documented,2794090,0,279,279,100,0.0,0,GDP parsed from comma-formatted text to numeric.
Lithuania,LTU,2023,signed_not_ratified,2013,,,,0,0,0,,,1.79,6.342,3.223,18685.55,57.9,0,0,1,1,1,1,1,1,1,1,1,2862000,,0,0,1.0,0.0,1,1,0,0,0.74,0.89,retained_legacy_not_independently_reimported,,0,excluded_until_researcher_coding_rubric_is_documented,2794090,0,279,279,100,0.0,0,GDP parsed from comma-formatted text to numeric. | UNODC outcome values preserved from source dataset; not silently imputed or replaced.
Luxembourg,LUX,1990,party,2011,2018.0,2018.0,,0,0,0,-28,-28,,,,66027.08,34.3,0,0,1,1,0,0,0,0,0,0,0,379000,2023,0,0,0.0,0.0,1,1,1,0,,,retained_legacy_not_independently_reimported,2023,0,excluded_until_researcher_coding_rubric_is_documented,626108,216,63,0,0,3.449884,1,GDP parsed from comma-formatted text to numeric. | GREVIO baseline publication year corrected to 2023 from official CoE page.
Luxembourg,LUX,1991,party,2011,2018.0,2018.0,,0,0,0,-27,-27,,,,70779.97,36.0,0,0,1,1,0,0,0,0,0,0,0,385000,2023,0,0,0.0,0.0,1,1,1,0,,,retained_legacy_not_independently_reimported,2023,0,excluded_until_researcher_coding_rubric_is_documented,626108,216,63,0,0,3.449884,1,GDP parsed from comma-formatted text to numeric. | GREVIO baseline publication year corrected to 2023 from official CoE page.
Luxembourg,LUX,1992,party,2011,2018.0,2018.0,,0,0,0,-26,-26,,,,71116.94,38.4,0,0,1,1,0,0,0,0,0,0,0,390000,2023,0,0,0.0,0.0,1,1,1,0,,,retained_legacy_not_independently_reimported,2023,0,excluded_until_researcher_coding_rubric_is_documented,626108,216,63,0,0,3.449884,1,GDP parsed from comma-formatted text to numeric. | GREVIO baseline publication year corrected to 2023 from official CoE page.
Luxembourg,LUX,1993,party,2011,2018.0,2018.0,,0,0,0,-25,-25,,,,73116.19,37.0,0,0,1,1,0,0,0,0,0,0,0,394000,2023,0,0,0.0,0.0,1,1,1,0,,,retained_legacy_not_independently_reimported,2023,0,excluded_until_researcher_coding_rubric_is_documented,626108,216,63,0,0,3.449884,1,GDP parsed from comma-formatted text to numeric. | GREVIO baseline publication year corrected to 2023 from official CoE page.
Luxembourg,LUX,1994,party,2011,2018.0,2018.0,,0,0,0,-24,-24,,,,74883.14,37.8,0,0,1,1,0,0,0,0,0,0,0,398000,2023,0,0,0.0,0.0,1,1,1,0,,,retained_legacy_not_independently_reimported,2023,0,excluded_until_researcher_coding_rubric_is_documented,626108,216,63,0,0,3.449884,1,GDP parsed from comma-formatted text to numeric. | GREVIO baseline publication year corrected to 2023 from official CoE page.
Luxembourg,LUX,1995,party,2011,2018.0,2018.0,,0,0,0,-23,-23,,,,74896.1,35.4,0,0,1,1,0,0,0,0,0,0,0,406000,2023,0,0,0.0,0.0,1,1,1,0,,,retained_legacy_not_independently_reimported,2023,0,excluded_until_researcher_coding_rubric_is_documented,626108,216,63,0,0,3.449884,1,GDP parsed from comma-formatted text to numeric. | GREVIO baseline publication year corrected to 2023 from official CoE page.
Luxembourg,LUX,1996,party,2011,2018.0,2018.0,,0,0,0,-22,-22,0.95,,,74916.51,36.5,0,0,1,1,0,0,0,1,0,0,0,414000,2023,0,0,0.0,0.0,1,1,1,0,3.33,2.91,retained_legacy_not_independently_reimported,2023,0,excluded_until_researcher_coding_rubric_is_documented,626108,216,63,0,0,3.449884,1,GDP parsed from comma-formatted text to numeric. | GREVIO baseline publication year corrected to 2023 from official CoE page.
Luxembourg,LUX,1997,party,2011,2018.0,2018.0,,0,0,0,-21,-21,,,,77993.06,37.6,0,0,1,1,0,0,0,0,0,0,0,420000,2023,0,0,0.0,0.0,1,1,1,0,,,retained_legacy_not_independently_reimported,2023,0,excluded_until_researcher_coding_rubric_is_documented,626108,216,63,0,0,3.449884,1,GDP parsed from comma-formatted text to numeric. | GREVIO baseline publication year corrected to 2023 from official CoE page.
Luxembourg,LUX,1998,party,2011,2018.0,2018.0,,0,0,0,-20,-20,,,,82170.24,37.9,0,0,1,1,0,0,0,1,0,0,0,427000,2023,0,0,0.0,0.0,1,1,1,0,3.34,3,retained_legacy_not_independently_reimported,2023,0,excluded_until_researcher_coding_rubric_is_documented,626108,216,63,0,0,3.449884,1,GDP parsed from comma-formatted text to numeric. | GREVIO baseline publication year corrected to 2023 from official CoE page.
Luxembourg,LUX,1999,party,2011,2018.0,2018.0,,0,0,0,-19,-19,,,,87695.34,39.9,0,0,1,1,0,0,0,0,0,0,0,435000,2023,0,0,0.0,0.0,1,1,1,0,,,retained_legacy_not_independently_reimported,2023,0,excluded_until_researcher_coding_rubric_is_documented,626108,216,63,0,0,3.449884,1,GDP parsed from comma-formatted text to numeric. | GREVIO baseline publication year corrected to 2023 from official CoE page.
Luxembourg,LUX,2000,party,2011,2018.0,2018.0,,0,0,0,-18,-18,,,,92527.71,41.5,0,0,1,1,0,0,0,1,0,0,0,436000,2023,0,0,0.0,0.0,1,1,1,0,3.21,3.09,retained_legacy_not_independently_reimported,2023,0,excluded_until_researcher_coding_rubric_is_documented,626108,216,63,0,0,3.449884,1,GDP parsed from comma-formatted text to numeric. | GREVIO baseline publication year corrected to 2023 from official CoE page.
Luxembourg,LUX,2001,party,2011,2018.0,2018.0,,0,0,0,-17,-17,1.785,,,94243.71,41.6,0,0,1,1,1,0,0,0,0,0,0,442000,2023,0,0,0.0,0.0,1,1,1,0,,,retained_legacy_not_independently_reimported,2023,0,excluded_until_researcher_coding_rubric_is_documented,626108,216,63,0,0,3.449884,1,GDP parsed from comma-formatted text to numeric. | GREVIO baseline publication year corrected to 2023 from official CoE page.
Luxembourg,LUX,2002,party,2011,2018.0,2018.0,,0,0,0,-16,-16,,,,96269.58,42.8,0,0,1,1,0,0,0,1,0,0,0,449000,2023,0,0,0.0,0.0,1,1,1,0,3.36,3.18,retained_legacy_not_independently_reimported,2023,0,excluded_until_researcher_coding_rubric_is_documented,626108,216,63,0,0,3.449884,1,GDP parsed from comma-formatted text to numeric. | GREVIO baseline publication year corrected to 2023 from official CoE page.
Luxembourg,LUX,2003,party,2011,2018.0,2018.0,,0,0,0,-15,-15,,,,97598,42.9,0,0,1,1,0,0,0,1,0,0,0,455000,2023,0,0,0.0,0.0,1,1,1,0,3.15,3.11,retained_legacy_not_independently_reimported,2023,0,excluded_until_researcher_coding_rubric_is_documented,626108,216,63,0,0,3.449884,1,GDP parsed from comma-formatted text to numeric. | GREVIO baseline publication year corrected to 2023 from official CoE page.
Luxembourg,LUX,2004,party,2011,2018.0,2018.0,,0,0,0,-14,-14,0.431,,,100292.57,44.6,0,0,1,1,1,0,0,1,1,0,0,461000,2023,0,0,0.0,0.0,1,1,1,0,3.19,3.14,retained_legacy_not_independently_reimported,2023,0,excluded_until_researcher_coding_rubric_is_documented,626108,216,63,0,0,3.449884,1,GDP parsed from comma-formatted text to numeric. | GREVIO baseline publication year corrected to 2023 from official CoE page.
Luxembourg,LUX,2005,party,2011,2018.0,2018.0,,0,0,0,-13,-13,,,,101222.04,45.7,0,0,1,1,0,0,0,1,0,0,0,469000,2023,0,0,1.0,0.0,1,1,1,0,3.01,3.09,retained_legacy_not_independently_reimported,2023,0,excluded_until_researcher_coding_rubric_is_documented,626108,216,63,0,0,3.449884,1,GDP parsed from comma-formatted text to numeric. | GREVIO baseline publication year corrected to 2023 from official CoE page.
Luxembourg,LUX,2006,party,2011,2018.0,2018.0,,0,0,0,-12,-12,0.838,43.353,8.459,105614.18,46.1,0,0,1,1,1,1,1,1,1,1,1,477000,2023,0,0,1.0,0.0,1,1,1,0,2.66,2.87,retained_legacy_not_independently_reimported,2023,0,excluded_until_researcher_coding_rubric_is_documented,626108,216,63,0,0,3.449884,1,GDP parsed from comma-formatted text to numeric. | GREVIO baseline publication year corrected to 2023 from official CoE page.
Luxembourg,LUX,2007,party,2011,2018.0,2018.0,,0,0,0,-11,-11,1.238,123.264,9.162,112417.88,46.7,0,0,1,1,1,1,1,1,1,1,1,487000,2023,0,0,1.0,0.0,1,1,1,0,2.7,2.97,retained_legacy_not_independently_reimported,2023,0,excluded_until_researcher_coding_rubric_is_documented,626108,216,63,0,0,3.449884,1,GDP parsed from comma-formatted text to numeric. | GREVIO baseline publication year corrected to 2023 from official CoE page.
Luxembourg,LUX,2008,party,2011,2018.0,2018.0,,0,0,0,-10,-10,,72.19,11.657,110094.79,47.2,0,0,1,1,0,1,1,1,0,1,1,494000,2023,0,0,1.0,0.0,1,1,1,0,2.75,3.04,retained_legacy_not_independently_reimported,2023,0,excluded_until_researcher_coding_rubric_is_documented,626108,216,63,0,0,3.449884,1,GDP parsed from comma-formatted text to numeric. | GREVIO baseline publication year corrected to 2023 from official CoE page.
Luxembourg,LUX,2009,party,2011,2018.0,2018.0,,0,0,0,-9,-9,0.0,41.751,11.241,104574.35,49.1,0,0,1,1,1,1,1,1,1,1,1,494000,2023,0,0,1.0,0.0,1,1,1,0,2.96,3.09,retained_legacy_not_independently_reimported,2023,0,excluded_until_researcher_coding_rubric_is_documented,626108,216,63,0,0,3.449884,1,GDP parsed from comma-formatted text to numeric. | GREVIO baseline publication year corrected to 2023 from official CoE page.
Luxembourg,LUX,2010,party,2011,2018.0,2018.0,,0,0,0,-8,-8,1.96,41.584,13.007,106544.06,48.8,0,0,1,1,1,1,1,1,1,1,1,502000,2023,0,0,1.0,0.0,1,1,1,0,2.92,3.13,retained_legacy_not_independently_reimported,2023,0,excluded_until_researcher_coding_rubric_is_documented,626108,216,63,0,0,3.449884,1,GDP parsed from comma-formatted text to numeric. | GREVIO baseline publication year corrected to 2023 from official CoE page.
Luxembourg,LUX,2011,party,2011,2018.0,2018.0,,0,0,0,-7,-7,0.0,41.845,13.498,105290.25,49.5,0,0,1,1,1,1,1,1,1,1,1,512000,2023,0,0,1.0,0.0,1,1,1,0,2.96,3.1,retained_legacy_not_independently_reimported,2023,0,excluded_until_researcher_coding_rubric_is_documented,626108,216,63,0,0,3.449884,1,GDP parsed from comma-formatted text to numeric. | GREVIO baseline publication year corrected to 2023 from official CoE page.
Luxembourg,LUX,2012,party,2011,2018.0,2018.0,,0,0,0,-6,-6,0.0,52.359,14.314,104487.74,51.2,0,0,1,1,1,1,1,1,1,1,1,524000,2023,0,0,1.0,0.0,1,1,1,0,2.83,3.05,retained_legacy_not_independently_reimported,2023,0,excluded_until_researcher_coding_rubric_is_documented,626108,216,63,0,0,3.449884,1,GDP parsed from comma-formatted text to numeric. | GREVIO baseline publication year corrected to 2023 from official CoE page.
Luxembourg,LUX,2013,party,2011,2018.0,2018.0,,0,0,0,-5,-5,0.0,49.323,16.38,105338.96,51.5,0,0,1,1,1,1,1,1,1,1,1,537000,2023,0,0,1.0,0.0,1,1,1,0,2.76,3.07,retained_legacy_not_independently_reimported,2023,0,excluded_until_researcher_coding_rubric_is_documented,626108,216,63,0,0,3.449884,1,GDP parsed from comma-formatted text to numeric. | GREVIO baseline publication year corrected to 2023 from official CoE page.
Luxembourg,LUX,2014,party,2011,2018.0,2018.0,,0,0,0,-4,-4,0.72,64.536,13.123,105583.94,52.2,0,0,1,1,1,1,1,1,1,1,1,549000,2023,0,0,1.0,0.0,1,1,1,0,2.8,3.23,retained_legacy_not_independently_reimported,2023,0,excluded_until_researcher_coding_rubric_is_documented,626108,216,63,0,0,3.449884,1,GDP parsed from comma-formatted text to numeric. | GREVIO baseline publication year corrected to 2023 from official CoE page.
Luxembourg,LUX,2015,party,2011,2018.0,2018.0,,0,0,0,-3,-3,,57.591,11.94,105462.01,54.2,0,0,1,1,0,1,1,1,0,1,1,563000,2023,0,0,1.0,0.0,1,1,1,0,2.89,3.13,retained_legacy_not_independently_reimported,2023,0,excluded_until_researcher_coding_rubric_is_documented,626108,216,63,0,0,3.449884,1,GDP parsed from comma-formatted text to numeric. | GREVIO baseline publication year corrected to 2023 from official CoE page.
Luxembourg,LUX,2016,party,2011,2018.0,2018.0,,0,0,0,-2,-2,,71.807,18.166,108351.45,53.6,0,0,1,1,0,1,1,1,0,1,1,576000,2023,0,0,1.0,0.0,1,1,1,0,2.82,2.93,retained_legacy_not_independently_reimported,2023,0,excluded_until_researcher_coding_rubric_is_documented,626108,216,63,0,0,3.449884,1,GDP parsed from comma-formatted text to numeric. | GREVIO baseline publication year corrected to 2023 from official CoE page.
Luxembourg,LUX,2017,party,2011,2018.0,2018.0,,0,0,0,-1,-1,,60.688,14.082,107142.13,54.0,0,0,1,1,0,1,1,1,0,1,1,590000,2023,0,0,1.0,0.0,1,1,1,0,2.81,2.9,retained_legacy_not_independently_reimported,2023,0,excluded_until_researcher_coding_rubric_is_documented,626108,216,63,0,0,3.449884,1,GDP parsed from comma-formatted text to numeric. | GREVIO baseline publication year corrected to 2023 from official CoE page.
Luxembourg,LUX,2018,party,2011,2018.0,2018.0,,1,1,1,0,0,,58.872,12.498,106788.73,54.8,0,0,1,1,0,1,1,1,0,1,1,602000,2023,0,0,1.0,0.0,1,1,1,0,2.96,3.02,retained_legacy_not_independently_reimported,2023,0,excluded_until_researcher_coding_rubric_is_documented,626108,216,63,0,0,3.449884,1,GDP parsed from comma-formatted text to numeric. | GREVIO baseline publication year corrected to 2023 from official CoE page.
Luxembourg,LUX,2019,party,2011,2018.0,2018.0,,1,1,1,1,1,0.324,47.729,18.705,107591.97,54.9,0,0,1,1,1,1,1,1,1,1,1,619000,2023,0,0,1.0,0.0,1,1,1,0,2.89,2.99,retained_legacy_not_independently_reimported,2023,0,excluded_until_researcher_coding_rubric_is_documented,626108,216,63,0,0,3.449884,1,GDP parsed from comma-formatted text to numeric. | GREVIO baseline publication year corrected to 2023 from official CoE page.
Luxembourg,LUX,2020,party,2011,2018.0,2018.0,,1,1,1,2,2,0.0,45.83,16.492,105274.25,55.9,0,0,1,1,1,1,1,1,1,1,1,632000,2023,0,0,1.0,0.0,1,1,1,0,3.06,2.97,retained_legacy_not_independently_reimported,2023,0,excluded_until_researcher_coding_rubric_is_documented,626108,216,63,0,0,3.449884,1,GDP parsed from comma-formatted text to numeric. | GREVIO baseline publication year corrected to 2023 from official CoE page.
Luxembourg,LUX,2021,party,2011,2018.0,2018.0,,1,1,1,3,3,,54.352,17.18,110873.19,56.9,0,0,1,1,0,1,1,1,0,1,1,643000,2023,0,0,1.0,0.0,1,1,1,0,2.87,2.98,retained_legacy_not_independently_reimported,2023,0,excluded_until_researcher_coding_rubric_is_documented,626108,216,63,0,0,3.449884,1,GDP parsed from comma-formatted text to numeric. | GREVIO baseline publication year corrected to 2023 from official CoE page.
Luxembourg,LUX,2022,party,2011,2018.0,2018.0,,1,1,1,4,4,1.541,60.002,20.052,107467.19,57.0,0,0,1,1,1,1,1,1,1,1,1,658000,2023,0,0,1.0,0.0,1,1,1,0,2.48,2.48,retained_legacy_not_independently_reimported,2023,0,excluded_until_researcher_coding_rubric_is_documented,626108,216,63,0,0,3.449884,1,GDP parsed from comma-formatted text to numeric. | GREVIO baseline publication year corrected to 2023 from official CoE page.
Luxembourg,LUX,2023,party,2011,2018.0,2018.0,,1,1,1,5,5,,45.858,21.952,105422.83,57.2,0,0,1,1,0,1,1,0,0,0,0,672000,2023,1,0,1.0,0.0,1,1,1,0,,,excluded_legacy_flagged_for_manual_review,2023,1,excluded_until_researcher_coding_rubric_is_documented,626108,216,63,0,0,3.449884,1,GDP parsed from comma-formatted text to numeric. | WGI legacy value excluded because source file flagged this country-year for manual review. | GREVIO baseline publication year corrected to 2023 from official CoE page. | UNODC outcome values preserved from source dataset; not silently imputed or replaced.
Latvia,LVA,1990,party,2016,2024.0,2024.0,,0,0,0,-34,-34,,,,7622.7,53.8,0,0,1,1,0,0,0,0,0,0,0,2667000,,0,0,0.0,0.0,1,1,0,1,,,retained_legacy_not_independently_reimported,,0,excluded_until_researcher_coding_rubric_is_documented,1907675,140,191,51,27,0.733878,0,GDP parsed from comma-formatted text to numeric.
Latvia,LVA,1991,party,2016,2024.0,2024.0,,0,0,0,-33,-33,,,,6694.2,53.4,0,0,1,1,0,0,0,0,0,0,0,2620000,,0,0,0.0,0.0,1,1,0,1,,,retained_legacy_not_independently_reimported,,0,excluded_until_researcher_coding_rubric_is_documented,1907675,140,191,51,27,0.733878,0,GDP parsed from comma-formatted text to numeric.
Latvia,LVA,1992,party,2016,2024.0,2024.0,,0,0,0,-32,-32,,,,4607.11,53.8,0,0,1,1,0,0,0,0,0,0,0,2567000,,0,0,0.0,0.0,1,1,0,1,,,retained_legacy_not_independently_reimported,,0,excluded_until_researcher_coding_rubric_is_documented,1907675,140,191,51,27,0.733878,0,GDP parsed from comma-formatted text to numeric.
Latvia,LVA,1993,party,2016,2024.0,2024.0,,0,0,0,-31,-31,,,,4464.72,53.6,0,0,1,1,0,0,0,0,0,0,0,2515000,,0,0,0.0,0.0,1,1,0,1,,,retained_legacy_not_independently_reimported,,0,excluded_until_researcher_coding_rubric_is_documented,1907675,140,191,51,27,0.733878,0,GDP parsed from comma-formatted text to numeric.
Latvia,LVA,1994,party,2016,2024.0,2024.0,,0,0,0,-30,-30,,,,4639.51,53.0,0,0,1,1,0,0,0,0,0,0,0,2454000,,0,0,0.0,0.0,1,1,0,1,,,retained_legacy_not_independently_reimported,,0,excluded_until_researcher_coding_rubric_is_documented,1907675,140,191,51,27,0.733878,0,GDP parsed from comma-formatted text to numeric.
Latvia,LVA,1995,party,2016,2024.0,2024.0,,0,0,0,-29,-29,,,,4661.67,52.8,0,0,1,1,0,0,0,0,0,0,0,2421000,,0,0,0.0,0.0,1,1,0,1,,,retained_legacy_not_independently_reimported,,0,excluded_until_researcher_coding_rubric_is_documented,1907675,140,191,51,27,0.733878,0,GDP parsed from comma-formatted text to numeric.
Latvia,LVA,1996,party,2016,2024.0,2024.0,,0,0,0,-28,-28,,,,4822.9,52.4,0,0,1,1,0,0,0,1,0,0,0,2382000,,0,0,0.0,0.0,1,1,0,1,0.83,0.23,retained_legacy_not_independently_reimported,,0,excluded_until_researcher_coding_rubric_is_documented,1907675,140,191,51,27,0.733878,0,GDP parsed from comma-formatted text to numeric.
Latvia,LVA,1997,party,2016,2024.0,2024.0,,0,0,0,-27,-27,,,,5317.98,51.9,0,0,1,1,0,0,0,0,0,0,0,2363000,,0,0,0.0,0.0,1,1,0,1,,,retained_legacy_not_independently_reimported,,0,excluded_until_researcher_coding_rubric_is_documented,1907675,140,191,51,27,0.733878,0,GDP parsed from comma-formatted text to numeric.
Latvia,LVA,1998,party,2016,2024.0,2024.0,,0,0,0,-26,-26,,,,5719.99,51.6,0,0,1,1,0,0,0,1,0,0,0,2347000,,0,0,0.0,0.0,1,1,0,1,0.32,0.4,retained_legacy_not_independently_reimported,,0,excluded_until_researcher_coding_rubric_is_documented,1907675,140,191,51,27,0.733878,0,GDP parsed from comma-formatted text to numeric.
Latvia,LVA,1999,party,2016,2024.0,2024.0,,0,0,0,-25,-25,,,,5929.27,49.8,0,0,1,1,0,0,0,0,0,0,0,2338000,,0,0,0.0,0.0,1,1,0,1,,,retained_legacy_not_independently_reimported,,0,excluded_until_researcher_coding_rubric_is_documented,1907675,140,191,51,27,0.733878,0,GDP parsed from comma-formatted text to numeric.
Latvia,LVA,2000,party,2016,2024.0,2024.0,,0,0,0,-24,-24,,,,6336.38,49.0,0,0,1,1,0,0,0,1,0,0,0,2317000,,0,0,0.0,0.0,1,1,0,1,0.36,0.25,retained_legacy_not_independently_reimported,,0,excluded_until_researcher_coding_rubric_is_documented,1907675,140,191,51,27,0.733878,0,GDP parsed from comma-formatted text to numeric.
Latvia,LVA,2001,party,2016,2024.0,2024.0,,0,0,0,-23,-23,,,,6833.44,49.9,0,0,1,1,0,0,0,0,0,0,0,2309000,,0,0,0.0,0.0,1,1,0,1,,,retained_legacy_not_independently_reimported,,0,excluded_until_researcher_coding_rubric_is_documented,1907675,140,191,51,27,0.733878,0,GDP parsed from comma-formatted text to numeric.
Latvia,LVA,2002,party,2016,2024.0,2024.0,,0,0,0,-22,-22,,,,7443.23,51.1,0,0,1,1,0,0,0,1,0,0,0,2307000,,0,0,0.0,0.0,1,1,0,1,0.83,0.53,retained_legacy_not_independently_reimported,,0,excluded_until_researcher_coding_rubric_is_documented,1907675,140,191,51,27,0.733878,0,GDP parsed from comma-formatted text to numeric.
Latvia,LVA,2003,party,2016,2024.0,2024.0,,0,0,0,-21,-21,,13.325,5.374,8149,50.5,0,0,1,1,0,0,0,1,0,0,0,2305000,,0,0,0.0,0.0,1,1,0,1,1.02,0.99,retained_legacy_not_independently_reimported,,0,excluded_until_researcher_coding_rubric_is_documented,1907675,140,191,51,27,0.733878,0,GDP parsed from comma-formatted text to numeric.
Latvia,LVA,2004,party,2016,2024.0,2024.0,,0,0,0,-20,-20,,28.62,14.089,8957.23,50.4,0,0,1,1,0,0,0,1,0,0,0,2254000,,0,0,0.0,0.0,1,1,0,1,0.98,0.92,retained_legacy_not_independently_reimported,,0,excluded_until_researcher_coding_rubric_is_documented,1907675,140,191,51,27,0.733878,0,GDP parsed from comma-formatted text to numeric.
Latvia,LVA,2005,party,2016,2024.0,2024.0,,0,0,0,-19,-19,,32.191,11.206,10106.26,50.4,0,0,1,1,0,1,1,1,0,1,1,2231000,,0,0,0.0,0.0,1,1,0,1,0.9,0.96,retained_legacy_not_independently_reimported,,0,excluded_until_researcher_coding_rubric_is_documented,1907675,140,191,51,27,0.733878,0,GDP parsed from comma-formatted text to numeric.
Latvia,LVA,2006,party,2016,2024.0,2024.0,,0,0,0,-18,-18,,14.781,5.813,11507.46,51.9,0,0,1,1,0,1,1,1,0,1,1,2214000,,0,0,0.0,0.0,1,1,0,1,1.11,1.05,retained_legacy_not_independently_reimported,,0,excluded_until_researcher_coding_rubric_is_documented,1907675,140,191,51,27,0.733878,0,GDP parsed from comma-formatted text to numeric.
Latvia,LVA,2007,party,2016,2024.0,2024.0,,0,0,0,-17,-17,,20.902,4.226,12810.04,52.9,0,0,1,1,0,1,1,1,0,1,1,2199000,,0,0,0.0,0.0,1,1,0,1,0.72,1.22,retained_legacy_not_independently_reimported,,0,excluded_until_researcher_coding_rubric_is_documented,1907675,140,191,51,27,0.733878,0,GDP parsed from comma-formatted text to numeric.
Latvia,LVA,2008,party,2016,2024.0,2024.0,,0,0,0,-16,-16,,19.103,4.592,12506.69,54.8,0,0,1,1,0,1,1,1,0,1,1,2187000,,0,0,0.0,0.0,1,1,0,1,0.89,1.32,retained_legacy_not_independently_reimported,,0,excluded_until_researcher_coding_rubric_is_documented,1907675,140,191,51,27,0.733878,0,GDP parsed from comma-formatted text to numeric.
Latvia,LVA,2009,party,2016,2024.0,2024.0,,0,0,0,-15,-15,,14.706,3.221,10675.43,54.4,0,0,1,1,0,1,1,1,0,1,1,2143000,,0,0,0.0,0.0,1,1,0,1,1.05,1.34,retained_legacy_not_independently_reimported,,0,excluded_until_researcher_coding_rubric_is_documented,1907675,140,191,51,27,0.733878,0,GDP parsed from comma-formatted text to numeric.
Latvia,LVA,2010,party,2016,2024.0,2024.0,,0,0,0,-14,-14,,11.011,3.718,10500.87,53.7,0,0,1,1,0,1,1,1,0,1,1,2097000,,0,0,0.0,0.0,1,1,0,1,1.23,1.29,retained_legacy_not_independently_reimported,,0,excluded_until_researcher_coding_rubric_is_documented,1907675,140,191,51,27,0.733878,0,GDP parsed from comma-formatted text to numeric.
Latvia,LVA,2011,party,2016,2024.0,2024.0,,0,0,0,-13,-13,,9.612,2.427,11018.52,52.9,0,0,1,1,0,1,1,1,0,1,1,2060000,,0,0,0.0,0.0,1,1,0,1,1.17,1.26,retained_legacy_not_independently_reimported,,0,excluded_until_researcher_coding_rubric_is_documented,1907675,140,191,51,27,0.733878,0,GDP parsed from comma-formatted text to numeric.
Latvia,LVA,2012,party,2016,2024.0,2024.0,,0,0,0,-12,-12,3.352,16.023,3.146,11971.01,54.1,0,0,1,1,1,1,1,1,1,1,1,2034000,,0,0,0.0,0.0,1,1,0,1,1.41,1.33,retained_legacy_not_independently_reimported,,0,excluded_until_researcher_coding_rubric_is_documented,1907675,140,191,51,27,0.733878,0,GDP parsed from comma-formatted text to numeric.
Latvia,LVA,2013,party,2016,2024.0,2024.0,,0,0,0,-11,-11,2.2,22.454,3.626,12353.54,53.8,0,0,1,1,1,1,1,1,1,1,1,2023000,,0,0,0.0,0.0,1,1,0,1,1.5,1.3,retained_legacy_not_independently_reimported,,0,excluded_until_researcher_coding_rubric_is_documented,1907675,140,191,51,27,0.733878,0,GDP parsed from comma-formatted text to numeric.
Latvia,LVA,2014,party,2016,2024.0,2024.0,,0,0,0,-10,-10,3.386,27.731,3.761,12731.68,53.3,0,0,1,1,1,1,1,1,1,1,1,1993000,,0,0,0.0,0.0,1,1,0,1,1.62,1.48,retained_legacy_not_independently_reimported,,0,excluded_until_researcher_coding_rubric_is_documented,1907675,140,191,51,27,0.733878,0,GDP parsed from comma-formatted text to numeric.
Latvia,LVA,2015,party,2016,2024.0,2024.0,,0,0,0,-9,-9,2.751,23.561,3.034,13321.98,54.0,0,0,1,1,1,1,1,1,1,1,1,1978000,,0,0,1.0,0.0,1,1,0,1,1.8,1.31,retained_legacy_not_independently_reimported,,0,excluded_until_researcher_coding_rubric_is_documented,1907675,140,191,51,27,0.733878,0,GDP parsed from comma-formatted text to numeric.
Latvia,LVA,2016,party,2016,2024.0,2024.0,,0,0,0,-8,-8,3.208,11.225,7.245,13787.34,54.9,0,0,1,1,1,1,1,1,1,1,1,1960000,,0,0,1.0,0.0,1,1,0,1,1.65,1.58,retained_legacy_not_independently_reimported,,0,excluded_until_researcher_coding_rubric_is_documented,1907675,140,191,51,27,0.733878,0,GDP parsed from comma-formatted text to numeric.
Latvia,LVA,2017,party,2016,2024.0,2024.0,,0,0,0,-7,-7,4.001,13.487,8.288,14382.86,55.1,0,0,1,1,1,1,1,1,1,1,1,1951000,,0,0,1.0,0.0,1,1,0,1,1.48,1.54,retained_legacy_not_independently_reimported,,0,excluded_until_researcher_coding_rubric_is_documented,1907675,140,191,51,27,0.733878,0,GDP parsed from comma-formatted text to numeric.
Latvia,LVA,2018,party,2016,2024.0,2024.0,,0,0,0,-6,-6,4.134,15.304,9.131,15120.07,55.6,0,0,1,1,1,1,1,1,1,1,1,1927000,,0,0,1.0,0.0,1,1,0,1,1.71,1.58,retained_legacy_not_independently_reimported,,0,excluded_until_researcher_coding_rubric_is_documented,1907675,140,191,51,27,0.733878,0,GDP parsed from comma-formatted text to numeric.
Latvia,LVA,2019,party,2016,2024.0,2024.0,,0,0,0,-5,-5,4.073,15.829,8.933,15328.39,55.5,0,0,1,1,1,1,1,1,1,1,1,1919000,,0,0,1.0,0.0,1,1,0,1,1.82,1.67,retained_legacy_not_independently_reimported,,0,excluded_until_researcher_coding_rubric_is_documented,1907675,140,191,51,27,0.733878,0,GDP parsed from comma-formatted text to numeric.
Latvia,LVA,2020,party,2016,2024.0,2024.0,,0,0,0,-4,-4,4.106,16.254,10.625,14900.73,55.8,0,0,1,1,1,1,1,1,1,1,1,1908000,,0,0,1.0,0.0,1,1,0,1,1.44,1.58,retained_legacy_not_independently_reimported,,0,excluded_until_researcher_coding_rubric_is_documented,1907675,140,191,51,27,0.733878,0,GDP parsed from comma-formatted text to numeric.
Latvia,LVA,2021,party,2016,2024.0,2024.0,,0,0,0,-3,-3,3.551,17.766,9.122,16070.17,54.2,0,0,1,1,1,1,1,1,1,1,1,1848000,,0,0,1.0,0.0,1,1,0,1,1.43,1.62,retained_legacy_not_independently_reimported,,0,excluded_until_researcher_coding_rubric_is_documented,1907675,140,191,51,27,0.733878,0,GDP parsed from comma-formatted text to numeric.
Latvia,LVA,2022,party,2016,2024.0,2024.0,,0,0,0,-2,-2,3.958,,12.865,16421.37,55.3,0,0,1,1,1,0,1,1,1,0,1,1831000,,0,0,1.0,0.0,1,1,0,1,0.97,1.29,retained_legacy_not_independently_reimported,,0,excluded_until_researcher_coding_rubric_is_documented,1907675,140,191,51,27,0.733878,0,GDP parsed from comma-formatted text to numeric.
Latvia,LVA,2023,party,2016,2024.0,2024.0,,0,0,0,-1,-1,2.87,29.271,15.034,16229.38,55.4,0,0,1,1,1,1,1,1,1,1,1,1830000,,0,0,1.0,0.0,1,1,0,1,0.49,0.73,retained_legacy_not_independently_reimported,,0,excluded_until_researcher_coding_rubric_is_documented,1907675,140,191,51,27,0.733878,0,GDP parsed from comma-formatted text to numeric. | UNODC outcome values preserved from source dataset; not silently imputed or replaced.
Monaco,MCO,1990,party,2012,2014.0,2015.0,,0,0,0,-24,-25,,,,105878.37,,0,1,1,0,0,0,0,0,0,0,0,29000,2017,0,0,,,0,0,1,0,,,retained_legacy_not_independently_reimported,2017,0,excluded_until_researcher_coding_rubric_is_documented,,,,,,,,GDP parsed from comma-formatted text to numeric. | GREVIO baseline publication year corrected to 2017 from official CoE page.
Monaco,MCO,1991,party,2012,2014.0,2015.0,,0,0,0,-23,-24,,,,106020.72,,0,1,1,0,0,0,0,0,0,0,0,30000,2017,0,0,,,0,0,1,0,,,retained_legacy_not_independently_reimported,2017,0,excluded_until_researcher_coding_rubric_is_documented,,,,,,,,GDP parsed from comma-formatted text to numeric. | GREVIO baseline publication year corrected to 2017 from official CoE page.
Monaco,MCO,1992,party,2012,2014.0,2015.0,,0,0,0,-22,-23,,,,106558.02,,0,1,1,0,0,0,0,0,0,0,0,30000,2017,0,0,,,0,0,1,0,,,retained_legacy_not_independently_reimported,2017,0,excluded_until_researcher_coding_rubric_is_documented,,,,,,,,GDP parsed from comma-formatted text to numeric. | GREVIO baseline publication year corrected to 2017 from official CoE page.
Monaco,MCO,1993,party,2012,2014.0,2015.0,,0,0,0,-21,-22,,,,104739.79,,0,1,1,0,0,0,0,0,0,0,0,30000,2017,0,0,,,0,0,1,0,,,retained_legacy_not_independently_reimported,2017,0,excluded_until_researcher_coding_rubric_is_documented,,,,,,,,GDP parsed from comma-formatted text to numeric. | GREVIO baseline publication year corrected to 2017 from official CoE page.
Monaco,MCO,1994,party,2012,2014.0,2015.0,,0,0,0,-20,-21,,,,106244.9,,0,1,1,0,0,0,0,0,0,0,0,30000,2017,0,0,,,0,0,1,0,,,retained_legacy_not_independently_reimported,2017,0,excluded_until_researcher_coding_rubric_is_documented,,,,,,,,GDP parsed from comma-formatted text to numeric. | GREVIO baseline publication year corrected to 2017 from official CoE page.
Monaco,MCO,1995,party,2012,2014.0,2015.0,,0,0,0,-19,-20,,,,107691.09,,0,1,1,0,0,0,0,0,0,0,0,31000,2017,0,0,,,0,0,1,0,,,retained_legacy_not_independently_reimported,2017,0,excluded_until_researcher_coding_rubric_is_documented,,,,,,,,GDP parsed from comma-formatted text to numeric. | GREVIO baseline publication year corrected to 2017 from official CoE page.
Monaco,MCO,1996,party,2012,2014.0,2015.0,,0,0,0,-18,-19,,,,108107.45,,0,1,1,0,0,0,0,0,0,0,0,31000,2017,0,0,,,0,0,1,0,,1.38,retained_legacy_not_independently_reimported,2017,0,excluded_until_researcher_coding_rubric_is_documented,,,,,,,,GDP parsed from comma-formatted text to numeric. | GREVIO baseline publication year corrected to 2017 from official CoE page.
Monaco,MCO,1997,party,2012,2014.0,2015.0,,0,0,0,-17,-18,,,,109747.03,,0,1,1,0,0,0,0,0,0,0,0,32000,2017,0,0,,,0,0,1,0,,,retained_legacy_not_independently_reimported,2017,0,excluded_until_researcher_coding_rubric_is_documented,,,,,,,,GDP parsed from comma-formatted text to numeric. | GREVIO baseline publication year corrected to 2017 from official CoE page.
Monaco,MCO,1998,party,2012,2014.0,2015.0,,0,0,0,-16,-17,,,,112873.6,,0,1,1,0,0,0,0,0,0,0,0,32000,2017,0,0,,,0,0,1,0,,1.49,retained_legacy_not_independently_reimported,2017,0,excluded_until_researcher_coding_rubric_is_documented,,,,,,,,GDP parsed from comma-formatted text to numeric. | GREVIO baseline publication year corrected to 2017 from official CoE page.
Monaco,MCO,1999,party,2012,2014.0,2015.0,,0,0,0,-15,-16,,,,116084.58,,0,1,1,0,0,0,0,0,0,0,0,32000,2017,0,0,,,0,0,1,0,,,retained_legacy_not_independently_reimported,2017,0,excluded_until_researcher_coding_rubric_is_documented,,,,,,,,GDP parsed from comma-formatted text to numeric. | GREVIO baseline publication year corrected to 2017 from official CoE page.
Monaco,MCO,2000,party,2012,2014.0,2015.0,,0,0,0,-14,-15,,,,120456.51,,0,1,1,0,0,0,0,0,0,0,0,32000,2017,0,0,,,0,0,1,0,,1.43,retained_legacy_not_independently_reimported,2017,0,excluded_until_researcher_coding_rubric_is_documented,,,,,,,,GDP parsed from comma-formatted text to numeric. | GREVIO baseline publication year corrected to 2017 from official CoE page.
Monaco,MCO,2001,party,2012,2014.0,2015.0,,0,0,0,-13,-14,,,,123122.12,,0,1,1,0,0,0,0,0,0,0,0,32000,2017,0,0,,,0,0,1,0,,,retained_legacy_not_independently_reimported,2017,0,excluded_until_researcher_coding_rubric_is_documented,,,,,,,,GDP parsed from comma-formatted text to numeric. | GREVIO baseline publication year corrected to 2017 from official CoE page.
Monaco,MCO,2002,party,2012,2014.0,2015.0,,0,0,0,-12,-13,,,,124481.88,,0,1,1,0,0,0,0,0,0,0,0,33000,2017,0,0,,,0,0,1,0,,1.42,retained_legacy_not_independently_reimported,2017,0,excluded_until_researcher_coding_rubric_is_documented,,,,,,,,GDP parsed from comma-formatted text to numeric. | GREVIO baseline publication year corrected to 2017 from official CoE page.
Monaco,MCO,2003,party,2012,2014.0,2015.0,,0,0,0,-11,-12,,,3.089,126022.24,,0,1,1,0,0,0,0,0,0,0,0,33000,2017,0,0,,,0,0,1,0,,1.42,retained_legacy_not_independently_reimported,2017,0,excluded_until_researcher_coding_rubric_is_documented,,,,,,,,GDP parsed from comma-formatted text to numeric. | GREVIO baseline publication year corrected to 2017 from official CoE page.
Monaco,MCO,2004,party,2012,2014.0,2015.0,,0,0,0,-10,-11,,,,129403.4,,0,1,1,0,0,0,0,0,0,0,0,33000,2017,0,0,,,0,0,1,0,,1.4,retained_legacy_not_independently_reimported,2017,0,excluded_until_researcher_coding_rubric_is_documented,,,,,,,,GDP parsed from comma-formatted text to numeric. | GREVIO baseline publication year corrected to 2017 from official CoE page.
Monaco,MCO,2005,party,2012,2014.0,2015.0,,0,0,0,-9,-10,,,9.314,132253.22,,0,1,1,0,0,0,1,0,0,0,0,33000,2017,0,0,,,0,0,1,0,,1.32,retained_legacy_not_independently_reimported,2017,0,excluded_until_researcher_coding_rubric_is_documented,,,,,,,,GDP parsed from comma-formatted text to numeric. | GREVIO baseline publication year corrected to 2017 from official CoE page.
Monaco,MCO,2006,party,2012,2014.0,2015.0,,0,0,0,-8,-9,,,6.239,140615.18,,0,1,1,0,0,0,1,0,0,0,0,33000,2017,0,0,,,0,0,1,0,,1.67,retained_legacy_not_independently_reimported,2017,0,excluded_until_researcher_coding_rubric_is_documented,,,,,,,,GDP parsed from comma-formatted text to numeric. | GREVIO baseline publication year corrected to 2017 from official CoE page.
Monaco,MCO,2007,party,2012,2014.0,2015.0,,0,0,0,-7,-8,,,,162028.48,,0,1,1,0,0,0,0,0,0,0,0,33000,2017,0,0,,,0,0,1,0,,1.49,retained_legacy_not_independently_reimported,2017,0,excluded_until_researcher_coding_rubric_is_documented,,,,,,,,GDP parsed from comma-formatted text to numeric. | GREVIO baseline publication year corrected to 2017 from official CoE page.
Monaco,MCO,2008,party,2012,2014.0,2015.0,,0,0,0,-6,-7,,,,163243.75,,0,1,1,0,0,0,0,0,0,0,0,33000,2017,0,0,,,0,0,1,0,,1.53,retained_legacy_not_independently_reimported,2017,0,excluded_until_researcher_coding_rubric_is_documented,,,,,,,,GDP parsed from comma-formatted text to numeric. | GREVIO baseline publication year corrected to 2017 from official CoE page.
Monaco,MCO,2009,party,2012,2014.0,2015.0,,0,0,0,-5,-6,,,,142375.53,,0,1,1,0,0,0,0,0,0,0,0,33000,2017,0,0,,,0,0,1,0,,1.6,retained_legacy_not_independently_reimported,2017,0,excluded_until_researcher_coding_rubric_is_documented,,,,,,,,GDP parsed from comma-formatted text to numeric. | GREVIO baseline publication year corrected to 2017 from official CoE page.
Monaco,MCO,2010,party,2012,2014.0,2015.0,,0,0,0,-4,-5,,,,141814.79,,0,1,1,0,0,0,0,0,0,0,0,36000,2017,0,0,,,0,0,1,0,,1.5,retained_legacy_not_independently_reimported,2017,0,excluded_until_researcher_coding_rubric_is_documented,,,,,,,,GDP parsed from comma-formatted text to numeric. | GREVIO baseline publication year corrected to 2017 from official CoE page.
Monaco,MCO,2011,party,2012,2014.0,2015.0,,0,0,0,-3,-4,,,,148272.71,,0,1,1,0,0,0,0,0,0,0,0,37000,2017,0,0,,,0,0,1,0,,1.6,retained_legacy_not_independently_reimported,2017,0,excluded_until_researcher_coding_rubric_is_documented,,,,,,,,GDP parsed from comma-formatted text to numeric. | GREVIO baseline publication year corrected to 2017 from official CoE page.
Monaco,MCO,2012,party,2012,2014.0,2015.0,,0,0,0,-2,-3,,,,146472.68,,0,1,1,0,0,0,0,0,0,0,0,38000,2017,0,0,,,0,0,1,0,,1.58,retained_legacy_not_independently_reimported,2017,0,excluded_until_researcher_coding_rubric_is_documented,,,,,,,,GDP parsed from comma-formatted text to numeric. | GREVIO baseline publication year corrected to 2017 from official CoE page.
Monaco,MCO,2013,party,2012,2014.0,2015.0,,0,0,0,-1,-2,0.0,,,157167.98,,0,1,1,0,1,0,0,0,0,0,0,37000,2017,0,0,,,0,0,1,0,,1.58,retained_legacy_not_independently_reimported,2017,0,excluded_until_researcher_coding_rubric_is_documented,,,,,,,,GDP parsed from comma-formatted text to numeric. | GREVIO baseline publication year corrected to 2017 from official CoE page.
Monaco,MCO,2014,party,2012,2014.0,2015.0,,1,0,0,0,-1,,41.519,27.679,165288.2,,0,1,1,0,0,1,1,0,0,0,0,37000,2017,0,0,,,0,0,1,0,,,retained_legacy_not_independently_reimported,2017,0,excluded_until_researcher_coding_rubric_is_documented,,,,,,,,GDP parsed from comma-formatted text to numeric. | GREVIO baseline publication year corrected to 2017 from official CoE page.
Monaco,MCO,2015,party,2012,2014.0,2015.0,,1,1,1,1,0,0.0,16.323,16.323,170437.1,,0,1,1,0,1,1,1,0,0,0,0,37000,2017,0,0,,,0,0,1,0,2.44,2.12,retained_legacy_not_independently_reimported,2017,0,excluded_until_researcher_coding_rubric_is_documented,,,,,,,,GDP parsed from comma-formatted text to numeric. | GREVIO baseline publication year corrected to 2017 from official CoE page.
Monaco,MCO,2016,party,2012,2014.0,2015.0,,1,1,1,2,1,,13.413,13.413,173120.19,,0,1,1,0,0,1,1,0,0,0,0,38000,2017,0,0,,,0,0,1,0,2.53,2.12,retained_legacy_not_independently_reimported,2017,0,excluded_until_researcher_coding_rubric_is_documented,,,,,,,,GDP parsed from comma-formatted text to numeric. | GREVIO baseline publication year corrected to 2017 from official CoE page.
Monaco,MCO,2017,party,2012,2014.0,2015.0,,1,1,1,3,2,,,,165781.78,,0,1,1,0,0,0,0,0,0,0,0,38000,2017,1,0,,,0,0,1,0,2.63,2.15,retained_legacy_not_independently_reimported,2017,1,excluded_until_researcher_coding_rubric_is_documented,,,,,,,,GDP parsed from comma-formatted text to numeric. | GREVIO baseline publication year corrected to 2017 from official CoE page.
Monaco,MCO,2018,party,2012,2014.0,2015.0,,1,1,1,4,3,,,,173041.76,,0,1,1,0,0,0,0,0,0,0,0,39000,2017,1,0,,,0,0,1,0,2.63,2.15,retained_legacy_not_independently_reimported,2017,1,excluded_until_researcher_coding_rubric_is_documented,,,,,,,,GDP parsed from comma-formatted text to numeric. | GREVIO baseline publication year corrected to 2017 from official CoE page.
Monaco,MCO,2019,party,2012,2014.0,2015.0,,1,1,1,5,4,,,,185582.76,,0,1,1,0,0,0,0,0,0,0,0,39000,2017,1,0,,,0,0,1,0,2.59,2.11,retained_legacy_not_independently_reimported,2017,1,excluded_until_researcher_coding_rubric_is_documented,,,,,,,,GDP parsed from comma-formatted text to numeric. | GREVIO baseline publication year corrected to 2017 from official CoE page.
Monaco,MCO,2020,party,2012,2014.0,2015.0,,1,1,1,6,5,,,,161262.93,,0,1,1,0,0,0,0,0,0,0,0,39000,2017,1,0,,,0,0,1,0,2.84,1.91,retained_legacy_not_independently_reimported,2017,1,excluded_until_researcher_coding_rubric_is_documented,,,,,,,,GDP parsed from comma-formatted text to numeric. | GREVIO baseline publication year corrected to 2017 from official CoE page.
Monaco,MCO,2021,party,2012,2014.0,2015.0,,1,1,1,7,6,,,,194674.78,,0,1,1,0,0,0,0,0,0,0,0,36000,2017,1,0,,,0,0,1,0,2.84,1.95,retained_legacy_not_independently_reimported,2017,1,excluded_until_researcher_coding_rubric_is_documented,,,,,,,,GDP parsed from comma-formatted text to numeric. | GREVIO baseline publication year corrected to 2017 from official CoE page.
Monaco,MCO,2022,party,2012,2014.0,2015.0,,1,1,1,8,7,,,,214359.61,,0,1,1,0,0,0,0,0,0,0,0,36000,2017,1,0,,,0,0,1,0,2.87,2.08,retained_legacy_not_independently_reimported,2017,1,excluded_until_researcher_coding_rubric_is_documented,,,,,,,,GDP parsed from comma-formatted text to numeric. | GREVIO baseline publication year corrected to 2017 from official CoE page.
Monaco,MCO,2023,party,2012,2014.0,2015.0,,1,1,1,9,8,,,,225884.18,,0,1,1,0,0,0,0,0,0,0,0,36000,2017,1,0,,,0,0,1,0,,,excluded_legacy_flagged_for_manual_review,2017,1,excluded_until_researcher_coding_rubric_is_documented,,,,,,,,GDP parsed from comma-formatted text to numeric. | WGI legacy value excluded because source file flagged this country-year for manual review. | GREVIO baseline publication year corrected to 2017 from official CoE page. | UNODC outcome values preserved from source dataset; not silently imputed or replaced.
Moldova,MDA,1990,party,2017,2022.0,2022.0,,0,0,0,-32,-32,,,,3740.1,54.8,0,0,1,1,0,0,0,0,0,0,0,3650000,,0,0,0.0,0.0,1,1,1,0,,,retained_legacy_not_independently_reimported,,0,excluded_until_researcher_coding_rubric_is_documented,3542708,184,354,170,48,0.519377,0,GDP parsed from comma-formatted text to numeric.
Moldova,MDA,1991,party,2017,2022.0,2022.0,,0,0,0,-31,-31,4.062,,,3137.84,55.2,0,0,1,1,0,0,0,0,0,0,0,3654000,,0,0,0.0,0.0,1,1,1,0,,,retained_legacy_not_independently_reimported,,0,excluded_until_researcher_coding_rubric_is_documented,3542708,184,354,170,48,0.519377,0,GDP parsed from comma-formatted text to numeric.
Moldova,MDA,1992,party,2017,2022.0,2022.0,,0,0,0,-30,-30,5.293,,,2225.17,55.6,0,0,1,1,0,0,0,0,0,0,0,3656000,,0,0,0.0,0.0,1,1,1,0,,,retained_legacy_not_independently_reimported,,0,excluded_until_researcher_coding_rubric_is_documented,3542708,184,354,170,48,0.519377,0,GDP parsed from comma-formatted text to numeric.
Moldova,MDA,1993,party,2017,2022.0,2022.0,,0,0,0,-29,-29,4.748,,,2202.16,55.7,0,0,1,1,0,0,0,0,0,0,0,3637000,,0,0,0.0,0.0,1,1,1,0,,,retained_legacy_not_independently_reimported,,0,excluded_until_researcher_coding_rubric_is_documented,3542708,184,354,170,48,0.519377,0,GDP parsed from comma-formatted text to numeric.
Moldova,MDA,1994,party,2017,2022.0,2022.0,,0,0,0,-28,-28,4.374,,,1526.43,55.8,0,0,1,1,0,0,0,0,0,0,0,3608000,,0,0,0.0,0.0,1,1,1,0,,,retained_legacy_not_independently_reimported,,0,excluded_until_researcher_coding_rubric_is_documented,3542708,184,354,170,48,0.519377,0,GDP parsed from comma-formatted text to numeric.
Moldova,MDA,1995,party,2017,2022.0,2022.0,,0,0,0,-27,-27,3.977,,,1511.96,55.8,0,0,1,1,0,0,0,0,0,0,0,3582000,,0,0,0.0,0.0,1,1,1,0,,,retained_legacy_not_independently_reimported,,0,excluded_until_researcher_coding_rubric_is_documented,3542708,184,354,170,48,0.519377,0,GDP parsed from comma-formatted text to numeric.
Moldova,MDA,1996,party,2017,2022.0,2022.0,,0,0,0,-26,-26,4.801,,,1425.95,56.1,0,0,1,1,0,0,0,1,0,0,0,3601000,,0,0,0.0,0.0,1,1,1,0,-0.37,-0.21,retained_legacy_not_independently_reimported,,0,excluded_until_researcher_coding_rubric_is_documented,3542708,184,354,170,48,0.519377,0,GDP parsed from comma-formatted text to numeric.
Moldova,MDA,1997,party,2017,2022.0,2022.0,,0,0,0,-25,-25,4.559,,,1454.81,56.0,0,0,1,1,0,0,0,0,0,0,0,3617000,,0,0,0.0,0.0,1,1,1,0,,,retained_legacy_not_independently_reimported,,0,excluded_until_researcher_coding_rubric_is_documented,3542708,184,354,170,48,0.519377,0,GDP parsed from comma-formatted text to numeric.
Moldova,MDA,1998,party,2017,2022.0,2022.0,,0,0,0,-24,-24,3.916,,,1360.18,56.4,0,0,1,1,0,0,0,1,0,0,0,3629000,,0,0,0.0,0.0,1,1,1,0,-0.58,-0.11,retained_legacy_not_independently_reimported,,0,excluded_until_researcher_coding_rubric_is_documented,3542708,184,354,170,48,0.519377,0,GDP parsed from comma-formatted text to numeric.
Moldova,MDA,1999,party,2017,2022.0,2022.0,,0,0,0,-23,-23,4.284,,,1316.43,56.6,0,0,1,1,0,0,0,0,0,0,0,3638000,,0,0,0.0,0.0,1,1,1,0,,,retained_legacy_not_independently_reimported,,0,excluded_until_researcher_coding_rubric_is_documented,3542708,184,354,170,48,0.519377,0,GDP parsed from comma-formatted text to numeric.
Moldova,MDA,2000,party,2017,2022.0,2022.0,,0,0,0,-22,-22,5.294,,,1346.92,56.4,0,0,1,1,1,0,0,1,1,0,0,3639000,,0,0,0.0,0.0,1,1,1,0,-0.91,-0.8,retained_legacy_not_independently_reimported,,0,excluded_until_researcher_coding_rubric_is_documented,3542708,184,354,170,48,0.519377,0,GDP parsed from comma-formatted text to numeric.
Moldova,MDA,2001,party,2017,2022.0,2022.0,,0,0,0,-21,-21,5.343,,,1432.28,54.8,0,0,1,1,1,0,0,0,0,0,0,3629000,,0,0,0.0,0.0,1,1,1,0,,,retained_legacy_not_independently_reimported,,0,excluded_until_researcher_coding_rubric_is_documented,3542708,184,354,170,48,0.519377,0,GDP parsed from comma-formatted text to numeric.
Moldova,MDA,2002,party,2017,2022.0,2022.0,,0,0,0,-20,-20,5.684,,,1547.57,54.8,0,0,1,1,1,0,0,1,1,0,0,3617000,,0,0,0.0,0.0,1,1,1,0,-1,-1.06,retained_legacy_not_independently_reimported,,0,excluded_until_researcher_coding_rubric_is_documented,3542708,184,354,170,48,0.519377,0,GDP parsed from comma-formatted text to numeric.
Moldova,MDA,2003,party,2017,2022.0,2022.0,,0,0,0,-19,-19,4.871,,6.642,1654.37,56.1,0,0,1,1,1,0,0,1,1,0,0,3604000,,0,0,0.0,0.0,1,1,1,0,-1.13,-0.92,retained_legacy_not_independently_reimported,,0,excluded_until_researcher_coding_rubric_is_documented,3542708,184,354,170,48,0.519377,0,GDP parsed from comma-formatted text to numeric.
Moldova,MDA,2004,party,2017,2022.0,2022.0,,0,0,0,-18,-18,4.24,11.639,7.339,1781.19,54.6,0,0,1,1,1,0,0,1,1,0,0,3594000,,0,0,0.0,0.0,1,1,1,0,-1.44,-0.62,retained_legacy_not_independently_reimported,,0,excluded_until_researcher_coding_rubric_is_documented,3542708,184,354,170,48,0.519377,0,GDP parsed from comma-formatted text to numeric.
Moldova,MDA,2005,party,2017,2022.0,2022.0,,0,0,0,-17,-17,4.661,9.853,7.02,1919.45,55.0,0,0,1,1,1,1,1,1,1,1,1,3581000,,0,0,0.0,0.0,1,1,1,0,-1.28,-0.6,retained_legacy_not_independently_reimported,,0,excluded_until_researcher_coding_rubric_is_documented,3542708,184,354,170,48,0.519377,0,GDP parsed from comma-formatted text to numeric.
Moldova,MDA,2006,party,2017,2022.0,2022.0,,0,0,0,-16,-16,3.607,9.92,6.834,2017.18,57.3,0,0,1,1,1,1,1,1,1,1,1,3562000,,0,0,0.0,0.0,1,1,1,0,-1.36,-0.88,retained_legacy_not_independently_reimported,,0,excluded_until_researcher_coding_rubric_is_documented,3542708,184,354,170,48,0.519377,0,GDP parsed from comma-formatted text to numeric.
Moldova,MDA,2007,party,2017,2022.0,2022.0,,0,0,0,-15,-15,3.289,10.983,7.296,2082.51,58.9,0,0,1,1,1,1,1,1,1,1,1,3544000,,0,0,0.0,0.0,1,1,1,0,-1.42,-0.86,retained_legacy_not_independently_reimported,,0,excluded_until_researcher_coding_rubric_is_documented,3542708,184,354,170,48,0.519377,0,GDP parsed from comma-formatted text to numeric.
Moldova,MDA,2008,party,2017,2022.0,2022.0,,0,0,0,-14,-14,4.488,12.541,8.096,2249.23,59.2,0,0,1,1,1,1,1,1,1,1,1,3524000,,0,0,1.0,0.0,1,1,1,0,-1.33,-0.72,retained_legacy_not_independently_reimported,,0,excluded_until_researcher_coding_rubric_is_documented,3542708,184,354,170,48,0.519377,0,GDP parsed from comma-formatted text to numeric.
Moldova,MDA,2009,party,2017,2022.0,2022.0,,0,0,0,-13,-13,3.574,10.847,7.123,2116.94,59.9,0,0,1,1,1,1,1,1,1,1,1,3503000,,0,0,1.0,0.0,1,1,1,0,-0.95,-0.74,retained_legacy_not_independently_reimported,,0,excluded_until_researcher_coding_rubric_is_documented,3542708,184,354,170,48,0.519377,0,GDP parsed from comma-formatted text to numeric.
Moldova,MDA,2010,party,2017,2022.0,2022.0,,0,0,0,-12,-12,5.241,15.336,10.132,2269.51,62.7,0,0,1,1,1,1,1,1,1,1,1,3483000,,0,0,1.0,0.0,1,1,1,0,-1.12,-0.61,retained_legacy_not_independently_reimported,,0,excluded_until_researcher_coding_rubric_is_documented,3542708,184,354,170,48,0.519377,0,GDP parsed from comma-formatted text to numeric.
Moldova,MDA,2011,party,2017,2022.0,2022.0,,0,0,0,-11,-11,4.567,12.959,8.18,2402.94,64.4,0,0,1,1,1,1,1,1,1,1,1,3561000,,0,0,1.0,0.0,1,1,1,0,-1.03,-0.56,retained_legacy_not_independently_reimported,,0,excluded_until_researcher_coding_rubric_is_documented,3542708,184,354,170,48,0.519377,0,GDP parsed from comma-formatted text to numeric.
Moldova,MDA,2012,party,2017,2022.0,2022.0,,0,0,0,-10,-10,3.38,17.717,10.337,2389.09,65.3,0,0,1,1,1,1,1,1,1,1,1,3560000,,0,0,1.0,0.0,1,1,1,0,-0.95,-0.55,retained_legacy_not_independently_reimported,,0,excluded_until_researcher_coding_rubric_is_documented,3542708,184,354,170,48,0.519377,0,GDP parsed from comma-formatted text to numeric.
Moldova,MDA,2013,party,2017,2022.0,2022.0,,0,0,0,-9,-9,3.784,17.837,10.238,2605.85,65.6,0,0,1,1,1,1,1,1,1,1,1,3559000,,0,0,1.0,0.0,1,1,1,0,-0.68,-0.63,retained_legacy_not_independently_reimported,,0,excluded_until_researcher_coding_rubric_is_documented,3542708,184,354,170,48,0.519377,0,GDP parsed from comma-formatted text to numeric.
Moldova,MDA,2014,party,2017,2022.0,2022.0,,0,0,0,-8,-8,0.95,19.385,10.53,2737.8,69.2,0,0,1,1,1,1,1,1,1,1,1,3556000,,0,0,1.0,0.0,1,1,1,0,-0.7,-0.42,retained_legacy_not_independently_reimported,,0,excluded_until_researcher_coding_rubric_is_documented,3542708,184,354,170,48,0.519377,0,GDP parsed from comma-formatted text to numeric.
Moldova,MDA,2015,party,2017,2022.0,2022.0,,0,0,0,-7,-7,2.668,19.439,9.218,2749.55,69.4,0,0,1,1,1,1,1,1,1,1,1,3551000,,0,0,1.0,0.0,1,1,1,0,-1.19,-0.64,retained_legacy_not_independently_reimported,,0,excluded_until_researcher_coding_rubric_is_documented,3542708,184,354,170,48,0.519377,0,GDP parsed from comma-formatted text to numeric.
Moldova,MDA,2016,party,2017,2022.0,2022.0,,0,0,0,-6,-6,2.763,19.828,10.532,2910.95,68.9,0,0,1,1,1,1,1,1,1,1,1,3546000,,0,0,1.0,0.0,1,1,1,0,-1.15,-0.88,retained_legacy_not_independently_reimported,,0,excluded_until_researcher_coding_rubric_is_documented,3542708,184,354,170,48,0.519377,0,GDP parsed from comma-formatted text to numeric.
Moldova,MDA,2017,party,2017,2022.0,2022.0,,0,0,0,-5,-5,2.099,18.538,9.425,3085.33,67.4,0,0,1,1,1,1,1,1,1,1,1,3540000,,0,0,1.0,0.0,1,1,1,0,-0.96,-0.75,retained_legacy_not_independently_reimported,,0,excluded_until_researcher_coding_rubric_is_documented,3542708,184,354,170,48,0.519377,0,GDP parsed from comma-formatted text to numeric.
Moldova,MDA,2018,party,2017,2022.0,2022.0,,0,0,0,-4,-4,2.418,19.405,8.434,3268,66.4,0,0,1,1,1,1,1,1,1,1,1,3534000,,0,0,1.0,0.0,1,1,1,0,-0.84,-0.74,retained_legacy_not_independently_reimported,,0,excluded_until_researcher_coding_rubric_is_documented,3542708,184,354,170,48,0.519377,0,GDP parsed from comma-formatted text to numeric.
Moldova,MDA,2019,party,2017,2022.0,2022.0,,0,0,0,-3,-3,1.791,20.722,10.634,3438.68,68.3,0,0,1,1,1,1,1,1,1,1,1,3547000,,0,0,1.0,0.0,1,1,1,0,-0.74,-0.76,retained_legacy_not_independently_reimported,,0,excluded_until_researcher_coding_rubric_is_documented,3542708,184,354,170,48,0.519377,0,GDP parsed from comma-formatted text to numeric.
Moldova,MDA,2020,party,2017,2022.0,2022.0,,0,0,0,-2,-2,1.572,17.106,8.276,3188.92,68.1,0,0,1,1,1,1,1,1,1,1,1,3480000,,0,0,1.0,0.0,1,1,1,0,-0.91,-0.85,retained_legacy_not_independently_reimported,,0,excluded_until_researcher_coding_rubric_is_documented,3542708,184,354,170,48,0.519377,0,GDP parsed from comma-formatted text to numeric.
Moldova,MDA,2021,party,2017,2022.0,2022.0,,0,0,0,-1,-1,0.736,18.553,7.507,3688.17,70.7,0,0,1,1,1,1,1,1,1,1,1,2617000,,0,0,1.0,0.0,1,1,1,0,-0.73,-0.6,retained_legacy_not_independently_reimported,,0,excluded_until_researcher_coding_rubric_is_documented,3542708,184,354,170,48,0.519377,0,GDP parsed from comma-formatted text to numeric.
Moldova,MDA,2022,party,2017,2022.0,2022.0,,1,1,1,0,0,1.463,18.553,8.191,3611.95,71.5,0,0,1,1,1,1,1,1,1,1,1,2512000,,0,0,1.0,0.0,1,1,1,0,-0.43,-0.4,retained_legacy_not_independently_reimported,,0,excluded_until_researcher_coding_rubric_is_documented,3542708,184,354,170,48,0.519377,0,GDP parsed from comma-formatted text to numeric.
Moldova,MDA,2023,party,2017,2022.0,2022.0,,1,1,1,1,1,1.269,17.965,9.423,3760.7,70.1,0,0,1,1,1,1,1,1,1,1,1,2512000,,0,0,1.0,0.0,1,1,1,0,-0.12,-0.11,retained_legacy_not_independently_reimported,,0,excluded_until_researcher_coding_rubric_is_documented,3542708,184,354,170,48,0.519377,0,GDP parsed from comma-formatted text to numeric. | UNODC outcome values preserved from source dataset; not silently imputed or replaced.
North Macedonia,MKD,1990,party,2011,2018.0,2018.0,,0,0,0,-28,-28,,,,3534.32,45.5,0,0,1,1,0,0,0,0,0,0,0,1902000,2023,0,0,0.0,0.0,1,1,1,0,,,retained_legacy_not_independently_reimported,2023,0,excluded_until_researcher_coding_rubric_is_documented,2076255,50,208,158,76,0.240818,0,GDP parsed from comma-formatted text to numeric. | GREVIO baseline publication year corrected to 2023 from official CoE page.
North Macedonia,MKD,1991,party,2011,2018.0,2018.0,,0,0,0,-27,-27,,,,3328.64,45.7,0,0,1,1,0,0,0,0,0,0,0,1919000,2023,0,0,0.0,0.0,1,1,1,0,,,retained_legacy_not_independently_reimported,2023,0,excluded_until_researcher_coding_rubric_is_documented,2076255,50,208,158,76,0.240818,0,GDP parsed from comma-formatted text to numeric. | GREVIO baseline publication year corrected to 2023 from official CoE page.
North Macedonia,MKD,1992,party,2011,2018.0,2018.0,,0,0,0,-26,-26,,,,3146.02,44.9,0,0,1,1,0,0,0,0,0,0,0,1936000,2023,0,0,0.0,0.0,1,1,1,0,,,retained_legacy_not_independently_reimported,2023,0,excluded_until_researcher_coding_rubric_is_documented,2076255,50,208,158,76,0.240818,0,GDP parsed from comma-formatted text to numeric. | GREVIO baseline publication year corrected to 2023 from official CoE page.
North Macedonia,MKD,1993,party,2011,2018.0,2018.0,,0,0,0,-25,-25,,,,2948.27,44.1,0,0,1,1,0,0,0,0,0,0,0,1952000,2023,0,0,0.0,0.0,1,1,1,0,,,retained_legacy_not_independently_reimported,2023,0,excluded_until_researcher_coding_rubric_is_documented,2076255,50,208,158,76,0.240818,0,GDP parsed from comma-formatted text to numeric. | GREVIO baseline publication year corrected to 2023 from official CoE page.
North Macedonia,MKD,1994,party,2011,2018.0,2018.0,,0,0,0,-24,-24,,,,2917.06,43.4,0,0,1,1,0,0,0,0,0,0,0,1967000,2023,0,0,0.0,0.0,1,1,1,0,,,retained_legacy_not_independently_reimported,2023,0,excluded_until_researcher_coding_rubric_is_documented,2076255,50,208,158,76,0.240818,0,GDP parsed from comma-formatted text to numeric. | GREVIO baseline publication year corrected to 2023 from official CoE page.
North Macedonia,MKD,1995,party,2011,2018.0,2018.0,,0,0,0,-23,-23,,,,2876.07,42.7,0,0,1,1,0,0,0,0,0,0,0,1980000,2023,0,0,0.0,0.0,1,1,1,0,,,retained_legacy_not_independently_reimported,2023,0,excluded_until_researcher_coding_rubric_is_documented,2076255,50,208,158,76,0.240818,0,GDP parsed from comma-formatted text to numeric. | GREVIO baseline publication year corrected to 2023 from official CoE page.
North Macedonia,MKD,1996,party,2011,2018.0,2018.0,,0,0,0,-22,-22,,,,2889.89,42.2,0,0,1,1,0,0,0,1,0,0,0,1993000,2023,0,0,0.0,0.0,1,1,1,0,-1.09,-0.52,retained_legacy_not_independently_reimported,2023,0,excluded_until_researcher_coding_rubric_is_documented,2076255,50,208,158,76,0.240818,0,GDP parsed from comma-formatted text to numeric. | GREVIO baseline publication year corrected to 2023 from official CoE page.
North Macedonia,MKD,1997,party,2011,2018.0,2018.0,,0,0,0,-21,-21,,,,2954.52,41.5,0,0,1,1,0,0,0,0,0,0,0,2005000,2023,0,0,0.0,0.0,1,1,1,0,,,retained_legacy_not_independently_reimported,2023,0,excluded_until_researcher_coding_rubric_is_documented,2076255,50,208,158,76,0.240818,0,GDP parsed from comma-formatted text to numeric. | GREVIO baseline publication year corrected to 2023 from official CoE page.
North Macedonia,MKD,1998,party,2011,2018.0,2018.0,,0,0,0,-20,-20,0.917,,,3038.14,40.9,0,0,1,1,0,0,0,1,0,0,0,2017000,2023,0,0,0.0,0.0,1,1,1,0,-1.23,-0.56,retained_legacy_not_independently_reimported,2023,0,excluded_until_researcher_coding_rubric_is_documented,2076255,50,208,158,76,0.240818,0,GDP parsed from comma-formatted text to numeric. | GREVIO baseline publication year corrected to 2023 from official CoE page.
North Macedonia,MKD,1999,party,2011,2018.0,2018.0,,0,0,0,-19,-19,0.819,,,3154.85,40.3,0,0,1,1,0,0,0,0,0,0,0,2029000,2023,0,0,0.0,0.0,1,1,1,0,,,retained_legacy_not_independently_reimported,2023,0,excluded_until_researcher_coding_rubric_is_documented,2076255,50,208,158,76,0.240818,0,GDP parsed from comma-formatted text to numeric. | GREVIO baseline publication year corrected to 2023 from official CoE page.
North Macedonia,MKD,2000,party,2011,2018.0,2018.0,,0,0,0,-18,-18,1.098,,,3283.38,40.9,0,0,1,1,1,0,0,1,1,0,0,2034000,2023,0,0,0.0,0.0,1,1,1,0,-1.43,-1.01,retained_legacy_not_independently_reimported,2023,0,excluded_until_researcher_coding_rubric_is_documented,2076255,50,208,158,76,0.240818,0,GDP parsed from comma-formatted text to numeric. | GREVIO baseline publication year corrected to 2023 from official CoE page.
North Macedonia,MKD,2001,party,2011,2018.0,2018.0,,0,0,0,-17,-17,,,,3169.33,41.2,0,0,1,1,0,0,0,0,0,0,0,2037000,2023,0,0,0.0,0.0,1,1,1,0,,,retained_legacy_not_independently_reimported,2023,0,excluded_until_researcher_coding_rubric_is_documented,2076255,50,208,158,76,0.240818,0,GDP parsed from comma-formatted text to numeric. | GREVIO baseline publication year corrected to 2023 from official CoE page.
North Macedonia,MKD,2002,party,2011,2018.0,2018.0,,0,0,0,-16,-16,0.822,,,3240.11,41.4,0,0,1,1,1,0,0,1,1,0,0,2018000,2023,0,0,0.0,0.0,1,1,1,0,-0.97,-0.98,retained_legacy_not_independently_reimported,2023,0,excluded_until_researcher_coding_rubric_is_documented,2076255,50,208,158,76,0.240818,0,GDP parsed from comma-formatted text to numeric. | GREVIO baseline publication year corrected to 2023 from official CoE page.
North Macedonia,MKD,2003,party,2011,2018.0,2018.0,,0,0,0,-15,-15,1.598,,,3307.92,42.4,0,0,1,1,1,0,0,1,1,0,0,2022000,2023,0,0,0.0,0.0,1,1,1,0,-0.7,-0.86,retained_legacy_not_independently_reimported,2023,0,excluded_until_researcher_coding_rubric_is_documented,2076255,50,208,158,76,0.240818,0,GDP parsed from comma-formatted text to numeric. | GREVIO baseline publication year corrected to 2023 from official CoE page.
North Macedonia,MKD,2004,party,2011,2018.0,2018.0,,0,0,0,-14,-14,1.151,,,3473.77,42.5,0,0,1,1,1,0,0,1,1,0,0,2026000,2023,0,0,0.0,0.0,1,1,1,0,-0.31,-0.33,retained_legacy_not_independently_reimported,2023,0,excluded_until_researcher_coding_rubric_is_documented,2076255,50,208,158,76,0.240818,0,GDP parsed from comma-formatted text to numeric. | GREVIO baseline publication year corrected to 2023 from official CoE page.
North Macedonia,MKD,2005,party,2011,2018.0,2018.0,,0,0,0,-13,-13,0.874,,4.45,3657.56,42.6,0,0,1,1,1,0,1,1,1,0,1,2031000,2023,0,0,0.0,0.0,1,1,1,0,-0.57,-0.51,retained_legacy_not_independently_reimported,2023,0,excluded_until_researcher_coding_rubric_is_documented,2076255,50,208,158,76,0.240818,0,GDP parsed from comma-formatted text to numeric. | GREVIO baseline publication year corrected to 2023 from official CoE page.
North Macedonia,MKD,2006,party,2011,2018.0,2018.0,,0,0,0,-12,-12,0.845,6.988,2.345,3866.75,41.6,0,0,1,1,1,1,1,1,1,1,1,2037000,2023,0,0,0.0,0.0,1,1,1,0,-0.22,-0.91,retained_legacy_not_independently_reimported,2023,0,excluded_until_researcher_coding_rubric_is_documented,2076255,50,208,158,76,0.240818,0,GDP parsed from comma-formatted text to numeric. | GREVIO baseline publication year corrected to 2023 from official CoE page.
North Macedonia,MKD,2007,party,2011,2018.0,2018.0,,0,0,0,-11,-11,1.037,6.965,2.017,4140.63,42.7,0,0,1,1,1,1,1,1,1,1,1,2041000,2023,0,0,0.0,0.0,1,1,1,0,-0.4,-0.72,retained_legacy_not_independently_reimported,2023,0,excluded_until_researcher_coding_rubric_is_documented,2076255,50,208,158,76,0.240818,0,GDP parsed from comma-formatted text to numeric. | GREVIO baseline publication year corrected to 2023 from official CoE page.
North Macedonia,MKD,2008,party,2011,2018.0,2018.0,,0,0,0,-10,-10,0.853,7.485,1.98,4392.55,42.3,0,0,1,1,1,1,1,1,1,1,1,2047000,2023,0,0,0.0,0.0,1,1,1,0,-0.15,-0.54,retained_legacy_not_independently_reimported,2023,0,excluded_until_researcher_coding_rubric_is_documented,2076255,50,208,158,76,0.240818,0,GDP parsed from comma-formatted text to numeric. | GREVIO baseline publication year corrected to 2023 from official CoE page.
North Macedonia,MKD,2009,party,2011,2018.0,2018.0,,0,0,0,-9,-9,1.144,6.6,1.796,4405.2,42.2,0,0,1,1,1,1,1,1,1,1,1,2053000,2023,0,0,0.0,0.0,1,1,1,0,-0.22,-0.5,retained_legacy_not_independently_reimported,2023,0,excluded_until_researcher_coding_rubric_is_documented,2076255,50,208,158,76,0.240818,0,GDP parsed from comma-formatted text to numeric. | GREVIO baseline publication year corrected to 2023 from official CoE page.
North Macedonia,MKD,2010,party,2011,2018.0,2018.0,,0,0,0,-8,-8,1.436,6.044,1.365,4582.37,40.7,0,0,1,1,1,1,1,1,1,1,1,2059000,2023,0,0,0.0,0.0,1,1,1,0,-0.31,-0.51,retained_legacy_not_independently_reimported,2023,0,excluded_until_researcher_coding_rubric_is_documented,2076255,50,208,158,76,0.240818,0,GDP parsed from comma-formatted text to numeric. | GREVIO baseline publication year corrected to 2023 from official CoE page.
North Macedonia,MKD,2011,party,2011,2018.0,2018.0,,0,0,0,-7,-7,0.385,6.175,2.009,4711.13,42.8,0,0,1,1,1,1,1,1,1,1,1,2058000,2023,0,0,0.0,0.0,1,1,1,0,-0.38,-0.46,retained_legacy_not_independently_reimported,2023,0,excluded_until_researcher_coding_rubric_is_documented,2076255,50,208,158,76,0.240818,0,GDP parsed from comma-formatted text to numeric. | GREVIO baseline publication year corrected to 2023 from official CoE page.
North Macedonia,MKD,2012,party,2011,2018.0,2018.0,,0,0,0,-6,-6,1.066,5.919,2.121,4708.05,42.4,0,0,1,1,1,1,1,1,1,1,1,2062000,2023,0,0,0.0,0.0,1,1,1,0,-0.36,-0.43,retained_legacy_not_independently_reimported,2023,0,excluded_until_researcher_coding_rubric_is_documented,2076255,50,208,158,76,0.240818,0,GDP parsed from comma-formatted text to numeric. | GREVIO baseline publication year corrected to 2023 from official CoE page.
North Macedonia,MKD,2013,party,2011,2018.0,2018.0,,0,0,0,-5,-5,0.683,7.5,1.887,4863.68,43.6,0,0,1,1,1,1,1,1,1,1,1,2066000,2023,0,0,0.0,0.0,1,1,1,0,-0.29,-0.39,retained_legacy_not_independently_reimported,2023,0,excluded_until_researcher_coding_rubric_is_documented,2076255,50,208,158,76,0.240818,0,GDP parsed from comma-formatted text to numeric. | GREVIO baseline publication year corrected to 2023 from official CoE page.
North Macedonia,MKD,2014,party,2011,2018.0,2018.0,,0,0,0,-4,-4,0.984,6.757,2.252,5053.75,43.0,0,0,1,1,1,1,1,1,1,1,1,2069000,2023,0,0,0.0,0.0,1,1,1,0,0.03,-0.09,retained_legacy_not_independently_reimported,2023,0,excluded_until_researcher_coding_rubric_is_documented,2076255,50,208,158,76,0.240818,0,GDP parsed from comma-formatted text to numeric. | GREVIO baseline publication year corrected to 2023 from official CoE page.
North Macedonia,MKD,2015,party,2011,2018.0,2018.0,,0,0,0,-3,-3,0.198,6.059,2.07,5262.69,42.3,0,0,1,1,1,1,1,1,1,1,1,2071000,2023,0,0,0.0,0.0,1,1,1,0,-0.04,-0.4,retained_legacy_not_independently_reimported,2023,0,excluded_until_researcher_coding_rubric_is_documented,2076255,50,208,158,76,0.240818,0,GDP parsed from comma-formatted text to numeric. | GREVIO baseline publication year corrected to 2023 from official CoE page.
North Macedonia,MKD,2016,party,2011,2018.0,2018.0,,0,0,0,-2,-2,0.6,5.813,1.836,5429.95,41.1,0,0,1,1,1,1,1,1,1,1,1,2072000,2023,0,0,1.0,0.0,1,1,1,0,-0.05,-0.58,retained_legacy_not_independently_reimported,2023,0,excluded_until_researcher_coding_rubric_is_documented,2076255,50,208,158,76,0.240818,0,GDP parsed from comma-formatted text to numeric. | GREVIO baseline publication year corrected to 2023 from official CoE page.
North Macedonia,MKD,2017,party,2011,2018.0,2018.0,,0,0,0,-1,-1,0.404,5.255,1.803,5510.82,41.2,0,0,1,1,1,1,1,1,1,1,1,2073000,2023,0,0,1.0,0.0,1,1,1,0,-0.02,-0.52,retained_legacy_not_independently_reimported,2023,0,excluded_until_researcher_coding_rubric_is_documented,2076255,50,208,158,76,0.240818,0,GDP parsed from comma-formatted text to numeric. | GREVIO baseline publication year corrected to 2023 from official CoE page.
North Macedonia,MKD,2018,party,2011,2018.0,2018.0,,1,1,1,0,0,0.917,,,5698.39,41.3,0,0,1,1,1,0,0,1,1,0,0,2075000,2023,0,0,1.0,0.0,1,1,1,0,0.1,-0.52,retained_legacy_not_independently_reimported,2023,0,excluded_until_researcher_coding_rubric_is_documented,2076255,50,208,158,76,0.240818,0,GDP parsed from comma-formatted text to numeric. | GREVIO baseline publication year corrected to 2023 from official CoE page.
North Macedonia,MKD,2019,party,2011,2018.0,2018.0,,1,1,1,1,1,0.515,4.585,1.844,5961.58,42.9,0,0,1,1,1,1,1,1,1,1,1,2083000,2023,0,0,1.0,0.0,1,1,1,0,-0.2,-0.51,retained_legacy_not_independently_reimported,2023,0,excluded_until_researcher_coding_rubric_is_documented,2076255,50,208,158,76,0.240818,0,GDP parsed from comma-formatted text to numeric. | GREVIO baseline publication year corrected to 2023 from official CoE page.
North Macedonia,MKD,2020,party,2011,2018.0,2018.0,,1,1,1,2,2,0.625,6.036,2.03,5743.73,41.9,0,0,1,1,1,1,1,1,1,1,1,2083000,2023,0,0,1.0,0.0,1,1,1,0,0.06,-0.17,retained_legacy_not_independently_reimported,2023,0,excluded_until_researcher_coding_rubric_is_documented,2076255,50,208,158,76,0.240818,0,GDP parsed from comma-formatted text to numeric. | GREVIO baseline publication year corrected to 2023 from official CoE page.
North Macedonia,MKD,2021,party,2011,2018.0,2018.0,,1,1,1,3,3,0.316,5.024,1.351,6064.92,40.9,0,0,1,1,1,1,1,1,1,1,1,2069000,2023,0,0,1.0,0.0,1,1,1,0,-0.2,-0.16,retained_legacy_not_independently_reimported,2023,0,excluded_until_researcher_coding_rubric_is_documented,2076255,50,208,158,76,0.240818,0,GDP parsed from comma-formatted text to numeric. | GREVIO baseline publication year corrected to 2023 from official CoE page.
North Macedonia,MKD,2022,party,2011,2018.0,2018.0,,1,1,1,4,4,0.317,4.836,0.978,6250.63,42.2,0,0,1,1,1,1,1,1,1,1,1,2063000,2023,0,0,1.0,0.0,1,1,1,0,-0.11,-0.14,retained_legacy_not_independently_reimported,2023,0,excluded_until_researcher_coding_rubric_is_documented,2076255,50,208,158,76,0.240818,0,GDP parsed from comma-formatted text to numeric. | GREVIO baseline publication year corrected to 2023 from official CoE page.
North Macedonia,MKD,2023,party,2011,2018.0,2018.0,,1,1,1,5,5,0.957,7.097,1.802,6423.99,42.2,0,0,1,1,1,1,1,1,1,1,1,2060000,2023,1,1,1.0,0.0,1,1,1,0,-0.04,-0.12,retained_legacy_not_independently_reimported,2023,1,excluded_until_researcher_coding_rubric_is_documented,2076255,50,208,158,76,0.240818,0,GDP parsed from comma-formatted text to numeric. | GREVIO baseline publication year corrected to 2023 from official CoE page. | UNODC outcome values preserved from source dataset; not silently imputed or replaced.
Malta,MLT,1990,party,2012,2014.0,2014.0,,0,0,0,-24,-24,,,,10067.75,26.8,0,0,1,1,0,0,0,0,0,0,0,360000,2020,0,0,0.0,0.0,1,1,1,0,,,retained_legacy_not_independently_reimported,2020,0,excluded_until_researcher_coding_rubric_is_documented,514564,113,51,0,0,2.196034,1,GDP parsed from comma-formatted text to numeric.
Malta,MLT,1991,party,2012,2014.0,2014.0,,0,0,0,-23,-23,,,,10413.18,27.0,0,0,1,1,0,0,0,0,0,0,0,362000,2020,0,0,0.0,0.0,1,1,1,0,,,retained_legacy_not_independently_reimported,2020,0,excluded_until_researcher_coding_rubric_is_documented,514564,113,51,0,0,2.196034,1,GDP parsed from comma-formatted text to numeric.
Malta,MLT,1992,party,2012,2014.0,2014.0,,0,0,0,-22,-22,,,,10789.77,27.5,0,0,1,1,0,0,0,0,0,0,0,364000,2020,0,0,0.0,0.0,1,1,1,0,,,retained_legacy_not_independently_reimported,2020,0,excluded_until_researcher_coding_rubric_is_documented,514564,113,51,0,0,2.196034,1,GDP parsed from comma-formatted text to numeric.
Malta,MLT,1993,party,2012,2014.0,2014.0,,0,0,0,-21,-21,,,,11161.2,27.9,0,0,1,1,0,0,0,0,0,0,0,368000,2020,0,0,0.0,0.0,1,1,1,0,,,retained_legacy_not_independently_reimported,2020,0,excluded_until_researcher_coding_rubric_is_documented,514564,113,51,0,0,2.196034,1,GDP parsed from comma-formatted text to numeric.
Malta,MLT,1994,party,2012,2014.0,2014.0,,0,0,0,-20,-20,,,,11682.16,28.2,0,0,1,1,0,0,0,0,0,0,0,372000,2020,0,0,0.0,0.0,1,1,1,0,,,retained_legacy_not_independently_reimported,2020,0,excluded_until_researcher_coding_rubric_is_documented,514564,113,51,0,0,2.196034,1,GDP parsed from comma-formatted text to numeric.
Malta,MLT,1995,party,2012,2014.0,2014.0,,0,0,0,-19,-19,,,,12336.79,28.4,0,0,1,1,0,0,0,0,0,0,0,375000,2020,0,0,0.0,0.0,1,1,1,0,,,retained_legacy_not_independently_reimported,2020,0,excluded_until_researcher_coding_rubric_is_documented,514564,113,51,0,0,2.196034,1,GDP parsed from comma-formatted text to numeric.
Malta,MLT,1996,party,2012,2014.0,2014.0,,0,0,0,-18,-18,,,,12719.02,28.9,0,0,1,1,0,0,0,1,0,0,0,378000,2020,0,0,0.0,0.0,1,1,1,0,1.58,1.79,retained_legacy_not_independently_reimported,2020,0,excluded_until_researcher_coding_rubric_is_documented,514564,113,51,0,0,2.196034,1,GDP parsed from comma-formatted text to numeric.
Malta,MLT,1997,party,2012,2014.0,2014.0,,0,0,0,-17,-17,,,,13286.72,29.5,0,0,1,1,0,0,0,0,0,0,0,381000,2020,0,0,0.0,0.0,1,1,1,0,,,retained_legacy_not_independently_reimported,2020,0,excluded_until_researcher_coding_rubric_is_documented,514564,113,51,0,0,2.196034,1,GDP parsed from comma-formatted text to numeric.
Malta,MLT,1998,party,2012,2014.0,2014.0,,0,0,0,-16,-16,,,,13877.25,29.7,0,0,1,1,0,0,0,1,0,0,0,383000,2020,0,0,0.0,0.0,1,1,1,0,1.52,2.14,retained_legacy_not_independently_reimported,2020,0,excluded_until_researcher_coding_rubric_is_documented,514564,113,51,0,0,2.196034,1,GDP parsed from comma-formatted text to numeric.
Malta,MLT,1999,party,2012,2014.0,2014.0,,0,0,0,-15,-15,,,,14446.36,30.1,0,0,1,1,0,0,0,0,0,0,0,385000,2020,0,0,0.0,0.0,1,1,1,0,,,retained_legacy_not_independently_reimported,2020,0,excluded_until_researcher_coding_rubric_is_documented,514564,113,51,0,0,2.196034,1,GDP parsed from comma-formatted text to numeric.
Malta,MLT,2000,party,2012,2014.0,2014.0,,0,0,0,-14,-14,,,,17178.38,29.8,0,0,1,1,0,0,0,1,0,0,0,390000,2020,0,0,0.0,0.0,1,1,1,0,1.79,2.32,retained_legacy_not_independently_reimported,2020,0,excluded_until_researcher_coding_rubric_is_documented,514564,113,51,0,0,2.196034,1,GDP parsed from comma-formatted text to numeric.
Malta,MLT,2001,party,2012,2014.0,2014.0,,0,0,0,-13,-13,,,,16920.73,29.4,0,0,1,1,0,0,0,0,0,0,0,394000,2020,0,0,0.0,0.0,1,1,1,0,,,retained_legacy_not_independently_reimported,2020,0,excluded_until_researcher_coding_rubric_is_documented,514564,113,51,0,0,2.196034,1,GDP parsed from comma-formatted text to numeric.
Malta,MLT,2002,party,2012,2014.0,2014.0,,0,0,0,-12,-12,,,,17255.43,30.6,0,0,1,1,0,0,0,1,0,0,0,397000,2020,0,0,0.0,0.0,1,1,1,0,1.79,2.51,retained_legacy_not_independently_reimported,2020,0,excluded_until_researcher_coding_rubric_is_documented,514564,113,51,0,0,2.196034,1,GDP parsed from comma-formatted text to numeric.
Malta,MLT,2003,party,2012,2014.0,2014.0,,0,0,0,-11,-11,,,2.695,17775.43,30.1,0,0,1,1,0,0,0,1,0,0,0,400000,2020,0,0,0.0,0.0,1,1,1,0,1.49,2.62,retained_legacy_not_independently_reimported,2020,0,excluded_until_researcher_coding_rubric_is_documented,514564,113,51,0,0,2.196034,1,GDP parsed from comma-formatted text to numeric.
Malta,MLT,2004,party,2012,2014.0,2014.0,,0,0,0,-10,-10,1.932,,3.165,17728.37,27.8,0,0,1,1,1,0,0,1,1,0,0,404000,2020,0,0,0.0,0.0,1,1,1,0,1.32,2.23,retained_legacy_not_independently_reimported,2020,0,excluded_until_researcher_coding_rubric_is_documented,514564,113,51,0,0,2.196034,1,GDP parsed from comma-formatted text to numeric.
Malta,MLT,2005,party,2012,2014.0,2014.0,,0,0,0,-9,-9,0.961,,1.694,18123.27,29.9,0,0,1,1,1,0,1,1,1,0,1,407000,2020,0,0,0.0,0.0,1,1,1,0,1.39,2.41,retained_legacy_not_independently_reimported,2020,0,excluded_until_researcher_coding_rubric_is_documented,514564,113,51,0,0,2.196034,1,GDP parsed from comma-formatted text to numeric.
Malta,MLT,2006,party,2012,2014.0,2014.0,,0,0,0,-8,-8,0.0,,4.092,18479.21,30.2,0,0,1,1,1,0,1,1,1,0,1,411000,2020,0,0,0.0,0.0,1,1,1,0,1.73,2.64,retained_legacy_not_independently_reimported,2020,0,excluded_until_researcher_coding_rubric_is_documented,514564,113,51,0,0,2.196034,1,GDP parsed from comma-formatted text to numeric.
Malta,MLT,2007,party,2012,2014.0,2014.0,,0,0,0,-7,-7,0.476,16.779,2.397,19342.33,32.1,0,0,1,1,1,1,1,1,1,1,1,413000,2020,0,0,1.0,0.0,1,1,1,0,2.04,2.74,retained_legacy_not_independently_reimported,2020,0,excluded_until_researcher_coding_rubric_is_documented,514564,113,51,0,0,2.196034,1,GDP parsed from comma-formatted text to numeric.
Malta,MLT,2008,party,2012,2014.0,2014.0,,0,0,0,-6,-6,0.474,19.094,4.535,20064.46,33.1,0,0,1,1,1,1,1,1,1,1,1,416000,2020,0,0,1.0,0.0,1,1,1,0,2.16,2.74,retained_legacy_not_independently_reimported,2020,0,excluded_until_researcher_coding_rubric_is_documented,514564,113,51,0,0,2.196034,1,GDP parsed from comma-formatted text to numeric.
Malta,MLT,2009,party,2012,2014.0,2014.0,,0,0,0,-5,-5,1.417,19.487,2.852,19635.92,33.6,0,0,1,1,1,1,1,1,1,1,1,416000,2020,0,0,1.0,0.0,1,1,1,0,1.99,2.51,retained_legacy_not_independently_reimported,2020,0,excluded_until_researcher_coding_rubric_is_documented,514564,113,51,0,0,2.196034,1,GDP parsed from comma-formatted text to numeric.
Malta,MLT,2010,party,2012,2014.0,2014.0,,0,0,0,-4,-4,0.47,21.531,2.603,20750.65,34.3,0,0,1,1,1,1,1,1,1,1,1,417000,2020,0,0,1.0,0.0,1,1,1,0,2.02,2.4,retained_legacy_not_independently_reimported,2020,0,excluded_until_researcher_coding_rubric_is_documented,514564,113,51,0,0,2.196034,1,GDP parsed from comma-formatted text to numeric.
Malta,MLT,2011,party,2012,2014.0,2014.0,,0,0,0,-3,-3,1.405,16.249,4.239,20867.93,35.6,0,0,1,1,1,1,1,1,1,1,1,417000,2020,0,0,1.0,0.0,1,1,1,0,2.02,2.17,retained_legacy_not_independently_reimported,2020,0,excluded_until_researcher_coding_rubric_is_documented,514564,113,51,0,0,2.196034,1,GDP parsed from comma-formatted text to numeric.
Malta,MLT,2012,party,2012,2014.0,2014.0,,0,0,0,-2,-2,1.401,19.221,3.047,21529.4,38.7,0,0,1,1,1,1,1,1,1,1,1,423000,2020,0,0,1.0,0.0,1,1,1,0,2.11,2.28,retained_legacy_not_independently_reimported,2020,0,excluded_until_researcher_coding_rubric_is_documented,514564,113,51,0,0,2.196034,1,GDP parsed from comma-formatted text to numeric.
Malta,MLT,2013,party,2012,2014.0,2014.0,,0,0,0,-1,-1,0.0,21.939,3.501,22626.5,40.7,0,0,1,1,1,1,1,1,1,1,1,430000,2020,0,0,1.0,0.0,1,1,1,0,2.13,2.25,retained_legacy_not_independently_reimported,2020,0,excluded_until_researcher_coding_rubric_is_documented,514564,113,51,0,0,2.196034,1,GDP parsed from comma-formatted text to numeric.
Malta,MLT,2014,party,2012,2014.0,2014.0,,1,1,1,0,0,0.461,17.722,2.532,23866.07,42.3,0,0,1,1,1,1,1,1,1,1,1,444000,2020,0,0,1.0,0.0,1,1,1,0,1.74,2.02,retained_legacy_not_independently_reimported,2020,0,excluded_until_researcher_coding_rubric_is_documented,514564,113,51,0,0,2.196034,1,GDP parsed from comma-formatted text to numeric.
Malta,MLT,2015,party,2012,2014.0,2014.0,,1,1,1,1,1,0.903,23.372,5.169,25529.68,43.0,0,0,1,1,1,1,1,1,1,1,1,459000,2020,0,0,1.0,0.0,1,1,1,0,1.4,1.89,retained_legacy_not_independently_reimported,2020,0,excluded_until_researcher_coding_rubric_is_documented,514564,113,51,0,0,2.196034,1,GDP parsed from comma-formatted text to numeric.
Malta,MLT,2016,party,2012,2014.0,2014.0,,1,1,1,2,2,0.884,19.329,5.931,25969.51,44.7,0,0,1,1,1,1,1,1,1,1,1,475000,2020,0,0,1.0,0.0,1,1,1,0,1.58,1.65,retained_legacy_not_independently_reimported,2020,0,excluded_until_researcher_coding_rubric_is_documented,514564,113,51,0,0,2.196034,1,GDP parsed from comma-formatted text to numeric.
Malta,MLT,2017,party,2012,2014.0,2014.0,,1,1,1,3,3,0.431,16.67,4.061,28546.66,46.2,0,0,1,1,1,1,1,1,1,1,1,484000,2020,0,0,1.0,0.0,1,1,1,0,1.66,1.9,retained_legacy_not_independently_reimported,2020,0,excluded_until_researcher_coding_rubric_is_documented,514564,113,51,0,0,2.196034,1,GDP parsed from comma-formatted text to numeric.
Malta,MLT,2018,party,2012,2014.0,2014.0,,1,1,1,4,4,1.678,19.193,3.715,29536.81,48.2,0,0,1,1,1,1,1,1,1,1,1,493000,2020,0,0,1.0,0.0,1,1,1,0,1.59,1.74,retained_legacy_not_independently_reimported,2020,0,excluded_until_researcher_coding_rubric_is_documented,514564,113,51,0,0,2.196034,1,GDP parsed from comma-formatted text to numeric.
Malta,MLT,2019,party,2012,2014.0,2014.0,,1,1,1,5,5,1.223,23.61,6.151,29522.66,49.3,0,0,1,1,1,1,1,1,1,1,1,514000,2020,0,0,1.0,0.0,1,1,1,0,1.41,1.57,retained_legacy_not_independently_reimported,2020,0,excluded_until_researcher_coding_rubric_is_documented,514564,113,51,0,0,2.196034,1,GDP parsed from comma-formatted text to numeric.
Malta,MLT,2020,party,2012,2014.0,2014.0,,1,1,1,6,6,0.4,17.175,3.281,27861.82,51.3,0,0,1,1,1,1,1,1,1,1,1,516000,2020,1,1,1.0,0.0,1,1,1,0,1.7,1.51,retained_legacy_not_independently_reimported,2020,1,excluded_until_researcher_coding_rubric_is_documented,514564,113,51,0,0,2.196034,1,GDP parsed from comma-formatted text to numeric.
Malta,MLT,2021,party,2012,2014.0,2014.0,,1,1,1,7,7,0.0,26.317,6.102,31436.35,52.2,0,0,1,1,1,1,1,1,1,1,1,519000,2020,1,1,1.0,0.0,1,1,1,0,1.46,1.43,retained_legacy_not_independently_reimported,2020,1,excluded_until_researcher_coding_rubric_is_documented,514564,113,51,0,0,2.196034,1,GDP parsed from comma-formatted text to numeric.
Malta,MLT,2022,party,2012,2014.0,2014.0,,1,1,1,8,8,1.181,26.695,7.384,31430.62,55.3,0,0,1,1,1,1,1,1,1,1,1,535000,2020,1,1,1.0,0.0,1,1,1,0,1.13,1.1,retained_legacy_not_independently_reimported,2020,1,excluded_until_researcher_coding_rubric_is_documented,514564,113,51,0,0,2.196034,1,GDP parsed from comma-formatted text to numeric.
Malta,MLT,2023,party,2012,2014.0,2014.0,,1,1,1,9,9,0.78,29.458,11.821,33408.2,55.5,0,0,1,1,1,1,1,0,0,0,0,542000,2020,1,1,1.0,1.0,1,1,1,0,,,excluded_legacy_flagged_for_manual_review,2020,1,excluded_until_researcher_coding_rubric_is_documented,514564,113,51,0,0,2.196034,1,GDP parsed from comma-formatted text to numeric. | WGI legacy value excluded because source file flagged this country-year for manual review. | UNODC outcome values preserved from source dataset; not silently imputed or replaced.
Montenegro,MNE,1990,party,2011,2013.0,2014.0,,0,0,0,-23,-24,,,,,43.8,0,0,1,1,0,0,0,0,0,0,0,620000,2018,0,0,0.0,0.0,1,1,1,0,,,retained_legacy_not_independently_reimported,2018,0,excluded_until_researcher_coding_rubric_is_documented,621873,39,62,23,37,0.627138,0,
Montenegro,MNE,1991,party,2011,2013.0,2014.0,,0,0,0,-22,-23,,,,,43.8,0,0,1,1,0,0,0,0,0,0,0,621000,2018,0,0,0.0,0.0,1,1,1,0,,,retained_legacy_not_independently_reimported,2018,0,excluded_until_researcher_coding_rubric_is_documented,621873,39,62,23,37,0.627138,0,
Montenegro,MNE,1992,party,2011,2013.0,2014.0,,0,0,0,-21,-22,,,,,43.7,0,0,1,1,0,0,0,0,0,0,0,621000,2018,0,0,0.0,0.0,1,1,1,0,,,retained_legacy_not_independently_reimported,2018,0,excluded_until_researcher_coding_rubric_is_documented,621873,39,62,23,37,0.627138,0,
Montenegro,MNE,1993,party,2011,2013.0,2014.0,,0,0,0,-20,-21,,,,,43.6,0,0,1,1,0,0,0,0,0,0,0,621000,2018,0,0,0.0,0.0,1,1,1,0,,,retained_legacy_not_independently_reimported,2018,0,excluded_until_researcher_coding_rubric_is_documented,621873,39,62,23,37,0.627138,0,
Montenegro,MNE,1994,party,2011,2013.0,2014.0,,0,0,0,-19,-20,,,,,43.2,0,0,1,1,0,0,0,0,0,0,0,621000,2018,0,0,0.0,0.0,1,1,1,0,,,retained_legacy_not_independently_reimported,2018,0,excluded_until_researcher_coding_rubric_is_documented,621873,39,62,23,37,0.627138,0,
Montenegro,MNE,1995,party,2011,2013.0,2014.0,,0,0,0,-18,-19,,,,,42.9,0,0,1,1,0,0,0,0,0,0,0,620000,2018,0,0,0.0,0.0,1,1,1,0,,,retained_legacy_not_independently_reimported,2018,0,excluded_until_researcher_coding_rubric_is_documented,621873,39,62,23,37,0.627138,0,
Montenegro,MNE,1996,party,2011,2013.0,2014.0,,0,0,0,-17,-18,,,,,42.7,0,0,1,1,0,0,0,0,0,0,0,621000,2018,0,0,0.0,0.0,1,1,1,0,,,retained_legacy_not_independently_reimported,2018,0,excluded_until_researcher_coding_rubric_is_documented,621873,39,62,23,37,0.627138,0,
Montenegro,MNE,1997,party,2011,2013.0,2014.0,,0,0,0,-16,-17,,,,4448.04,42.5,0,0,1,1,0,0,0,0,0,0,0,623000,2018,0,0,0.0,0.0,1,1,1,0,,,retained_legacy_not_independently_reimported,2018,0,excluded_until_researcher_coding_rubric_is_documented,621873,39,62,23,37,0.627138,0,GDP parsed from comma-formatted text to numeric.
Montenegro,MNE,1998,party,2011,2013.0,2014.0,,0,0,0,-15,-16,,,,4680.27,42.3,0,0,1,1,0,0,0,0,0,0,0,624000,2018,0,0,0.0,0.0,1,1,1,0,,-1.35,retained_legacy_not_independently_reimported,2018,0,excluded_until_researcher_coding_rubric_is_documented,621873,39,62,23,37,0.627138,0,GDP parsed from comma-formatted text to numeric.
Montenegro,MNE,1999,party,2011,2013.0,2014.0,,0,0,0,-14,-15,,,,4251.94,42.5,0,0,1,1,0,0,0,0,0,0,0,625000,2018,0,0,0.0,0.0,1,1,1,0,,,retained_legacy_not_independently_reimported,2018,0,excluded_until_researcher_coding_rubric_is_documented,621873,39,62,23,37,0.627138,0,GDP parsed from comma-formatted text to numeric.
Montenegro,MNE,2000,party,2011,2013.0,2014.0,,0,0,0,-13,-14,,,,4391.37,42.4,0,0,1,1,0,0,0,0,0,0,0,626000,2018,0,0,0.0,0.0,1,1,1,0,,0.54,retained_legacy_not_independently_reimported,2018,0,excluded_until_researcher_coding_rubric_is_documented,621873,39,62,23,37,0.627138,0,GDP parsed from comma-formatted text to numeric.
Montenegro,MNE,2001,party,2011,2013.0,2014.0,,0,0,0,-12,-13,,,,4421.84,42.4,0,0,1,1,0,0,0,0,0,0,0,622000,2018,0,0,0.0,0.0,1,1,1,0,,,retained_legacy_not_independently_reimported,2018,0,excluded_until_researcher_coding_rubric_is_documented,621873,39,62,23,37,0.627138,0,GDP parsed from comma-formatted text to numeric.
Montenegro,MNE,2002,party,2011,2013.0,2014.0,,0,0,0,-11,-12,,,,4488.01,42.3,0,0,1,1,0,0,0,0,0,0,0,622000,2018,0,0,0.0,0.0,1,1,1,0,,0.47,retained_legacy_not_independently_reimported,2018,0,excluded_until_researcher_coding_rubric_is_documented,621873,39,62,23,37,0.627138,0,GDP parsed from comma-formatted text to numeric.
Montenegro,MNE,2003,party,2011,2013.0,2014.0,,0,0,0,-10,-11,,5.051,,4581.11,42.1,0,0,1,1,0,0,0,0,0,0,0,622000,2018,0,0,0.0,0.0,1,1,1,0,,,excluded_legacy_flagged_for_manual_review,2018,0,excluded_until_researcher_coding_rubric_is_documented,621873,39,62,23,37,0.627138,0,GDP parsed from comma-formatted text to numeric. | WGI legacy value excluded because source file flagged this country-year for manual review.
Montenegro,MNE,2004,party,2011,2013.0,2014.0,,0,0,0,-9,-10,,6.627,,4775.4,41.9,0,0,1,1,0,0,0,0,0,0,0,621000,2018,0,0,0.0,0.0,1,1,1,0,,-0.37,retained_legacy_not_independently_reimported,2018,0,excluded_until_researcher_coding_rubric_is_documented,621873,39,62,23,37,0.627138,0,GDP parsed from comma-formatted text to numeric.
Montenegro,MNE,2005,party,2011,2013.0,2014.0,,0,0,0,-8,-9,,5.52,1.262,4967.69,41.7,0,0,1,1,0,1,1,1,0,1,1,620000,2018,0,0,0.0,0.0,1,1,1,0,0.57,-0.24,retained_legacy_not_independently_reimported,2018,0,excluded_until_researcher_coding_rubric_is_documented,621873,39,62,23,37,0.627138,0,GDP parsed from comma-formatted text to numeric.
Montenegro,MNE,2006,party,2011,2013.0,2014.0,,0,0,0,-7,-8,,6.784,1.735,5386.54,41.6,0,0,1,1,0,1,1,1,0,1,1,619000,2018,0,0,0.0,0.0,1,1,1,0,0.27,-0.36,retained_legacy_not_independently_reimported,2018,0,excluded_until_researcher_coding_rubric_is_documented,621873,39,62,23,37,0.627138,0,GDP parsed from comma-formatted text to numeric.
Montenegro,MNE,2007,party,2011,2013.0,2014.0,,0,0,0,-6,-7,0.91,4.737,1.105,5763.04,41.7,0,0,1,1,1,1,1,0,0,0,0,618000,2018,0,0,0.0,0.0,1,1,1,0,,,excluded_legacy_flagged_for_manual_review,2018,0,excluded_until_researcher_coding_rubric_is_documented,621873,39,62,23,37,0.627138,0,GDP parsed from comma-formatted text to numeric. | WGI legacy value excluded because source file flagged this country-year for manual review.
Montenegro,MNE,2008,party,2011,2013.0,2014.0,,0,0,0,-5,-6,1.519,5.531,2.686,6149.69,41.8,0,0,1,1,1,1,1,1,1,1,1,620000,2018,0,0,0.0,0.0,1,1,1,0,-0.02,-0.15,retained_legacy_not_independently_reimported,2018,0,excluded_until_researcher_coding_rubric_is_documented,621873,39,62,23,37,0.627138,0,GDP parsed from comma-formatted text to numeric.
Montenegro,MNE,2009,party,2011,2013.0,2014.0,,0,0,0,-4,-5,2.033,6.641,1.423,5768.66,41.6,0,0,1,1,1,1,1,1,1,1,1,621000,2018,0,0,0.0,0.0,1,1,1,0,-0.01,-0.03,retained_legacy_not_independently_reimported,2018,0,excluded_until_researcher_coding_rubric_is_documented,621873,39,62,23,37,0.627138,0,GDP parsed from comma-formatted text to numeric.
Montenegro,MNE,2010,party,2011,2013.0,2014.0,,0,0,0,-3,-4,2.133,5.695,0.791,5917.92,41.6,0,0,1,1,1,1,1,1,1,1,1,621000,2018,0,0,0.0,0.0,1,1,1,0,0.23,-0.11,retained_legacy_not_independently_reimported,2018,0,excluded_until_researcher_coding_rubric_is_documented,621873,39,62,23,37,0.627138,0,GDP parsed from comma-formatted text to numeric.
Montenegro,MNE,2011,party,2011,2013.0,2014.0,,0,0,0,-2,-3,0.914,3.951,0.474,6110.66,41.6,0,0,1,1,1,1,1,1,1,1,1,621000,2018,0,0,0.0,0.0,1,1,1,0,0.13,-0.1,retained_legacy_not_independently_reimported,2018,0,excluded_until_researcher_coding_rubric_is_documented,621873,39,62,23,37,0.627138,0,GDP parsed from comma-formatted text to numeric.
Montenegro,MNE,2012,party,2011,2013.0,2014.0,,0,0,0,-1,-2,0.913,3.788,0.474,5948.38,42.8,0,0,1,1,1,1,1,1,1,1,1,621000,2018,0,0,1.0,0.0,1,1,1,0,0.2,-0.1,retained_legacy_not_independently_reimported,2018,0,excluded_until_researcher_coding_rubric_is_documented,621873,39,62,23,37,0.627138,0,GDP parsed from comma-formatted text to numeric.
Montenegro,MNE,2013,party,2011,2013.0,2014.0,,1,0,0,0,-1,0.305,3.948,0.632,6138.25,42.9,0,0,1,1,1,1,1,1,1,1,1,621000,2018,0,0,1.0,0.0,1,1,1,0,0.26,-0.06,retained_legacy_not_independently_reimported,2018,0,excluded_until_researcher_coding_rubric_is_documented,621873,39,62,23,37,0.627138,0,GDP parsed from comma-formatted text to numeric.
Montenegro,MNE,2014,party,2011,2013.0,2014.0,,1,1,1,1,0,1.222,4.91,0.792,6272.09,45.0,0,0,1,1,1,1,1,1,1,1,1,622000,2018,0,0,1.0,0.0,1,1,1,0,0.5,0.02,retained_legacy_not_independently_reimported,2018,0,excluded_until_researcher_coding_rubric_is_documented,621873,39,62,23,37,0.627138,0,GDP parsed from comma-formatted text to numeric.
Montenegro,MNE,2015,party,2011,2013.0,2014.0,,1,1,1,2,1,0.922,4.139,0.796,6421,46.1,0,0,1,1,1,1,1,1,1,1,1,622000,2018,0,0,1.0,0.0,1,1,1,0,0.29,-0.07,retained_legacy_not_independently_reimported,2018,0,excluded_until_researcher_coding_rubric_is_documented,621873,39,62,23,37,0.627138,0,GDP parsed from comma-formatted text to numeric.
Montenegro,MNE,2016,party,2011,2013.0,2014.0,,1,1,1,3,2,0.927,3.524,0.32,6634.39,45.7,0,0,1,1,1,1,1,1,1,1,1,622000,2018,0,0,1.0,0.0,1,1,1,0,0.24,-0.22,retained_legacy_not_independently_reimported,2018,0,excluded_until_researcher_coding_rubric_is_documented,621873,39,62,23,37,0.627138,0,GDP parsed from comma-formatted text to numeric.
Montenegro,MNE,2017,party,2011,2013.0,2014.0,,1,1,1,4,3,1.245,3.709,1.613,6840.91,45.3,0,0,1,1,1,1,1,1,1,1,1,622000,2018,0,0,1.0,0.0,1,1,1,0,0.3,-0.18,retained_legacy_not_independently_reimported,2018,0,excluded_until_researcher_coding_rubric_is_documented,621873,39,62,23,37,0.627138,0,GDP parsed from comma-formatted text to numeric.
Montenegro,MNE,2018,party,2011,2013.0,2014.0,,1,1,1,5,4,0.627,3.735,1.299,7159.47,45.5,0,0,1,1,1,1,1,1,1,1,1,622000,2018,1,1,1.0,0.0,1,1,1,0,0.16,0.01,retained_legacy_not_independently_reimported,2018,1,excluded_until_researcher_coding_rubric_is_documented,621873,39,62,23,37,0.627138,0,GDP parsed from comma-formatted text to numeric.
Montenegro,MNE,2019,party,2011,2013.0,2014.0,,1,1,1,6,5,1.577,6.049,0.654,7470.3,46.9,0,0,1,1,1,1,1,1,1,1,1,622000,2018,1,1,1.0,0.0,1,1,1,0,0.19,0,retained_legacy_not_independently_reimported,2018,1,excluded_until_researcher_coding_rubric_is_documented,621873,39,62,23,37,0.627138,0,GDP parsed from comma-formatted text to numeric.
Montenegro,MNE,2020,party,2011,2013.0,2014.0,,1,1,1,7,6,0.952,4.441,1.48,6351.95,43.3,0,0,1,1,1,1,1,1,1,1,1,619000,2018,1,1,1.0,0.0,1,1,1,0,-0.17,-0.06,retained_legacy_not_independently_reimported,2018,1,excluded_until_researcher_coding_rubric_is_documented,621873,39,62,23,37,0.627138,0,GDP parsed from comma-formatted text to numeric.
Montenegro,MNE,2021,party,2011,2013.0,2014.0,,1,1,1,8,7,0.638,5.962,1.325,7198.3,41.4,0,0,1,1,1,1,1,1,1,1,1,620000,2018,1,1,1.0,0.0,1,1,1,0,-0.04,-0.14,retained_legacy_not_independently_reimported,2018,1,excluded_until_researcher_coding_rubric_is_documented,621873,39,62,23,37,0.627138,0,GDP parsed from comma-formatted text to numeric.
Montenegro,MNE,2022,party,2011,2013.0,2014.0,,1,1,1,9,8,1.881,6.508,2.603,7773.6,48.5,0,0,1,1,1,1,1,1,1,1,1,618000,2018,1,1,1.0,0.0,1,1,1,0,-0.04,-0.18,retained_legacy_not_independently_reimported,2018,1,excluded_until_researcher_coding_rubric_is_documented,621873,39,62,23,37,0.627138,0,GDP parsed from comma-formatted text to numeric.
Montenegro,MNE,2023,party,2011,2013.0,2014.0,,1,1,1,10,9,0.304,6.314,2.368,8278.03,51.8,0,0,1,1,1,1,1,1,1,1,1,616000,2018,1,1,1.0,0.0,1,1,1,0,0.17,-0.03,retained_legacy_not_independently_reimported,2018,1,excluded_until_researcher_coding_rubric_is_documented,621873,39,62,23,37,0.627138,0,GDP parsed from comma-formatted text to numeric. | UNODC outcome values preserved from source dataset; not silently imputed or replaced.
Netherlands,NLD,1990,party,2012,2015.0,2016.0,,0,0,0,-25,-26,0.564,,,31308.91,55.2,0,0,1,1,0,0,0,0,0,0,0,14952000,2020,0,0,0.0,0.0,1,1,1,0,,,retained_legacy_not_independently_reimported,2020,0,excluded_until_researcher_coding_rubric_is_documented,17407585,800,1741,941,54,0.45957,0,GDP parsed from comma-formatted text to numeric.
Netherlands,NLD,1991,party,2012,2015.0,2016.0,,0,0,0,-24,-25,0.768,,,31820.83,55.6,0,0,1,1,0,0,0,0,0,0,0,15070000,2020,0,0,0.0,0.0,1,1,1,0,,,retained_legacy_not_independently_reimported,2020,0,excluded_until_researcher_coding_rubric_is_documented,17407585,800,1741,941,54,0.45957,0,GDP parsed from comma-formatted text to numeric.
Netherlands,NLD,1992,party,2012,2015.0,2016.0,,0,0,0,-23,-24,0.685,,,32119.95,56.1,0,0,1,1,0,0,0,0,0,0,0,15184000,2020,0,0,0.0,0.0,1,1,1,0,,,retained_legacy_not_independently_reimported,2020,0,excluded_until_researcher_coding_rubric_is_documented,17407585,800,1741,941,54,0.45957,0,GDP parsed from comma-formatted text to numeric.
Netherlands,NLD,1993,party,2012,2015.0,2016.0,,0,0,0,-22,-23,0.705,,,32297.98,56.3,0,0,1,1,0,0,0,0,0,0,0,15303000,2020,0,0,0.0,0.0,1,1,1,0,,,retained_legacy_not_independently_reimported,2020,0,excluded_until_researcher_coding_rubric_is_documented,17407585,800,1741,941,54,0.45957,0,GDP parsed from comma-formatted text to numeric.
Netherlands,NLD,1994,party,2012,2015.0,2016.0,,0,0,0,-21,-22,0.65,,,33054.45,56.5,0,0,1,1,0,0,0,0,0,0,0,15406000,2020,0,0,0.0,0.0,1,1,1,0,,,retained_legacy_not_independently_reimported,2020,0,excluded_until_researcher_coding_rubric_is_documented,17407585,800,1741,941,54,0.45957,0,GDP parsed from comma-formatted text to numeric.
Netherlands,NLD,1995,party,2012,2015.0,2016.0,,0,0,0,-20,-21,0.951,,,33916.5,56.4,0,0,1,1,0,0,0,0,0,0,0,15484000,2020,0,0,0.0,0.0,1,1,1,0,,,retained_legacy_not_independently_reimported,2020,0,excluded_until_researcher_coding_rubric_is_documented,17407585,800,1741,941,54,0.45957,0,GDP parsed from comma-formatted text to numeric.
Netherlands,NLD,1996,party,2012,2015.0,2016.0,,0,0,0,-19,-20,0.833,,,34915.17,56.8,0,0,1,1,0,0,0,1,0,0,0,15568000,2020,0,0,0.0,0.0,1,1,1,0,3.3,2.88,retained_legacy_not_independently_reimported,2020,0,excluded_until_researcher_coding_rubric_is_documented,17407585,800,1741,941,54,0.45957,0,GDP parsed from comma-formatted text to numeric.
Netherlands,NLD,1997,party,2012,2015.0,2016.0,,0,0,0,-18,-19,0.791,,,36211.65,57.2,0,0,1,1,0,0,0,0,0,0,0,15654000,2020,0,0,0.0,0.0,1,1,1,0,,,retained_legacy_not_independently_reimported,2020,0,excluded_until_researcher_coding_rubric_is_documented,17407585,800,1741,941,54,0.45957,0,GDP parsed from comma-formatted text to numeric.
Netherlands,NLD,1998,party,2012,2015.0,2016.0,,0,0,0,-17,-18,0.586,,,37661.73,57.7,0,0,1,1,0,0,0,1,0,0,0,15760000,2020,0,0,0.0,0.0,1,1,1,0,3.41,2.96,retained_legacy_not_independently_reimported,2020,0,excluded_until_researcher_coding_rubric_is_documented,17407585,800,1741,941,54,0.45957,0,GDP parsed from comma-formatted text to numeric.
Netherlands,NLD,1999,party,2012,2015.0,2016.0,,0,0,0,-16,-17,0.731,,,39298.73,58.3,0,0,1,1,0,0,0,0,0,0,0,15863000,2020,0,0,0.0,0.0,1,1,1,0,,,retained_legacy_not_independently_reimported,2020,0,excluded_until_researcher_coding_rubric_is_documented,17407585,800,1741,941,54,0.45957,0,GDP parsed from comma-formatted text to numeric.
Netherlands,NLD,2000,party,2012,2015.0,2016.0,,0,0,0,-15,-16,0.738,,,40665.34,59.0,0,0,1,1,1,0,0,1,1,0,0,15926000,2020,0,0,0.0,0.0,1,1,1,0,3.37,2.97,retained_legacy_not_independently_reimported,2020,0,excluded_until_researcher_coding_rubric_is_documented,17407585,800,1741,941,54,0.45957,0,GDP parsed from comma-formatted text to numeric.
Netherlands,NLD,2001,party,2012,2015.0,2016.0,,0,0,0,-14,-15,0.83,,,41297.32,59.5,0,0,1,1,1,0,0,0,0,0,0,16046000,2020,0,0,0.0,0.0,1,1,1,0,,,retained_legacy_not_independently_reimported,2020,0,excluded_until_researcher_coding_rubric_is_documented,17407585,800,1741,941,54,0.45957,0,GDP parsed from comma-formatted text to numeric.
Netherlands,NLD,2002,party,2012,2015.0,2016.0,,0,0,0,-13,-14,0.74,,,41135.42,59.8,0,0,1,1,1,0,0,1,1,0,0,16148000,2020,0,0,0.0,0.0,1,1,1,0,3.29,2.9,retained_legacy_not_independently_reimported,2020,0,excluded_until_researcher_coding_rubric_is_documented,17407585,800,1741,941,54,0.45957,0,GDP parsed from comma-formatted text to numeric.
Netherlands,NLD,2003,party,2012,2015.0,2016.0,,0,0,0,-12,-13,0.882,,10.387,40981.85,59.9,0,0,1,1,1,0,0,1,1,0,0,16225000,2020,0,0,0.0,0.0,1,1,1,0,3.32,2.91,retained_legacy_not_independently_reimported,2020,0,excluded_until_researcher_coding_rubric_is_documented,17407585,800,1741,941,54,0.45957,0,GDP parsed from comma-formatted text to numeric.
Netherlands,NLD,2004,party,2012,2015.0,2016.0,,0,0,0,-11,-12,0.638,,10.959,41663.15,59.8,0,0,1,1,1,0,0,1,1,0,0,16281000,2020,0,0,0.0,0.0,1,1,1,0,3.52,2.95,retained_legacy_not_independently_reimported,2020,0,excluded_until_researcher_coding_rubric_is_documented,17407585,800,1741,941,54,0.45957,0,GDP parsed from comma-formatted text to numeric.
Netherlands,NLD,2005,party,2012,2015.0,2016.0,,0,0,0,-10,-11,0.684,44.243,15.213,42411.35,59.5,0,0,1,1,1,1,1,1,1,1,1,16320000,2020,0,0,0.0,0.0,1,1,1,0,3.29,2.98,retained_legacy_not_independently_reimported,2020,0,excluded_until_researcher_coding_rubric_is_documented,17407585,800,1741,941,54,0.45957,0,GDP parsed from comma-formatted text to numeric.
Netherlands,NLD,2006,party,2012,2015.0,2016.0,,0,0,0,-9,-10,0.587,43.289,14.581,43841.12,59.8,0,0,1,1,1,1,1,1,1,1,1,16358000,2020,0,0,0.0,0.0,1,1,1,0,3.03,3.01,retained_legacy_not_independently_reimported,2020,0,excluded_until_researcher_coding_rubric_is_documented,17407585,800,1741,941,54,0.45957,0,GDP parsed from comma-formatted text to numeric.
Netherlands,NLD,2007,party,2012,2015.0,2016.0,,0,0,0,-8,-9,0.561,39.44,12.915,45445.52,60.0,0,0,1,1,1,1,1,1,1,1,1,16382000,2020,0,0,0.0,0.0,1,1,1,0,2.93,3.01,retained_legacy_not_independently_reimported,2020,0,excluded_until_researcher_coding_rubric_is_documented,17407585,800,1741,941,54,0.45957,0,GDP parsed from comma-formatted text to numeric.
Netherlands,NLD,2008,party,2012,2015.0,2016.0,,0,0,0,-7,-8,0.559,63.233,11.719,46227.21,60.2,0,0,1,1,1,1,1,1,1,1,1,16446000,2020,0,0,0.0,0.0,1,1,1,0,2.87,2.97,retained_legacy_not_independently_reimported,2020,0,excluded_until_researcher_coding_rubric_is_documented,17407585,800,1741,941,54,0.45957,0,GDP parsed from comma-formatted text to numeric.
Netherlands,NLD,2009,party,2012,2015.0,2016.0,,0,0,0,-6,-7,0.592,61.406,11.508,44304.41,60.1,0,0,1,1,1,1,1,1,1,1,1,16530000,2020,0,0,0.0,0.0,1,1,1,0,2.95,3.07,retained_legacy_not_independently_reimported,2020,0,excluded_until_researcher_coding_rubric_is_documented,17407585,800,1741,941,54,0.45957,0,GDP parsed from comma-formatted text to numeric.
Netherlands,NLD,2010,party,2012,2015.0,2016.0,,0,0,0,-5,-6,0.636,57.3,9.898,44659.27,60.3,0,0,1,1,1,1,1,1,1,1,1,16616000,2020,0,0,0.0,0.0,1,1,1,0,3.01,3.08,retained_legacy_not_independently_reimported,2020,0,excluded_until_researcher_coding_rubric_is_documented,17407585,800,1741,941,54,0.45957,0,GDP parsed from comma-formatted text to numeric.
Netherlands,NLD,2011,party,2012,2015.0,2016.0,,0,0,0,-4,-5,0.587,54.566,9.525,45239.73,60.5,0,0,1,1,1,1,1,1,1,1,1,16694000,2020,0,0,0.0,0.0,1,1,1,0,3.1,3.08,retained_legacy_not_independently_reimported,2020,0,excluded_until_researcher_coding_rubric_is_documented,17407585,800,1741,941,54,0.45957,0,GDP parsed from comma-formatted text to numeric.
Netherlands,NLD,2012,party,2012,2015.0,2016.0,,0,0,0,-3,-4,0.584,52.497,8.336,44631.87,61.1,0,0,1,1,1,1,1,1,1,1,1,16755000,2020,0,0,0.0,0.0,1,1,1,0,3.13,3.15,retained_legacy_not_independently_reimported,2020,0,excluded_until_researcher_coding_rubric_is_documented,17407585,800,1741,941,54,0.45957,0,GDP parsed from comma-formatted text to numeric.
Netherlands,NLD,2013,party,2012,2015.0,2016.0,,0,0,0,-2,-3,0.653,26.045,7.332,44487.03,61.0,0,0,1,1,1,1,1,1,1,1,1,16800000,2020,0,0,0.0,0.0,1,1,1,0,3.08,3.1,retained_legacy_not_independently_reimported,2020,0,excluded_until_researcher_coding_rubric_is_documented,17407585,800,1741,941,54,0.45957,0,GDP parsed from comma-formatted text to numeric.
Netherlands,NLD,2014,party,2012,2015.0,2016.0,,0,0,0,-1,-2,0.349,25.202,7.17,45042.07,60.3,0,0,1,1,1,1,1,1,1,1,1,16865000,2020,0,0,0.0,0.0,1,1,1,0,3.12,3.35,retained_legacy_not_independently_reimported,2020,0,excluded_until_researcher_coding_rubric_is_documented,17407585,800,1741,941,54,0.45957,0,GDP parsed from comma-formatted text to numeric.
Netherlands,NLD,2015,party,2012,2015.0,2016.0,,1,0,0,0,-1,0.486,24.317,7.394,45793.81,60.8,0,0,1,1,1,1,1,1,1,1,1,16901000,2020,0,0,0.0,0.0,1,1,1,0,3.12,3.25,retained_legacy_not_independently_reimported,2020,0,excluded_until_researcher_coding_rubric_is_documented,17407585,800,1741,941,54,0.45957,0,GDP parsed from comma-formatted text to numeric.
Netherlands,NLD,2016,party,2012,2015.0,2016.0,,1,1,1,1,0,0.368,27.522,8.922,46655.04,60.8,0,0,1,1,1,1,1,1,1,1,1,16980000,2020,0,0,1.0,0.0,1,1,1,0,3.1,3.15,retained_legacy_not_independently_reimported,2020,0,excluded_until_researcher_coding_rubric_is_documented,17407585,800,1741,941,54,0.45957,0,GDP parsed from comma-formatted text to numeric.
Netherlands,NLD,2017,party,2012,2015.0,2016.0,,1,1,1,2,1,0.492,27.75,10.164,47670.11,60.9,0,0,1,1,1,1,1,1,1,1,1,17082000,2020,0,0,1.0,0.0,1,1,1,0,3.09,3,retained_legacy_not_independently_reimported,2020,0,excluded_until_researcher_coding_rubric_is_documented,17407585,800,1741,941,54,0.45957,0,GDP parsed from comma-formatted text to numeric.
Netherlands,NLD,2018,party,2012,2015.0,2016.0,,1,1,1,3,2,0.41,29.59,11.136,48463.03,61.1,0,0,1,1,1,1,1,1,1,1,1,17181000,2020,0,0,1.0,0.0,1,1,1,0,3.09,2.98,retained_legacy_not_independently_reimported,2020,0,excluded_until_researcher_coding_rubric_is_documented,17407585,800,1741,941,54,0.45957,0,GDP parsed from comma-formatted text to numeric.
Netherlands,NLD,2019,party,2012,2015.0,2016.0,,1,1,1,4,3,0.498,24.519,11.718,49254.02,61.7,0,0,1,1,1,1,1,1,1,1,1,17282000,2020,0,0,1.0,0.0,1,1,1,0,3.01,2.96,retained_legacy_not_independently_reimported,2020,0,excluded_until_researcher_coding_rubric_is_documented,17407585,800,1741,941,54,0.45957,0,GDP parsed from comma-formatted text to numeric.
Netherlands,NLD,2020,party,2012,2015.0,2016.0,,1,1,1,5,4,0.495,22.793,11.709,47086.58,61.8,0,0,1,1,1,1,1,1,1,1,1,17407000,2020,1,1,1.0,0.0,1,1,1,0,3.08,2.91,retained_legacy_not_independently_reimported,2020,1,excluded_until_researcher_coding_rubric_is_documented,17407585,800,1741,941,54,0.45957,0,GDP parsed from comma-formatted text to numeric.
Netherlands,NLD,2021,party,2012,2015.0,2016.0,,1,1,1,6,5,0.426,26.339,13.564,49780.84,61.9,0,0,1,1,1,1,1,1,1,1,1,17475000,2020,1,1,1.0,0.0,1,1,1,0,2.95,2.9,retained_legacy_not_independently_reimported,2020,1,excluded_until_researcher_coding_rubric_is_documented,17407585,800,1741,941,54,0.45957,0,GDP parsed from comma-formatted text to numeric.
Netherlands,NLD,2022,party,2012,2015.0,2016.0,,1,1,1,7,6,0.532,32.925,16.225,51777.54,62.6,0,0,1,1,1,1,1,1,1,1,1,17591000,2020,1,1,1.0,0.0,1,1,1,0,2.21,2.32,retained_legacy_not_independently_reimported,2020,1,excluded_until_researcher_coding_rubric_is_documented,17407585,800,1741,941,54,0.45957,0,GDP parsed from comma-formatted text to numeric.
Netherlands,NLD,2023,party,2012,2015.0,2016.0,,1,1,1,8,7,0.45,27.47,13.348,50960.77,63.1,0,0,1,1,1,1,1,0,0,0,0,17890000,2020,1,1,1.0,0.0,1,1,1,0,,,excluded_legacy_flagged_for_manual_review,2020,1,excluded_until_researcher_coding_rubric_is_documented,17407585,800,1741,941,54,0.45957,0,GDP parsed from comma-formatted text to numeric. | WGI legacy value excluded because source file flagged this country-year for manual review. | UNODC outcome values preserved from source dataset; not silently imputed or replaced.
Norway,NOR,1990,party,2011,2017.0,2017.0,,0,0,0,-27,-27,0.537,,,49937.46,52.8,0,0,1,1,0,0,0,0,0,0,0,4241000,2022,0,0,0.0,0.0,1,1,1,0,,,retained_legacy_not_independently_reimported,2022,0,excluded_until_researcher_coding_rubric_is_documented,5367580,969,537,0,0,1.805283,1,GDP parsed from comma-formatted text to numeric.
Norway,NOR,1991,party,2011,2017.0,2017.0,,0,0,0,-26,-26,0.703,,,51233.04,53.3,0,0,1,1,0,0,0,0,0,0,0,4261000,2022,0,0,0.0,0.0,1,1,1,0,,,retained_legacy_not_independently_reimported,2022,0,excluded_until_researcher_coding_rubric_is_documented,5367580,969,537,0,0,1.805283,1,GDP parsed from comma-formatted text to numeric.
Norway,NOR,1992,party,2011,2017.0,2017.0,,0,0,0,-25,-25,0.587,,,52758.95,53.8,0,0,1,1,0,0,0,0,0,0,0,4286000,2022,0,0,0.0,0.0,1,1,1,0,,,retained_legacy_not_independently_reimported,2022,0,excluded_until_researcher_coding_rubric_is_documented,5367580,969,537,0,0,1.805283,1,GDP parsed from comma-formatted text to numeric.
Norway,NOR,1993,party,2011,2017.0,2017.0,,0,0,0,-24,-24,0.789,,,53938.02,54.5,0,0,1,1,0,0,0,0,0,0,0,4312000,2022,0,0,0.0,0.0,1,1,1,0,,,retained_legacy_not_independently_reimported,2022,0,excluded_until_researcher_coding_rubric_is_documented,5367580,969,537,0,0,1.805283,1,GDP parsed from comma-formatted text to numeric.
Norway,NOR,1994,party,2011,2017.0,2017.0,,0,0,0,-23,-23,0.708,,,56343.01,55.4,0,0,1,1,0,0,0,0,0,0,0,4337000,2022,0,0,0.0,0.0,1,1,1,0,,,retained_legacy_not_independently_reimported,2022,0,excluded_until_researcher_coding_rubric_is_documented,5367580,969,537,0,0,1.805283,1,GDP parsed from comma-formatted text to numeric.
Norway,NOR,1995,party,2011,2017.0,2017.0,,0,0,0,-22,-22,0.72,,,58380.57,56.2,0,0,1,1,0,0,0,0,0,0,0,4358000,2022,0,0,0.0,0.0,1,1,1,0,,,retained_legacy_not_independently_reimported,2022,0,excluded_until_researcher_coding_rubric_is_documented,5367580,969,537,0,0,1.805283,1,GDP parsed from comma-formatted text to numeric.
Norway,NOR,1996,party,2011,2017.0,2017.0,,0,0,0,-21,-21,0.909,,,61005.88,57.4,0,0,1,1,0,0,0,1,0,0,0,4381000,2022,0,0,0.0,0.0,1,1,1,0,3.32,3.27,retained_legacy_not_independently_reimported,2022,0,excluded_until_researcher_coding_rubric_is_documented,5367580,969,537,0,0,1.805283,1,GDP parsed from comma-formatted text to numeric.
Norway,NOR,1997,party,2011,2017.0,2017.0,,0,0,0,-20,-20,0.541,,,63882.48,58.5,0,0,1,1,0,0,0,0,0,0,0,4405000,2022,0,0,0.0,0.0,1,1,1,0,,,retained_legacy_not_independently_reimported,2022,0,excluded_until_researcher_coding_rubric_is_documented,5367580,969,537,0,0,1.805283,1,GDP parsed from comma-formatted text to numeric.
Norway,NOR,1998,party,2011,2017.0,2017.0,,0,0,0,-19,-19,0.553,,,65197.95,59.6,0,0,1,1,0,0,0,1,0,0,0,4432000,2022,0,0,0.0,0.0,1,1,1,0,3.25,3.31,retained_legacy_not_independently_reimported,2022,0,excluded_until_researcher_coding_rubric_is_documented,5367580,969,537,0,0,1.805283,1,GDP parsed from comma-formatted text to numeric.
Norway,NOR,1999,party,2011,2017.0,2017.0,,0,0,0,-18,-18,0.54,,,66094.74,60.6,0,0,1,1,0,0,0,0,0,0,0,4462000,2022,0,0,0.0,0.0,1,1,1,0,,,retained_legacy_not_independently_reimported,2022,0,excluded_until_researcher_coding_rubric_is_documented,5367580,969,537,0,0,1.805283,1,GDP parsed from comma-formatted text to numeric.
Norway,NOR,2000,party,2011,2017.0,2017.0,,0,0,0,-17,-17,0.959,,,67846.6,61.3,0,0,1,1,1,0,0,1,1,0,0,4491000,2022,0,0,0.0,0.0,1,1,1,0,3.09,3.11,retained_legacy_not_independently_reimported,2022,0,excluded_until_researcher_coding_rubric_is_documented,5367580,969,537,0,0,1.805283,1,GDP parsed from comma-formatted text to numeric.
Norway,NOR,2001,party,2011,2017.0,2017.0,,0,0,0,-16,-16,0.64,,,68899.53,61.7,0,0,1,1,1,0,0,0,0,0,0,4514000,2022,0,0,0.0,0.0,1,1,1,0,,,retained_legacy_not_independently_reimported,2022,0,excluded_until_researcher_coding_rubric_is_documented,5367580,969,537,0,0,1.805283,1,GDP parsed from comma-formatted text to numeric.
Norway,NOR,2002,party,2011,2017.0,2017.0,,0,0,0,-15,-15,0.67,,,69472.98,62.3,0,0,1,1,1,0,0,1,1,0,0,4538000,2022,0,0,0.0,0.0,1,1,1,0,3.12,3.14,retained_legacy_not_independently_reimported,2022,0,excluded_until_researcher_coding_rubric_is_documented,5367580,969,537,0,0,1.805283,1,GDP parsed from comma-formatted text to numeric.
Norway,NOR,2003,party,2011,2017.0,2017.0,,0,0,0,-14,-14,1.061,43.727,15.467,69719.31,62.6,0,0,1,1,1,0,0,1,1,0,0,4564000,2022,0,0,0.0,0.0,1,1,1,0,3.12,3.2,retained_legacy_not_independently_reimported,2022,0,excluded_until_researcher_coding_rubric_is_documented,5367580,969,537,0,0,1.805283,1,GDP parsed from comma-formatted text to numeric.
Norway,NOR,2004,party,2011,2017.0,2017.0,,0,0,0,-13,-13,0.518,42.511,16.094,72090.99,63.1,0,0,1,1,1,0,0,1,1,0,0,4591000,2022,0,0,0.0,0.0,1,1,1,0,3.5,3.34,retained_legacy_not_independently_reimported,2022,0,excluded_until_researcher_coding_rubric_is_documented,5367580,969,537,0,0,1.805283,1,GDP parsed from comma-formatted text to numeric.
Norway,NOR,2005,party,2011,2017.0,2017.0,,0,0,0,-12,-12,0.685,42.396,17.261,73524.25,63.3,0,0,1,1,1,1,1,1,1,1,1,4623000,2022,0,0,0.0,0.0,1,1,1,0,3.16,3.25,retained_legacy_not_independently_reimported,2022,0,excluded_until_researcher_coding_rubric_is_documented,5367580,969,537,0,0,1.805283,1,GDP parsed from comma-formatted text to numeric.
Norway,NOR,2006,party,2011,2017.0,2017.0,,0,0,0,-11,-11,0.895,46.69,18.024,74729.74,64.0,0,0,1,1,1,1,1,1,1,1,1,4661000,2022,0,0,0.0,0.0,1,1,1,0,3.19,3.34,retained_legacy_not_independently_reimported,2022,0,excluded_until_researcher_coding_rubric_is_documented,5367580,969,537,0,0,1.805283,1,GDP parsed from comma-formatted text to numeric.
Norway,NOR,2007,party,2011,2017.0,2017.0,,0,0,0,-10,-10,0.718,47.462,20.068,76115.71,64.5,0,0,1,1,1,1,1,1,1,1,1,4709000,2022,0,0,0.0,0.0,1,1,1,0,3.43,3.28,retained_legacy_not_independently_reimported,2022,0,excluded_until_researcher_coding_rubric_is_documented,5367580,969,537,0,0,1.805283,1,GDP parsed from comma-formatted text to numeric.
Norway,NOR,2008,party,2011,2017.0,2017.0,,0,0,0,-9,-9,0.418,48.153,19.798,75535.21,64.6,0,0,1,1,1,1,1,1,1,1,1,4768000,2022,0,0,0.0,0.0,1,1,1,0,3.12,3.33,retained_legacy_not_independently_reimported,2022,0,excluded_until_researcher_coding_rubric_is_documented,5367580,969,537,0,0,1.805283,1,GDP parsed from comma-formatted text to numeric.
Norway,NOR,2009,party,2011,2017.0,2017.0,,0,0,0,-8,-8,0.496,49.911,20.668,73141.31,64.3,0,0,1,1,1,1,1,1,1,1,1,4829000,2022,0,0,0.0,0.0,1,1,1,0,3.12,3.18,retained_legacy_not_independently_reimported,2022,0,excluded_until_researcher_coding_rubric_is_documented,5367580,969,537,0,0,1.805283,1,GDP parsed from comma-formatted text to numeric.
Norway,NOR,2010,party,2011,2017.0,2017.0,,0,0,0,-7,-7,0.613,50.07,19.185,72804.4,63.8,0,0,1,1,1,1,1,1,1,1,1,4889000,2022,0,0,1.0,0.0,1,1,1,0,3.18,3.21,retained_legacy_not_independently_reimported,2022,0,excluded_until_researcher_coding_rubric_is_documented,5367580,969,537,0,0,1.805283,1,GDP parsed from comma-formatted text to numeric.
Norway,NOR,2011,party,2011,2017.0,2017.0,,0,0,0,-6,-6,2.103,53.725,21.704,72660.68,63.8,0,0,1,1,1,1,1,1,1,1,1,4953000,2022,0,0,1.0,0.0,1,1,1,0,3.11,3.17,retained_legacy_not_independently_reimported,2022,0,excluded_until_researcher_coding_rubric_is_documented,5367580,969,537,0,0,1.805283,1,GDP parsed from comma-formatted text to numeric.
Norway,NOR,2012,party,2011,2017.0,2017.0,,0,0,0,-5,-5,0.36,52.307,22.238,73661.68,63.5,0,0,1,1,1,1,1,1,1,1,1,5019000,2022,0,0,1.0,0.0,1,1,1,0,3.23,3.32,retained_legacy_not_independently_reimported,2022,0,excluded_until_researcher_coding_rubric_is_documented,5367580,969,537,0,0,1.805283,1,GDP parsed from comma-formatted text to numeric.
Norway,NOR,2013,party,2011,2017.0,2017.0,,0,0,0,-4,-4,0.791,69.408,31.377,73515.91,63.6,0,0,1,1,1,1,1,1,1,1,1,5079000,2022,0,0,1.0,0.0,1,1,1,0,3.19,3.35,retained_legacy_not_independently_reimported,2022,0,excluded_until_researcher_coding_rubric_is_documented,5367580,969,537,0,0,1.805283,1,GDP parsed from comma-formatted text to numeric.
Norway,NOR,2014,party,2011,2017.0,2017.0,,0,0,0,-3,-3,0.509,72.916,31.728,74180.32,63.2,0,0,1,1,1,1,1,1,1,1,1,5138000,2022,0,0,1.0,0.0,1,1,1,0,3.1,3.44,retained_legacy_not_independently_reimported,2022,0,excluded_until_researcher_coding_rubric_is_documented,5367580,969,537,0,0,1.805283,1,GDP parsed from comma-formatted text to numeric.
Norway,NOR,2015,party,2011,2017.0,2017.0,,0,0,0,-2,-2,0.543,83.992,36.688,74809.97,63.2,0,0,1,1,1,1,1,1,1,1,1,5189000,2022,0,0,1.0,0.0,1,1,1,0,3.12,3.37,retained_legacy_not_independently_reimported,2022,0,excluded_until_researcher_coding_rubric_is_documented,5367580,969,537,0,0,1.805283,1,GDP parsed from comma-formatted text to numeric.
Norway,NOR,2016,party,2011,2017.0,2017.0,,0,0,0,-1,-1,0.423,106.188,42.685,75017.49,63.0,0,0,1,1,1,1,1,1,1,1,1,5235000,2022,0,0,1.0,0.0,1,1,1,0,3.12,3.4,retained_legacy_not_independently_reimported,2022,0,excluded_until_researcher_coding_rubric_is_documented,5367580,969,537,0,0,1.805283,1,GDP parsed from comma-formatted text to numeric.
Norway,NOR,2017,party,2011,2017.0,2017.0,,1,1,1,0,0,0.497,106.788,43.739,76247.41,62.6,0,0,1,1,1,1,1,1,1,1,1,5267000,2022,0,0,1.0,0.0,1,1,1,0,3.32,3.38,retained_legacy_not_independently_reimported,2022,0,excluded_until_researcher_coding_rubric_is_documented,5367580,969,537,0,0,1.805283,1,GDP parsed from comma-formatted text to numeric.
Norway,NOR,2018,party,2011,2017.0,2017.0,,1,1,1,1,1,0.342,109.117,48.27,76373.65,62.6,0,0,1,1,1,1,1,1,1,1,1,5295000,2022,0,0,1.0,0.0,1,1,1,0,3.15,3.28,retained_legacy_not_independently_reimported,2022,0,excluded_until_researcher_coding_rubric_is_documented,5367580,969,537,0,0,1.805283,1,GDP parsed from comma-formatted text to numeric.
Norway,NOR,2019,party,2011,2017.0,2017.0,,1,1,1,2,2,0.603,94.713,41.083,76712.29,62.6,0,0,1,1,1,1,1,1,1,1,1,5328000,2022,0,0,1.0,0.0,1,1,1,0,3.12,3.31,retained_legacy_not_independently_reimported,2022,0,excluded_until_researcher_coding_rubric_is_documented,5367580,969,537,0,0,1.805283,1,GDP parsed from comma-formatted text to numeric.
Norway,NOR,2020,party,2011,2017.0,2017.0,,1,1,1,3,3,0.563,94.065,41.53,75287.21,62.5,0,0,1,1,1,1,1,1,1,1,1,5367000,2022,0,0,1.0,0.0,1,1,1,0,3.22,3.29,retained_legacy_not_independently_reimported,2022,0,excluded_until_researcher_coding_rubric_is_documented,5367580,969,537,0,0,1.805283,1,GDP parsed from comma-formatted text to numeric.
Norway,NOR,2021,party,2011,2017.0,2017.0,,1,1,1,4,4,0.597,106.784,45.691,77812.71,62.2,0,0,1,1,1,1,1,1,1,1,1,5408000,2022,0,0,1.0,0.0,1,1,1,0,3.07,3.26,retained_legacy_not_independently_reimported,2022,0,excluded_until_researcher_coding_rubric_is_documented,5367580,969,537,0,0,1.805283,1,GDP parsed from comma-formatted text to numeric.
Norway,NOR,2022,party,2011,2017.0,2017.0,,1,1,1,5,5,0.517,94.909,41.306,79620.16,62.4,0,0,1,1,1,1,1,0,0,0,0,5434000,2022,1,1,1.0,0.0,1,1,1,0,,,excluded_legacy_flagged_for_manual_review,2022,1,excluded_until_researcher_coding_rubric_is_documented,5367580,969,537,0,0,1.805283,1,GDP parsed from comma-formatted text to numeric. | WGI legacy value excluded because source file flagged this country-year for manual review.
Norway,NOR,2023,party,2011,2017.0,2017.0,,1,1,1,6,6,0.657,95.34,42.126,78775.75,62.4,0,0,1,1,1,1,1,0,0,0,0,5488000,2022,1,1,1.0,0.0,1,1,1,0,,,excluded_legacy_flagged_for_manual_review,2022,1,excluded_until_researcher_coding_rubric_is_documented,5367580,969,537,0,0,1.805283,1,GDP parsed from comma-formatted text to numeric. | WGI legacy value excluded because source file flagged this country-year for manual review. | UNODC outcome values preserved from source dataset; not silently imputed or replaced.
Poland,POL,1990,party,2012,2015.0,2015.0,,0,0,0,-25,-25,1.113,,,5111.35,53.5,0,0,1,1,0,0,0,0,0,0,0,37960000,2021,0,0,0.0,0.0,1,1,1,0,,,retained_legacy_not_independently_reimported,2021,0,excluded_until_researcher_coding_rubric_is_documented,37958138,633,3796,3163,83,0.166763,0,GDP parsed from comma-formatted text to numeric.
Poland,POL,1991,party,2012,2015.0,2015.0,,0,0,0,-24,-24,1.369,,,4735.93,53.6,0,0,1,1,0,0,0,0,0,0,0,38246000,2021,0,0,0.0,0.0,1,1,1,0,,,retained_legacy_not_independently_reimported,2021,0,excluded_until_researcher_coding_rubric_is_documented,37958138,633,3796,3163,83,0.166763,0,GDP parsed from comma-formatted text to numeric.
Poland,POL,1992,party,2012,2015.0,2015.0,,0,0,0,-23,-23,1.105,,,4840.17,53.3,0,0,1,1,0,0,0,0,0,0,0,38374000,2021,0,0,0.0,0.0,1,1,1,0,,,retained_legacy_not_independently_reimported,2021,0,excluded_until_researcher_coding_rubric_is_documented,37958138,633,3796,3163,83,0.166763,0,GDP parsed from comma-formatted text to numeric.
Poland,POL,1993,party,2012,2015.0,2015.0,,0,0,0,-22,-22,1.259,,,5008.35,52.8,0,0,1,1,0,0,0,0,0,0,0,38459000,2021,0,0,0.0,0.0,1,1,1,0,,,retained_legacy_not_independently_reimported,2021,0,excluded_until_researcher_coding_rubric_is_documented,37958138,633,3796,3163,83,0.166763,0,GDP parsed from comma-formatted text to numeric.
Poland,POL,1994,party,2012,2015.0,2015.0,,0,0,0,-21,-21,1.261,,,5262.32,52.5,0,0,1,1,0,0,0,0,0,0,0,38495000,2021,0,0,0.0,0.0,1,1,1,0,,,retained_legacy_not_independently_reimported,2021,0,excluded_until_researcher_coding_rubric_is_documented,37958138,633,3796,3163,83,0.166763,0,GDP parsed from comma-formatted text to numeric.
Poland,POL,1995,party,2012,2015.0,2015.0,,0,0,0,-20,-20,1.205,,,5671.9,51.5,0,0,1,1,0,0,0,0,0,0,0,38587000,2021,0,0,0.0,0.0,1,1,1,0,,,retained_legacy_not_independently_reimported,2021,0,excluded_until_researcher_coding_rubric_is_documented,37958138,633,3796,3163,83,0.166763,0,GDP parsed from comma-formatted text to numeric.
Poland,POL,1996,party,2012,2015.0,2015.0,,0,0,0,-19,-19,1.333,,,6012.96,50.9,0,0,1,1,0,0,0,1,0,0,0,38644000,2021,0,0,0.0,0.0,1,1,1,0,1.16,1.3,retained_legacy_not_independently_reimported,2021,0,excluded_until_researcher_coding_rubric_is_documented,37958138,633,3796,3163,83,0.166763,0,GDP parsed from comma-formatted text to numeric.
Poland,POL,1997,party,2012,2015.0,2015.0,,0,0,0,-18,-18,,,,6391.13,49.8,0,0,1,1,0,0,0,0,0,0,0,38660000,2021,0,0,0.0,0.0,1,1,1,0,,,retained_legacy_not_independently_reimported,2021,0,excluded_until_researcher_coding_rubric_is_documented,37958138,633,3796,3163,83,0.166763,0,GDP parsed from comma-formatted text to numeric.
Poland,POL,1998,party,2012,2015.0,2015.0,,0,0,0,-17,-17,,,,6684.11,49.5,0,0,1,1,0,0,0,1,0,0,0,38666000,2021,0,0,0.0,0.0,1,1,1,0,1.06,1.36,retained_legacy_not_independently_reimported,2021,0,excluded_until_researcher_coding_rubric_is_documented,37958138,633,3796,3163,83,0.166763,0,GDP parsed from comma-formatted text to numeric.
Poland,POL,1999,party,2012,2015.0,2015.0,,0,0,0,-16,-16,0.931,,,6998.79,49.2,0,0,1,1,0,0,0,0,0,0,0,38654000,2021,0,0,1.0,0.0,1,1,1,0,,,retained_legacy_not_independently_reimported,2021,0,excluded_until_researcher_coding_rubric_is_documented,37958138,633,3796,3163,83,0.166763,0,GDP parsed from comma-formatted text to numeric.
Poland,POL,2000,party,2012,2015.0,2015.0,,0,0,0,-15,-15,1.16,,,7401.58,48.6,0,0,1,1,1,0,0,1,1,0,0,38259000,2021,0,0,1.0,0.0,1,1,1,0,0.97,1.08,retained_legacy_not_independently_reimported,2021,0,excluded_until_researcher_coding_rubric_is_documented,37958138,633,3796,3163,83,0.166763,0,GDP parsed from comma-formatted text to numeric.
Poland,POL,2001,party,2012,2015.0,2015.0,,0,0,0,-14,-14,1.108,,,7494.96,49.5,0,0,1,1,1,0,0,0,0,0,0,38241000,2021,0,0,1.0,0.0,1,1,1,0,,,retained_legacy_not_independently_reimported,2021,0,excluded_until_researcher_coding_rubric_is_documented,37958138,633,3796,3163,83,0.166763,0,GDP parsed from comma-formatted text to numeric.
Poland,POL,2002,party,2012,2015.0,2015.0,,0,0,0,-13,-13,1.036,,,7640.99,48.7,0,0,1,1,1,0,0,1,1,0,0,38219000,2021,0,0,1.0,0.0,1,1,1,0,0.77,1.14,retained_legacy_not_independently_reimported,2021,0,excluded_until_researcher_coding_rubric_is_documented,37958138,633,3796,3163,83,0.166763,0,GDP parsed from comma-formatted text to numeric.
Poland,POL,2003,party,2012,2015.0,2015.0,,0,0,0,-12,-12,1.041,,6.078,7915.55,48.2,0,0,1,1,1,0,0,1,1,0,0,38195000,2021,0,0,1.0,0.0,1,1,1,0,0.87,0.87,retained_legacy_not_independently_reimported,2021,0,excluded_until_researcher_coding_rubric_is_documented,37958138,633,3796,3163,83,0.166763,0,GDP parsed from comma-formatted text to numeric.
Poland,POL,2004,party,2012,2015.0,2015.0,,0,0,0,-11,-11,0.781,,5.701,8323.39,47.7,0,0,1,1,1,0,0,1,1,0,0,38174000,2021,0,0,1.0,0.0,1,1,1,0,0.75,0.71,retained_legacy_not_independently_reimported,2021,0,excluded_until_researcher_coding_rubric_is_documented,37958138,633,3796,3163,83,0.166763,0,GDP parsed from comma-formatted text to numeric.
Poland,POL,2005,party,2012,2015.0,2015.0,,0,0,0,-10,-10,0.733,,5.212,8598.58,47.7,0,0,1,1,1,0,1,1,1,0,1,38165000,2021,0,0,1.0,0.0,1,1,1,0,0.76,0.8,retained_legacy_not_independently_reimported,2021,0,excluded_until_researcher_coding_rubric_is_documented,37958138,633,3796,3163,83,0.166763,0,GDP parsed from comma-formatted text to numeric.
Poland,POL,2006,party,2012,2015.0,2015.0,,0,0,0,-9,-9,0.712,,5.256,9137.66,46.9,0,0,1,1,1,0,1,1,1,0,1,38157000,2021,0,0,1.0,0.0,1,1,1,0,0.57,0.65,retained_legacy_not_independently_reimported,2021,0,excluded_until_researcher_coding_rubric_is_documented,37958138,633,3796,3163,83,0.166763,0,GDP parsed from comma-formatted text to numeric.
Poland,POL,2007,party,2012,2015.0,2015.0,,0,0,0,-8,-8,0.588,9.755,4.805,9760.7,46.7,0,0,1,1,1,1,1,1,1,1,1,38118000,2021,0,0,1.0,0.0,1,1,1,0,0.61,0.7,retained_legacy_not_independently_reimported,2021,0,excluded_until_researcher_coding_rubric_is_documented,37958138,633,3796,3163,83,0.166763,0,GDP parsed from comma-formatted text to numeric.
Poland,POL,2008,party,2012,2015.0,2015.0,,0,0,0,-7,-7,0.45,8.669,4.24,10187.2,47.1,0,0,1,1,1,1,1,1,1,1,1,38116000,2021,0,0,1.0,0.0,1,1,1,0,0.79,0.94,retained_legacy_not_independently_reimported,2021,0,excluded_until_researcher_coding_rubric_is_documented,37958138,633,3796,3163,83,0.166763,0,GDP parsed from comma-formatted text to numeric.
Poland,POL,2009,party,2012,2015.0,2015.0,,0,0,0,-6,-6,0.569,8.386,4.026,10446.53,47.8,0,0,1,1,1,1,1,1,1,1,1,38167000,2021,0,0,1.0,0.0,1,1,1,0,0.88,1.1,retained_legacy_not_independently_reimported,2021,0,excluded_until_researcher_coding_rubric_is_documented,37958138,633,3796,3163,83,0.166763,0,GDP parsed from comma-formatted text to numeric.
Poland,POL,2010,party,2012,2015.0,2015.0,,0,0,0,-5,-5,0.599,8.135,4.113,10808.4,48.9,0,0,1,1,1,1,1,1,1,1,1,38530000,2021,0,0,1.0,0.0,1,1,1,0,1.07,1.21,retained_legacy_not_independently_reimported,2021,0,excluded_until_researcher_coding_rubric_is_documented,37958138,633,3796,3163,83,0.166763,0,GDP parsed from comma-formatted text to numeric.
Poland,POL,2011,party,2012,2015.0,2015.0,,0,0,0,-4,-4,0.668,7.93,3.921,11370.31,49.0,0,0,1,1,1,1,1,1,1,1,1,38538000,2021,0,0,1.0,0.0,1,1,1,0,1.01,1.35,retained_legacy_not_independently_reimported,2021,0,excluded_until_researcher_coding_rubric_is_documented,37958138,633,3796,3163,83,0.166763,0,GDP parsed from comma-formatted text to numeric.
Poland,POL,2012,party,2012,2015.0,2015.0,,0,0,0,-3,-3,0.562,7.258,3.744,11542.24,49.4,0,0,1,1,1,1,1,1,1,1,1,38533000,2021,0,0,1.0,0.0,1,1,1,0,1.12,1.39,retained_legacy_not_independently_reimported,2021,0,excluded_until_researcher_coding_rubric_is_documented,37958138,633,3796,3163,83,0.166763,0,GDP parsed from comma-formatted text to numeric.
Poland,POL,2013,party,2012,2015.0,2015.0,,0,0,0,-2,-2,0.434,7.985,2.054,11628.23,49.2,0,0,1,1,1,1,1,1,1,1,1,38496000,2021,0,0,1.0,0.0,1,1,1,0,1.12,1.43,retained_legacy_not_independently_reimported,2021,0,excluded_until_researcher_coding_rubric_is_documented,37958138,633,3796,3163,83,0.166763,0,GDP parsed from comma-formatted text to numeric.
Poland,POL,2014,party,2012,2015.0,2015.0,,0,0,0,-1,-1,0.468,7.66,2.072,12093.16,49.5,0,0,1,1,1,1,1,1,1,1,1,38479000,2021,0,0,1.0,0.0,1,1,1,0,1.31,1.48,retained_legacy_not_independently_reimported,2021,0,excluded_until_researcher_coding_rubric_is_documented,37958138,633,3796,3163,83,0.166763,0,GDP parsed from comma-formatted text to numeric.
Poland,POL,2015,party,2012,2015.0,2015.0,,1,1,1,0,0,0.568,7.2,1.717,12637.52,49.5,0,0,1,1,1,1,1,1,1,1,1,38418000,2021,0,0,1.0,0.0,1,1,1,0,1.27,1.37,retained_legacy_not_independently_reimported,2021,0,excluded_until_researcher_coding_rubric_is_documented,37958138,633,3796,3163,83,0.166763,0,GDP parsed from comma-formatted text to numeric.
Poland,POL,2016,party,2012,2015.0,2015.0,,1,1,1,1,1,0.36,8.246,2.067,13026.19,49.6,0,0,1,1,1,1,1,1,1,1,1,37972000,2021,0,0,1.0,0.0,1,1,1,0,1.12,1.02,retained_legacy_not_independently_reimported,2021,0,excluded_until_researcher_coding_rubric_is_documented,37958138,633,3796,3163,83,0.166763,0,GDP parsed from comma-formatted text to numeric.
Poland,POL,2017,party,2012,2015.0,2015.0,,1,1,1,2,2,0.477,8.42,1.877,13695.65,49.8,0,0,1,1,1,1,1,1,1,1,1,37973000,2021,0,0,1.0,0.0,1,1,1,0,0.95,0.69,retained_legacy_not_independently_reimported,2021,0,excluded_until_researcher_coding_rubric_is_documented,37958138,633,3796,3163,83,0.166763,0,GDP parsed from comma-formatted text to numeric.
Poland,POL,2018,party,2012,2015.0,2015.0,,1,1,1,3,3,0.422,8.703,1.977,14551.09,49.9,0,0,1,1,1,1,1,1,1,1,1,37977000,2021,0,0,1.0,0.0,1,1,1,0,0.94,0.65,retained_legacy_not_independently_reimported,2021,0,excluded_until_researcher_coding_rubric_is_documented,37958138,633,3796,3163,83,0.166763,0,GDP parsed from comma-formatted text to numeric.
Poland,POL,2019,party,2012,2015.0,2015.0,,1,1,1,4,4,0.407,9.313,1.857,15221.31,49.6,0,0,1,1,1,1,1,1,1,1,1,37972000,2021,0,0,1.0,0.0,1,1,1,0,0.88,0.67,retained_legacy_not_independently_reimported,2021,0,excluded_until_researcher_coding_rubric_is_documented,37958138,633,3796,3163,83,0.166763,0,GDP parsed from comma-formatted text to numeric.
Poland,POL,2020,party,2012,2015.0,2015.0,,1,1,1,5,5,0.453,7.7,1.488,15090.22,49.3,0,0,1,1,1,1,1,1,1,1,1,37847000,2021,0,0,1.0,0.0,1,1,1,0,0.56,0.89,retained_legacy_not_independently_reimported,2021,0,excluded_until_researcher_coding_rubric_is_documented,37958138,633,3796,3163,83,0.166763,0,GDP parsed from comma-formatted text to numeric.
Poland,POL,2021,party,2012,2015.0,2015.0,,1,1,1,6,6,0.403,8.449,1.53,16368.62,51.0,0,0,1,1,1,1,1,1,1,1,1,37840000,2021,1,1,1.0,0.0,1,1,1,0,0.44,0.73,retained_legacy_not_independently_reimported,2021,1,excluded_until_researcher_coding_rubric_is_documented,37958138,633,3796,3163,83,0.166763,0,GDP parsed from comma-formatted text to numeric.
Poland,POL,2022,party,2012,2015.0,2015.0,,1,1,1,7,7,0.46,8.785,1.537,17303.64,51.6,0,0,1,1,1,1,1,1,1,1,1,41026000,2021,1,1,1.0,0.0,1,1,1,0,0.36,0.6,retained_legacy_not_independently_reimported,2021,1,excluded_until_researcher_coding_rubric_is_documented,37958138,633,3796,3163,83,0.166763,0,GDP parsed from comma-formatted text to numeric.
Poland,POL,2023,party,2012,2015.0,2015.0,,1,1,1,8,8,0.611,9.068,1.287,17410.38,52.2,0,0,1,1,1,1,1,1,1,1,1,38539000,2021,1,1,1.0,0.0,1,1,1,0,0.3,0.32,retained_legacy_not_independently_reimported,2021,1,excluded_until_researcher_coding_rubric_is_documented,37958138,633,3796,3163,83,0.166763,0,GDP parsed from comma-formatted text to numeric. | UNODC outcome values preserved from source dataset; not silently imputed or replaced.
Portugal,PRT,1990,party,2011,2013.0,2014.0,,0,0,0,-23,-24,,,,14593.27,48.1,0,0,1,1,0,0,0,0,0,0,0,9983000,2019,0,0,0.0,0.0,1,1,1,0,,,retained_legacy_not_independently_reimported,2019,0,excluded_until_researcher_coding_rubric_is_documented,10295909,605,1030,425,41,0.587612,0,GDP parsed from comma-formatted text to numeric.
Portugal,PRT,1991,party,2011,2013.0,2014.0,,0,0,0,-22,-23,,,,15265.88,50.1,0,0,1,1,0,0,0,0,0,0,0,10009000,2019,0,0,0.0,0.0,1,1,1,0,,,retained_legacy_not_independently_reimported,2019,0,excluded_until_researcher_coding_rubric_is_documented,10295909,605,1030,425,41,0.587612,0,GDP parsed from comma-formatted text to numeric.
Portugal,PRT,1992,party,2011,2013.0,2014.0,,0,0,0,-21,-22,,,,15444.2,48.6,0,0,1,1,0,0,0,0,0,0,0,10038000,2019,0,0,0.0,0.0,1,1,1,0,,,retained_legacy_not_independently_reimported,2019,0,excluded_until_researcher_coding_rubric_is_documented,10295909,605,1030,425,41,0.587612,0,GDP parsed from comma-formatted text to numeric.
Portugal,PRT,1993,party,2011,2013.0,2014.0,,0,0,0,-20,-21,,,,15110.14,48.8,0,0,1,1,0,0,0,0,0,0,0,10034000,2019,0,0,0.0,0.0,1,1,1,0,,,retained_legacy_not_independently_reimported,2019,0,excluded_until_researcher_coding_rubric_is_documented,10295909,605,1030,425,41,0.587612,0,GDP parsed from comma-formatted text to numeric.
Portugal,PRT,1994,party,2011,2013.0,2014.0,,0,0,0,-19,-20,0.775,,,15214.93,49.1,0,0,1,1,0,0,0,0,0,0,0,10031000,2019,0,0,0.0,0.0,1,1,1,0,,,retained_legacy_not_independently_reimported,2019,0,excluded_until_researcher_coding_rubric_is_documented,10295909,605,1030,425,41,0.587612,0,GDP parsed from comma-formatted text to numeric.
Portugal,PRT,1995,party,2011,2013.0,2014.0,,0,0,0,-18,-19,0.67,,,15811.72,49.1,0,0,1,1,0,0,0,0,0,0,0,10030000,2019,0,0,0.0,0.0,1,1,1,0,,,retained_legacy_not_independently_reimported,2019,0,excluded_until_researcher_coding_rubric_is_documented,10295909,605,1030,425,41,0.587612,0,GDP parsed from comma-formatted text to numeric.
Portugal,PRT,1996,party,2011,2013.0,2014.0,,0,0,0,-17,-18,0.512,,,16304.38,49.5,0,0,1,1,0,0,0,1,0,0,0,10056000,2019,0,0,1.0,0.0,1,1,1,0,2.17,2.19,retained_legacy_not_independently_reimported,2019,0,excluded_until_researcher_coding_rubric_is_documented,10295909,605,1030,425,41,0.587612,0,GDP parsed from comma-formatted text to numeric.
Portugal,PRT,1997,party,2011,2013.0,2014.0,,0,0,0,-16,-17,0.54,,,16946.09,50.5,0,0,1,1,0,0,0,0,0,0,0,10088000,2019,0,0,1.0,0.0,1,1,1,0,,,retained_legacy_not_independently_reimported,2019,0,excluded_until_researcher_coding_rubric_is_documented,10295909,605,1030,425,41,0.587612,0,GDP parsed from comma-formatted text to numeric.
Portugal,PRT,1998,party,2011,2013.0,2014.0,,0,0,0,-15,-16,0.599,,,17671.31,51.9,0,0,1,1,0,0,0,1,0,0,0,10120000,2019,0,0,1.0,0.0,1,1,1,0,1.89,2.11,retained_legacy_not_independently_reimported,2019,0,excluded_until_researcher_coding_rubric_is_documented,10295909,605,1030,425,41,0.587612,0,GDP parsed from comma-formatted text to numeric.
Portugal,PRT,1999,party,2011,2013.0,2014.0,,0,0,0,-14,-15,0.629,,,18258.09,52.3,0,0,1,1,0,0,0,0,0,0,0,10164000,2019,0,0,1.0,0.0,1,1,1,0,,,retained_legacy_not_independently_reimported,2019,0,excluded_until_researcher_coding_rubric_is_documented,10295909,605,1030,425,41,0.587612,0,GDP parsed from comma-formatted text to numeric.
Portugal,PRT,2000,party,2011,2013.0,2014.0,,0,0,0,-13,-14,0.674,,,18822.09,52.7,0,0,1,1,1,0,0,1,1,0,0,10226000,2019,0,0,1.0,0.0,1,1,1,0,1.65,2.04,retained_legacy_not_independently_reimported,2019,0,excluded_until_researcher_coding_rubric_is_documented,10295909,605,1030,425,41,0.587612,0,GDP parsed from comma-formatted text to numeric.
Portugal,PRT,2001,party,2011,2013.0,2014.0,,0,0,0,-12,-13,0.468,,,19053.09,53.5,0,0,1,1,1,0,0,0,0,0,0,10290000,2019,0,0,1.0,0.0,1,1,1,0,,,retained_legacy_not_independently_reimported,2019,0,excluded_until_researcher_coding_rubric_is_documented,10295909,605,1030,425,41,0.587612,0,GDP parsed from comma-formatted text to numeric.
Portugal,PRT,2002,party,2011,2013.0,2014.0,,0,0,0,-11,-12,0.692,,,19095.11,54.1,0,0,1,1,1,0,0,1,1,0,0,10329000,2019,0,0,1.0,0.0,1,1,1,0,1.96,2.22,retained_legacy_not_independently_reimported,2019,0,excluded_until_researcher_coding_rubric_is_documented,10295909,605,1030,425,41,0.587612,0,GDP parsed from comma-formatted text to numeric.
Portugal,PRT,2003,party,2011,2013.0,2014.0,,0,0,0,-10,-11,0.615,18.806,3.75,18846.54,54.8,0,0,1,1,1,0,0,1,1,0,0,10475000,2019,0,0,1.0,0.0,1,1,1,0,1.88,2.17,retained_legacy_not_independently_reimported,2019,0,excluded_until_researcher_coding_rubric_is_documented,10295909,605,1030,425,41,0.587612,0,GDP parsed from comma-formatted text to numeric.
Portugal,PRT,2004,party,2011,2013.0,2014.0,,0,0,0,-9,-10,0.723,16.229,3.225,19137.84,54.3,0,0,1,1,1,0,0,1,1,0,0,10501000,2019,0,0,1.0,0.0,1,1,1,0,1.78,2.1,retained_legacy_not_independently_reimported,2019,0,excluded_until_researcher_coding_rubric_is_documented,10295909,605,1030,425,41,0.587612,0,GDP parsed from comma-formatted text to numeric.
Portugal,PRT,2005,party,2011,2013.0,2014.0,,0,0,0,-8,-9,0.603,15.415,3.475,19251.71,55.3,0,0,1,1,1,1,1,1,1,1,1,10503000,2019,0,0,1.0,0.0,1,1,1,0,1.79,2.08,retained_legacy_not_independently_reimported,2019,0,excluded_until_researcher_coding_rubric_is_documented,10295909,605,1030,425,41,0.587612,0,GDP parsed from comma-formatted text to numeric.
Portugal,PRT,2006,party,2011,2013.0,2014.0,,0,0,0,-7,-8,0.774,16.429,3.24,19529.31,55.5,0,0,1,1,1,1,1,1,1,1,1,10541000,2019,0,0,1.0,0.0,1,1,1,0,1.47,1.66,retained_legacy_not_independently_reimported,2019,0,excluded_until_researcher_coding_rubric_is_documented,10295909,605,1030,425,41,0.587612,0,GDP parsed from comma-formatted text to numeric.
Portugal,PRT,2007,party,2011,2013.0,2014.0,,0,0,0,-6,-7,0.943,17.162,2.892,19979.57,55.9,0,0,1,1,1,1,1,1,1,1,1,10563000,2019,0,0,1.0,0.0,1,1,1,0,1.52,1.71,retained_legacy_not_independently_reimported,2019,0,excluded_until_researcher_coding_rubric_is_documented,10295909,605,1030,425,41,0.587612,0,GDP parsed from comma-formatted text to numeric.
Portugal,PRT,2008,party,2011,2013.0,2014.0,,0,0,0,-5,-6,0.656,21.308,2.972,20014.47,55.8,0,0,1,1,1,1,1,1,1,1,1,10558000,2019,0,0,1.0,0.0,1,1,1,0,1.83,1.72,retained_legacy_not_independently_reimported,2019,0,excluded_until_researcher_coding_rubric_is_documented,10295909,605,1030,425,41,0.587612,0,GDP parsed from comma-formatted text to numeric.
Portugal,PRT,2009,party,2011,2013.0,2014.0,,0,0,0,-4,-5,0.687,24.167,3.565,19371.13,55.6,0,0,1,1,1,1,1,1,1,1,1,10568000,2019,0,0,1.0,1.0,1,1,1,0,1.96,1.8,retained_legacy_not_independently_reimported,2019,0,excluded_until_researcher_coding_rubric_is_documented,10295909,605,1030,425,41,0.587612,0,GDP parsed from comma-formatted text to numeric.
Portugal,PRT,2010,party,2011,2013.0,2014.0,,0,0,0,-3,-4,0.755,20.229,4.008,19698.68,55.8,0,0,1,1,1,1,1,1,1,1,1,10573000,2019,0,0,1.0,1.0,1,1,1,0,1.67,1.74,retained_legacy_not_independently_reimported,2019,0,excluded_until_researcher_coding_rubric_is_documented,10295909,605,1030,425,41,0.587612,0,GDP parsed from comma-formatted text to numeric.
Portugal,PRT,2011,party,2011,2013.0,2014.0,,0,0,0,-2,-3,0.71,19.807,3.543,19389.64,54.6,0,0,1,1,1,1,1,1,1,1,1,10557000,2019,0,0,1.0,1.0,1,1,1,0,1.57,1.69,retained_legacy_not_independently_reimported,2019,0,excluded_until_researcher_coding_rubric_is_documented,10295909,605,1030,425,41,0.587612,0,GDP parsed from comma-formatted text to numeric.
Portugal,PRT,2012,party,2011,2013.0,2014.0,,0,0,0,-1,-2,0.752,19.3,3.567,18679.76,54.7,0,0,1,1,1,1,1,1,1,1,1,10514000,2019,0,0,1.0,1.0,1,1,1,0,1.7,1.76,retained_legacy_not_independently_reimported,2019,0,excluded_until_researcher_coding_rubric_is_documented,10295909,605,1030,425,41,0.587612,0,GDP parsed from comma-formatted text to numeric.
Portugal,PRT,2013,party,2011,2013.0,2014.0,,1,0,0,0,-1,0.948,20.424,3.299,18597.72,54.2,0,0,1,1,1,1,1,1,1,1,1,10458000,2019,0,0,1.0,1.0,1,1,1,0,2.03,1.77,retained_legacy_not_independently_reimported,2019,0,excluded_until_researcher_coding_rubric_is_documented,10295909,605,1030,425,41,0.587612,0,GDP parsed from comma-formatted text to numeric.
Portugal,PRT,2014,party,2011,2013.0,2014.0,,1,1,1,1,0,0.881,22.4,3.594,18836.9,53.8,0,0,1,1,1,1,1,1,1,1,1,10401000,2019,0,0,1.0,1.0,1,1,1,0,1.67,1.9,retained_legacy_not_independently_reimported,2019,0,excluded_until_researcher_coding_rubric_is_documented,10295909,605,1030,425,41,0.587612,0,GDP parsed from comma-formatted text to numeric.
Portugal,PRT,2015,party,2011,2013.0,2014.0,,1,1,1,2,1,0.583,23.577,3.616,19215.78,53.7,0,0,1,1,1,1,1,1,1,1,1,10358000,2019,0,0,1.0,1.0,1,1,1,0,1.98,1.88,retained_legacy_not_independently_reimported,2019,0,excluded_until_researcher_coding_rubric_is_documented,10295909,605,1030,425,41,0.587612,0,GDP parsed from comma-formatted text to numeric.
Portugal,PRT,2016,party,2011,2013.0,2014.0,,1,1,1,3,2,0.336,23.902,3.238,19662.82,53.5,0,0,1,1,1,1,1,1,1,1,1,10325000,2019,0,0,1.0,1.0,1,1,1,0,1.96,1.78,retained_legacy_not_independently_reimported,2019,0,excluded_until_researcher_coding_rubric_is_documented,10295909,605,1030,425,41,0.587612,0,GDP parsed from comma-formatted text to numeric.
Portugal,PRT,2017,party,2011,2013.0,2014.0,,1,1,1,4,3,0.441,24.567,3.949,20364.2,54.0,0,0,1,1,1,1,1,1,1,1,1,10310000,2019,0,0,1.0,1.0,1,1,1,0,2.21,1.88,retained_legacy_not_independently_reimported,2019,0,excluded_until_researcher_coding_rubric_is_documented,10295909,605,1030,425,41,0.587612,0,GDP parsed from comma-formatted text to numeric.
Portugal,PRT,2018,party,2011,2013.0,2014.0,,1,1,1,5,4,0.504,23.854,4.077,20997.77,54.3,0,0,1,1,1,1,1,1,1,1,1,10278000,2019,0,0,1.0,1.0,1,1,1,0,2.02,1.89,retained_legacy_not_independently_reimported,2019,0,excluded_until_researcher_coding_rubric_is_documented,10295909,605,1030,425,41,0.587612,0,GDP parsed from comma-formatted text to numeric.
Portugal,PRT,2019,party,2011,2013.0,2014.0,,1,1,1,6,5,0.604,26.114,4.167,21569.19,54.5,0,0,1,1,1,1,1,1,1,1,1,10277000,2019,1,1,1.0,1.0,1,1,1,0,1.94,1.89,retained_legacy_not_independently_reimported,2019,1,excluded_until_researcher_coding_rubric_is_documented,10295909,605,1030,425,41,0.587612,0,GDP parsed from comma-formatted text to numeric.
Portugal,PRT,2020,party,2011,2013.0,2014.0,,1,1,1,7,6,0.619,23.47,3.037,19778.71,53.2,0,0,1,1,1,1,1,1,1,1,1,10300000,2019,1,1,1.0,1.0,1,1,1,0,1.68,1.97,retained_legacy_not_independently_reimported,2019,1,excluded_until_researcher_coding_rubric_is_documented,10295909,605,1030,425,41,0.587612,0,GDP parsed from comma-formatted text to numeric.
Portugal,PRT,2021,party,2011,2013.0,2014.0,,1,1,1,8,7,0.459,26.167,3.821,20747.7,52.9,0,0,1,1,1,1,1,1,1,1,1,10344000,2019,1,1,1.0,1.0,1,1,1,0,1.63,1.89,retained_legacy_not_independently_reimported,2019,1,excluded_until_researcher_coding_rubric_is_documented,10295909,605,1030,425,41,0.587612,0,GDP parsed from comma-formatted text to numeric.
Portugal,PRT,2022,party,2011,2013.0,2014.0,,1,1,1,9,8,0.44,29.029,4.982,22042.87,53.8,0,0,1,1,1,1,1,1,1,1,1,10343000,2019,1,1,1.0,1.0,1,1,1,0,1.4,1.56,retained_legacy_not_independently_reimported,2019,1,excluded_until_researcher_coding_rubric_is_documented,10295909,605,1030,425,41,0.587612,0,GDP parsed from comma-formatted text to numeric.
Portugal,PRT,2023,party,2011,2013.0,2014.0,,1,1,1,10,9,,30.851,4.736,22417.16,54.7,0,0,1,1,0,1,1,0,0,0,0,10480000,2019,1,0,1.0,1.0,1,1,1,0,,,excluded_legacy_flagged_for_manual_review,2019,1,excluded_until_researcher_coding_rubric_is_documented,10295909,605,1030,425,41,0.587612,0,GDP parsed from comma-formatted text to numeric. | WGI legacy value excluded because source file flagged this country-year for manual review. | UNODC outcome values preserved from source dataset; not silently imputed or replaced.
Romania,ROU,1990,party,2014,2016.0,2016.0,,0,0,0,-26,-26,1.644,,,5019.44,41.4,0,0,1,1,0,0,0,0,0,0,0,22810000,2022,0,0,0.0,0.0,1,1,1,0,,,retained_legacy_not_independently_reimported,2022,0,excluded_until_researcher_coding_rubric_is_documented,19328838,796,1933,1137,59,0.41182,0,GDP parsed from comma-formatted text to numeric. | GREVIO baseline publication year corrected to 2022 from official CoE page.
Romania,ROU,1991,party,2014,2016.0,2016.0,,0,0,0,-25,-25,1.562,,,4409.15,41.6,0,0,1,1,0,0,0,0,0,0,0,22755000,2022,0,0,0.0,0.0,1,1,1,0,,,retained_legacy_not_independently_reimported,2022,0,excluded_until_researcher_coding_rubric_is_documented,19328838,796,1933,1137,59,0.41182,0,GDP parsed from comma-formatted text to numeric. | GREVIO baseline publication year corrected to 2022 from official CoE page.
Romania,ROU,1992,party,2014,2016.0,2016.0,,0,0,0,-24,-24,1.81,,,4059.1,41.9,0,0,1,1,0,0,0,0,0,0,0,22788000,2022,0,0,0.0,0.0,1,1,1,0,,,retained_legacy_not_independently_reimported,2022,0,excluded_until_researcher_coding_rubric_is_documented,19328838,796,1933,1137,59,0.41182,0,GDP parsed from comma-formatted text to numeric. | GREVIO baseline publication year corrected to 2022 from official CoE page.
Romania,ROU,1993,party,2014,2016.0,2016.0,,0,0,0,-23,-23,1.701,,,4126.77,42.0,0,0,1,1,0,0,0,0,0,0,0,22764000,2022,0,0,0.0,0.0,1,1,1,0,,,retained_legacy_not_independently_reimported,2022,0,excluded_until_researcher_coding_rubric_is_documented,19328838,796,1933,1137,59,0.41182,0,GDP parsed from comma-formatted text to numeric. | GREVIO baseline publication year corrected to 2022 from official CoE page.
Romania,ROU,1994,party,2014,2016.0,2016.0,,0,0,0,-22,-22,1.894,,,4295.27,41.9,0,0,1,1,0,0,0,0,0,0,0,22736000,2022,0,0,0.0,0.0,1,1,1,0,,,retained_legacy_not_independently_reimported,2022,0,excluded_until_researcher_coding_rubric_is_documented,19328838,796,1933,1137,59,0.41182,0,GDP parsed from comma-formatted text to numeric. | GREVIO baseline publication year corrected to 2022 from official CoE page.
Romania,ROU,1995,party,2014,2016.0,2016.0,,0,0,0,-21,-21,1.789,,,4572.26,41.6,0,0,1,1,0,0,0,0,0,0,0,22681000,2022,0,0,0.0,0.0,1,1,1,0,,,retained_legacy_not_independently_reimported,2022,0,excluded_until_researcher_coding_rubric_is_documented,19328838,796,1933,1137,59,0.41182,0,GDP parsed from comma-formatted text to numeric. | GREVIO baseline publication year corrected to 2022 from official CoE page.
Romania,ROU,1996,party,2014,2016.0,2016.0,,0,0,0,-20,-20,1.884,,,4764.64,41.6,0,0,1,1,0,0,0,1,0,0,0,22608000,2022,0,0,0.0,0.0,1,1,1,0,-0.49,-0.04,retained_legacy_not_independently_reimported,2022,0,excluded_until_researcher_coding_rubric_is_documented,19328838,796,1933,1137,59,0.41182,0,GDP parsed from comma-formatted text to numeric. | GREVIO baseline publication year corrected to 2022 from official CoE page.
Romania,ROU,1997,party,2014,2016.0,2016.0,,0,0,0,-19,-19,1.907,,,4546.67,41.9,0,0,1,1,0,0,0,0,0,0,0,22543000,2022,0,0,0.0,0.0,1,1,1,0,,,retained_legacy_not_independently_reimported,2022,0,excluded_until_researcher_coding_rubric_is_documented,19328838,796,1933,1137,59,0.41182,0,GDP parsed from comma-formatted text to numeric. | GREVIO baseline publication year corrected to 2022 from official CoE page.
Romania,ROU,1998,party,2014,2016.0,2016.0,,0,0,0,-18,-18,1.429,,,4463.61,42.1,0,0,1,1,0,0,0,1,0,0,0,22503000,2022,0,0,0.0,0.0,1,1,1,0,-0.9,-0.19,retained_legacy_not_independently_reimported,2022,0,excluded_until_researcher_coding_rubric_is_documented,19328838,796,1933,1137,59,0.41182,0,GDP parsed from comma-formatted text to numeric. | GREVIO baseline publication year corrected to 2022 from official CoE page.
Romania,ROU,1999,party,2014,2016.0,2016.0,,0,0,0,-17,-17,1.415,,,4453.78,42.3,0,0,1,1,0,0,0,0,0,0,0,22458000,2022,0,0,0.0,0.0,1,1,1,0,,,retained_legacy_not_independently_reimported,2022,0,excluded_until_researcher_coding_rubric_is_documented,19328838,796,1933,1137,59,0.41182,0,GDP parsed from comma-formatted text to numeric. | GREVIO baseline publication year corrected to 2022 from official CoE page.
Romania,ROU,2000,party,2014,2016.0,2016.0,,0,0,0,-16,-16,1.222,,,4569.31,42.4,0,0,1,1,1,0,0,1,1,0,0,21606000,2022,0,0,0.0,0.0,1,1,1,0,-0.45,-0.31,retained_legacy_not_independently_reimported,2022,0,excluded_until_researcher_coding_rubric_is_documented,19328838,796,1933,1137,59,0.41182,0,GDP parsed from comma-formatted text to numeric. | GREVIO baseline publication year corrected to 2022 from official CoE page.
Romania,ROU,2001,party,2014,2016.0,2016.0,,0,0,0,-15,-15,1.552,,,4875.3,42.2,0,0,1,1,1,0,0,0,0,0,0,21560000,2022,0,0,0.0,0.0,1,1,1,0,,,retained_legacy_not_independently_reimported,2022,0,excluded_until_researcher_coding_rubric_is_documented,19328838,796,1933,1137,59,0.41182,0,GDP parsed from comma-formatted text to numeric. | GREVIO baseline publication year corrected to 2022 from official CoE page.
Romania,ROU,2002,party,2014,2016.0,2016.0,,0,0,0,-14,-14,2.145,,,5248.55,42.1,0,0,1,1,1,0,0,1,1,0,0,21534000,2022,0,0,0.0,0.0,1,1,1,0,-0.33,-0.45,retained_legacy_not_independently_reimported,2022,0,excluded_until_researcher_coding_rubric_is_documented,19328838,796,1933,1137,59,0.41182,0,GDP parsed from comma-formatted text to numeric. | GREVIO baseline publication year corrected to 2022 from official CoE page.
Romania,ROU,2003,party,2014,2016.0,2016.0,,0,0,0,-13,-13,2.119,,4.552,5410.31,42.1,0,0,1,1,1,0,0,1,1,0,0,21508000,2022,0,0,0.0,0.0,1,1,1,0,-0.48,-0.36,retained_legacy_not_independently_reimported,2022,0,excluded_until_researcher_coding_rubric_is_documented,19328838,796,1933,1137,59,0.41182,0,GDP parsed from comma-formatted text to numeric. | GREVIO baseline publication year corrected to 2022 from official CoE page.
Romania,ROU,2004,party,2014,2016.0,2016.0,,0,0,0,-12,-12,1.384,,4.453,6008.64,42.1,0,0,1,1,1,0,0,1,1,0,0,21483000,2022,0,0,1.0,0.0,1,1,1,0,-0.3,-0.32,retained_legacy_not_independently_reimported,2022,0,excluded_until_researcher_coding_rubric_is_documented,19328838,796,1933,1137,59,0.41182,0,GDP parsed from comma-formatted text to numeric. | GREVIO baseline publication year corrected to 2022 from official CoE page.
Romania,ROU,2005,party,2014,2016.0,2016.0,,0,0,0,-11,-11,1.416,,4.775,6328.09,42.1,0,0,1,1,1,0,1,1,1,0,1,21366000,2022,0,0,1.0,0.0,1,1,1,0,-0.49,-0.26,retained_legacy_not_independently_reimported,2022,0,excluded_until_researcher_coding_rubric_is_documented,19328838,796,1933,1137,59,0.41182,0,GDP parsed from comma-formatted text to numeric. | GREVIO baseline publication year corrected to 2022 from official CoE page.
Romania,ROU,2006,party,2014,2016.0,2016.0,,0,0,0,-10,-10,1.008,,5.305,6876.78,42.2,0,0,1,1,1,0,1,1,1,0,1,21334000,2022,0,0,1.0,0.0,1,1,1,0,-0.32,-0.23,retained_legacy_not_independently_reimported,2022,0,excluded_until_researcher_coding_rubric_is_documented,19328838,796,1933,1137,59,0.41182,0,GDP parsed from comma-formatted text to numeric. | GREVIO baseline publication year corrected to 2022 from official CoE page.
Romania,ROU,2007,party,2014,2016.0,2016.0,,0,0,0,-9,-9,1.136,7.499,5.021,7483.97,42.4,0,0,1,1,1,1,1,1,1,1,1,20376000,2022,0,0,1.0,0.0,1,1,1,0,-0.6,-0.18,retained_legacy_not_independently_reimported,2022,0,excluded_until_researcher_coding_rubric_is_documented,19328838,796,1933,1137,59,0.41182,0,GDP parsed from comma-formatted text to numeric. | GREVIO baseline publication year corrected to 2022 from official CoE page.
Romania,ROU,2008,party,2014,2016.0,2016.0,,0,0,0,-8,-8,0.94,7.558,4.904,8318,42.9,0,0,1,1,1,1,1,1,1,1,1,20317000,2022,0,0,1.0,0.0,1,1,1,0,-0.61,-0.03,retained_legacy_not_independently_reimported,2022,0,excluded_until_researcher_coding_rubric_is_documented,19328838,796,1933,1137,59,0.41182,0,GDP parsed from comma-formatted text to numeric. | GREVIO baseline publication year corrected to 2022 from official CoE page.
Romania,ROU,2009,party,2014,2016.0,2016.0,,0,0,0,-7,-7,0.825,7.8,4.894,7924.87,38.9,0,0,1,1,1,1,1,1,1,1,1,20295000,2022,0,0,1.0,0.0,1,1,1,0,-0.62,0.09,retained_legacy_not_independently_reimported,2022,0,excluded_until_researcher_coding_rubric_is_documented,19328838,796,1933,1137,59,0.41182,0,GDP parsed from comma-formatted text to numeric. | GREVIO baseline publication year corrected to 2022 from official CoE page.
Romania,ROU,2010,party,2014,2016.0,2016.0,,0,0,0,-6,-6,0.85,7.273,4.39,7660.71,41.9,0,0,1,1,1,1,1,1,1,1,1,20246000,2022,0,0,1.0,0.0,1,1,1,0,-0.19,0.18,retained_legacy_not_independently_reimported,2022,0,excluded_until_researcher_coding_rubric_is_documented,19328838,796,1933,1137,59,0.41182,0,GDP parsed from comma-formatted text to numeric. | GREVIO baseline publication year corrected to 2022 from official CoE page.
Romania,ROU,2011,party,2014,2016.0,2016.0,,0,0,0,-5,-5,0.657,6.533,3.846,8044.57,41.9,0,0,1,1,1,1,1,1,1,1,1,19043000,2022,0,0,1.0,0.0,1,1,1,0,-0.33,0.18,retained_legacy_not_independently_reimported,2022,0,excluded_until_researcher_coding_rubric_is_documented,19328838,796,1933,1137,59,0.41182,0,GDP parsed from comma-formatted text to numeric. | GREVIO baseline publication year corrected to 2022 from official CoE page.
Romania,ROU,2012,party,2014,2016.0,2016.0,,0,0,0,-4,-4,0.796,7.644,4.44,8234.29,41.8,0,0,1,1,1,1,1,1,1,1,1,19864000,2022,0,0,1.0,0.0,1,1,1,0,-0.29,0.16,retained_legacy_not_independently_reimported,2022,0,excluded_until_researcher_coding_rubric_is_documented,19328838,796,1933,1137,59,0.41182,0,GDP parsed from comma-formatted text to numeric. | GREVIO baseline publication year corrected to 2022 from official CoE page.
Romania,ROU,2013,party,2014,2016.0,2016.0,,0,0,0,-3,-3,0.559,8.653,4.875,8287.96,41.7,0,0,1,1,1,1,1,1,1,1,1,19870000,2022,0,0,1.0,0.0,1,1,1,0,0.23,0.32,retained_legacy_not_independently_reimported,2022,0,excluded_until_researcher_coding_rubric_is_documented,19328838,796,1933,1137,59,0.41182,0,GDP parsed from comma-formatted text to numeric. | GREVIO baseline publication year corrected to 2022 from official CoE page.
Romania,ROU,2014,party,2014,2016.0,2016.0,,0,0,0,-2,-2,1.037,7.592,4.382,8661.47,42.0,0,0,1,1,1,1,1,1,1,1,1,19878000,2022,0,0,1.0,0.0,1,1,1,0,0.38,0.41,retained_legacy_not_independently_reimported,2022,0,excluded_until_researcher_coding_rubric_is_documented,19328838,796,1933,1137,59,0.41182,0,GDP parsed from comma-formatted text to numeric. | GREVIO baseline publication year corrected to 2022 from official CoE page.
Romania,ROU,2015,party,2014,2016.0,2016.0,,0,0,0,-1,-1,0.925,8.756,5.113,8977.02,42.5,0,0,1,1,1,1,1,1,1,1,1,19870000,2022,0,0,1.0,0.0,1,1,1,0,0.18,0.35,retained_legacy_not_independently_reimported,2022,0,excluded_until_researcher_coding_rubric_is_documented,19328838,796,1933,1137,59,0.41182,0,GDP parsed from comma-formatted text to numeric. | GREVIO baseline publication year corrected to 2022 from official CoE page.
Romania,ROU,2016,party,2014,2016.0,2016.0,,1,1,1,0,0,0.891,9.046,4.753,9286.88,42.1,0,0,1,1,1,1,1,1,1,1,1,19760000,2022,0,0,1.0,0.0,1,1,1,0,-0.11,0.78,retained_legacy_not_independently_reimported,2022,0,excluded_until_researcher_coding_rubric_is_documented,19328838,796,1933,1137,59,0.41182,0,GDP parsed from comma-formatted text to numeric. | GREVIO baseline publication year corrected to 2022 from official CoE page.
Romania,ROU,2017,party,2014,2016.0,2016.0,,1,1,1,1,1,0.876,7.761,7.034,10106.23,43.2,0,0,1,1,1,1,1,1,1,1,1,19645000,2022,0,0,1.0,0.0,1,1,1,0,-0.14,0.75,retained_legacy_not_independently_reimported,2022,0,excluded_until_researcher_coding_rubric_is_documented,19328838,796,1933,1137,59,0.41182,0,GDP parsed from comma-formatted text to numeric. | GREVIO baseline publication year corrected to 2022 from official CoE page.
Romania,ROU,2018,party,2014,2016.0,2016.0,,1,1,1,2,2,0.811,8.935,7.465,10714.17,42.9,0,0,1,1,1,1,1,1,1,1,1,19524000,2022,0,0,1.0,0.0,1,1,1,0,-0.29,0.63,retained_legacy_not_independently_reimported,2022,0,excluded_until_researcher_coding_rubric_is_documented,19328838,796,1933,1137,59,0.41182,0,GDP parsed from comma-formatted text to numeric. | GREVIO baseline publication year corrected to 2022 from official CoE page.
Romania,ROU,2019,party,2014,2016.0,2016.0,,1,1,1,3,3,0.706,9.804,8.004,11197.32,43.0,0,0,1,1,1,1,1,1,1,1,1,19402000,2022,0,0,1.0,0.0,1,1,1,0,-0.36,0.71,retained_legacy_not_independently_reimported,2022,0,excluded_until_researcher_coding_rubric_is_documented,19328838,796,1933,1137,59,0.41182,0,GDP parsed from comma-formatted text to numeric. | GREVIO baseline publication year corrected to 2022 from official CoE page.
Romania,ROU,2020,party,2014,2016.0,2016.0,,1,1,1,4,4,0.96,9.87,8.225,10854.05,42.7,0,0,1,1,1,1,1,1,1,1,1,19238000,2022,0,0,1.0,0.0,1,1,1,0,-0.48,0.63,retained_legacy_not_independently_reimported,2022,0,excluded_until_researcher_coding_rubric_is_documented,19328838,796,1933,1137,59,0.41182,0,GDP parsed from comma-formatted text to numeric. | GREVIO baseline publication year corrected to 2022 from official CoE page.
Romania,ROU,2021,party,2014,2016.0,2016.0,,1,1,1,5,5,0.766,12.183,10.131,11546.32,42.8,0,0,1,1,1,1,1,1,1,1,1,19053000,2022,0,0,1.0,0.0,1,1,1,0,-0.27,0.66,retained_legacy_not_independently_reimported,2022,0,excluded_until_researcher_coding_rubric_is_documented,19328838,796,1933,1137,59,0.41182,0,GDP parsed from comma-formatted text to numeric. | GREVIO baseline publication year corrected to 2022 from official CoE page.
Romania,ROU,2022,party,2014,2016.0,2016.0,,1,1,1,6,6,0.86,14.056,11.708,12076.3,43.2,0,0,1,1,1,1,1,1,1,1,1,19005000,2022,1,1,1.0,0.0,1,1,1,0,0,0.57,retained_legacy_not_independently_reimported,2022,1,excluded_until_researcher_coding_rubric_is_documented,19328838,796,1933,1137,59,0.41182,0,GDP parsed from comma-formatted text to numeric. | GREVIO baseline publication year corrected to 2022 from official CoE page.
Romania,ROU,2023,party,2014,2016.0,2016.0,,1,1,1,7,7,0.538,16.827,13.913,12340.82,42.2,0,0,1,1,1,1,1,1,1,1,1,19015000,2022,1,1,1.0,0.0,1,1,1,0,-0.06,0.31,retained_legacy_not_independently_reimported,2022,1,excluded_until_researcher_coding_rubric_is_documented,19328838,796,1933,1137,59,0.41182,0,GDP parsed from comma-formatted text to numeric. | GREVIO baseline publication year corrected to 2022 from official CoE page. | UNODC outcome values preserved from source dataset; not silently imputed or replaced.
San Marino,SMR,1990,party,2014,2016.0,2016.0,,0,0,0,-26,-26,,,,,,0,1,1,0,0,0,0,0,0,0,0,23000,2021,0,0,0.0,0.0,0,0,1,0,,,retained_legacy_not_independently_reimported,2021,0,excluded_until_researcher_coding_rubric_is_documented,,,,,,,,GREVIO baseline publication year corrected to 2021 from official CoE page.
San Marino,SMR,1991,party,2014,2016.0,2016.0,,0,0,0,-25,-25,,,,,,0,1,1,0,0,0,0,0,0,0,0,23000,2021,0,0,0.0,0.0,0,0,1,0,,,retained_legacy_not_independently_reimported,2021,0,excluded_until_researcher_coding_rubric_is_documented,,,,,,,,GREVIO baseline publication year corrected to 2021 from official CoE page.
San Marino,SMR,1992,party,2014,2016.0,2016.0,,0,0,0,-24,-24,,,,,,0,1,1,0,0,0,0,0,0,0,0,24000,2021,0,0,0.0,0.0,0,0,1,0,,,retained_legacy_not_independently_reimported,2021,0,excluded_until_researcher_coding_rubric_is_documented,,,,,,,,GREVIO baseline publication year corrected to 2021 from official CoE page.
San Marino,SMR,1993,party,2014,2016.0,2016.0,,0,0,0,-23,-23,,,,,,0,1,1,0,0,0,0,0,0,0,0,25000,2021,0,0,0.0,0.0,0,0,1,0,,,retained_legacy_not_independently_reimported,2021,0,excluded_until_researcher_coding_rubric_is_documented,,,,,,,,GREVIO baseline publication year corrected to 2021 from official CoE page.
San Marino,SMR,1994,party,2014,2016.0,2016.0,,0,0,0,-22,-22,,,,,,0,1,1,0,0,0,0,0,0,0,0,25000,2021,0,0,0.0,0.0,0,0,1,0,,,retained_legacy_not_independently_reimported,2021,0,excluded_until_researcher_coding_rubric_is_documented,,,,,,,,GREVIO baseline publication year corrected to 2021 from official CoE page.
San Marino,SMR,1995,party,2014,2016.0,2016.0,,0,0,0,-21,-21,0.0,,,,,0,1,1,0,0,0,0,0,0,0,0,26000,2021,0,0,0.0,0.0,0,0,1,0,,,retained_legacy_not_independently_reimported,2021,0,excluded_until_researcher_coding_rubric_is_documented,,,,,,,,GREVIO baseline publication year corrected to 2021 from official CoE page.
San Marino,SMR,1996,party,2014,2016.0,2016.0,,0,0,0,-20,-20,0.0,,,,,0,1,1,0,0,0,0,0,0,0,0,26000,2021,0,0,0.0,0.0,0,0,1,0,,1.38,retained_legacy_not_independently_reimported,2021,0,excluded_until_researcher_coding_rubric_is_documented,,,,,,,,GREVIO baseline publication year corrected to 2021 from official CoE page.
San Marino,SMR,1997,party,2014,2016.0,2016.0,,0,0,0,-19,-19,0.0,,,48409.55,,0,1,1,0,0,0,0,0,0,0,0,27000,2021,0,0,0.0,0.0,0,0,1,0,,,retained_legacy_not_independently_reimported,2021,0,excluded_until_researcher_coding_rubric_is_documented,,,,,,,,GDP parsed from comma-formatted text to numeric. | GREVIO baseline publication year corrected to 2021 from official CoE page.
San Marino,SMR,1998,party,2014,2016.0,2016.0,,0,0,0,-18,-18,0.0,,,51376.44,,0,1,1,0,0,0,0,0,0,0,0,27000,2021,0,0,0.0,0.0,0,0,1,0,,1.49,retained_legacy_not_independently_reimported,2021,0,excluded_until_researcher_coding_rubric_is_documented,,,,,,,,GDP parsed from comma-formatted text to numeric. | GREVIO baseline publication year corrected to 2021 from official CoE page.
San Marino,SMR,1999,party,2014,2016.0,2016.0,,0,0,0,-17,-17,0.0,,,55318.45,,0,1,1,0,0,0,0,0,0,0,0,27000,2021,0,0,0.0,0.0,0,0,1,0,,,retained_legacy_not_independently_reimported,2021,0,excluded_until_researcher_coding_rubric_is_documented,,,,,,,,GDP parsed from comma-formatted text to numeric. | GREVIO baseline publication year corrected to 2021 from official CoE page.
San Marino,SMR,2000,party,2014,2016.0,2016.0,,0,0,0,-16,-16,0.0,,,55806.92,,0,1,1,0,1,0,0,0,0,0,0,27000,2021,0,0,0.0,0.0,0,0,1,0,,1.43,retained_legacy_not_independently_reimported,2021,0,excluded_until_researcher_coding_rubric_is_documented,,,,,,,,GDP parsed from comma-formatted text to numeric. | GREVIO baseline publication year corrected to 2021 from official CoE page.
San Marino,SMR,2001,party,2014,2016.0,2016.0,,0,0,0,-15,-15,0.0,,,58173.29,,0,1,1,0,1,0,0,0,0,0,0,28000,2021,0,0,0.0,0.0,0,0,1,0,,,retained_legacy_not_independently_reimported,2021,0,excluded_until_researcher_coding_rubric_is_documented,,,,,,,,GDP parsed from comma-formatted text to numeric. | GREVIO baseline publication year corrected to 2021 from official CoE page.
San Marino,SMR,2002,party,2014,2016.0,2016.0,,0,0,0,-14,-14,7.03,,,57615.41,,0,1,1,0,1,0,0,0,0,0,0,28000,2021,0,0,0.0,0.0,0,0,1,0,,1.42,retained_legacy_not_independently_reimported,2021,0,excluded_until_researcher_coding_rubric_is_documented,,,,,,,,GDP parsed from comma-formatted text to numeric. | GREVIO baseline publication year corrected to 2021 from official CoE page.
San Marino,SMR,2003,party,2014,2016.0,2016.0,,0,0,0,-13,-13,0.0,,,59090.23,,0,1,1,0,1,0,0,0,0,0,0,28000,2021,0,0,0.0,0.0,0,0,1,0,,1.42,retained_legacy_not_independently_reimported,2021,0,excluded_until_researcher_coding_rubric_is_documented,,,,,,,,GDP parsed from comma-formatted text to numeric. | GREVIO baseline publication year corrected to 2021 from official CoE page.
San Marino,SMR,2004,party,2014,2016.0,2016.0,,0,0,0,-12,-12,0.0,,,58393.22,,0,1,1,0,1,0,0,0,0,0,0,29000,2021,0,0,0.0,0.0,0,0,1,0,,1.4,retained_legacy_not_independently_reimported,2021,0,excluded_until_researcher_coding_rubric_is_documented,,,,,,,,GDP parsed from comma-formatted text to numeric. | GREVIO baseline publication year corrected to 2021 from official CoE page.
San Marino,SMR,2005,party,2014,2016.0,2016.0,,0,0,0,-11,-11,0.0,,,59049.58,,0,1,1,0,1,0,0,0,0,0,0,30000,2021,0,0,0.0,0.0,0,0,1,0,,1.32,retained_legacy_not_independently_reimported,2021,0,excluded_until_researcher_coding_rubric_is_documented,,,,,,,,GDP parsed from comma-formatted text to numeric. | GREVIO baseline publication year corrected to 2021 from official CoE page.
San Marino,SMR,2006,party,2014,2016.0,2016.0,,0,0,0,-10,-10,0.0,,,60604.35,,0,1,1,0,1,0,0,0,0,0,0,30000,2021,0,0,0.0,0.0,0,0,1,0,,1.67,retained_legacy_not_independently_reimported,2021,0,excluded_until_researcher_coding_rubric_is_documented,,,,,,,,GDP parsed from comma-formatted text to numeric. | GREVIO baseline publication year corrected to 2021 from official CoE page.
San Marino,SMR,2007,party,2014,2016.0,2016.0,,0,0,0,-9,-9,0.0,,,62776.95,,0,1,1,0,1,0,0,0,0,0,0,31000,2021,0,0,0.0,0.0,0,0,1,0,,1.49,retained_legacy_not_independently_reimported,2021,0,excluded_until_researcher_coding_rubric_is_documented,,,,,,,,GDP parsed from comma-formatted text to numeric. | GREVIO baseline publication year corrected to 2021 from official CoE page.
San Marino,SMR,2008,party,2014,2016.0,2016.0,,0,0,0,-8,-8,0.0,,,61572.74,,0,1,1,0,1,0,0,0,0,0,0,32000,2021,0,0,0.0,0.0,0,0,1,0,,1.53,retained_legacy_not_independently_reimported,2021,0,excluded_until_researcher_coding_rubric_is_documented,,,,,,,,GDP parsed from comma-formatted text to numeric. | GREVIO baseline publication year corrected to 2021 from official CoE page.
San Marino,SMR,2009,party,2014,2016.0,2016.0,,0,0,0,-7,-7,0.0,,,52873.27,,0,1,1,0,1,0,0,0,0,0,0,32000,2021,0,0,1.0,0.0,0,0,1,0,,1.6,retained_legacy_not_independently_reimported,2021,0,excluded_until_researcher_coding_rubric_is_documented,,,,,,,,GDP parsed from comma-formatted text to numeric. | GREVIO baseline publication year corrected to 2021 from official CoE page.
San Marino,SMR,2010,party,2014,2016.0,2016.0,,0,0,0,-6,-6,0.0,,,49672.7,,0,1,1,0,1,0,0,0,0,0,0,32000,2021,0,0,1.0,0.0,0,0,1,0,,1.5,retained_legacy_not_independently_reimported,2021,0,excluded_until_researcher_coding_rubric_is_documented,,,,,,,,GDP parsed from comma-formatted text to numeric. | GREVIO baseline publication year corrected to 2021 from official CoE page.
San Marino,SMR,2011,party,2014,2016.0,2016.0,,0,0,0,-5,-5,0.0,,,46450.03,,0,1,1,0,1,0,0,0,0,0,0,32000,2021,0,0,1.0,0.0,0,0,1,0,,1.6,retained_legacy_not_independently_reimported,2021,0,excluded_until_researcher_coding_rubric_is_documented,,,,,,,,GDP parsed from comma-formatted text to numeric. | GREVIO baseline publication year corrected to 2021 from official CoE page.
San Marino,SMR,2012,party,2014,2016.0,2016.0,,0,0,0,-4,-4,,,,42082.56,,0,1,1,0,0,0,0,0,0,0,0,32000,2021,0,0,1.0,0.0,0,0,1,0,,1.58,retained_legacy_not_independently_reimported,2021,0,excluded_until_researcher_coding_rubric_is_documented,,,,,,,,GDP parsed from comma-formatted text to numeric. | GREVIO baseline publication year corrected to 2021 from official CoE page.
San Marino,SMR,2013,party,2014,2016.0,2016.0,,0,0,0,-3,-3,,,,42293.49,,0,1,1,0,0,0,0,0,0,0,0,33000,2021,0,0,1.0,0.0,0,0,1,0,,1.58,retained_legacy_not_independently_reimported,2021,0,excluded_until_researcher_coding_rubric_is_documented,,,,,,,,GDP parsed from comma-formatted text to numeric. | GREVIO baseline publication year corrected to 2021 from official CoE page.
San Marino,SMR,2014,party,2014,2016.0,2016.0,,0,0,0,-2,-2,,,,42492.85,,0,1,1,0,0,0,0,0,0,0,0,33000,2021,0,0,1.0,0.0,0,0,1,0,,,retained_legacy_not_independently_reimported,2021,0,excluded_until_researcher_coding_rubric_is_documented,,,,,,,,GDP parsed from comma-formatted text to numeric. | GREVIO baseline publication year corrected to 2021 from official CoE page.
San Marino,SMR,2015,party,2014,2016.0,2016.0,,0,0,0,-1,-1,,,,43146.82,,0,1,1,0,0,0,0,0,0,0,0,33000,2021,0,0,1.0,0.0,0,0,1,0,2.07,2.12,retained_legacy_not_independently_reimported,2021,0,excluded_until_researcher_coding_rubric_is_documented,,,,,,,,GDP parsed from comma-formatted text to numeric. | GREVIO baseline publication year corrected to 2021 from official CoE page.
San Marino,SMR,2016,party,2014,2016.0,2016.0,,1,1,1,0,0,,,,43886.21,,0,1,1,0,0,0,0,0,0,0,0,33000,2021,0,0,1.0,0.0,0,0,1,0,2.16,2.12,retained_legacy_not_independently_reimported,2021,0,excluded_until_researcher_coding_rubric_is_documented,,,,,,,,GDP parsed from comma-formatted text to numeric. | GREVIO baseline publication year corrected to 2021 from official CoE page.
San Marino,SMR,2017,party,2014,2016.0,2016.0,,1,1,1,1,1,,,,43057.78,,0,1,1,0,0,0,0,0,0,0,0,33000,2021,0,0,1.0,0.0,0,0,1,0,2.24,2.15,retained_legacy_not_independently_reimported,2021,0,excluded_until_researcher_coding_rubric_is_documented,,,,,,,,GDP parsed from comma-formatted text to numeric. | GREVIO baseline publication year corrected to 2021 from official CoE page.
San Marino,SMR,2018,party,2014,2016.0,2016.0,,1,1,1,2,2,,,,42818.7,,0,1,1,0,0,0,0,0,0,0,0,34000,2021,0,0,1.0,0.0,0,0,1,0,2.24,2.15,retained_legacy_not_independently_reimported,2021,0,excluded_until_researcher_coding_rubric_is_documented,,,,,,,,GDP parsed from comma-formatted text to numeric. | GREVIO baseline publication year corrected to 2021 from official CoE page.
San Marino,SMR,2019,party,2014,2016.0,2016.0,,1,1,1,3,3,,,,43525.42,,0,1,1,0,0,0,0,0,0,0,0,34000,2021,0,0,1.0,0.0,0,0,1,0,2.21,2.11,retained_legacy_not_independently_reimported,2021,0,excluded_until_researcher_coding_rubric_is_documented,,,,,,,,GDP parsed from comma-formatted text to numeric. | GREVIO baseline publication year corrected to 2021 from official CoE page.
San Marino,SMR,2020,party,2014,2016.0,2016.0,,1,1,1,4,4,,,,40506.85,,0,1,1,0,0,0,0,0,0,0,0,34000,2021,0,0,1.0,0.0,0,0,1,0,2.45,2.26,retained_legacy_not_independently_reimported,2021,0,excluded_until_researcher_coding_rubric_is_documented,,,,,,,,GDP parsed from comma-formatted text to numeric. | GREVIO baseline publication year corrected to 2021 from official CoE page.
San Marino,SMR,2021,party,2014,2016.0,2016.0,,1,1,1,5,5,,,,46834.14,,0,1,1,0,0,0,0,0,0,0,0,34000,2021,1,0,1.0,0.0,0,0,1,0,2.45,2.3,retained_legacy_not_independently_reimported,2021,1,excluded_until_researcher_coding_rubric_is_documented,,,,,,,,GDP parsed from comma-formatted text to numeric. | GREVIO baseline publication year corrected to 2021 from official CoE page.
San Marino,SMR,2022,party,2014,2016.0,2016.0,,1,1,1,6,6,,,,51277.35,,0,1,1,0,0,0,0,0,0,0,0,34000,2021,1,0,1.0,0.0,0,0,1,0,2.48,2.45,retained_legacy_not_independently_reimported,2021,1,excluded_until_researcher_coding_rubric_is_documented,,,,,,,,GDP parsed from comma-formatted text to numeric. | GREVIO baseline publication year corrected to 2021 from official CoE page.
San Marino,SMR,2023,party,2014,2016.0,2016.0,,1,1,1,7,7,,,,51323.8,,0,1,1,0,0,0,0,0,0,0,0,34000,2021,1,0,1.0,0.0,0,0,1,0,,,excluded_legacy_flagged_for_manual_review,2021,1,excluded_until_researcher_coding_rubric_is_documented,,,,,,,,GDP parsed from comma-formatted text to numeric. | WGI legacy value excluded because source file flagged this country-year for manual review. | GREVIO baseline publication year corrected to 2021 from official CoE page. | UNODC outcome values preserved from source dataset; not silently imputed or replaced.
Serbia,SRB,1990,party,2012,2013.0,2014.0,,0,0,0,-23,-24,,,,,49.3,0,0,1,1,0,0,0,0,0,0,0,7775000,2020,0,0,0.0,0.0,1,1,1,0,,,retained_legacy_not_independently_reimported,2020,0,excluded_until_researcher_coding_rubric_is_documented,6926705,300,693,393,57,0.433106,0,GREVIO baseline publication year corrected to 2020 from official CoE page.
Serbia,SRB,1991,party,2012,2013.0,2014.0,,0,0,0,-22,-23,,,,,49.5,0,0,1,1,0,0,0,0,0,0,0,7659000,2020,0,0,0.0,0.0,1,1,1,0,,,retained_legacy_not_independently_reimported,2020,0,excluded_until_researcher_coding_rubric_is_documented,6926705,300,693,393,57,0.433106,0,GREVIO baseline publication year corrected to 2020 from official CoE page.
Serbia,SRB,1992,party,2012,2013.0,2014.0,,0,0,0,-21,-22,,,,,49.4,0,0,1,1,0,0,0,0,0,0,0,7567000,2020,0,0,0.0,0.0,1,1,1,0,,,retained_legacy_not_independently_reimported,2020,0,excluded_until_researcher_coding_rubric_is_documented,6926705,300,693,393,57,0.433106,0,GREVIO baseline publication year corrected to 2020 from official CoE page.
Serbia,SRB,1993,party,2012,2013.0,2014.0,,0,0,0,-20,-21,,,,,49.2,0,0,1,1,0,0,0,0,0,0,0,7584000,2020,0,0,0.0,0.0,1,1,1,0,,,retained_legacy_not_independently_reimported,2020,0,excluded_until_researcher_coding_rubric_is_documented,6926705,300,693,393,57,0.433106,0,GREVIO baseline publication year corrected to 2020 from official CoE page.
Serbia,SRB,1994,party,2012,2013.0,2014.0,,0,0,0,-19,-20,,,,,48.6,0,0,1,1,0,0,0,0,0,0,0,7600000,2020,0,0,0.0,0.0,1,1,1,0,,,retained_legacy_not_independently_reimported,2020,0,excluded_until_researcher_coding_rubric_is_documented,6926705,300,693,393,57,0.433106,0,GREVIO baseline publication year corrected to 2020 from official CoE page.
Serbia,SRB,1995,party,2012,2013.0,2014.0,,0,0,0,-18,-19,,,,3012.5,48.1,0,0,1,1,0,0,0,0,0,0,0,7600000,2020,0,0,0.0,0.0,1,1,1,0,,,retained_legacy_not_independently_reimported,2020,0,excluded_until_researcher_coding_rubric_is_documented,6926705,300,693,393,57,0.433106,0,GDP parsed from comma-formatted text to numeric. | GREVIO baseline publication year corrected to 2020 from official CoE page.
Serbia,SRB,1996,party,2012,2013.0,2014.0,,0,0,0,-17,-18,,,,3200.77,47.4,0,0,1,1,0,0,0,1,0,0,0,7607000,2020,0,0,0.0,0.0,1,1,1,0,-1.81,-2.15,retained_legacy_not_independently_reimported,2020,0,excluded_until_researcher_coding_rubric_is_documented,6926705,300,693,393,57,0.433106,0,GDP parsed from comma-formatted text to numeric. | GREVIO baseline publication year corrected to 2020 from official CoE page.
Serbia,SRB,1997,party,2012,2013.0,2014.0,,0,0,0,-16,-17,,,,3497.55,46.7,0,0,1,1,0,0,0,0,0,0,0,7612000,2020,0,0,0.0,0.0,1,1,1,0,,,retained_legacy_not_independently_reimported,2020,0,excluded_until_researcher_coding_rubric_is_documented,6926705,300,693,393,57,0.433106,0,GDP parsed from comma-formatted text to numeric. | GREVIO baseline publication year corrected to 2020 from official CoE page.
Serbia,SRB,1998,party,2012,2013.0,2014.0,,0,0,0,-15,-16,,,,3699.4,46.3,0,0,1,1,0,0,0,1,0,0,0,7617000,2020,0,0,0.0,0.0,1,1,1,0,-1.5,-2.15,retained_legacy_not_independently_reimported,2020,0,excluded_until_researcher_coding_rubric_is_documented,6926705,300,693,393,57,0.433106,0,GDP parsed from comma-formatted text to numeric. | GREVIO baseline publication year corrected to 2020 from official CoE page.
Serbia,SRB,1999,party,2012,2013.0,2014.0,,0,0,0,-14,-15,,,,3329.45,47.1,0,0,1,1,0,0,0,0,0,0,0,7498000,2020,0,0,0.0,0.0,1,1,1,0,,,retained_legacy_not_independently_reimported,2020,0,excluded_until_researcher_coding_rubric_is_documented,6926705,300,693,393,57,0.433106,0,GDP parsed from comma-formatted text to numeric. | GREVIO baseline publication year corrected to 2020 from official CoE page.
Serbia,SRB,2000,party,2012,2013.0,2014.0,,0,0,0,-13,-14,1.48,,,3542.35,46.7,0,0,1,1,1,0,0,1,1,0,0,7498000,2020,0,0,0.0,0.0,1,1,1,0,-1.42,-2.17,retained_legacy_not_independently_reimported,2020,0,excluded_until_researcher_coding_rubric_is_documented,6926705,300,693,393,57,0.433106,0,GDP parsed from comma-formatted text to numeric. | GREVIO baseline publication year corrected to 2020 from official CoE page.
Serbia,SRB,2001,party,2012,2013.0,2014.0,,0,0,0,-12,-13,1.883,,,3788.98,46.3,0,0,1,1,1,0,0,0,0,0,0,7499000,2020,0,0,0.0,0.0,1,1,1,0,,,retained_legacy_not_independently_reimported,2020,0,excluded_until_researcher_coding_rubric_is_documented,6926705,300,693,393,57,0.433106,0,GDP parsed from comma-formatted text to numeric. | GREVIO baseline publication year corrected to 2020 from official CoE page.
Serbia,SRB,2002,party,2012,2013.0,2014.0,,0,0,0,-11,-12,1.399,,,4038.65,46.0,0,0,1,1,1,0,0,1,1,0,0,7501000,2020,0,0,0.0,0.0,1,1,1,0,-0.94,-1.54,retained_legacy_not_independently_reimported,2020,0,excluded_until_researcher_coding_rubric_is_documented,6926705,300,693,393,57,0.433106,0,GDP parsed from comma-formatted text to numeric. | GREVIO baseline publication year corrected to 2020 from official CoE page.
Serbia,SRB,2003,party,2012,2013.0,2014.0,,0,0,0,-10,-11,1.683,,,4233.78,45.7,0,0,1,1,1,0,0,1,1,0,0,7503000,2020,0,0,0.0,0.0,1,1,1,0,-1.13,-1.54,retained_legacy_not_independently_reimported,2020,0,excluded_until_researcher_coding_rubric_is_documented,6926705,300,693,393,57,0.433106,0,GDP parsed from comma-formatted text to numeric. | GREVIO baseline publication year corrected to 2020 from official CoE page.
Serbia,SRB,2004,party,2012,2013.0,2014.0,,0,0,0,-9,-10,1.284,,,4527.43,45.3,0,0,1,1,1,0,0,1,1,0,0,7460000,2020,0,0,0.0,0.0,1,1,1,0,-0.43,-1.26,retained_legacy_not_independently_reimported,2020,0,excluded_until_researcher_coding_rubric_is_documented,6926705,300,693,393,57,0.433106,0,GDP parsed from comma-formatted text to numeric. | GREVIO baseline publication year corrected to 2020 from official CoE page.
Serbia,SRB,2005,party,2012,2013.0,2014.0,,0,0,0,-8,-9,1.135,7.057,1.181,4809.14,44.9,0,0,1,1,1,1,1,1,1,1,1,7440000,2020,0,0,0.0,0.0,1,1,1,0,-0.61,-1.61,retained_legacy_not_independently_reimported,2020,0,excluded_until_researcher_coding_rubric_is_documented,6926705,300,693,393,57,0.433106,0,GDP parsed from comma-formatted text to numeric. | GREVIO baseline publication year corrected to 2020 from official CoE page.
Serbia,SRB,2006,party,2012,2013.0,2014.0,,0,0,0,-7,-8,1.292,6.084,1.531,5016.41,44.6,0,0,1,1,1,1,1,1,1,1,1,7411000,2020,0,0,0.0,0.0,1,1,1,0,-0.41,-0.91,retained_legacy_not_independently_reimported,2020,0,excluded_until_researcher_coding_rubric_is_documented,6926705,300,693,393,57,0.433106,0,GDP parsed from comma-formatted text to numeric. | GREVIO baseline publication year corrected to 2020 from official CoE page.
Serbia,SRB,2007,party,2012,2013.0,2014.0,,0,0,0,-6,-7,1.4,5.599,1.403,5431.28,45.3,0,0,1,1,1,1,1,1,1,1,1,7365000,2020,0,0,1.0,0.0,1,1,1,0,-0.44,-0.79,retained_legacy_not_independently_reimported,2020,0,excluded_until_researcher_coding_rubric_is_documented,6926705,300,693,393,57,0.433106,0,GDP parsed from comma-formatted text to numeric. | GREVIO baseline publication year corrected to 2020 from official CoE page.
Serbia,SRB,2008,party,2012,2013.0,2014.0,,0,0,0,-5,-6,0.971,5.849,1.65,5735.95,44.7,0,0,1,1,1,1,1,1,1,1,1,7350000,2020,0,0,1.0,0.0,1,1,1,0,-0.43,-0.84,retained_legacy_not_independently_reimported,2020,0,excluded_until_researcher_coding_rubric_is_documented,6926705,300,693,393,57,0.433106,0,GDP parsed from comma-formatted text to numeric. | GREVIO baseline publication year corrected to 2020 from official CoE page.
Serbia,SRB,2009,party,2012,2013.0,2014.0,,0,0,0,-4,-5,0.976,6.128,1.495,5578.01,43.1,0,0,1,1,1,1,1,1,1,1,1,7321000,2020,0,0,1.0,0.0,1,1,1,0,-0.12,-0.81,retained_legacy_not_independently_reimported,2020,0,excluded_until_researcher_coding_rubric_is_documented,6926705,300,693,393,57,0.433106,0,GDP parsed from comma-formatted text to numeric. | GREVIO baseline publication year corrected to 2020 from official CoE page.
Serbia,SRB,2010,party,2012,2013.0,2014.0,,0,0,0,-3,-4,1.109,6.666,0.974,5690.7,41.8,0,0,1,1,1,1,1,1,1,1,1,7291000,2020,0,0,1.0,0.0,1,1,1,0,-0.13,-0.73,retained_legacy_not_independently_reimported,2020,0,excluded_until_researcher_coding_rubric_is_documented,6926705,300,693,393,57,0.433106,0,GDP parsed from comma-formatted text to numeric. | GREVIO baseline publication year corrected to 2020 from official CoE page.
Serbia,SRB,2011,party,2012,2013.0,2014.0,,0,0,0,-2,-3,1.037,5.866,1.073,5737,41.7,0,0,1,1,1,1,1,1,1,1,1,7186000,2020,0,0,1.0,0.0,1,1,1,0,-0.23,-0.55,retained_legacy_not_independently_reimported,2020,0,excluded_until_researcher_coding_rubric_is_documented,6926705,300,693,393,57,0.433106,0,GDP parsed from comma-formatted text to numeric. | GREVIO baseline publication year corrected to 2020 from official CoE page.
Serbia,SRB,2012,party,2012,2013.0,2014.0,,0,0,0,-1,-2,1.017,5.256,1.16,5739.31,42.0,0,0,1,1,1,1,1,1,1,1,1,7163000,2020,0,0,1.0,0.0,1,1,1,0,-0.3,-0.57,retained_legacy_not_independently_reimported,2020,0,excluded_until_researcher_coding_rubric_is_documented,6926705,300,693,393,57,0.433106,0,GDP parsed from comma-formatted text to numeric. | GREVIO baseline publication year corrected to 2020 from official CoE page.
Serbia,SRB,2013,party,2012,2013.0,2014.0,,1,0,0,0,-1,1.233,3.601,1.924,5793.34,43.1,0,0,1,1,1,1,1,1,1,1,1,7142000,2020,0,0,1.0,0.0,1,1,1,0,-0.31,-0.51,retained_legacy_not_independently_reimported,2020,0,excluded_until_researcher_coding_rubric_is_documented,6926705,300,693,393,57,0.433106,0,GDP parsed from comma-formatted text to numeric. | GREVIO baseline publication year corrected to 2020 from official CoE page.
Serbia,SRB,2014,party,2012,2013.0,2014.0,,1,1,1,1,0,0.977,3.985,1.84,5716.54,43.7,0,0,1,1,1,1,1,1,1,1,1,7117000,2020,0,0,1.0,0.0,1,1,1,0,0,-0.16,retained_legacy_not_independently_reimported,2020,0,excluded_until_researcher_coding_rubric_is_documented,6926705,300,693,393,57,0.433106,0,GDP parsed from comma-formatted text to numeric. | GREVIO baseline publication year corrected to 2020 from official CoE page.
Serbia,SRB,2015,party,2012,2013.0,2014.0,,1,1,1,2,1,0.798,3.497,1.588,5820.32,43.3,0,0,1,1,1,1,1,1,1,1,1,7095000,2020,0,0,1.0,0.0,1,1,1,0,0,-0.12,retained_legacy_not_independently_reimported,2020,0,excluded_until_researcher_coding_rubric_is_documented,6926705,300,693,393,57,0.433106,0,GDP parsed from comma-formatted text to numeric. | GREVIO baseline publication year corrected to 2020 from official CoE page.
Serbia,SRB,2016,party,2012,2013.0,2014.0,,1,1,1,3,2,1.018,3.971,1.473,6024.96,45.3,0,0,1,1,1,1,1,1,1,1,1,7076000,2020,0,0,1.0,0.0,1,1,1,0,-0.06,-0.21,retained_legacy_not_independently_reimported,2020,0,excluded_until_researcher_coding_rubric_is_documented,6926705,300,693,393,57,0.433106,0,GDP parsed from comma-formatted text to numeric. | GREVIO baseline publication year corrected to 2020 from official CoE page.
Serbia,SRB,2017,party,2012,2013.0,2014.0,,1,1,1,4,3,0.675,4.425,1.569,6200.26,46.1,0,0,1,1,1,1,1,1,1,1,1,7020000,2020,0,0,1.0,0.0,1,1,1,0,0.13,-0.3,retained_legacy_not_independently_reimported,2020,0,excluded_until_researcher_coding_rubric_is_documented,6926705,300,693,393,57,0.433106,0,GDP parsed from comma-formatted text to numeric. | GREVIO baseline publication year corrected to 2020 from official CoE page.
Serbia,SRB,2018,party,2012,2013.0,2014.0,,1,1,1,5,4,0.762,6.567,1.752,6524.08,46.4,0,0,1,1,1,1,1,1,1,1,1,6982000,2020,0,0,1.0,0.0,1,1,1,0,0.14,-0.28,retained_legacy_not_independently_reimported,2020,0,excluded_until_researcher_coding_rubric_is_documented,6926705,300,693,393,57,0.433106,0,GDP parsed from comma-formatted text to numeric. | GREVIO baseline publication year corrected to 2020 from official CoE page.
Serbia,SRB,2019,party,2012,2013.0,2014.0,,1,1,1,6,5,0.768,8.025,1.665,6870.76,46.7,0,0,1,1,1,1,1,1,1,1,1,6945000,2020,0,0,1.0,0.0,1,1,1,0,-0.02,-0.24,retained_legacy_not_independently_reimported,2020,0,excluded_until_researcher_coding_rubric_is_documented,6926705,300,693,393,57,0.433106,0,GDP parsed from comma-formatted text to numeric. | GREVIO baseline publication year corrected to 2020 from official CoE page.
Serbia,SRB,2020,party,2012,2013.0,2014.0,,1,1,1,7,6,0.608,7.036,1.346,6850.97,46.2,0,0,1,1,1,1,1,1,1,1,1,6899000,2020,1,1,1.0,0.0,1,1,1,0,-0.06,-0.2,retained_legacy_not_independently_reimported,2020,1,excluded_until_researcher_coding_rubric_is_documented,6926705,300,693,393,57,0.433106,0,GDP parsed from comma-formatted text to numeric. | GREVIO baseline publication year corrected to 2020 from official CoE page.
Serbia,SRB,2021,party,2012,2013.0,2014.0,,1,1,1,8,7,0.754,9.685,1.682,7465.68,49.0,0,0,1,1,1,1,1,1,1,1,1,6833000,2020,1,1,1.0,0.0,1,1,1,0,0.03,-0.19,retained_legacy_not_independently_reimported,2020,1,excluded_until_researcher_coding_rubric_is_documented,6926705,300,693,393,57,0.433106,0,GDP parsed from comma-formatted text to numeric. | GREVIO baseline publication year corrected to 2020 from official CoE page.
Serbia,SRB,2022,party,2012,2013.0,2014.0,,1,1,1,9,8,0.562,7.127,1.59,7862.95,50.1,0,0,1,1,1,1,1,1,1,1,1,6787000,2020,1,1,1.0,0.0,1,1,1,0,0.09,-0.16,retained_legacy_not_independently_reimported,2020,1,excluded_until_researcher_coding_rubric_is_documented,6926705,300,693,393,57,0.433106,0,GDP parsed from comma-formatted text to numeric. | GREVIO baseline publication year corrected to 2020 from official CoE page.
Serbia,SRB,2023,party,2012,2013.0,2014.0,,1,1,1,10,9,0.647,7.928,1.284,8208.48,51.4,0,0,1,1,1,1,1,1,1,1,1,6641000,2020,1,1,1.0,0.0,1,1,1,0,0.01,-0.05,retained_legacy_not_independently_reimported,2020,1,excluded_until_researcher_coding_rubric_is_documented,6926705,300,693,393,57,0.433106,0,GDP parsed from comma-formatted text to numeric. | GREVIO baseline publication year corrected to 2020 from official CoE page. | UNODC outcome values preserved from source dataset; not silently imputed or replaced.
Slovakia,SVK,1990,signed_not_ratified,2011,,,,0,0,0,,,,,,8597.46,59.1,0,0,1,1,0,0,0,0,0,0,0,5288000,,0,0,0.0,0.0,1,1,0,0,,,retained_legacy_not_independently_reimported,,0,excluded_until_researcher_coding_rubric_is_documented,5457873,214,546,332,61,0.392094,0,GDP parsed from comma-formatted text to numeric.
Slovakia,SVK,1991,signed_not_ratified,2011,,,,0,0,0,,,,,,7338.8,59.7,0,0,1,1,0,0,0,0,0,0,0,5296000,,0,0,0.0,0.0,1,1,0,0,,,retained_legacy_not_independently_reimported,,0,excluded_until_researcher_coding_rubric_is_documented,5457873,214,546,332,61,0.392094,0,GDP parsed from comma-formatted text to numeric.
Slovakia,SVK,1992,signed_not_ratified,2011,,,,0,0,0,,,,,,6843.3,57.5,0,0,1,1,0,0,0,0,0,0,0,5303000,,0,0,0.0,0.0,1,1,0,0,,,retained_legacy_not_independently_reimported,,0,excluded_until_researcher_coding_rubric_is_documented,5457873,214,546,332,61,0.392094,0,GDP parsed from comma-formatted text to numeric.
Slovakia,SVK,1993,signed_not_ratified,2011,,,,0,0,0,,,,,,6946.85,55.1,0,0,1,1,0,0,0,0,0,0,0,5310000,,0,0,0.0,0.0,1,1,0,0,,,retained_legacy_not_independently_reimported,,0,excluded_until_researcher_coding_rubric_is_documented,5457873,214,546,332,61,0.392094,0,GDP parsed from comma-formatted text to numeric.
Slovakia,SVK,1994,signed_not_ratified,2011,,,,0,0,0,,,,,,7348.92,51.4,0,0,1,1,0,0,0,0,0,0,0,5318000,,0,0,0.0,0.0,1,1,0,0,,,retained_legacy_not_independently_reimported,,0,excluded_until_researcher_coding_rubric_is_documented,5457873,214,546,332,61,0.392094,0,GDP parsed from comma-formatted text to numeric.
Slovakia,SVK,1995,signed_not_ratified,2011,,,,0,0,0,,,,,,7755.62,51.5,0,0,1,1,0,0,0,0,0,0,0,5356000,,0,0,0.0,0.0,1,1,0,0,,,retained_legacy_not_independently_reimported,,0,excluded_until_researcher_coding_rubric_is_documented,5457873,214,546,332,61,0.392094,0,GDP parsed from comma-formatted text to numeric.
Slovakia,SVK,1996,signed_not_ratified,2011,,,,0,0,0,,,,,,8212.83,52.3,0,0,1,1,0,0,0,1,0,0,0,5363000,,0,0,0.0,0.0,1,1,0,0,0.78,0.27,retained_legacy_not_independently_reimported,,0,excluded_until_researcher_coding_rubric_is_documented,5457873,214,546,332,61,0.392094,0,GDP parsed from comma-formatted text to numeric.
Slovakia,SVK,1997,signed_not_ratified,2011,,,,0,0,0,,,,,,8647.39,51.8,0,0,1,1,0,0,0,0,0,0,0,5371000,,0,0,0.0,0.0,1,1,0,0,,,retained_legacy_not_independently_reimported,,0,excluded_until_researcher_coding_rubric_is_documented,5457873,214,546,332,61,0.392094,0,GDP parsed from comma-formatted text to numeric.
Slovakia,SVK,1998,signed_not_ratified,2011,,,,0,0,0,,,,,,8966.22,51.4,0,0,1,1,0,0,0,1,0,0,0,5380000,,0,0,0.0,0.0,1,1,0,0,0.91,0.29,retained_legacy_not_independently_reimported,,0,excluded_until_researcher_coding_rubric_is_documented,5457873,214,546,332,61,0.392094,0,GDP parsed from comma-formatted text to numeric.
Slovakia,SVK,1999,signed_not_ratified,2011,,,,0,0,0,,,,,,8914.68,51.9,0,0,1,1,0,0,0,0,0,0,0,5380000,,0,0,0.0,0.0,1,1,0,0,,,retained_legacy_not_independently_reimported,,0,excluded_until_researcher_coding_rubric_is_documented,5457873,214,546,332,61,0.392094,0,GDP parsed from comma-formatted text to numeric.
Slovakia,SVK,2000,signed_not_ratified,2011,,,,0,0,0,,,1.229,,,8997.21,52.6,0,0,1,1,1,0,0,1,1,0,0,5391000,,0,0,0.0,0.0,1,1,0,0,1.14,0.51,retained_legacy_not_independently_reimported,,0,excluded_until_researcher_coding_rubric_is_documented,5457873,214,546,332,61,0.392094,0,GDP parsed from comma-formatted text to numeric.
Slovakia,SVK,2001,signed_not_ratified,2011,,,,0,0,0,,,1.193,,,9277.36,53.0,0,0,1,1,1,0,0,0,0,0,0,5379000,,0,0,0.0,0.0,1,1,0,0,,,retained_legacy_not_independently_reimported,,0,excluded_until_researcher_coding_rubric_is_documented,5457873,214,546,332,61,0.392094,0,GDP parsed from comma-formatted text to numeric.
Slovakia,SVK,2002,signed_not_ratified,2011,,,,0,0,0,,,1.772,,,9690.68,52.5,0,0,1,1,1,0,0,1,1,0,0,5378000,,0,0,0.0,0.0,1,1,0,0,0.92,0.49,retained_legacy_not_independently_reimported,,0,excluded_until_researcher_coding_rubric_is_documented,5457873,214,546,332,61,0.392094,0,GDP parsed from comma-formatted text to numeric.
Slovakia,SVK,2003,signed_not_ratified,2011,,,,0,0,0,,,1.7,,4.334,10168.02,52.9,0,0,1,1,1,0,0,1,1,0,0,5378000,,0,0,0.0,0.0,1,1,0,0,1.14,0.56,retained_legacy_not_independently_reimported,,0,excluded_until_researcher_coding_rubric_is_documented,5457873,214,546,332,61,0.392094,0,GDP parsed from comma-formatted text to numeric.
Slovakia,SVK,2004,signed_not_ratified,2011,,,,0,0,0,,,1.303,,4.167,10718.21,52.5,0,0,1,1,1,0,0,1,1,0,0,5380000,,0,0,0.0,0.0,1,1,0,0,1.39,0.79,retained_legacy_not_independently_reimported,,0,excluded_until_researcher_coding_rubric_is_documented,5457873,214,546,332,61,0.392094,0,GDP parsed from comma-formatted text to numeric.
Slovakia,SVK,2005,signed_not_ratified,2011,,,,0,0,0,,,1.158,,3.72,11412.16,51.2,0,0,1,1,1,0,1,1,1,0,1,5382000,,0,0,0.0,0.0,1,1,0,0,1.49,0.83,retained_legacy_not_independently_reimported,,0,excluded_until_researcher_coding_rubric_is_documented,5457873,214,546,332,61,0.392094,0,GDP parsed from comma-formatted text to numeric.
Slovakia,SVK,2006,signed_not_ratified,2011,,,,0,0,0,,,0.543,5.263,3.236,12430.2,50.5,0,0,1,1,1,1,1,1,1,1,1,5389000,,0,0,0.0,0.0,1,1,0,0,1.41,0.83,retained_legacy_not_independently_reimported,,0,excluded_until_researcher_coding_rubric_is_documented,5457873,214,546,332,61,0.392094,0,GDP parsed from comma-formatted text to numeric.
Slovakia,SVK,2007,signed_not_ratified,2011,,,,0,0,0,,,1.014,5.449,3.385,13770.96,50.3,0,0,1,1,1,1,1,1,1,1,1,5397000,,0,0,1.0,0.0,1,1,0,0,1.17,0.73,retained_legacy_not_independently_reimported,,0,excluded_until_researcher_coding_rubric_is_documented,5457873,214,546,332,61,0.392094,0,GDP parsed from comma-formatted text to numeric.
Slovakia,SVK,2008,signed_not_ratified,2011,,,,0,0,0,,,0.869,4.685,2.826,14497.11,50.8,0,0,1,1,1,1,1,1,1,1,1,5406000,,0,0,1.0,0.0,1,1,0,0,1.44,0.9,retained_legacy_not_independently_reimported,,0,excluded_until_researcher_coding_rubric_is_documented,5457873,214,546,332,61,0.392094,0,GDP parsed from comma-formatted text to numeric.
Slovakia,SVK,2009,signed_not_ratified,2011,,,,0,0,0,,,1.157,11.625,2.637,13680.75,50.1,0,0,1,1,1,1,1,1,1,1,1,5420000,,0,0,1.0,0.0,1,1,0,0,1.47,0.91,retained_legacy_not_independently_reimported,,0,excluded_until_researcher_coding_rubric_is_documented,5457873,214,546,332,61,0.392094,0,GDP parsed from comma-formatted text to numeric.
Slovakia,SVK,2010,signed_not_ratified,2011,,,,0,0,0,,,1.12,10.423,2.17,14596.15,50.6,0,0,1,1,1,1,1,1,1,1,1,5435000,,0,0,1.0,0.0,1,1,0,0,1.33,0.96,retained_legacy_not_independently_reimported,,0,excluded_until_researcher_coding_rubric_is_documented,5457873,214,546,332,61,0.392094,0,GDP parsed from comma-formatted text to numeric.
Slovakia,SVK,2011,signed_not_ratified,2011,,,,0,0,0,,,1.119,14.375,2.779,14950.87,50.2,0,0,1,1,1,1,1,1,1,1,1,5397000,,0,0,1.0,0.0,1,1,0,0,1.32,1.02,retained_legacy_not_independently_reimported,,0,excluded_until_researcher_coding_rubric_is_documented,5457873,214,546,332,61,0.392094,0,GDP parsed from comma-formatted text to numeric.
Slovakia,SVK,2012,signed_not_ratified,2011,,,,0,0,0,,,0.649,11.86,1.628,15159.66,50.6,0,0,1,1,1,1,1,1,1,1,1,5404000,,0,0,1.0,0.0,1,1,0,0,1.33,0.83,retained_legacy_not_independently_reimported,,0,excluded_until_researcher_coding_rubric_is_documented,5457873,214,546,332,61,0.392094,0,GDP parsed from comma-formatted text to numeric.
Slovakia,SVK,2013,signed_not_ratified,2011,,,,0,0,0,,,0.829,2.939,1.682,15249.88,51.0,0,0,1,1,1,1,1,1,1,1,1,5415000,,0,0,1.0,0.0,1,1,0,0,1.23,0.79,retained_legacy_not_independently_reimported,,0,excluded_until_researcher_coding_rubric_is_documented,5457873,214,546,332,61,0.392094,0,GDP parsed from comma-formatted text to numeric.
Slovakia,SVK,2014,signed_not_ratified,2011,,,,0,0,0,,,0.684,12.613,1.588,15647.65,52.0,0,0,1,1,1,1,1,1,1,1,1,5421000,,0,0,1.0,0.0,1,1,0,0,1.35,0.82,retained_legacy_not_independently_reimported,,0,excluded_until_researcher_coding_rubric_is_documented,5457873,214,546,332,61,0.392094,0,GDP parsed from comma-formatted text to numeric.
Slovakia,SVK,2015,signed_not_ratified,2011,,,,0,0,0,,,0.504,11.9,1.605,16442.08,51.9,0,0,1,1,1,1,1,1,1,1,1,5422000,,0,0,1.0,0.0,1,1,0,0,1.26,0.8,retained_legacy_not_independently_reimported,,0,excluded_until_researcher_coding_rubric_is_documented,5457873,214,546,332,61,0.392094,0,GDP parsed from comma-formatted text to numeric.
Slovakia,SVK,2016,signed_not_ratified,2011,,,,0,0,0,,,0.719,12.087,1.511,16740.74,52.5,0,0,1,1,1,1,1,1,1,1,1,5426000,,0,0,1.0,0.0,1,1,0,0,1.36,1.02,retained_legacy_not_independently_reimported,,0,excluded_until_researcher_coding_rubric_is_documented,5457873,214,546,332,61,0.392094,0,GDP parsed from comma-formatted text to numeric.
Slovakia,SVK,2017,signed_not_ratified,2011,,,,0,0,0,,,0.683,12.97,1.766,17195.29,52.6,0,0,1,1,1,1,1,1,1,1,1,5435000,,0,0,1.0,0.0,1,1,0,0,1.14,0.88,retained_legacy_not_independently_reimported,,0,excluded_until_researcher_coding_rubric_is_documented,5457873,214,546,332,61,0.392094,0,GDP parsed from comma-formatted text to numeric.
Slovakia,SVK,2018,signed_not_ratified,2011,,,,0,0,0,,,0.933,12.254,1.819,17869.01,52.2,0,0,1,1,1,1,1,1,1,1,1,5443000,,0,0,1.0,0.0,1,1,0,0,1,0.81,retained_legacy_not_independently_reimported,,0,excluded_until_researcher_coding_rubric_is_documented,5457873,214,546,332,61,0.392094,0,GDP parsed from comma-formatted text to numeric.
Slovakia,SVK,2019,signed_not_ratified,2011,,,,0,0,0,,,0.538,12.806,1.78,18250.98,52.2,0,0,1,1,1,1,1,1,1,1,1,5455000,,0,0,1.0,0.0,1,1,0,0,0.94,0.86,retained_legacy_not_independently_reimported,,0,excluded_until_researcher_coding_rubric_is_documented,5457873,214,546,332,61,0.392094,0,GDP parsed from comma-formatted text to numeric.
Slovakia,SVK,2020,signed_not_ratified,2011,,,,0,0,0,,,1.003,11.347,1.687,17763.86,51.8,0,0,1,1,1,1,1,1,1,1,1,5460000,,0,0,1.0,0.0,1,1,0,0,0.86,1.12,retained_legacy_not_independently_reimported,,0,excluded_until_researcher_coding_rubric_is_documented,5457873,214,546,332,61,0.392094,0,GDP parsed from comma-formatted text to numeric.
Slovakia,SVK,2021,signed_not_ratified,2011,,,,0,0,0,,,0.646,10.858,1.69,18808.45,54.6,0,0,1,1,1,1,1,1,1,1,1,5459000,,0,0,1.0,0.0,1,1,0,0,0.85,1.16,retained_legacy_not_independently_reimported,,0,excluded_until_researcher_coding_rubric_is_documented,5457873,214,546,332,61,0.392094,0,GDP parsed from comma-formatted text to numeric.
Slovakia,SVK,2022,signed_not_ratified,2011,,,,0,0,0,,,0.607,10.963,1.955,18964.83,55.7,0,0,1,1,1,1,1,1,1,1,1,5643000,,0,0,1.0,0.0,1,1,0,0,0.53,0.87,retained_legacy_not_independently_reimported,,0,excluded_until_researcher_coding_rubric_is_documented,5457873,214,546,332,61,0.392094,0,GDP parsed from comma-formatted text to numeric.
Slovakia,SVK,2023,signed_not_ratified,2011,,,,0,0,0,,,0.744,10.656,1.812,19383.37,55.7,0,0,1,1,1,1,1,1,1,1,1,5474000,,0,0,1.0,0.0,1,1,0,0,0.16,0.42,retained_legacy_not_independently_reimported,,0,excluded_until_researcher_coding_rubric_is_documented,5457873,214,546,332,61,0.392094,0,GDP parsed from comma-formatted text to numeric. | UNODC outcome values preserved from source dataset; not silently imputed or replaced.
Slovenia,SVN,1990,party,2011,2015.0,2015.0,,0,0,0,-25,-25,,,,13615.59,52.0,0,0,1,1,0,0,0,0,0,0,0,1999000,2021,0,0,0.0,0.0,1,1,1,0,,,retained_legacy_not_independently_reimported,2021,0,excluded_until_researcher_coding_rubric_is_documented,2095861,510,210,0,0,2.433367,1,GDP parsed from comma-formatted text to numeric.
Slovenia,SVN,1991,party,2011,2015.0,2015.0,,0,0,0,-24,-24,,,,12395.92,51.7,0,0,1,1,0,0,0,0,0,0,0,2000000,2021,0,0,0.0,0.0,1,1,1,0,,,retained_legacy_not_independently_reimported,2021,0,excluded_until_researcher_coding_rubric_is_documented,2095861,510,210,0,0,2.433367,1,GDP parsed from comma-formatted text to numeric.
Slovenia,SVN,1992,party,2011,2015.0,2015.0,,0,0,0,-23,-23,,,,11735.85,51.6,0,0,1,1,0,0,0,0,0,0,0,1999000,2021,0,0,0.0,0.0,1,1,1,0,,,retained_legacy_not_independently_reimported,2021,0,excluded_until_researcher_coding_rubric_is_documented,2095861,510,210,0,0,2.433367,1,GDP parsed from comma-formatted text to numeric.
Slovenia,SVN,1993,party,2011,2015.0,2015.0,,0,0,0,-22,-22,,,,12098.34,51.6,0,0,1,1,0,0,0,0,0,0,0,1999000,2021,0,0,0.0,0.0,1,1,1,0,,,retained_legacy_not_independently_reimported,2021,0,excluded_until_researcher_coding_rubric_is_documented,2095861,510,210,0,0,2.433367,1,GDP parsed from comma-formatted text to numeric.
Slovenia,SVN,1994,party,2011,2015.0,2015.0,,0,0,0,-21,-21,,,,12757.63,51.5,0,0,1,1,0,0,0,0,0,0,0,1989000,2021,0,0,0.0,0.0,1,1,1,0,,,retained_legacy_not_independently_reimported,2021,0,excluded_until_researcher_coding_rubric_is_documented,2095861,510,210,0,0,2.433367,1,GDP parsed from comma-formatted text to numeric.
Slovenia,SVN,1995,party,2011,2015.0,2015.0,,0,0,0,-20,-20,,,,13278.74,51.4,0,0,1,1,0,0,0,0,0,0,0,1989000,2021,0,0,0.0,0.0,1,1,1,0,,,retained_legacy_not_independently_reimported,2021,0,excluded_until_researcher_coding_rubric_is_documented,2095861,510,210,0,0,2.433367,1,GDP parsed from comma-formatted text to numeric.
Slovenia,SVN,1996,party,2011,2015.0,2015.0,,0,0,0,-19,-19,,,,13674.18,51.2,0,0,1,1,0,0,0,1,0,0,0,1990000,2021,0,0,0.0,0.0,1,1,1,0,1.51,1.82,retained_legacy_not_independently_reimported,2021,0,excluded_until_researcher_coding_rubric_is_documented,2095861,510,210,0,0,2.433367,1,GDP parsed from comma-formatted text to numeric.
Slovenia,SVN,1997,party,2011,2015.0,2015.0,,0,0,0,-18,-18,,,,14400.67,52.5,0,0,1,1,0,0,0,0,0,0,0,1985000,2021,0,0,0.0,0.0,1,1,1,0,,,retained_legacy_not_independently_reimported,2021,0,excluded_until_researcher_coding_rubric_is_documented,2095861,510,210,0,0,2.433367,1,GDP parsed from comma-formatted text to numeric.
Slovenia,SVN,1998,party,2011,2015.0,2015.0,,0,0,0,-17,-17,,,,14874.29,53.1,0,0,1,1,0,0,0,1,0,0,0,1982000,2021,0,0,0.0,0.0,1,1,1,0,1.28,2,retained_legacy_not_independently_reimported,2021,0,excluded_until_researcher_coding_rubric_is_documented,2095861,510,210,0,0,2.433367,1,GDP parsed from comma-formatted text to numeric.
Slovenia,SVN,1999,party,2011,2015.0,2015.0,,0,0,0,-16,-16,,,,15646.69,52.0,0,0,1,1,0,0,0,0,0,0,0,1988000,2021,0,0,0.0,0.0,1,1,1,0,,,retained_legacy_not_independently_reimported,2021,0,excluded_until_researcher_coding_rubric_is_documented,2095861,510,210,0,0,2.433367,1,GDP parsed from comma-formatted text to numeric.
Slovenia,SVN,2000,party,2011,2015.0,2015.0,,0,0,0,-15,-15,,,,16146.12,51.3,0,0,1,1,0,0,0,1,0,0,0,1988000,2021,0,0,0.0,0.0,1,1,1,0,1.15,1.64,retained_legacy_not_independently_reimported,2021,0,excluded_until_researcher_coding_rubric_is_documented,2095861,510,210,0,0,2.433367,1,GDP parsed from comma-formatted text to numeric.
Slovenia,SVN,2001,party,2011,2015.0,2015.0,,0,0,0,-14,-14,,,,16576.72,51.1,0,0,1,1,0,0,0,0,0,0,0,1992000,2021,0,0,0.0,0.0,1,1,1,0,,,retained_legacy_not_independently_reimported,2021,0,excluded_until_researcher_coding_rubric_is_documented,2095861,510,210,0,0,2.433367,1,GDP parsed from comma-formatted text to numeric.
Slovenia,SVN,2002,party,2011,2015.0,2015.0,,0,0,0,-13,-13,,,,17099.66,51.9,0,0,1,1,0,0,0,1,0,0,0,1995000,2021,0,0,0.0,0.0,1,1,1,0,1.34,1.5,retained_legacy_not_independently_reimported,2021,0,excluded_until_researcher_coding_rubric_is_documented,2095861,510,210,0,0,2.433367,1,GDP parsed from comma-formatted text to numeric.
Slovenia,SVN,2003,party,2011,2015.0,2015.0,,0,0,0,-12,-12,,7.277,3.513,17635.36,50.4,0,0,1,1,0,0,0,1,0,0,0,1996000,2021,0,0,0.0,0.0,1,1,1,0,1.53,1.44,retained_legacy_not_independently_reimported,2021,0,excluded_until_researcher_coding_rubric_is_documented,2095861,510,210,0,0,2.433367,1,GDP parsed from comma-formatted text to numeric.
Slovenia,SVN,2004,party,2011,2015.0,2015.0,,0,0,0,-11,-11,0.687,18.51,4.364,18425.26,52.8,0,0,1,1,1,0,0,1,1,0,0,1997000,2021,0,0,0.0,0.0,1,1,1,0,1.53,1.55,retained_legacy_not_independently_reimported,2021,0,excluded_until_researcher_coding_rubric_is_documented,2095861,510,210,0,0,2.433367,1,GDP parsed from comma-formatted text to numeric.
Slovenia,SVN,2005,party,2011,2015.0,2015.0,,0,0,0,-10,-10,0.981,15.574,2.904,19102.28,52.8,0,0,1,1,1,1,1,1,1,1,1,2000000,2021,0,0,0.0,0.0,1,1,1,0,1.51,1.5,retained_legacy_not_independently_reimported,2021,0,excluded_until_researcher_coding_rubric_is_documented,2095861,510,210,0,0,2.433367,1,GDP parsed from comma-formatted text to numeric.
Slovenia,SVN,2006,party,2011,2015.0,2015.0,,0,0,0,-9,-9,0.294,14.278,2.746,20166.53,53.2,0,0,1,1,1,1,1,1,1,1,1,2003000,2021,0,0,0.0,0.0,1,1,1,0,1.62,1.53,retained_legacy_not_independently_reimported,2021,0,excluded_until_researcher_coding_rubric_is_documented,2095861,510,210,0,0,2.433367,1,GDP parsed from comma-formatted text to numeric.
Slovenia,SVN,2007,party,2011,2015.0,2015.0,,0,0,0,-8,-8,0.783,18.022,4.816,21485.78,53.5,0,0,1,1,1,1,1,1,1,1,1,2010000,2021,0,0,0.0,0.0,1,1,1,0,1.51,1.61,retained_legacy_not_independently_reimported,2021,0,excluded_until_researcher_coding_rubric_is_documented,2095861,510,210,0,0,2.433367,1,GDP parsed from comma-formatted text to numeric.
Slovenia,SVN,2008,party,2011,2015.0,2015.0,,0,0,0,-7,-7,0.488,13.629,2.815,22175.24,53.6,0,0,1,1,1,1,1,1,1,1,1,2026000,2021,0,0,0.0,0.0,1,1,1,0,1.9,1.71,retained_legacy_not_independently_reimported,2021,0,excluded_until_researcher_coding_rubric_is_documented,2095861,510,210,0,0,2.433367,1,GDP parsed from comma-formatted text to numeric.
Slovenia,SVN,2009,party,2011,2015.0,2015.0,,0,0,0,-6,-6,0.681,16.948,3.881,20307.62,53.5,0,0,1,1,1,1,1,1,1,1,1,2042000,2021,0,0,1.0,0.0,1,1,1,0,1.95,1.82,retained_legacy_not_independently_reimported,2021,0,excluded_until_researcher_coding_rubric_is_documented,2095861,510,210,0,0,2.433367,1,GDP parsed from comma-formatted text to numeric.
Slovenia,SVN,2010,party,2011,2015.0,2015.0,,0,0,0,-5,-5,0.775,18.341,3.081,20444.12,53.1,0,0,1,1,1,1,1,1,1,1,1,2049000,2021,0,0,1.0,0.0,1,1,1,0,1.73,1.7,retained_legacy_not_independently_reimported,2021,0,excluded_until_researcher_coding_rubric_is_documented,2095861,510,210,0,0,2.433367,1,GDP parsed from comma-formatted text to numeric.
Slovenia,SVN,2011,party,2011,2015.0,2015.0,,0,0,0,-4,-4,0.676,15.228,2.684,20535.42,52.4,0,0,1,1,1,1,1,1,1,1,1,2050000,2021,0,0,1.0,0.0,1,1,1,0,1.66,1.78,retained_legacy_not_independently_reimported,2021,0,excluded_until_researcher_coding_rubric_is_documented,2095861,510,210,0,0,2.433367,1,GDP parsed from comma-formatted text to numeric.
Slovenia,SVN,2012,party,2011,2015.0,2015.0,,0,0,0,-3,-3,0.579,12.857,2.825,19894.87,52.3,0,0,1,1,1,1,1,1,1,1,1,2057000,2021,0,0,1.0,0.0,1,1,1,0,1.73,1.72,retained_legacy_not_independently_reimported,2021,0,excluded_until_researcher_coding_rubric_is_documented,2095861,510,210,0,0,2.433367,1,GDP parsed from comma-formatted text to numeric.
Slovenia,SVN,2013,party,2011,2015.0,2015.0,,0,0,0,-2,-2,0.289,18.381,2.577,19704.22,51.9,0,0,1,1,1,1,1,1,1,1,1,2059000,2021,0,0,1.0,0.0,1,1,1,0,1.7,1.69,retained_legacy_not_independently_reimported,2021,0,excluded_until_researcher_coding_rubric_is_documented,2095861,510,210,0,0,2.433367,1,GDP parsed from comma-formatted text to numeric.
Slovenia,SVN,2014,party,2011,2015.0,2015.0,,0,0,0,-1,-1,0.578,14.38,2.138,20228.71,52.5,0,0,1,1,1,1,1,1,1,1,1,2062000,2021,0,0,1.0,0.0,1,1,1,0,1.7,1.7,retained_legacy_not_independently_reimported,2021,0,excluded_until_researcher_coding_rubric_is_documented,2095861,510,210,0,0,2.433367,1,GDP parsed from comma-formatted text to numeric.
Slovenia,SVN,2015,party,2011,2015.0,2015.0,,1,1,1,0,0,1.059,12.525,2.039,20697.27,52.3,0,0,1,1,1,1,1,1,1,1,1,2065000,2021,0,0,1.0,0.0,1,1,1,0,1.6,1.61,retained_legacy_not_independently_reimported,2021,0,excluded_until_researcher_coding_rubric_is_documented,2095861,510,210,0,0,2.433367,1,GDP parsed from comma-formatted text to numeric.
Slovenia,SVN,2016,party,2011,2015.0,2015.0,,1,1,1,1,1,0.193,17.27,1.601,21309.71,52.1,0,0,1,1,1,1,1,1,1,1,1,2065000,2021,0,0,1.0,0.0,1,1,1,0,1.86,1.79,retained_legacy_not_independently_reimported,2021,0,excluded_until_researcher_coding_rubric_is_documented,2095861,510,210,0,0,2.433367,1,GDP parsed from comma-formatted text to numeric.
Slovenia,SVN,2017,party,2011,2015.0,2015.0,,1,1,1,2,2,0.867,20.704,2.036,22397.76,53.5,0,0,1,1,1,1,1,1,1,1,1,2066000,2021,0,0,1.0,0.0,1,1,1,0,1.93,1.7,retained_legacy_not_independently_reimported,2021,0,excluded_until_researcher_coding_rubric_is_documented,2095861,510,210,0,0,2.433367,1,GDP parsed from comma-formatted text to numeric.
Slovenia,SVN,2018,party,2011,2015.0,2015.0,,1,1,1,3,3,0.481,17.492,2.029,23293.97,53.7,0,0,1,1,1,1,1,1,1,1,1,2068000,2021,0,0,1.0,0.0,1,1,1,0,1.85,1.75,retained_legacy_not_independently_reimported,2021,0,excluded_until_researcher_coding_rubric_is_documented,2095861,510,210,0,0,2.433367,1,GDP parsed from comma-formatted text to numeric.
Slovenia,SVN,2019,party,2011,2015.0,2015.0,,1,1,1,4,4,0.673,11.567,8.736,23943.18,53.4,0,0,1,1,1,1,1,1,1,1,1,2089000,2021,0,0,1.0,0.0,1,1,1,0,1.78,1.85,retained_legacy_not_independently_reimported,2021,0,excluded_until_researcher_coding_rubric_is_documented,2095861,510,210,0,0,2.433367,1,GDP parsed from comma-formatted text to numeric.
Slovenia,SVN,2020,party,2011,2015.0,2015.0,,1,1,1,5,5,0.573,10.226,6.944,22811.81,53.1,0,0,1,1,1,1,1,1,1,1,1,2100000,2021,0,0,1.0,0.0,1,1,1,0,1.92,1.77,retained_legacy_not_independently_reimported,2021,0,excluded_until_researcher_coding_rubric_is_documented,2095861,510,210,0,0,2.433367,1,GDP parsed from comma-formatted text to numeric.
Slovenia,SVN,2021,party,2011,2015.0,2015.0,,1,1,1,6,6,0.57,11.261,8.233,24665.44,53.5,0,0,1,1,1,1,1,1,1,1,1,2108000,2021,1,1,1.0,0.0,1,1,1,0,1.95,1.71,retained_legacy_not_independently_reimported,2021,1,excluded_until_researcher_coding_rubric_is_documented,2095861,510,210,0,0,2.433367,1,GDP parsed from comma-formatted text to numeric.
Slovenia,SVN,2022,party,2011,2015.0,2015.0,,1,1,1,7,7,0.475,13.663,10.306,25275.72,53.9,0,0,1,1,1,1,1,1,1,1,1,2108000,2021,1,1,1.0,0.0,1,1,1,0,1.5,1.36,retained_legacy_not_independently_reimported,2021,1,excluded_until_researcher_coding_rubric_is_documented,2095861,510,210,0,0,2.433367,1,GDP parsed from comma-formatted text to numeric.
Slovenia,SVN,2023,party,2011,2015.0,2015.0,,1,1,1,8,8,0.284,16.239,12.179,25773.9,53.0,0,0,1,1,1,1,1,0,0,0,0,2116000,2021,1,1,1.0,0.0,1,1,1,0,,,excluded_legacy_flagged_for_manual_review,2021,1,excluded_until_researcher_coding_rubric_is_documented,2095861,510,210,0,0,2.433367,1,GDP parsed from comma-formatted text to numeric. | WGI legacy value excluded because source file flagged this country-year for manual review. | UNODC outcome values preserved from source dataset; not silently imputed or replaced.
Sweden,SWE,1990,party,2011,2014.0,2014.0,,0,0,0,-24,-24,,,,34903.35,62.8,0,0,1,1,0,0,0,0,0,0,0,8559000,2019,0,0,1.0,0.0,1,1,1,0,,,retained_legacy_not_independently_reimported,2019,0,excluded_until_researcher_coding_rubric_is_documented,10327589,1653,1033,0,0,1.600567,1,GDP parsed from comma-formatted text to numeric. | GREVIO baseline publication year corrected to 2019 from official CoE page.
Sweden,SWE,1991,party,2011,2014.0,2014.0,,0,0,0,-23,-23,,,,34268.97,62.1,0,0,1,1,0,0,0,0,0,0,0,8617000,2019,0,0,1.0,0.0,1,1,1,0,,,retained_legacy_not_independently_reimported,2019,0,excluded_until_researcher_coding_rubric_is_documented,10327589,1653,1033,0,0,1.600567,1,GDP parsed from comma-formatted text to numeric. | GREVIO baseline publication year corrected to 2019 from official CoE page.
Sweden,SWE,1992,party,2011,2014.0,2014.0,,0,0,0,-22,-22,,,,33673.85,60.8,0,0,1,1,0,0,0,0,0,0,0,8692000,2019,0,0,1.0,0.0,1,1,1,0,,,retained_legacy_not_independently_reimported,2019,0,excluded_until_researcher_coding_rubric_is_documented,10327589,1653,1033,0,0,1.600567,1,GDP parsed from comma-formatted text to numeric. | GREVIO baseline publication year corrected to 2019 from official CoE page.
Sweden,SWE,1993,party,2011,2014.0,2014.0,,0,0,0,-21,-21,,,,32787.28,59.4,0,0,1,1,0,0,0,0,0,0,0,8719000,2019,0,0,1.0,0.0,1,1,1,0,,,retained_legacy_not_independently_reimported,2019,0,excluded_until_researcher_coding_rubric_is_documented,10327589,1653,1033,0,0,1.600567,1,GDP parsed from comma-formatted text to numeric. | GREVIO baseline publication year corrected to 2019 from official CoE page.
Sweden,SWE,1994,party,2011,2014.0,2014.0,,0,0,0,-20,-20,,,,33862.42,58.5,0,0,1,1,0,0,0,0,0,0,0,8781000,2019,0,0,1.0,0.0,1,1,1,0,,,retained_legacy_not_independently_reimported,2019,0,excluded_until_researcher_coding_rubric_is_documented,10327589,1653,1033,0,0,1.600567,1,GDP parsed from comma-formatted text to numeric. | GREVIO baseline publication year corrected to 2019 from official CoE page.
Sweden,SWE,1995,party,2011,2014.0,2014.0,,0,0,0,-19,-19,,,,35064.41,59.0,0,0,1,1,0,0,0,0,0,0,0,8827000,2019,0,0,1.0,0.0,1,1,1,0,,,retained_legacy_not_independently_reimported,2019,0,excluded_until_researcher_coding_rubric_is_documented,10327589,1653,1033,0,0,1.600567,1,GDP parsed from comma-formatted text to numeric. | GREVIO baseline publication year corrected to 2019 from official CoE page.
Sweden,SWE,1996,party,2011,2014.0,2014.0,,0,0,0,-18,-18,,,,35605.45,59.1,0,0,1,1,0,0,0,1,0,0,0,8844000,2019,0,0,1.0,0.0,1,1,1,0,3.27,3.05,retained_legacy_not_independently_reimported,2019,0,excluded_until_researcher_coding_rubric_is_documented,10327589,1653,1033,0,0,1.600567,1,GDP parsed from comma-formatted text to numeric. | GREVIO baseline publication year corrected to 2019 from official CoE page.
Sweden,SWE,1997,party,2011,2014.0,2014.0,,0,0,0,-17,-17,,,,36675.75,58.6,0,0,1,1,0,0,0,0,0,0,0,8847000,2019,0,0,1.0,0.0,1,1,1,0,,,retained_legacy_not_independently_reimported,2019,0,excluded_until_researcher_coding_rubric_is_documented,10327589,1653,1033,0,0,1.600567,1,GDP parsed from comma-formatted text to numeric. | GREVIO baseline publication year corrected to 2019 from official CoE page.
Sweden,SWE,1998,party,2011,2014.0,2014.0,,0,0,0,-16,-16,,,,38211.72,57.4,0,0,1,1,0,0,0,1,0,0,0,8851000,2019,0,0,1.0,0.0,1,1,1,0,3.2,2.98,retained_legacy_not_independently_reimported,2019,0,excluded_until_researcher_coding_rubric_is_documented,10327589,1653,1033,0,0,1.600567,1,GDP parsed from comma-formatted text to numeric. | GREVIO baseline publication year corrected to 2019 from official CoE page.
Sweden,SWE,1999,party,2011,2014.0,2014.0,,0,0,0,-15,-15,0.641,,,39786.03,58.4,0,0,1,1,0,0,0,0,0,0,0,8861000,2019,0,0,1.0,0.0,1,1,1,0,,,retained_legacy_not_independently_reimported,2019,0,excluded_until_researcher_coding_rubric_is_documented,10327589,1653,1033,0,0,1.600567,1,GDP parsed from comma-formatted text to numeric. | GREVIO baseline publication year corrected to 2019 from official CoE page.
Sweden,SWE,2000,party,2011,2014.0,2014.0,,0,0,0,-14,-14,0.823,,,41561.77,58.1,0,0,1,1,1,0,0,1,1,0,0,8882000,2019,0,0,1.0,0.0,1,1,1,0,3.19,3.06,retained_legacy_not_independently_reimported,2019,0,excluded_until_researcher_coding_rubric_is_documented,10327589,1653,1033,0,0,1.600567,1,GDP parsed from comma-formatted text to numeric. | GREVIO baseline publication year corrected to 2019 from official CoE page.
Sweden,SWE,2001,party,2011,2014.0,2014.0,,0,0,0,-13,-13,0.653,,,42014.4,58.6,0,0,1,1,1,0,0,0,0,0,0,8896000,2019,0,0,1.0,0.0,1,1,1,0,,,retained_legacy_not_independently_reimported,2019,0,excluded_until_researcher_coding_rubric_is_documented,10327589,1653,1033,0,0,1.600567,1,GDP parsed from comma-formatted text to numeric. | GREVIO baseline publication year corrected to 2019 from official CoE page.
Sweden,SWE,2002,party,2011,2014.0,2014.0,,0,0,0,-12,-12,0.805,,,42831.76,58.7,0,0,1,1,1,0,0,1,1,0,0,8925000,2019,0,0,1.0,0.0,1,1,1,0,3.34,3.13,retained_legacy_not_independently_reimported,2019,0,excluded_until_researcher_coding_rubric_is_documented,10327589,1653,1033,0,0,1.600567,1,GDP parsed from comma-formatted text to numeric. | GREVIO baseline publication year corrected to 2019 from official CoE page.
Sweden,SWE,2003,party,2011,2014.0,2014.0,,0,0,0,-11,-11,0.596,113.212,24.949,43475.37,58.8,0,0,1,1,1,0,0,1,1,0,0,8941000,2019,0,0,1.0,0.0,1,1,1,0,3.43,3.21,retained_legacy_not_independently_reimported,2019,0,excluded_until_researcher_coding_rubric_is_documented,10327589,1653,1033,0,0,1.600567,1,GDP parsed from comma-formatted text to numeric. | GREVIO baseline publication year corrected to 2019 from official CoE page.
Sweden,SWE,2004,party,2011,2014.0,2014.0,,0,0,0,-10,-10,0.896,115.846,25.14,45114.67,58.5,0,0,1,1,1,0,0,1,1,0,0,8994000,2019,0,0,1.0,0.0,1,1,1,0,3.57,3.18,retained_legacy_not_independently_reimported,2019,0,excluded_until_researcher_coding_rubric_is_documented,10327589,1653,1033,0,0,1.600567,1,GDP parsed from comma-formatted text to numeric. | GREVIO baseline publication year corrected to 2019 from official CoE page.
Sweden,SWE,2005,party,2011,2014.0,2014.0,,0,0,0,-9,-9,0.673,129.693,36.911,46189.68,59.1,0,0,1,1,1,1,1,1,1,1,1,9011000,2019,0,0,1.0,0.0,1,1,1,0,3.21,3.06,retained_legacy_not_independently_reimported,2019,0,excluded_until_researcher_coding_rubric_is_documented,10327589,1653,1033,0,0,1.600567,1,GDP parsed from comma-formatted text to numeric. | GREVIO baseline publication year corrected to 2019 from official CoE page.
Sweden,SWE,2006,party,2011,2014.0,2014.0,,0,0,0,-8,-8,0.78,133.768,40.779,48078.35,59.2,0,0,1,1,1,1,1,1,1,1,1,9081000,2019,0,0,1.0,0.0,1,1,1,0,3.06,3.15,retained_legacy_not_independently_reimported,2019,0,excluded_until_researcher_coding_rubric_is_documented,10327589,1653,1033,0,0,1.600567,1,GDP parsed from comma-formatted text to numeric. | GREVIO baseline publication year corrected to 2019 from official CoE page.
Sweden,SWE,2007,party,2011,2014.0,2014.0,,0,0,0,-7,-7,0.692,137.326,46.665,49262.15,59.7,0,0,1,1,1,1,1,1,1,1,1,9148000,2019,0,0,1.0,0.0,1,1,1,0,3.43,3.22,retained_legacy_not_independently_reimported,2019,0,excluded_until_researcher_coding_rubric_is_documented,10327589,1653,1033,0,0,1.600567,1,GDP parsed from comma-formatted text to numeric. | GREVIO baseline publication year corrected to 2019 from official CoE page.
Sweden,SWE,2008,party,2011,2014.0,2014.0,,0,0,0,-6,-6,0.598,159.199,53.157,48428.66,59.8,0,0,1,1,1,1,1,1,1,1,1,9219000,2019,0,0,1.0,0.0,1,1,1,0,3.31,3.26,retained_legacy_not_independently_reimported,2019,0,excluded_until_researcher_coding_rubric_is_documented,10327589,1653,1033,0,0,1.600567,1,GDP parsed from comma-formatted text to numeric. | GREVIO baseline publication year corrected to 2019 from official CoE page.
Sweden,SWE,2009,party,2011,2014.0,2014.0,,0,0,0,-5,-5,0.824,172.475,58.642,45974.39,59.4,0,0,1,1,1,1,1,1,1,1,1,9341000,2019,0,0,1.0,0.0,1,1,1,0,3.47,3.33,retained_legacy_not_independently_reimported,2019,0,excluded_until_researcher_coding_rubric_is_documented,10327589,1653,1033,0,0,1.600567,1,GDP parsed from comma-formatted text to numeric. | GREVIO baseline publication year corrected to 2019 from official CoE page.
Sweden,SWE,2010,party,2011,2014.0,2014.0,,0,0,0,-4,-4,0.573,150.615,58.423,48205.55,59.0,0,0,1,1,1,1,1,1,1,1,1,9380000,2019,0,0,1.0,0.0,1,1,1,0,3.34,3.28,retained_legacy_not_independently_reimported,2019,0,excluded_until_researcher_coding_rubric_is_documented,10327589,1653,1033,0,0,1.600567,1,GDP parsed from comma-formatted text to numeric. | GREVIO baseline publication year corrected to 2019 from official CoE page.
Sweden,SWE,2011,party,2011,2014.0,2014.0,,0,0,0,-3,-3,0.527,155.346,64.121,49356.59,59.5,0,0,1,1,1,1,1,1,1,1,1,9449000,2019,0,0,1.0,0.0,1,1,1,0,3.27,3.26,retained_legacy_not_independently_reimported,2019,0,excluded_until_researcher_coding_rubric_is_documented,10327589,1653,1033,0,0,1.600567,1,GDP parsed from comma-formatted text to numeric. | GREVIO baseline publication year corrected to 2019 from official CoE page.
Sweden,SWE,2012,party,2011,2014.0,2014.0,,0,0,0,-2,-2,0.44,148.012,62.493,48789.79,59.7,0,0,1,1,1,1,1,1,1,1,1,9519000,2019,0,0,1.0,0.0,1,1,1,0,3.25,3.28,retained_legacy_not_independently_reimported,2019,0,excluded_until_researcher_coding_rubric_is_documented,10327589,1653,1033,0,0,1.600567,1,GDP parsed from comma-formatted text to numeric. | GREVIO baseline publication year corrected to 2019 from official CoE page.
Sweden,SWE,2013,party,2011,2014.0,2014.0,,0,0,0,-1,-1,0.54,155.105,58.684,48928.5,60.1,0,0,1,1,1,1,1,1,1,1,1,9600000,2019,0,0,1.0,0.0,1,1,1,0,3.04,3.32,retained_legacy_not_independently_reimported,2019,0,excluded_until_researcher_coding_rubric_is_documented,10327589,1653,1033,0,0,1.600567,1,GDP parsed from comma-formatted text to numeric. | GREVIO baseline publication year corrected to 2019 from official CoE page.
Sweden,SWE,2014,party,2011,2014.0,2014.0,,1,1,1,0,0,0.515,174.394,64.91,49557.62,60.3,0,0,1,1,1,1,1,1,1,1,1,9696000,2019,0,0,1.0,0.0,1,1,1,0,2.86,3.36,retained_legacy_not_independently_reimported,2019,0,excluded_until_researcher_coding_rubric_is_documented,10327589,1653,1033,0,0,1.600567,1,GDP parsed from comma-formatted text to numeric. | GREVIO baseline publication year corrected to 2019 from official CoE page.
Sweden,SWE,2015,party,2011,2014.0,2014.0,,1,1,1,1,1,0.592,155.488,56.574,51188.17,60.6,0,0,1,1,1,1,1,1,1,1,1,9850000,2019,0,0,1.0,0.0,1,1,1,0,2.87,3.39,retained_legacy_not_independently_reimported,2019,0,excluded_until_researcher_coding_rubric_is_documented,10327589,1653,1033,0,0,1.600567,1,GDP parsed from comma-formatted text to numeric. | GREVIO baseline publication year corrected to 2019 from official CoE page.
Sweden,SWE,2016,party,2011,2014.0,2014.0,,1,1,1,2,2,0.586,178.177,63.598,51626.32,60.7,0,0,1,1,1,1,1,1,1,1,1,9995000,2019,0,0,1.0,0.0,1,1,1,0,2.84,3.33,retained_legacy_not_independently_reimported,2019,0,excluded_until_researcher_coding_rubric_is_documented,10327589,1653,1033,0,0,1.600567,1,GDP parsed from comma-formatted text to numeric. | GREVIO baseline publication year corrected to 2019 from official CoE page.
Sweden,SWE,2017,party,2011,2014.0,2014.0,,1,1,1,3,3,0.539,187.654,69.289,51894.37,61.0,0,0,1,1,1,1,1,1,1,1,1,10120000,2019,0,0,1.0,0.0,1,1,1,0,2.86,3.1,retained_legacy_not_independently_reimported,2019,0,excluded_until_researcher_coding_rubric_is_documented,10327589,1653,1033,0,0,1.600567,1,GDP parsed from comma-formatted text to numeric. | GREVIO baseline publication year corrected to 2019 from official CoE page.
Sweden,SWE,2018,party,2011,2014.0,2014.0,,1,1,1,4,4,0.652,189.398,74.444,52203.09,61.3,0,0,1,1,1,1,1,1,1,1,1,10183000,2019,0,0,1.0,0.0,1,1,1,0,2.85,3.04,retained_legacy_not_independently_reimported,2019,0,excluded_until_researcher_coding_rubric_is_documented,10327589,1653,1033,0,0,1.600567,1,GDP parsed from comma-formatted text to numeric. | GREVIO baseline publication year corrected to 2019 from official CoE page.
Sweden,SWE,2019,party,2011,2014.0,2014.0,,1,1,1,5,5,0.489,194.18,80.464,53024.41,61.3,0,0,1,1,1,1,1,1,1,1,1,10327000,2019,1,1,1.0,0.0,1,1,1,0,2.85,3.06,retained_legacy_not_independently_reimported,2019,1,excluded_until_researcher_coding_rubric_is_documented,10327589,1653,1033,0,0,1.600567,1,GDP parsed from comma-formatted text to numeric. | GREVIO baseline publication year corrected to 2019 from official CoE page.
Sweden,SWE,2020,party,2011,2014.0,2014.0,,1,1,1,6,6,0.486,204.217,85.805,51624.58,60.6,0,0,1,1,1,1,1,1,1,1,1,10353000,2019,1,1,1.0,0.0,1,1,1,0,2.85,3.01,retained_legacy_not_independently_reimported,2019,1,excluded_until_researcher_coding_rubric_is_documented,10327589,1653,1033,0,0,1.600567,1,GDP parsed from comma-formatted text to numeric. | GREVIO baseline publication year corrected to 2019 from official CoE page.
Sweden,SWE,2021,party,2011,2014.0,2014.0,,1,1,1,7,7,0.464,216.952,89.419,53997.13,60.7,0,0,1,1,1,1,1,1,1,1,1,10415000,2019,1,1,1.0,0.0,1,1,1,0,2.75,2.9,retained_legacy_not_independently_reimported,2019,1,excluded_until_researcher_coding_rubric_is_documented,10327589,1653,1033,0,0,1.600567,1,GDP parsed from comma-formatted text to numeric. | GREVIO baseline publication year corrected to 2019 from official CoE page.
Sweden,SWE,2022,party,2011,2014.0,2014.0,,1,1,1,8,8,0.442,199.669,86.094,54304.19,61.1,0,0,1,1,1,1,1,1,1,1,1,10521000,2019,1,1,1.0,0.0,1,1,1,0,2.2,2.37,retained_legacy_not_independently_reimported,2019,1,excluded_until_researcher_coding_rubric_is_documented,10327589,1653,1033,0,0,1.600567,1,GDP parsed from comma-formatted text to numeric. | GREVIO baseline publication year corrected to 2019 from official CoE page.
Sweden,SWE,2023,party,2011,2014.0,2014.0,,1,1,1,9,9,0.63,191.537,84.424,53937.8,61.7,0,0,1,1,1,1,1,0,0,0,0,10612000,2019,1,1,1.0,0.0,1,1,1,0,,,excluded_legacy_flagged_for_manual_review,2019,1,excluded_until_researcher_coding_rubric_is_documented,10327589,1653,1033,0,0,1.600567,1,GDP parsed from comma-formatted text to numeric. | WGI legacy value excluded because source file flagged this country-year for manual review. | GREVIO baseline publication year corrected to 2019 from official CoE page. | UNODC outcome values preserved from source dataset; not silently imputed or replaced.
Turkey,TUR,1990,denounced,2011,2012.0,2014.0,2021.0,0,0,0,-22,-24,,,,5188.18,33.9,0,0,0,1,0,0,0,0,0,0,0,53994000,2018,0,0,0.0,0.0,1,1,1,0,,,retained_legacy_not_independently_reimported,2018,0,excluded_until_researcher_coding_rubric_is_documented,83154997,3508,8315,4807,58,0.421863,0,GDP parsed from comma-formatted text to numeric.
Turkey,TUR,1991,denounced,2011,2012.0,2014.0,2021.0,0,0,0,-21,-23,,,,5134.42,34.0,0,0,0,1,0,0,0,0,0,0,0,55366000,2018,0,0,0.0,0.0,1,1,1,0,,,retained_legacy_not_independently_reimported,2018,0,excluded_until_researcher_coding_rubric_is_documented,83154997,3508,8315,4807,58,0.421863,0,GDP parsed from comma-formatted text to numeric.
Turkey,TUR,1992,denounced,2011,2012.0,2014.0,2021.0,0,0,0,-20,-22,,,,5301.81,32.6,0,0,0,1,0,0,0,0,0,0,0,56730000,2018,0,0,0.0,0.0,1,1,1,0,,,retained_legacy_not_independently_reimported,2018,0,excluded_until_researcher_coding_rubric_is_documented,83154997,3508,8315,4807,58,0.421863,0,GDP parsed from comma-formatted text to numeric.
Turkey,TUR,1993,denounced,2011,2012.0,2014.0,2021.0,0,0,0,-19,-21,,,,5609.85,26.7,0,0,0,1,0,0,0,0,0,0,0,58058000,2018,0,0,0.0,0.0,1,1,1,0,,,retained_legacy_not_independently_reimported,2018,0,excluded_until_researcher_coding_rubric_is_documented,83154997,3508,8315,4807,58,0.421863,0,GDP parsed from comma-formatted text to numeric.
Turkey,TUR,1994,denounced,2011,2012.0,2014.0,2021.0,0,0,0,-18,-20,,,,5255.8,31.1,0,0,0,1,0,0,0,0,0,0,0,59351000,2018,0,0,0.0,0.0,1,1,1,0,,,retained_legacy_not_independently_reimported,2018,0,excluded_until_researcher_coding_rubric_is_documented,83154997,3508,8315,4807,58,0.421863,0,GDP parsed from comma-formatted text to numeric.
Turkey,TUR,1995,denounced,2011,2012.0,2014.0,2021.0,0,0,0,-17,-19,,,,5577.83,30.8,0,0,0,1,0,0,0,0,0,0,0,60614000,2018,0,0,0.0,0.0,1,1,1,0,,,retained_legacy_not_independently_reimported,2018,0,excluded_until_researcher_coding_rubric_is_documented,83154997,3508,8315,4807,58,0.421863,0,GDP parsed from comma-formatted text to numeric.
Turkey,TUR,1996,denounced,2011,2012.0,2014.0,2021.0,0,0,0,-16,-18,,,,5887.67,30.5,0,0,0,1,0,0,0,1,0,0,0,61850000,2018,0,0,0.0,0.0,1,1,1,0,-0.13,-0.24,retained_legacy_not_independently_reimported,2018,0,excluded_until_researcher_coding_rubric_is_documented,83154997,3508,8315,4807,58,0.421863,0,GDP parsed from comma-formatted text to numeric.
Turkey,TUR,1997,denounced,2011,2012.0,2014.0,2021.0,0,0,0,-15,-17,,,,6230.19,28.7,0,0,0,1,0,0,0,0,0,0,0,63069000,2018,0,0,0.0,0.0,1,1,1,0,,,retained_legacy_not_independently_reimported,2018,0,excluded_until_researcher_coding_rubric_is_documented,83154997,3508,8315,4807,58,0.421863,0,GDP parsed from comma-formatted text to numeric.
Turkey,TUR,1998,denounced,2011,2012.0,2014.0,2021.0,0,0,0,-14,-16,,,,6261.29,29.2,0,0,0,1,0,0,0,1,0,0,0,64273000,2018,0,0,0.0,0.0,1,1,1,0,-0.53,-0.17,retained_legacy_not_independently_reimported,2018,0,excluded_until_researcher_coding_rubric_is_documented,83154997,3508,8315,4807,58,0.421863,0,GDP parsed from comma-formatted text to numeric.
Turkey,TUR,1999,denounced,2011,2012.0,2014.0,2021.0,0,0,0,-13,-15,,,,5989.56,29.9,0,0,0,1,0,0,0,0,0,0,0,65465000,2018,0,0,0.0,0.0,1,1,1,0,,,retained_legacy_not_independently_reimported,2018,0,excluded_until_researcher_coding_rubric_is_documented,83154997,3508,8315,4807,58,0.421863,0,GDP parsed from comma-formatted text to numeric.
Turkey,TUR,2000,denounced,2011,2012.0,2014.0,2021.0,0,0,0,-12,-14,,,,6326.26,26.5,0,0,0,1,0,0,0,1,0,0,0,64059000,2018,0,0,0.0,0.0,1,1,1,0,-0.03,-0.12,retained_legacy_not_independently_reimported,2018,0,excluded_until_researcher_coding_rubric_is_documented,83154997,3508,8315,4807,58,0.421863,0,GDP parsed from comma-formatted text to numeric.
Turkey,TUR,2001,denounced,2011,2012.0,2014.0,2021.0,0,0,0,-11,-13,,,,5906.92,27.1,0,0,0,1,0,0,0,0,0,0,0,65026000,2018,0,0,0.0,0.0,1,1,1,0,,,retained_legacy_not_independently_reimported,2018,0,excluded_until_researcher_coding_rubric_is_documented,83154997,3508,8315,4807,58,0.421863,0,GDP parsed from comma-formatted text to numeric.
Turkey,TUR,2002,denounced,2011,2012.0,2014.0,2021.0,0,0,0,-10,-12,,,,6211.71,27.9,0,0,0,1,0,0,0,1,0,0,0,65984000,2018,0,0,0.0,0.0,1,1,1,0,0.09,-0.14,retained_legacy_not_independently_reimported,2018,0,excluded_until_researcher_coding_rubric_is_documented,83154997,3508,8315,4807,58,0.421863,0,GDP parsed from comma-formatted text to numeric.
Turkey,TUR,2003,denounced,2011,2012.0,2014.0,2021.0,0,0,0,-9,-11,1.741,4.213,2.365,6496.07,26.5,0,0,0,1,1,0,0,1,1,0,0,66940000,2018,0,0,0.0,0.0,1,1,1,0,0.06,0.18,retained_legacy_not_independently_reimported,2018,0,excluded_until_researcher_coding_rubric_is_documented,83154997,3508,8315,4807,58,0.421863,0,GDP parsed from comma-formatted text to numeric.
Turkey,TUR,2004,denounced,2011,2012.0,2014.0,2021.0,0,0,0,-8,-10,1.772,4.218,2.388,7061.62,23.1,0,0,0,1,1,0,0,1,1,0,0,67861000,2018,0,0,0.0,0.0,1,1,1,0,-0.03,0.14,retained_legacy_not_independently_reimported,2018,0,excluded_until_researcher_coding_rubric_is_documented,83154997,3508,8315,4807,58,0.421863,0,GDP parsed from comma-formatted text to numeric.
Turkey,TUR,2005,denounced,2011,2012.0,2014.0,2021.0,0,0,0,-7,-9,1.759,4.356,2.443,7623.15,23.1,0,0,0,1,1,1,1,1,1,1,1,68748000,2018,0,0,0.0,0.0,1,1,1,0,0.25,0.2,retained_legacy_not_independently_reimported,2018,0,excluded_until_researcher_coding_rubric_is_documented,83154997,3508,8315,4807,58,0.421863,0,GDP parsed from comma-formatted text to numeric.
Turkey,TUR,2006,denounced,2011,2012.0,2014.0,2021.0,0,0,0,-6,-8,1.577,4.711,2.545,8078.52,23.4,0,0,0,1,1,1,1,1,1,1,1,69576000,2018,0,0,1.0,0.0,1,1,1,0,0.18,-0.01,retained_legacy_not_independently_reimported,2018,0,excluded_until_researcher_coding_rubric_is_documented,83154997,3508,8315,4807,58,0.421863,0,GDP parsed from comma-formatted text to numeric.
Turkey,TUR,2007,denounced,2011,2012.0,2014.0,2021.0,0,0,0,-5,-7,1.743,3.5,1.623,8477.53,23.4,0,0,0,1,1,1,1,1,1,1,1,70312000,2018,0,0,1.0,0.0,1,1,1,0,0.55,-0.06,retained_legacy_not_independently_reimported,2018,0,excluded_until_researcher_coding_rubric_is_documented,83154997,3508,8315,4807,58,0.421863,0,GDP parsed from comma-formatted text to numeric.
Turkey,TUR,2008,denounced,2011,2012.0,2014.0,2021.0,0,0,0,-4,-6,1.597,3.696,1.497,8447.94,24.3,0,0,0,1,1,1,1,1,1,1,1,70956000,2018,0,0,1.0,0.0,1,1,1,0,0.49,0.04,retained_legacy_not_independently_reimported,2018,0,excluded_until_researcher_coding_rubric_is_documented,83154997,3508,8315,4807,58,0.421863,0,GDP parsed from comma-formatted text to numeric.
Turkey,TUR,2009,denounced,2011,2012.0,2014.0,2021.0,0,0,0,-3,-5,,4.387,,7925.3,25.9,0,0,0,1,0,1,0,1,0,1,0,71517000,2018,0,0,1.0,0.0,1,1,1,0,0.49,0.08,retained_legacy_not_independently_reimported,2018,0,excluded_until_researcher_coding_rubric_is_documented,83154997,3508,8315,4807,58,0.421863,0,GDP parsed from comma-formatted text to numeric.
Turkey,TUR,2010,denounced,2011,2012.0,2014.0,2021.0,0,0,0,-2,-4,1.735,5.707,,8472.58,27.4,0,0,0,1,1,1,0,1,1,1,0,72752000,2018,0,0,1.0,0.0,1,1,1,0,0.54,0.08,retained_legacy_not_independently_reimported,2018,0,excluded_until_researcher_coding_rubric_is_documented,83154997,3508,8315,4807,58,0.421863,0,GDP parsed from comma-formatted text to numeric.
Turkey,TUR,2011,denounced,2011,2012.0,2014.0,2021.0,0,0,0,-1,-3,1.702,6.365,,9265.86,28.6,0,0,0,1,1,1,0,1,1,1,0,73723000,2018,0,0,1.0,0.0,1,1,1,0,0.62,0.03,retained_legacy_not_independently_reimported,2018,0,excluded_until_researcher_coding_rubric_is_documented,83154997,3508,8315,4807,58,0.421863,0,GDP parsed from comma-formatted text to numeric.
Turkey,TUR,2012,denounced,2011,2012.0,2014.0,2021.0,1,0,0,0,-2,1.617,7.35,,9588.32,29.4,0,0,0,1,1,1,0,1,1,1,0,74724000,2018,0,0,1.0,0.0,1,1,1,0,0.73,-0.06,retained_legacy_not_independently_reimported,2018,0,excluded_until_researcher_coding_rubric_is_documented,83154997,3508,8315,4807,58,0.421863,0,GDP parsed from comma-formatted text to numeric.
Turkey,TUR,2013,denounced,2011,2012.0,2014.0,2021.0,1,0,0,1,-1,,48.776,16.113,10269.45,30.6,0,0,0,1,0,1,1,1,0,1,1,75627000,2018,0,0,1.0,0.0,1,1,1,0,0.68,-0.01,retained_legacy_not_independently_reimported,2018,0,excluded_until_researcher_coding_rubric_is_documented,83154997,3508,8315,4807,58,0.421863,0,GDP parsed from comma-formatted text to numeric.
Turkey,TUR,2014,denounced,2011,2012.0,2014.0,2021.0,1,1,1,2,0,,53.435,15.435,10597.98,30.2,0,0,0,1,0,1,1,1,0,1,1,76668000,2018,0,0,1.0,0.0,1,1,1,0,0.67,-0.13,retained_legacy_not_independently_reimported,2018,0,excluded_until_researcher_coding_rubric_is_documented,83154997,3508,8315,4807,58,0.421863,0,GDP parsed from comma-formatted text to numeric.
Turkey,TUR,2015,denounced,2011,2012.0,2014.0,2021.0,1,1,1,3,1,1.032,,,11064.65,31.4,0,0,0,1,1,0,0,1,1,0,0,77696000,2018,0,0,1.0,0.0,1,1,1,0,0.35,-0.39,retained_legacy_not_independently_reimported,2018,0,excluded_until_researcher_coding_rubric_is_documented,83154997,3508,8315,4807,58,0.421863,0,GDP parsed from comma-formatted text to numeric.
Turkey,TUR,2016,denounced,2011,2012.0,2014.0,2021.0,1,1,1,4,2,1.083,,,11279.62,32.4,0,0,0,1,1,0,0,1,1,0,0,78741000,2018,0,0,1.0,0.0,1,1,1,0,0,-0.58,retained_legacy_not_independently_reimported,2018,0,excluded_until_researcher_coding_rubric_is_documented,83154997,3508,8315,4807,58,0.421863,0,GDP parsed from comma-formatted text to numeric.
Turkey,TUR,2017,denounced,2011,2012.0,2014.0,2021.0,1,1,1,5,3,1.023,,,12005.65,33.5,0,0,0,1,1,0,0,1,1,0,0,79814000,2018,0,0,1.0,0.0,1,1,1,0,0.03,-0.54,retained_legacy_not_independently_reimported,2018,0,excluded_until_researcher_coding_rubric_is_documented,83154997,3508,8315,4807,58,0.421863,0,GDP parsed from comma-formatted text to numeric.
Turkey,TUR,2018,denounced,2011,2012.0,2014.0,2021.0,1,1,1,6,4,0.947,,,12255.01,34.1,0,0,0,1,1,0,0,1,1,0,0,80811000,2018,1,1,1.0,0.0,1,1,1,0,-0.1,-0.66,retained_legacy_not_independently_reimported,2018,1,excluded_until_researcher_coding_rubric_is_documented,83154997,3508,8315,4807,58,0.421863,0,GDP parsed from comma-formatted text to numeric.
Turkey,TUR,2019,denounced,2011,2012.0,2014.0,2021.0,1,1,1,7,5,1.07,,,12238.3,34.3,0,0,0,1,1,0,0,1,1,0,0,82004000,2018,1,1,1.0,0.0,1,1,1,0,-0.02,-0.59,retained_legacy_not_independently_reimported,2018,1,excluded_until_researcher_coding_rubric_is_documented,83154997,3508,8315,4807,58,0.421863,0,GDP parsed from comma-formatted text to numeric.
Turkey,TUR,2020,denounced,2011,2012.0,2014.0,2021.0,1,1,1,8,6,0.897,,,12338.64,30.8,0,0,0,1,1,0,0,1,1,0,0,83155000,2018,1,1,1.0,0.0,1,1,1,0,-0.26,-0.71,retained_legacy_not_independently_reimported,2018,1,excluded_until_researcher_coding_rubric_is_documented,83154997,3508,8315,4807,58,0.421863,0,GDP parsed from comma-formatted text to numeric.
Turkey,TUR,2021,denounced,2011,2012.0,2014.0,2021.0,1,1,0,9,7,1.01,,,13670.94,32.8,1,0,0,1,1,0,0,1,1,0,0,84275000,2018,1,1,1.0,0.0,1,1,1,0,-0.19,-0.73,retained_legacy_not_independently_reimported,2018,1,excluded_until_researcher_coding_rubric_is_documented,83154997,3508,8315,4807,58,0.421863,0,GDP parsed from comma-formatted text to numeric.
Turkey,TUR,2022,denounced,2011,2012.0,2014.0,2021.0,1,1,0,10,8,1.07,,,14273.57,35.0,1,0,0,1,1,0,0,1,1,0,0,84776000,2018,1,1,1.0,0.0,1,1,1,0,-0.28,-0.64,retained_legacy_not_independently_reimported,2018,1,excluded_until_researcher_coding_rubric_is_documented,83154997,3508,8315,4807,58,0.421863,0,GDP parsed from comma-formatted text to numeric.
Turkey,TUR,2023,denounced,2011,2012.0,2014.0,2021.0,1,1,0,11,9,1.678,,,14932.89,35.8,1,0,0,1,1,0,0,1,1,0,0,85326000,2018,1,1,1.0,1.0,1,1,1,0,-0.17,-0.36,retained_legacy_not_independently_reimported,2018,1,excluded_until_researcher_coding_rubric_is_documented,83154997,3508,8315,4807,58,0.421863,0,GDP parsed from comma-formatted text to numeric. | UNODC outcome values preserved from source dataset; not silently imputed or replaced.
Ukraine,UKR,1990,party,2011,2022.0,2022.0,,0,0,0,-32,-32,2.788,,,3102.31,53.6,0,0,1,1,0,0,0,0,0,0,0,51891000,,0,0,0.0,0.0,1,1,1,0,,,retained_legacy_not_independently_reimported,,0,excluded_until_researcher_coding_rubric_is_documented,41732779,140,4173,4033,97,0.033547,0,GDP parsed from comma-formatted text to numeric.
Ukraine,UKR,1991,party,2011,2022.0,2022.0,,0,0,0,-31,-31,2.749,,,2826.06,53.5,0,0,1,1,0,0,0,0,0,0,0,51944000,,0,0,0.0,0.0,1,1,1,0,,,retained_legacy_not_independently_reimported,,0,excluded_until_researcher_coding_rubric_is_documented,41732779,140,4173,4033,97,0.033547,0,GDP parsed from comma-formatted text to numeric.
Ukraine,UKR,1992,party,2011,2022.0,2022.0,,0,0,0,-30,-30,3.215,,,2538.85,53.4,0,0,1,1,0,0,0,0,0,0,0,52057000,,0,0,0.0,0.0,1,1,1,0,,,retained_legacy_not_independently_reimported,,0,excluded_until_researcher_coding_rubric_is_documented,41732779,140,4173,4033,97,0.033547,0,GDP parsed from comma-formatted text to numeric.
Ukraine,UKR,1993,party,2011,2022.0,2022.0,,0,0,0,-29,-29,3.58,,,2177.23,53.4,0,0,1,1,0,0,0,0,0,0,0,52179000,,0,0,0.0,0.0,1,1,1,0,,,retained_legacy_not_independently_reimported,,0,excluded_until_researcher_coding_rubric_is_documented,41732779,140,4173,4033,97,0.033547,0,GDP parsed from comma-formatted text to numeric.
Ukraine,UKR,1994,party,2011,2022.0,2022.0,,0,0,0,-28,-28,4.042,,,1687.48,53.3,0,0,1,1,0,0,0,0,0,0,0,52114000,,0,0,0.0,0.0,1,1,1,0,,,retained_legacy_not_independently_reimported,,0,excluded_until_researcher_coding_rubric_is_documented,41732779,140,4173,4033,97,0.033547,0,GDP parsed from comma-formatted text to numeric.
Ukraine,UKR,1995,party,2011,2022.0,2022.0,,0,0,0,-27,-27,4.135,,,1493.38,53.2,0,0,1,1,0,0,0,0,0,0,0,51512000,,0,0,0.0,0.0,1,1,1,0,,,retained_legacy_not_independently_reimported,,0,excluded_until_researcher_coding_rubric_is_documented,41732779,140,4173,4033,97,0.033547,0,GDP parsed from comma-formatted text to numeric.
Ukraine,UKR,1996,party,2011,2022.0,2022.0,,0,0,0,-26,-26,4.897,,,1355.57,53.2,0,0,1,1,0,0,0,1,0,0,0,50874000,,0,0,0.0,0.0,1,1,1,0,-1.14,-1.4,retained_legacy_not_independently_reimported,,0,excluded_until_researcher_coding_rubric_is_documented,41732779,140,4173,4033,97,0.033547,0,GDP parsed from comma-formatted text to numeric.
Ukraine,UKR,1997,party,2011,2022.0,2022.0,,0,0,0,-25,-25,4.376,,,1326.28,53.1,0,0,1,1,0,0,0,0,0,0,0,50268000,,0,0,0.0,0.0,1,1,1,0,,,retained_legacy_not_independently_reimported,,0,excluded_until_researcher_coding_rubric_is_documented,41732779,140,4173,4033,97,0.033547,0,GDP parsed from comma-formatted text to numeric.
Ukraine,UKR,1998,party,2011,2022.0,2022.0,,0,0,0,-24,-24,4.438,,,1311.59,53.0,0,0,1,1,0,0,0,1,0,0,0,49918000,,0,0,0.0,0.0,1,1,1,0,-1.44,-1.67,retained_legacy_not_independently_reimported,,0,excluded_until_researcher_coding_rubric_is_documented,41732779,140,4173,4033,97,0.033547,0,GDP parsed from comma-formatted text to numeric.
Ukraine,UKR,1999,party,2011,2022.0,2022.0,,0,0,0,-23,-23,4.681,,,1319.53,53.0,0,0,1,1,0,0,0,0,0,0,0,49430000,,0,0,0.0,0.0,1,1,1,0,,,retained_legacy_not_independently_reimported,,0,excluded_until_researcher_coding_rubric_is_documented,41732779,140,4173,4033,97,0.033547,0,GDP parsed from comma-formatted text to numeric.
Ukraine,UKR,2000,party,2011,2022.0,2022.0,,0,0,0,-22,-22,4.947,,,1409.22,52.9,0,0,1,1,1,0,0,1,1,0,0,48663000,,0,0,0.0,0.0,1,1,1,0,-1.15,-1.86,retained_legacy_not_independently_reimported,,0,excluded_until_researcher_coding_rubric_is_documented,41732779,140,4173,4033,97,0.033547,0,GDP parsed from comma-formatted text to numeric.
Ukraine,UKR,2001,party,2011,2022.0,2022.0,,0,0,0,-21,-21,5.665,,,1547.28,52.9,0,0,1,1,1,0,0,0,0,0,0,48241000,,0,0,0.0,0.0,1,1,1,0,,,retained_legacy_not_independently_reimported,,0,excluded_until_researcher_coding_rubric_is_documented,41732779,140,4173,4033,97,0.033547,0,GDP parsed from comma-formatted text to numeric.
Ukraine,UKR,2002,party,2011,2022.0,2022.0,,0,0,0,-20,-20,5.058,,,1644.28,52.8,0,0,1,1,1,0,0,1,1,0,0,47886000,,0,0,0.0,0.0,1,1,1,0,-1.18,-1.43,retained_legacy_not_independently_reimported,,0,excluded_until_researcher_coding_rubric_is_documented,41732779,140,4173,4033,97,0.033547,0,GDP parsed from comma-formatted text to numeric.
Ukraine,UKR,2003,party,2011,2022.0,2022.0,,0,0,0,-19,-19,4.904,4.512,2.169,1814.26,52.8,0,0,1,1,1,0,0,1,1,0,0,47629000,,0,0,0.0,0.0,1,1,1,0,-1.15,-1.4,retained_legacy_not_independently_reimported,,0,excluded_until_researcher_coding_rubric_is_documented,41732779,140,4173,4033,97,0.033547,0,GDP parsed from comma-formatted text to numeric.
Ukraine,UKR,2004,party,2011,2022.0,2022.0,,0,0,0,-18,-18,4.328,4.143,2.009,2042.44,52.7,0,0,1,1,1,0,0,1,1,0,0,47401000,,0,0,0.0,0.0,1,1,1,0,-1.13,-1.32,retained_legacy_not_independently_reimported,,0,excluded_until_researcher_coding_rubric_is_documented,41732779,140,4173,4033,97,0.033547,0,GDP parsed from comma-formatted text to numeric.
Ukraine,UKR,2005,party,2011,2022.0,2022.0,,0,0,0,-17,-17,3.768,4.054,1.942,2122.6,52.6,0,0,1,1,1,1,1,1,1,1,1,47100000,,0,0,0.0,0.0,1,1,1,0,-1.14,-1.37,retained_legacy_not_independently_reimported,,0,excluded_until_researcher_coding_rubric_is_documented,41732779,140,4173,4033,97,0.033547,0,GDP parsed from comma-formatted text to numeric.
Ukraine,UKR,2006,party,2011,2022.0,2022.0,,0,0,0,-16,-16,3.592,4.471,2.1,2298.13,52.6,0,0,1,1,1,1,1,1,1,1,1,46788000,,0,0,0.0,0.0,1,1,1,0,-0.89,-1.4,retained_legacy_not_independently_reimported,,0,excluded_until_researcher_coding_rubric_is_documented,41732779,140,4173,4033,97,0.033547,0,GDP parsed from comma-formatted text to numeric.
Ukraine,UKR,2007,party,2011,2022.0,2022.0,,0,0,0,-15,-15,,4.033,1.866,2498.35,52.7,0,0,1,1,0,1,1,1,0,1,1,46509000,,0,0,0.0,0.0,1,1,1,0,-1.23,-1.27,retained_legacy_not_independently_reimported,,0,excluded_until_researcher_coding_rubric_is_documented,41732779,140,4173,4033,97,0.033547,0,GDP parsed from comma-formatted text to numeric.
Ukraine,UKR,2008,party,2011,2022.0,2022.0,,0,0,0,-14,-14,2.949,4.261,1.88,2567.69,52.4,0,0,1,1,1,1,1,1,1,1,1,46258000,,0,0,0.0,0.0,1,1,1,0,-1.34,-1.2,retained_legacy_not_independently_reimported,,0,excluded_until_researcher_coding_rubric_is_documented,41732779,140,4173,4033,97,0.033547,0,GDP parsed from comma-formatted text to numeric.
Ukraine,UKR,2009,party,2011,2022.0,2022.0,,0,0,0,-13,-13,2.825,3.642,1.626,2188.17,52.1,0,0,1,1,1,1,1,1,1,1,1,46053000,,0,0,0.0,0.0,1,1,1,0,-1.44,-1.34,retained_legacy_not_independently_reimported,,0,excluded_until_researcher_coding_rubric_is_documented,41732779,140,4173,4033,97,0.033547,0,GDP parsed from comma-formatted text to numeric.
Ukraine,UKR,2010,party,2011,2022.0,2022.0,,0,0,0,-12,-12,2.426,2.902,1.367,2285.93,51.8,0,0,1,1,1,1,1,1,1,1,1,45871000,,0,0,1.0,0.0,1,1,1,0,-1.4,-1.44,retained_legacy_not_independently_reimported,,0,excluded_until_researcher_coding_rubric_is_documented,41732779,140,4173,4033,97,0.033547,0,GDP parsed from comma-formatted text to numeric.
Ukraine,UKR,2011,party,2011,2022.0,2022.0,,0,0,0,-11,-11,,,,2418.12,51.5,0,0,1,1,0,0,0,1,0,0,0,45706000,,0,0,1.0,0.0,1,1,1,0,-1.48,-1.45,retained_legacy_not_independently_reimported,,0,excluded_until_researcher_coding_rubric_is_documented,41732779,140,4173,4033,97,0.033547,0,GDP parsed from comma-formatted text to numeric.
Ukraine,UKR,2012,party,2011,2022.0,2022.0,,0,0,0,-10,-10,,,,2426.93,51.2,0,0,1,1,0,0,0,1,0,0,0,45553000,,0,0,1.0,0.0,1,1,1,0,-1.01,-1.39,retained_legacy_not_independently_reimported,,0,excluded_until_researcher_coding_rubric_is_documented,41732779,140,4173,4033,97,0.033547,0,GDP parsed from comma-formatted text to numeric.
Ukraine,UKR,2013,party,2011,2022.0,2022.0,,0,0,0,-9,-9,,,,2432.42,50.9,0,0,1,1,0,0,0,1,0,0,0,45426000,,0,0,1.0,0.0,1,1,1,0,-1.13,-1.44,retained_legacy_not_independently_reimported,,0,excluded_until_researcher_coding_rubric_is_documented,41732779,140,4173,4033,97,0.033547,0,GDP parsed from comma-formatted text to numeric.
Ukraine,UKR,2014,party,2011,2022.0,2022.0,,0,0,0,-8,-8,,,,2308.64,50.6,0,0,1,1,0,0,0,1,0,0,0,42928000,,0,0,1.0,0.0,1,1,1,0,-0.68,-1.41,retained_legacy_not_independently_reimported,,0,excluded_until_researcher_coding_rubric_is_documented,41732779,140,4173,4033,97,0.033547,0,GDP parsed from comma-formatted text to numeric.
Ukraine,UKR,2015,party,2011,2022.0,2022.0,,0,0,0,-7,-7,,,,2094.47,50.4,0,0,1,1,0,0,0,1,0,0,0,42760000,,0,0,1.0,0.0,1,1,1,0,-0.93,-1.48,retained_legacy_not_independently_reimported,,0,excluded_until_researcher_coding_rubric_is_documented,41732779,140,4173,4033,97,0.033547,0,GDP parsed from comma-formatted text to numeric.
Ukraine,UKR,2016,party,2011,2022.0,2022.0,,0,0,0,-6,-6,,,,2156.08,50.1,0,0,1,1,0,0,0,1,0,0,0,42590000,,0,0,1.0,0.0,1,1,1,0,-1.03,-1.38,retained_legacy_not_independently_reimported,,0,excluded_until_researcher_coding_rubric_is_documented,41732779,140,4173,4033,97,0.033547,0,GDP parsed from comma-formatted text to numeric.
Ukraine,UKR,2017,party,2011,2022.0,2022.0,,0,0,0,-5,-5,1.9,1.792,0.539,2217.75,49.8,0,0,1,1,1,1,1,1,1,1,1,42414000,,0,0,1.0,0.0,1,1,1,0,-0.87,-1.28,retained_legacy_not_independently_reimported,,0,excluded_until_researcher_coding_rubric_is_documented,41732779,140,4173,4033,97,0.033547,0,GDP parsed from comma-formatted text to numeric.
Ukraine,UKR,2018,party,2011,2022.0,2022.0,,0,0,0,-4,-4,,1.763,0.431,2308.67,49.5,0,0,1,1,0,1,1,1,0,1,1,42153000,,0,0,1.0,0.0,1,1,1,0,-0.77,-1.29,retained_legacy_not_independently_reimported,,0,excluded_until_researcher_coding_rubric_is_documented,41732779,140,4173,4033,97,0.033547,0,GDP parsed from comma-formatted text to numeric.
Ukraine,UKR,2019,party,2011,2022.0,2022.0,,0,0,0,-3,-3,,1.602,0.774,2398.08,49.2,0,0,1,1,0,1,1,1,0,1,1,41764000,,0,0,1.0,0.0,1,1,1,0,-0.56,-1.26,retained_legacy_not_independently_reimported,,0,excluded_until_researcher_coding_rubric_is_documented,41732779,140,4173,4033,97,0.033547,0,GDP parsed from comma-formatted text to numeric.
Ukraine,UKR,2020,party,2011,2022.0,2022.0,,0,0,0,-2,-2,,1.558,0.837,2324.11,48.1,0,0,1,1,0,1,1,1,0,1,1,41420000,,0,0,1.0,0.0,1,1,1,0,-0.69,-1.2,retained_legacy_not_independently_reimported,,0,excluded_until_researcher_coding_rubric_is_documented,41732779,140,4173,4033,97,0.033547,0,GDP parsed from comma-formatted text to numeric.
Ukraine,UKR,2021,party,2011,2022.0,2022.0,,0,0,0,-1,-1,,,,2426.61,47.7,0,0,1,1,0,0,0,1,0,0,0,41168000,,0,0,1.0,0.0,1,1,1,0,-0.74,-1.15,retained_legacy_not_independently_reimported,,0,excluded_until_researcher_coding_rubric_is_documented,41732779,140,4173,4033,97,0.033547,0,GDP parsed from comma-formatted text to numeric.
Ukraine,UKR,2022,party,2011,2022.0,2022.0,,1,1,1,0,0,,,,1874.66,,0,0,1,1,0,0,0,0,0,0,0,43510000,,0,0,1.0,0.0,1,1,1,0,-0.7,-1.29,retained_legacy_not_independently_reimported,,0,excluded_until_researcher_coding_rubric_is_documented,41732779,140,4173,4033,97,0.033547,0,GDP parsed from comma-formatted text to numeric.
Ukraine,UKR,2023,party,2011,2022.0,2022.0,,1,1,1,1,1,,,,2164.26,,0,0,1,1,0,0,0,0,0,0,0,37000000,,0,0,1.0,0.0,1,1,1,0,-0.25,-0.62,retained_legacy_not_independently_reimported,,0,excluded_until_researcher_coding_rubric_is_documented,41732779,140,4173,4033,97,0.033547,0,GDP parsed from comma-formatted text to numeric. | UNODC outcome values preserved from source dataset; not silently imputed or replaced.
