country,iso3,year,convention_status_current,convention_signed_year,convention_ratified_year,convention_entry_into_force_year,convention_denounced_effective_year,treatment_main_ratification,post_entry_into_force,active_party_annual_approx,event_time_main_ratification_years,years_since_entry_into_force,outcome_primary_female_intentional_homicide_rate_per_100k,outcome_secondary_sexual_violence_rate_per_100k,outcome_secondary_rape_rate_per_100k,gdp_per_capita_constant_2015_usd,female_labor_force_participation_pct,turkey_post_denunciation_2021_onward,microstate_country,sample_exclude_turkey,sample_exclude_microstates,sample_primary_female_homicide_2000_2023,sample_secondary_sexual_violence_2005_2023,sample_secondary_rape_2005_2023,sample_core_controls_available,sample_primary_full_controls,sample_secondary_sv_full_controls,sample_secondary_rape_full_controls,population_total,grevio_report_year,grevio_report_available,sample_primary_grevio_available,wbl_dv_legislation,wbl_femicide_law,sample_wbl_dv_legislation,sample_wbl_femicide_law,ratified_by_2023,ratification_after_analysis_window,government_effectiveness_wgi,rule_of_law_wgi,wgi_value_status,grevio_baseline_report_year_verified,grevio_report_available_verified,grevio_score_status,wave_shelter_reference_population_2020,wave_shelter_existing_beds_2020,wave_shelter_beds_needed_ic_standard_2020,wave_shelter_beds_missing_2020,wave_shelter_pct_beds_missing_2020,wave_shelter_beds_per_10k_total_population_2020,wave_shelter_meets_ic_minimum_standard_2020,data_quality_note,male_intentional_homicide_rate_per_100k,total_intentional_homicide_rate_per_100k,female_ipf_homicide_rate_per_100k,male_ipf_homicide_rate_per_100k,female_ip_homicide_rate_per_100k,female_share_of_homicide_victims,log_female_male_homicide_ratio,unodc_subregion,post_socialist,convention_denunciation_year,treat_year_first_full_ratification,treat_year_first_full_eif,ever_ratified_verified,treatment_first_full_year_ratification,treatment_first_full_year_eif,treatment_ratification_nonabsorbing
Albania,ALB,1990,party,2011,2013.0,2014.0,,0,0,0,-23.0,-24.0,,,,1682.88,53.5,0,0,1,1,0,0,0,0,0,0,0,3286000,2017.0,0,0,0.0,0.0,1,1,1,0,,,retained_legacy_not_independently_reimported,2017.0,0,excluded_until_researcher_coding_rubric_is_documented,2845955.0,153.0,285.0,132.0,46.0,0.537605,0.0,GDP parsed from comma-formatted text to numeric.,,,,,,,,Southern Europe,1,,2014.0,2015.0,True,0,0,0
Albania,ALB,1991,party,2011,2013.0,2014.0,,0,0,0,-22.0,-23.0,,,,1218.96,59.1,0,0,1,1,0,0,0,0,0,0,0,3266000,2017.0,0,0,0.0,0.0,1,1,1,0,,,retained_legacy_not_independently_reimported,2017.0,0,excluded_until_researcher_coding_rubric_is_documented,2845955.0,153.0,285.0,132.0,46.0,0.537605,0.0,GDP parsed from comma-formatted text to numeric.,,,,,,,,Southern Europe,1,,2014.0,2015.0,True,0,0,0
Albania,ALB,1992,party,2011,2013.0,2014.0,,0,0,0,-21.0,-22.0,0.853,,,1138.24,60.4,0,0,1,1,0,0,0,0,0,0,0,3247000,2017.0,0,0,0.0,0.0,1,1,1,0,,,retained_legacy_not_independently_reimported,2017.0,0,excluded_until_researcher_coding_rubric_is_documented,2845955.0,153.0,285.0,132.0,46.0,0.537605,0.0,GDP parsed from comma-formatted text to numeric.,7.06623160609657,3.96039483308611,,,,0.10771247040474524,-2.114323057430088,Southern Europe,1,,2014.0,2015.0,True,0,0,0
Albania,ALB,1993,party,2011,2013.0,2014.0,,0,0,0,-20.0,-21.0,0.974,,,1254.68,58.6,0,0,1,1,0,0,0,0,0,0,0,3230000,2017.0,0,0,0.0,0.0,1,1,1,0,,,retained_legacy_not_independently_reimported,2017.0,0,excluded_until_researcher_coding_rubric_is_documented,2845955.0,153.0,285.0,132.0,46.0,0.537605,0.0,GDP parsed from comma-formatted text to numeric.,10.702133332681,5.82703558411989,,,,0.08341802652028779,-2.396787073820607,Southern Europe,1,,2014.0,2015.0,True,0,0,0
Albania,ALB,1994,party,2011,2013.0,2014.0,,0,0,0,-19.0,-20.0,0.73,,,1367.22,57.0,0,0,1,1,0,0,0,0,0,0,0,3214000,2017.0,0,0,0.0,0.0,1,1,1,0,,,retained_legacy_not_independently_reimported,2017.0,0,excluded_until_researcher_coding_rubric_is_documented,2845955.0,153.0,285.0,132.0,46.0,0.537605,0.0,GDP parsed from comma-formatted text to numeric.,6.14757940597785,3.42569506817668,,,,0.10614199515682787,-2.130769156656332,Southern Europe,1,,2014.0,2015.0,True,0,0,0
Albania,ALB,1995,party,2011,2013.0,2014.0,,0,0,0,-18.0,-19.0,1.584,,,1558.97,54.8,0,0,1,1,0,0,0,0,0,0,0,3201000,2017.0,0,0,0.0,0.0,1,1,1,0,,,retained_legacy_not_independently_reimported,2017.0,0,excluded_until_researcher_coding_rubric_is_documented,2845955.0,153.0,285.0,132.0,46.0,0.537605,0.0,GDP parsed from comma-formatted text to numeric.,14.4120338627127,7.94827910550865,,,,0.09902454655915414,-2.2081102491101072,Southern Europe,1,,2014.0,2015.0,True,0,0,0
Albania,ALB,1996,party,2011,2013.0,2014.0,,0,0,0,-17.0,-18.0,1.707,,,1683.77,53.4,0,0,1,1,0,0,0,1,0,0,0,3190000,2017.0,0,0,0.0,0.0,1,1,1,0,-1.17,-1.16,retained_legacy_not_independently_reimported,2017.0,0,excluded_until_researcher_coding_rubric_is_documented,2845955.0,153.0,285.0,132.0,46.0,0.537605,0.0,GDP parsed from comma-formatted text to numeric.,15.1973033506317,8.38037537919658,,,,0.10098020395121524,-2.1863805571580572,Southern Europe,1,,2014.0,2015.0,True,0,0,0
Albania,ALB,1997,party,2011,2013.0,2014.0,,0,0,0,-16.0,-17.0,10.812,,,1495.9,55.2,0,0,1,1,0,0,0,0,0,0,0,3194000,2017.0,0,0,0.0,0.0,1,1,1,0,,,retained_legacy_not_independently_reimported,2017.0,0,excluded_until_researcher_coding_rubric_is_documented,2845955.0,153.0,285.0,132.0,46.0,0.537605,0.0,GDP parsed from comma-formatted text to numeric.,72.6472448830627,41.3046638507867,,,,0.12954826053301852,-1.9049588377317535,Southern Europe,1,,2014.0,2015.0,True,0,0,0
Albania,ALB,1998,party,2011,2013.0,2014.0,,0,0,0,-15.0,-16.0,5.33,,,1630.44,53.7,0,0,1,1,0,0,0,1,0,0,0,3194000,2017.0,0,0,0.0,0.0,1,1,1,0,-1.25,-1.58,retained_legacy_not_independently_reimported,2017.0,0,excluded_until_researcher_coding_rubric_is_documented,2845955.0,153.0,285.0,132.0,46.0,0.537605,0.0,GDP parsed from comma-formatted text to numeric.,36.3157914751056,20.559899007284,,,,0.12798412063283965,-1.9189014353587133,Southern Europe,1,,2014.0,2015.0,True,0,0,0
Albania,ALB,1999,party,2011,2013.0,2014.0,,0,0,0,-14.0,-15.0,3.996,,,1841.81,51.8,0,0,1,1,0,0,0,0,0,0,0,3136000,2017.0,0,0,0.0,0.0,1,1,1,0,,,retained_legacy_not_independently_reimported,2017.0,0,excluded_until_researcher_coding_rubric_is_documented,2845955.0,153.0,285.0,132.0,46.0,0.537605,0.0,GDP parsed from comma-formatted text to numeric.,29.8965719451081,16.6844618578932,,,,0.1179019404745046,-2.012449962372163,Southern Europe,1,,2014.0,2015.0,True,0,0,0
Albania,ALB,2000,party,2011,2013.0,2014.0,,0,0,0,-13.0,-14.0,0.802,,,1991.91,50.8,0,0,1,1,1,0,0,1,1,0,0,3089000,2017.0,0,0,0.0,0.0,1,1,1,0,-1.56,-1.74,retained_legacy_not_independently_reimported,2017.0,0,excluded_until_researcher_coding_rubric_is_documented,2845955.0,153.0,285.0,132.0,46.0,0.537605,0.0,GDP parsed from comma-formatted text to numeric.,7.63370383752114,4.13752044085122,,,,0.09507209065742526,-2.2532198294963175,Southern Europe,1,,2014.0,2015.0,True,0,0,0
Albania,ALB,2001,party,2011,2013.0,2014.0,,0,0,0,-12.0,-13.0,2.417,,,2188.92,49.7,0,0,1,1,1,0,0,0,0,0,0,3060000,2017.0,0,0,0.0,0.0,1,1,1,0,,,retained_legacy_not_independently_reimported,2017.0,0,excluded_until_researcher_coding_rubric_is_documented,2845955.0,153.0,285.0,132.0,46.0,0.537605,0.0,GDP parsed from comma-formatted text to numeric.,11.7938090321681,6.98868960005159,,,,0.1700818014321909,-1.585047633778114,Southern Europe,1,,2014.0,2015.0,True,0,0,0
Albania,ALB,2002,party,2011,2013.0,2014.0,,0,0,0,-11.0,-12.0,2.431,,,2297.11,49.1,0,0,1,1,1,0,0,1,1,0,0,3051000,2017.0,0,0,0.0,0.0,1,1,1,0,-1.06,-1.3,retained_legacy_not_independently_reimported,2017.0,0,excluded_until_researcher_coding_rubric_is_documented,2845955.0,153.0,285.0,132.0,46.0,0.537605,0.0,GDP parsed from comma-formatted text to numeric.,11.5685631811849,6.89194828996724,,,,0.17364827520241558,-1.559988653301326,Southern Europe,1,,2014.0,2015.0,True,0,0,0
Albania,ALB,2003,party,2011,2013.0,2014.0,,0,0,0,-10.0,-11.0,1.318,,,2428.69,48.5,0,0,1,1,1,0,0,1,1,0,0,3022000,2017.0,0,0,0.0,0.0,1,1,1,0,-0.96,-1.22,retained_legacy_not_independently_reimported,2017.0,0,excluded_until_researcher_coding_rubric_is_documented,2845955.0,153.0,285.0,132.0,46.0,0.537605,0.0,GDP parsed from comma-formatted text to numeric.,9.50690315907836,5.32377619293878,,,,0.12175628554188521,-1.975902746969149,Southern Europe,1,,2014.0,2015.0,True,0,0,0
Albania,ALB,2004,party,2011,2013.0,2014.0,,0,0,0,-9.0,-10.0,1.202,,,2567.3,47.8,0,0,1,1,1,0,0,1,1,0,0,2999000,2017.0,0,0,0.0,0.0,1,1,1,0,-0.69,-1.19,retained_legacy_not_independently_reimported,2017.0,0,excluded_until_researcher_coding_rubric_is_documented,2845955.0,153.0,285.0,132.0,46.0,0.537605,0.0,GDP parsed from comma-formatted text to numeric.,7.37539613944108,4.22763729131083,,,,0.1401357685315353,-1.8141627784928516,Southern Europe,1,,2014.0,2015.0,True,0,0,0
Albania,ALB,2005,party,2011,2013.0,2014.0,,0,0,0,-8.0,-9.0,1.341,2.893,1.593,2712.87,47.2,0,0,1,1,1,1,1,1,1,1,1,2977000,2017.0,0,0,0.0,0.0,1,1,1,0,-1.19,-1.3,retained_legacy_not_independently_reimported,2017.0,0,excluded_until_researcher_coding_rubric_is_documented,2845955.0,153.0,285.0,132.0,46.0,0.537605,0.0,GDP parsed from comma-formatted text to numeric.,8.80671058103101,5.00624317533652,0.447013851682081,0.7945904283637,,0.13214803371577374,-1.8820983926051262,Southern Europe,1,,2014.0,2015.0,True,0,0,0
Albania,ALB,2006,party,2011,2013.0,2014.0,,0,0,0,-7.0,-8.0,1.483,2.852,1.311,2894.36,46.7,0,0,1,1,1,1,1,1,1,1,1,2948000,2017.0,0,0,0.0,0.0,1,1,1,0,-0.99,-1.2,retained_legacy_not_independently_reimported,2017.0,0,excluded_until_researcher_coding_rubric_is_documented,2845955.0,153.0,285.0,132.0,46.0,0.537605,0.0,GDP parsed from comma-formatted text to numeric.,4.7992737099119,3.11392865202781,0.902887078170351,0.599909213738988,,0.2360610295696265,-1.1743975328744507,Southern Europe,1,,2014.0,2015.0,True,0,0,0
Albania,ALB,2007,party,2011,2013.0,2014.0,,0,0,0,-6.0,-7.0,1.564,3.341,1.356,3105.88,46.1,0,0,1,1,1,1,1,1,1,1,1,2927000,2017.0,0,0,0.0,0.0,1,1,1,0,-0.73,-1.12,retained_legacy_not_independently_reimported,2017.0,0,excluded_until_researcher_coding_rubric_is_documented,2845955.0,153.0,285.0,132.0,46.0,0.537605,0.0,GDP parsed from comma-formatted text to numeric.,5.44074209035326,3.47350066343863,0.521471762792925,0.6716965543646,,0.22327731411466215,-1.2466688231091123,Southern Europe,1,,2014.0,2015.0,True,0,0,0
Albania,ALB,2008,party,2011,2013.0,2014.0,,0,0,0,-5.0,-6.0,1.253,2.539,1.303,3345.98,45.5,0,0,1,1,1,1,1,1,1,1,1,2893000,2017.0,0,0,1.0,0.0,1,1,1,0,-0.63,-1.02,retained_legacy_not_independently_reimported,2017.0,0,excluded_until_researcher_coding_rubric_is_documented,2845955.0,153.0,285.0,132.0,46.0,0.537605,0.0,GDP parsed from comma-formatted text to numeric.,5.01298974030681,3.10732240524797,0.329648848157477,0.474201732191185,,0.19996840913094882,-1.3864918157479083,Southern Europe,1,,2014.0,2015.0,True,0,0,0
Albania,ALB,2009,party,2011,2013.0,2014.0,,0,0,0,-4.0,-5.0,0.467,2.803,1.148,3459.25,46.0,0,0,1,1,1,1,1,1,1,1,1,2876000,2017.0,0,0,1.0,0.0,1,1,1,0,-0.43,-0.84,retained_legacy_not_independently_reimported,2017.0,0,excluded_until_researcher_coding_rubric_is_documented,2845955.0,153.0,285.0,132.0,46.0,0.537605,0.0,GDP parsed from comma-formatted text to numeric.,5.33251294672614,2.87018701294404,0.467054477567874,0.273462202396213,,0.08052400335852762,-2.43524862056417,Southern Europe,1,,2014.0,2015.0,True,0,0,0
Albania,ALB,2010,party,2011,2013.0,2014.0,,0,0,0,-3.0,-4.0,0.743,2.697,0.819,3579.82,46.8,0,0,1,1,1,1,1,1,1,1,1,2862000,2017.0,0,0,1.0,0.0,1,1,1,0,-0.47,-0.66,retained_legacy_not_independently_reimported,2017.0,0,excluded_until_researcher_coding_rubric_is_documented,2845955.0,153.0,285.0,132.0,46.0,0.537605,0.0,GDP parsed from comma-formatted text to numeric.,7.45588086054672,4.06320641959299,1.01337622842311,0.345179669469756,,0.09062212424324155,-2.3060623325160754,Southern Europe,1,,2014.0,2015.0,True,0,0,0
Albania,ALB,2011,party,2011,2013.0,2014.0,,0,0,0,-2.0,-3.0,1.224,1.511,0.756,3677.89,52.6,0,0,1,1,1,1,1,1,1,1,1,2846000,2017.0,0,0,1.0,0.0,1,1,1,0,-0.34,-0.75,retained_legacy_not_independently_reimported,2017.0,0,excluded_until_researcher_coding_rubric_is_documented,2845955.0,153.0,285.0,132.0,46.0,0.537605,0.0,GDP parsed from comma-formatted text to numeric.,8.60577134951334,4.87720435898422,1.08798352792939,0.832816582210968,,0.12451968173813104,-1.950308881243751,Southern Europe,1,,2014.0,2015.0,True,0,0,0
Albania,ALB,2012,party,2011,2013.0,2014.0,,0,0,0,-1.0,-2.0,1.769,1.512,0.825,3771.85,48.9,0,0,1,1,1,1,1,1,1,1,1,2816000,2017.0,0,0,1.0,0.0,1,1,1,0,-0.46,-0.88,retained_legacy_not_independently_reimported,2017.0,0,excluded_until_researcher_coding_rubric_is_documented,2845955.0,153.0,285.0,132.0,46.0,0.537605,0.0,GDP parsed from comma-formatted text to numeric.,9.09707376303234,5.39518158737926,0.952393586173422,0.972206356354601,,0.16280029370114768,-1.6375383821302645,Southern Europe,1,,2014.0,2015.0,True,0,0,0
Albania,ALB,2013,party,2011,2013.0,2014.0,,1,0,0,0.0,-1.0,1.362,2.992,1.341,3895.9,43.8,0,0,1,1,1,1,1,1,1,1,1,2774000,2017.0,0,0,1.0,0.0,1,1,1,0,-0.55,-0.88,retained_legacy_not_independently_reimported,2017.0,0,excluded_until_researcher_coding_rubric_is_documented,2845955.0,153.0,285.0,132.0,46.0,0.537605,0.0,GDP parsed from comma-formatted text to numeric.,7.22848691087832,4.26472598705621,1.15739125373046,0.764551500189053,,0.15854747398255972,-1.6690755272714486,Southern Europe,1,,2014.0,2015.0,True,0,0,1
Albania,ALB,2014,party,2011,2013.0,2014.0,,1,1,1,1.0,0.0,0.818,3.341,1.412,4045.12,44.0,0,0,1,1,1,1,1,1,1,1,1,2728000,2017.0,0,0,1.0,0.0,1,1,1,0,-0.08,-0.53,retained_legacy_not_independently_reimported,2017.0,0,excluded_until_researcher_coding_rubric_is_documented,2845955.0,153.0,285.0,132.0,46.0,0.537605,0.0,GDP parsed from comma-formatted text to numeric.,8.49069242640675,4.6147231364138,0.681718093207225,0.835150074728533,,0.08787485529971005,-2.3398634972576366,Southern Europe,1,,2014.0,2015.0,True,1,0,1
Albania,ALB,2015,party,2011,2013.0,2014.0,,1,1,1,2.0,1.0,1.093,5.14,2.449,4199.54,47.1,0,0,1,1,1,1,1,1,1,1,1,2880000,2017.0,0,0,1.0,0.0,1,1,1,0,0.06,-0.54,retained_legacy_not_independently_reimported,2017.0,0,excluded_until_researcher_coding_rubric_is_documented,2845955.0,153.0,285.0,132.0,46.0,0.537605,0.0,GDP parsed from comma-formatted text to numeric.,3.34634807109177,2.20793808941597,0.682951648730649,0.697155848144119,0.614656483857584,0.24620732199788928,-1.118943413988521,Southern Europe,1,,2014.0,2015.0,True,1,1,1
Albania,ALB,2016,party,2011,2013.0,2014.0,,1,1,1,3.0,2.0,1.161,4.141,1.518,4431.56,49.9,0,0,1,1,1,1,1,1,1,1,1,2876000,2017.0,0,0,1.0,0.0,1,1,1,0,0.06,-0.54,retained_legacy_not_independently_reimported,2017.0,0,excluded_until_researcher_coding_rubric_is_documented,2845955.0,153.0,285.0,132.0,46.0,0.537605,0.0,GDP parsed from comma-formatted text to numeric.,4.32316494722078,2.72614352662554,1.02477775986314,0.348642334453289,0.546548138593677,0.21170041586520152,-1.3147060579718266,Southern Europe,1,,2014.0,2015.0,True,1,1,1
Albania,ALB,2017,party,2011,2013.0,2014.0,,1,1,1,4.0,3.0,0.888,3.899,1.484,4648.23,49.7,0,0,1,1,1,1,1,1,1,1,1,2873000,2017.0,1,1,1.0,0.0,1,1,1,0,0.18,-0.7,retained_legacy_not_independently_reimported,2017.0,1,excluded_until_researcher_coding_rubric_is_documented,2845955.0,153.0,285.0,132.0,46.0,0.537605,0.0,GDP parsed from comma-formatted text to numeric.,3.13710836687716,2.00121280396654,0.751468523203811,0.20914055779181,0.341576601456278,0.22061517829119862,-1.2620850093507077,Southern Europe,1,,2014.0,2015.0,True,1,1,1
Albania,ALB,2018,party,2011,2013.0,2014.0,,1,1,1,5.0,4.0,1.026,3.766,1.451,4893.82,51.4,0,0,1,1,1,1,1,1,1,1,1,2866000,2017.0,1,1,1.0,0.0,1,1,1,0,0.15,-0.7,retained_legacy_not_independently_reimported,2017.0,1,excluded_until_researcher_coding_rubric_is_documented,2845955.0,153.0,285.0,132.0,46.0,0.537605,0.0,GDP parsed from comma-formatted text to numeric.,3.56003297567799,2.28039848927055,,,0.273661453415979,0.22372276986262143,-1.2441020609033577,Southern Europe,1,,2014.0,2015.0,True,1,1,1
Albania,ALB,2019,party,2011,2013.0,2014.0,,1,1,1,6.0,5.0,0.892,5.338,2.669,5072.44,52.9,0,0,1,1,1,1,1,1,1,1,1,2855000,2017.0,1,1,1.0,0.0,1,1,1,0,-0.1,-0.72,retained_legacy_not_independently_reimported,2017.0,1,excluded_until_researcher_coding_rubric_is_documented,2845955.0,153.0,285.0,132.0,46.0,0.537605,0.0,GDP parsed from comma-formatted text to numeric.,3.64102567693319,2.25302550996799,0.823700329583094,0.350098622782038,,0.19677806030066014,-1.4065545677356743,Southern Europe,1,,2014.0,2015.0,True,1,1,1
Albania,ALB,2020,party,2011,2013.0,2014.0,,1,1,1,7.0,6.0,0.62,5.049,2.263,4980.62,52.3,0,0,1,1,1,1,1,1,1,1,1,2837000,2017.0,1,1,1.0,0.0,1,1,1,0,-0.25,-0.63,retained_legacy_not_independently_reimported,2017.0,1,excluded_until_researcher_coding_rubric_is_documented,2845955.0,153.0,285.0,132.0,46.0,0.537605,0.0,GDP parsed from comma-formatted text to numeric.,3.65834826279463,2.12398982086583,,,,0.14491573895272708,-1.7750475521739384,Southern Europe,1,,2014.0,2015.0,True,1,1,1
Albania,ALB,2021,party,2011,2013.0,2014.0,,1,1,1,8.0,7.0,0.833,4.737,2.281,5511.76,52.5,0,0,1,1,1,1,1,1,1,1,1,2811000,2017.0,1,1,1.0,0.0,1,1,1,0,-0.05,-0.47,retained_legacy_not_independently_reimported,2017.0,1,excluded_until_researcher_coding_rubric_is_documented,2845955.0,153.0,285.0,132.0,46.0,0.537605,0.0,GDP parsed from comma-formatted text to numeric.,3.83072589772884,2.31608568885389,,,,0.17861255534028225,-1.5257759514825326,Southern Europe,1,,2014.0,2015.0,True,1,1,1
Albania,ALB,2022,party,2011,2013.0,2014.0,,1,1,1,9.0,8.0,0.56,5.977,2.016,5867.65,56.4,0,0,1,1,1,1,1,1,1,1,1,2777000,2017.0,1,1,1.0,0.0,1,1,1,0,0.09,-0.23,retained_legacy_not_independently_reimported,2017.0,1,excluded_until_researcher_coding_rubric_is_documented,2845955.0,153.0,285.0,132.0,46.0,0.537605,0.0,GDP parsed from comma-formatted text to numeric.,2.86068397523506,1.6975478920699,,,,0.16370994925408694,-1.63087924367247,Southern Europe,1,,2014.0,2015.0,True,1,1,1
Albania,ALB,2023,party,2011,2013.0,2014.0,,1,1,1,10.0,9.0,0.844,4.766,1.778,6198.17,58.0,0,0,1,1,1,1,1,1,1,1,1,2745000,2017.0,1,1,1.0,0.0,1,1,1,0,0.18,-0.11,retained_legacy_not_independently_reimported,2017.0,1,excluded_until_researcher_coding_rubric_is_documented,2845955.0,153.0,285.0,132.0,46.0,0.537605,0.0,GDP parsed from comma-formatted text to numeric. | UNODC outcome values preserved from source dataset; not silently imputed or replaced.,1.94230002132933,1.38708340817063,,,,0.3029106677454396,-0.8334756332236108,Southern Europe,1,,2014.0,2015.0,True,1,1,1
Andorra,AND,1990,party,2013,2014.0,2014.0,,0,0,0,-24.0,-24.0,,,,31143.16,,0,1,1,0,0,0,0,0,0,0,0,54000,,0,0,,,0,0,1,0,,,retained_legacy_not_independently_reimported,,0,excluded_until_researcher_coding_rubric_is_documented,,,,,,,,GDP parsed from comma-formatted text to numeric.,,,,,,,,Southern Europe,0,,2015.0,2015.0,True,0,0,0
Andorra,AND,1991,party,2013,2014.0,2014.0,,0,0,0,-23.0,-23.0,,,,29642.32,,0,1,1,0,0,0,0,0,0,0,0,57000,,0,0,,,0,0,1,0,,,retained_legacy_not_independently_reimported,,0,excluded_until_researcher_coding_rubric_is_documented,,,,,,,,GDP parsed from comma-formatted text to numeric.,,,,,,,,Southern Europe,0,,2015.0,2015.0,True,0,0,0
Andorra,AND,1992,party,2013,2014.0,2014.0,,0,0,0,-22.0,-22.0,,,,28161.96,,0,1,1,0,0,0,0,0,0,0,0,59000,,0,0,,,0,0,1,0,,,retained_legacy_not_independently_reimported,,0,excluded_until_researcher_coding_rubric_is_documented,,,,,,,,GDP parsed from comma-formatted text to numeric.,,,,,,,,Southern Europe,0,,2015.0,2015.0,True,0,0,0
Andorra,AND,1993,party,2013,2014.0,2014.0,,0,0,0,-21.0,-21.0,,,,26518.25,,0,1,1,0,0,0,0,0,0,0,0,61000,,0,0,,,0,0,1,0,,,retained_legacy_not_independently_reimported,,0,excluded_until_researcher_coding_rubric_is_documented,,,,,,,,GDP parsed from comma-formatted text to numeric.,,,,,,,,Southern Europe,0,,2015.0,2015.0,True,0,0,0
Andorra,AND,1994,party,2013,2014.0,2014.0,,0,0,0,-20.0,-20.0,,,,26587.15,,0,1,1,0,0,0,0,0,0,0,0,63000,,0,0,,,0,0,1,0,,,retained_legacy_not_independently_reimported,,0,excluded_until_researcher_coding_rubric_is_documented,,,,,,,,GDP parsed from comma-formatted text to numeric.,,,,,,,,Southern Europe,0,,2015.0,2015.0,True,0,0,0
Andorra,AND,1995,party,2013,2014.0,2014.0,,0,0,0,-19.0,-19.0,,,,27619.52,,0,1,1,0,0,0,0,0,0,0,0,64000,,0,0,,,0,0,1,0,,,retained_legacy_not_independently_reimported,,0,excluded_until_researcher_coding_rubric_is_documented,,,,,,,,GDP parsed from comma-formatted text to numeric.,,,,,,,,Southern Europe,0,,2015.0,2015.0,True,0,0,0
Andorra,AND,1996,party,2013,2014.0,2014.0,,0,0,0,-18.0,-18.0,,,,28871.23,,0,1,1,0,0,0,0,0,0,0,0,65000,,0,0,,,0,0,1,0,2.4,1.97,retained_legacy_not_independently_reimported,,0,excluded_until_researcher_coding_rubric_is_documented,,,,,,,,GDP parsed from comma-formatted text to numeric.,,,,,,,,Southern Europe,0,,2015.0,2015.0,True,0,0,0
Andorra,AND,1997,party,2013,2014.0,2014.0,,0,0,0,-17.0,-17.0,,,,31140.7,,0,1,1,0,0,0,0,0,0,0,0,66000,,0,0,,,0,0,1,0,,,retained_legacy_not_independently_reimported,,0,excluded_until_researcher_coding_rubric_is_documented,,,,,,,,GDP parsed from comma-formatted text to numeric.,,,,,,,,Southern Europe,0,,2015.0,2015.0,True,0,0,0
Andorra,AND,1998,party,2013,2014.0,2014.0,,0,0,0,-16.0,-16.0,,,,31800.38,,0,1,1,0,0,0,0,0,0,0,0,67000,,0,0,,,0,0,1,0,2.39,2.0,retained_legacy_not_independently_reimported,,0,excluded_until_researcher_coding_rubric_is_documented,,,,,,,,GDP parsed from comma-formatted text to numeric.,,,,,,,,Southern Europe,0,,2015.0,2015.0,True,0,0,0
Andorra,AND,1999,party,2013,2014.0,2014.0,,0,0,0,-15.0,-15.0,,,,32938.66,,0,1,1,0,0,0,0,0,0,0,0,68000,,0,0,,,0,0,1,0,,,retained_legacy_not_independently_reimported,,0,excluded_until_researcher_coding_rubric_is_documented,,,,,,,,GDP parsed from comma-formatted text to numeric.,,,,,,,,Southern Europe,0,,2015.0,2015.0,True,0,0,0
Andorra,AND,2000,party,2013,2014.0,2014.0,,0,0,0,-14.0,-14.0,,,,34113.83,,0,1,1,0,0,0,0,0,0,0,0,67000,,0,0,,,0,0,1,0,2.35,2.19,retained_legacy_not_independently_reimported,,0,excluded_until_researcher_coding_rubric_is_documented,,,,,,,,GDP parsed from comma-formatted text to numeric.,,,,,,,,Southern Europe,0,,2015.0,2015.0,True,0,0,0
Andorra,AND,2001,party,2013,2014.0,2014.0,,0,0,0,-13.0,-13.0,,,,36790.12,,0,1,1,0,0,0,0,0,0,0,0,68000,,0,0,,,0,0,1,0,,,retained_legacy_not_independently_reimported,,0,excluded_until_researcher_coding_rubric_is_documented,,,,,,,,GDP parsed from comma-formatted text to numeric.,,,,,,,,Southern Europe,0,,2015.0,2015.0,True,0,0,0
Andorra,AND,2002,party,2013,2014.0,2014.0,,0,0,0,-12.0,-12.0,,,,38084.5,,0,1,1,0,0,0,0,0,0,0,0,69000,,0,0,,,0,0,1,0,2.33,2.08,retained_legacy_not_independently_reimported,,0,excluded_until_researcher_coding_rubric_is_documented,,,,,,,,GDP parsed from comma-formatted text to numeric.,,,,,,,,Southern Europe,0,,2015.0,2015.0,True,0,0,0
Andorra,AND,2003,party,2013,2014.0,2014.0,,0,0,0,-11.0,-11.0,,,,39620.34,,0,1,1,0,0,0,0,0,0,0,0,70000,,0,0,,,0,0,1,0,2.29,1.8,retained_legacy_not_independently_reimported,,0,excluded_until_researcher_coding_rubric_is_documented,,,,,,,,GDP parsed from comma-formatted text to numeric.,,,,,,,,Southern Europe,0,,2015.0,2015.0,True,0,0,0
Andorra,AND,2004,party,2013,2014.0,2014.0,,0,0,0,-10.0,-10.0,,,,40054.34,,0,1,1,0,0,0,0,0,0,0,0,73000,,0,0,,,0,0,1,0,2.56,2.03,retained_legacy_not_independently_reimported,,0,excluded_until_researcher_coding_rubric_is_documented,,,,,,,,GDP parsed from comma-formatted text to numeric.,,1.34544231416078,,,,,,Southern Europe,0,,2015.0,2015.0,True,0,0,0
Andorra,AND,2005,party,2013,2014.0,2014.0,,0,0,0,-9.0,-9.0,,,,40528.19,,0,1,1,0,0,0,0,0,0,0,0,76000,,0,0,,,0,0,1,0,2.19,1.64,retained_legacy_not_independently_reimported,,0,excluded_until_researcher_coding_rubric_is_documented,,,,,,,,GDP parsed from comma-formatted text to numeric.,,,,,,,,Southern Europe,0,,2015.0,2015.0,True,0,0,0
Andorra,AND,2006,party,2013,2014.0,2014.0,,0,0,0,-8.0,-8.0,,,,41322.07,,0,1,1,0,0,0,0,0,0,0,0,79000,,0,0,,,0,0,1,0,2.62,1.45,retained_legacy_not_independently_reimported,,0,excluded_until_researcher_coding_rubric_is_documented,,,,,,,,GDP parsed from comma-formatted text to numeric.,,,,,,,,Southern Europe,0,,2015.0,2015.0,True,0,0,0
Andorra,AND,2007,party,2013,2014.0,2014.0,,0,0,0,-7.0,-7.0,0.0,12.213,2.443,40789.18,,0,1,1,0,1,1,1,0,0,0,0,81000,,0,0,,,0,0,1,0,2.55,1.99,retained_legacy_not_independently_reimported,,0,excluded_until_researcher_coding_rubric_is_documented,,,,,,,,GDP parsed from comma-formatted text to numeric.,0.0,0.0,0.0,0.0,,,,Southern Europe,0,,2015.0,2015.0,True,0,0,0
Andorra,AND,2008,party,2013,2014.0,2014.0,,0,0,0,-6.0,-6.0,2.511,17.965,2.395,37775.14,,0,1,1,0,1,1,1,0,0,0,0,82000,,0,0,,,0,0,1,0,2.6,2.02,retained_legacy_not_independently_reimported,,0,excluded_until_researcher_coding_rubric_is_documented,,,,,,,,GDP parsed from comma-formatted text to numeric.,0.0,1.19768367976334,2.51126932107834,0.0,0.0,1.0,,Southern Europe,0,,2015.0,2015.0,True,0,0,0
Andorra,AND,2009,party,2013,2014.0,2014.0,,0,0,0,-5.0,-5.0,0.0,7.152,0.0,35604.4,,0,1,1,0,1,1,1,0,0,0,0,82000,,0,0,,,0,0,1,0,2.61,2.07,retained_legacy_not_independently_reimported,,0,excluded_until_researcher_coding_rubric_is_documented,,,,,,,,GDP parsed from comma-formatted text to numeric.,0.0,0.0,2.49236712567761,0.0,2.49236712567761,,,Southern Europe,0,,2015.0,2015.0,True,0,0,0
Andorra,AND,2010,party,2013,2014.0,2014.0,,0,0,0,-4.0,-4.0,0.0,12.391,1.239,36277.28,,0,1,1,0,1,1,1,0,0,0,0,82000,,0,0,,,0,0,1,0,2.57,2.04,retained_legacy_not_independently_reimported,,0,excluded_until_researcher_coding_rubric_is_documented,,,,,,,,GDP parsed from comma-formatted text to numeric.,0.0,0.0,0.0,2.40341284624166,0.0,,,Southern Europe,0,,2015.0,2015.0,True,0,0,0
Andorra,AND,2011,party,2013,2014.0,2014.0,,0,0,0,-3.0,-3.0,0.0,21.856,2.571,37637.5,,0,1,1,0,1,1,1,0,0,0,0,80000,,0,0,,,0,0,1,0,2.55,2.38,retained_legacy_not_independently_reimported,,0,excluded_until_researcher_coding_rubric_is_documented,,,,,,,,GDP parsed from comma-formatted text to numeric.,2.52003427246611,1.28562796497949,0.0,0.0,0.0,0.0,,Southern Europe,0,,2015.0,2015.0,True,0,0,0
Andorra,AND,2012,party,2013,2014.0,2014.0,,0,0,0,-2.0,-2.0,0.0,23.427,6.508,36207.0,,0,1,1,0,1,1,1,0,0,0,0,78000,,0,0,,,0,0,1,0,2.59,2.38,retained_legacy_not_independently_reimported,,0,excluded_until_researcher_coding_rubric_is_documented,,,,,,,,GDP parsed from comma-formatted text to numeric.,0.0,0.0,0.0,0.0,0.0,,,Southern Europe,0,,2015.0,2015.0,True,0,0,0
Andorra,AND,2013,party,2013,2014.0,2014.0,,0,0,0,-1.0,-1.0,0.0,23.938,3.99,35684.19,,0,1,1,0,1,1,1,0,0,0,0,76000,,0,0,,,0,0,1,0,2.61,2.38,retained_legacy_not_independently_reimported,,0,excluded_until_researcher_coding_rubric_is_documented,,,,,,,,GDP parsed from comma-formatted text to numeric.,0.0,0.0,0.0,0.0,0.0,,,Southern Europe,0,,2015.0,2015.0,True,0,0,0
Andorra,AND,2014,party,2013,2014.0,2014.0,,1,1,1,0.0,0.0,0.0,21.699,8.137,37300.64,,0,1,1,0,1,1,1,0,0,0,0,74000,,0,0,,,0,0,1,0,2.91,2.79,retained_legacy_not_independently_reimported,,0,excluded_until_researcher_coding_rubric_is_documented,,,,,,,,GDP parsed from comma-formatted text to numeric.,0.0,0.0,0.0,0.0,0.0,,,Southern Europe,0,,2015.0,2015.0,True,0,0,1
Andorra,AND,2015,party,2013,2014.0,2014.0,,1,1,1,1.0,1.0,0.0,15.241,1.386,38654.95,,0,1,1,0,1,1,1,0,0,0,0,72000,,0,0,,,0,0,1,0,2.97,2.59,retained_legacy_not_independently_reimported,,0,excluded_until_researcher_coding_rubric_is_documented,,,,,,,,GDP parsed from comma-formatted text to numeric.,0.0,0.0,0.0,0.0,0.0,,,Southern Europe,0,,2015.0,2015.0,True,1,1,1
Andorra,AND,2016,party,2013,2014.0,2014.0,,1,1,1,2.0,2.0,,24.937,2.771,40085.04,,0,1,1,0,0,1,1,0,0,0,0,72000,,0,0,,,0,0,1,0,3.08,2.59,retained_legacy_not_independently_reimported,,0,excluded_until_researcher_coding_rubric_is_documented,,,,,,,,GDP parsed from comma-formatted text to numeric.,,,,,,,,Southern Europe,0,,2015.0,2015.0,True,1,1,1
Andorra,AND,2017,party,2013,2014.0,2014.0,,1,1,1,3.0,3.0,,27.114,4.067,39361.08,,0,1,1,0,0,1,1,0,0,0,0,73000,,0,0,,,0,0,1,0,3.21,2.63,retained_legacy_not_independently_reimported,,0,excluded_until_researcher_coding_rubric_is_documented,,,,,,,,GDP parsed from comma-formatted text to numeric.,,,,,,,,Southern Europe,0,,2015.0,2015.0,True,1,1,1
Andorra,AND,2018,party,2013,2014.0,2014.0,,1,1,1,4.0,4.0,,34.592,2.661,39242.16,,0,1,1,0,0,1,1,0,0,0,0,77000,,0,0,,,0,0,1,0,3.21,2.63,retained_legacy_not_independently_reimported,,0,excluded_until_researcher_coding_rubric_is_documented,,,,,,,,GDP parsed from comma-formatted text to numeric.,,,,,,,,Southern Europe,0,,2015.0,2015.0,True,1,1,1
Andorra,AND,2019,party,2013,2014.0,2014.0,,1,1,1,5.0,5.0,,49.69,0.0,39346.29,,0,1,1,0,0,1,1,0,0,0,0,77000,,0,0,,,0,0,1,0,3.16,2.59,retained_legacy_not_independently_reimported,,0,excluded_until_researcher_coding_rubric_is_documented,,,,,,,,GDP parsed from comma-formatted text to numeric.,,,,,,,,Southern Europe,0,,2015.0,2015.0,True,1,1,1
Andorra,AND,2020,party,2013,2014.0,2014.0,,1,1,1,6.0,6.0,,,,34536.67,,0,1,1,0,0,0,0,0,0,0,0,77000,,0,0,,,0,0,1,0,2.99,2.77,retained_legacy_not_independently_reimported,,0,excluded_until_researcher_coding_rubric_is_documented,,,,,,,,GDP parsed from comma-formatted text to numeric.,5.07794647844412,2.58464719565779,,,,,,Southern Europe,0,,2015.0,2015.0,True,1,1,1
Andorra,AND,2021,party,2013,2014.0,2014.0,,1,1,1,7.0,7.0,,,,36929.04,,0,1,1,0,0,0,0,0,0,0,0,79000,,0,0,,,0,0,1,0,2.99,2.81,retained_legacy_not_independently_reimported,,0,excluded_until_researcher_coding_rubric_is_documented,,,,,,,,GDP parsed from comma-formatted text to numeric.,,,,,,,,Southern Europe,0,,2015.0,2015.0,True,1,1,1
Andorra,AND,2022,party,2013,2014.0,2014.0,,1,1,1,8.0,8.0,,,,39780.42,,0,1,1,0,0,0,0,0,0,0,0,79000,,0,0,,,0,0,1,0,,,excluded_legacy_flagged_for_manual_review,,0,excluded_until_researcher_coding_rubric_is_documented,,,,,,,,GDP parsed from comma-formatted text to numeric. | WGI legacy value excluded because source file flagged this country-year for manual review.,,,,,,,,Southern Europe,0,,2015.0,2015.0,True,1,1,1
Andorra,AND,2023,party,2013,2014.0,2014.0,,1,1,1,9.0,9.0,,,,40227.25,,0,1,1,0,0,0,0,0,0,0,0,80000,,0,0,,,0,0,1,0,,,excluded_legacy_flagged_for_manual_review,,0,excluded_until_researcher_coding_rubric_is_documented,,,,,,,,GDP parsed from comma-formatted text to numeric. | WGI legacy value excluded because source file flagged this country-year for manual review. | UNODC outcome values preserved from source dataset; not silently imputed or replaced.,,,,,,,,Southern Europe,0,,2015.0,2015.0,True,1,1,1
Armenia,ARM,1990,signed_not_ratified,2018,,,,0,0,0,,,1.23,,,1644.02,57.6,0,0,1,1,0,0,0,0,0,0,0,3545000,,0,0,0.0,0.0,1,1,0,0,,,retained_legacy_not_independently_reimported,,0,excluded_until_researcher_coding_rubric_is_documented,2959694.0,31.0,296.0,265.0,90.0,0.104741,0.0,GDP parsed from comma-formatted text to numeric.,9.13652248726599,5.01108138714052,,,,0.11865116788304902,-2.0052656718312165,Western Asia,1,,,,False,0,0,0
Armenia,ARM,1991,signed_not_ratified,2018,,,,0,0,0,,,1.579,,,1426.83,57.5,0,0,1,1,0,0,0,0,0,0,0,3577000,,0,0,0.0,0.0,1,1,0,0,,,retained_legacy_not_independently_reimported,,0,excluded_until_researcher_coding_rubric_is_documented,2959694.0,31.0,296.0,265.0,90.0,0.104741,0.0,GDP parsed from comma-formatted text to numeric.,9.03292386275437,5.14668537551365,,,,0.1487948858681468,-1.7440843740702774,Western Asia,1,,,,False,0,0,0
Armenia,ARM,1992,signed_not_ratified,2018,,,,0,0,0,,,,,,840.21,57.3,0,0,1,1,0,0,0,0,0,0,0,3549000,,0,0,0.0,0.0,1,1,0,0,,,retained_legacy_not_independently_reimported,,0,excluded_until_researcher_coding_rubric_is_documented,2959694.0,31.0,296.0,265.0,90.0,0.104741,0.0,,,8.53896490667401,,,,,,Western Asia,1,,,,False,0,0,0
Armenia,ARM,1993,signed_not_ratified,2018,,,,0,0,0,,,2.992,,,792.57,56.8,0,0,1,1,0,0,0,0,0,0,0,3377000,,0,0,0.0,0.0,1,1,0,0,,,retained_legacy_not_independently_reimported,,0,excluded_until_researcher_coding_rubric_is_documented,2959694.0,31.0,296.0,265.0,90.0,0.104741,0.0,,12.976256398027,7.76061963335416,,,,0.18737174087270322,-1.4671791964696657,Western Asia,1,,,,False,0,0,0
Armenia,ARM,1994,signed_not_ratified,2018,,,,0,0,0,,,1.396,,,857.39,56.3,0,0,1,1,0,0,0,0,0,0,0,3201000,,0,0,0.0,0.0,1,1,0,0,,,retained_legacy_not_independently_reimported,,0,excluded_until_researcher_coding_rubric_is_documented,2959694.0,31.0,296.0,265.0,90.0,0.104741,0.0,,8.25087160207098,4.66621688694975,,,,0.14471012547739395,-1.7767078391618507,Western Asia,1,,,,False,0,0,0
Armenia,ARM,1995,signed_not_ratified,2018,,,,0,0,0,,,1.104,,,932.36,55.7,0,0,1,1,0,0,0,0,0,0,0,3044000,,0,0,0.0,0.0,1,1,0,0,,,retained_legacy_not_independently_reimported,,0,excluded_until_researcher_coding_rubric_is_documented,2959694.0,31.0,296.0,265.0,90.0,0.104741,0.0,,6.14479726797333,3.50709423184281,,,,0.15230112792334502,-1.7166658032394253,Western Asia,1,,,,False,0,0,0
Armenia,ARM,1996,signed_not_ratified,2018,,,,0,0,0,,,1.341,,,995.73,55.2,0,0,1,1,0,0,0,1,0,0,0,2987000,,0,0,0.0,0.0,1,1,0,0,-0.65,-0.8,retained_legacy_not_independently_reimported,,0,excluded_until_researcher_coding_rubric_is_documented,2959694.0,31.0,296.0,265.0,90.0,0.104741,0.0,,5.82182962191695,3.47695018399624,,,,0.18721651509017959,-1.4681989760674978,Western Asia,1,,,,False,0,0,0
Armenia,ARM,1997,signed_not_ratified,2018,,,,0,0,0,,,1.274,,,1039.08,54.8,0,0,1,1,0,0,0,0,0,0,0,3004000,,0,0,0.0,0.0,1,1,0,0,,,retained_legacy_not_independently_reimported,,0,excluded_until_researcher_coding_rubric_is_documented,2959694.0,31.0,296.0,265.0,90.0,0.104741,0.0,GDP parsed from comma-formatted text to numeric.,5.06281568654285,3.08044046602136,,,,0.20104734980781033,-1.3797612311741416,Western Asia,1,,,,False,0,0,0
Armenia,ARM,1998,signed_not_ratified,2018,,,,0,0,0,,,0.92,,,1128.1,54.6,0,0,1,1,0,0,0,1,0,0,0,3044000,,0,0,0.0,0.0,1,1,0,0,-0.93,-0.65,retained_legacy_not_independently_reimported,,0,excluded_until_researcher_coding_rubric_is_documented,2959694.0,31.0,296.0,265.0,90.0,0.104741,0.0,GDP parsed from comma-formatted text to numeric.,5.08588751526176,2.89864016374512,,,,0.1531830221032541,-1.7098511591512982,Western Asia,1,,,,False,0,0,0
Armenia,ARM,1999,signed_not_ratified,2018,,,,0,0,0,,,1.152,,,1180.45,54.5,0,0,1,1,0,0,0,0,0,0,0,3068000,,0,0,0.0,0.0,1,1,0,0,,,retained_legacy_not_independently_reimported,,0,excluded_until_researcher_coding_rubric_is_documented,2959694.0,31.0,296.0,265.0,90.0,0.104741,0.0,GDP parsed from comma-formatted text to numeric.,4.73734077271292,2.84154951589468,,,,0.19560763155998054,-1.4139763975885755,Western Asia,1,,,,False,0,0,0
Armenia,ARM,2000,signed_not_ratified,2018,,,,0,0,0,,,1.553,,,1229.22,54.5,0,0,1,1,1,0,0,1,1,0,0,3076000,,0,0,0.0,0.0,1,1,0,0,-0.93,-0.85,retained_legacy_not_independently_reimported,,0,excluded_until_researcher_coding_rubric_is_documented,2959694.0,31.0,296.0,265.0,90.0,0.104741,0.0,GDP parsed from comma-formatted text to numeric.,4.45897699167872,2.91141445632454,,,,0.25831768853233034,-1.0547308214921016,Western Asia,1,,,,False,0,0,0
Armenia,ARM,2001,signed_not_ratified,2018,,,,0,0,0,,,1.114,,,1351.12,54.3,0,0,1,1,1,0,0,0,0,0,0,3060000,,0,0,0.0,0.0,1,1,0,0,,,retained_legacy_not_independently_reimported,,0,excluded_until_researcher_coding_rubric_is_documented,2959694.0,31.0,296.0,265.0,90.0,0.104741,0.0,GDP parsed from comma-formatted text to numeric.,4.85390799865548,2.85311376029208,,,,0.1866650759782113,-1.4718270119022396,Western Asia,1,,,,False,0,0,0
Armenia,ARM,2002,signed_not_ratified,2018,,,,0,0,0,,,1.197,,,1535.2,54.0,0,0,1,1,1,0,0,1,1,0,0,3032000,,0,0,0.0,0.0,1,1,0,0,-0.08,-0.75,retained_legacy_not_independently_reimported,,0,excluded_until_researcher_coding_rubric_is_documented,2959694.0,31.0,296.0,265.0,90.0,0.104741,0.0,GDP parsed from comma-formatted text to numeric.,3.48146820282841,2.25812680200155,,,,0.2558529732608512,-1.0676356756013636,Western Asia,1,,,,False,0,0,0
Armenia,ARM,2003,signed_not_ratified,2018,,,,0,0,0,,,0.667,,0.099,1759.65,53.8,0,0,1,1,1,0,0,1,1,0,0,3012000,,0,0,0.0,0.0,1,1,0,0,-0.33,-0.51,retained_legacy_not_independently_reimported,,0,excluded_until_researcher_coding_rubric_is_documented,2959694.0,31.0,296.0,265.0,90.0,0.104741,0.0,GDP parsed from comma-formatted text to numeric.,4.61680774169811,,,,,0.12623472173982614,-1.9346687343334155,Western Asia,1,,,,False,0,0,0
Armenia,ARM,2004,signed_not_ratified,2018,,,,0,0,0,,,1.358,1.588,0.298,1955.22,53.5,0,0,1,1,1,0,0,1,1,0,0,2998000,,0,0,0.0,0.0,1,1,0,0,-0.2,-0.82,retained_legacy_not_independently_reimported,,0,excluded_until_researcher_coding_rubric_is_documented,2959694.0,31.0,296.0,265.0,90.0,0.104741,0.0,GDP parsed from comma-formatted text to numeric.,4.34913423709769,2.74603388341134,,,,0.23794779368823787,-1.1639637702012409,Western Asia,1,,,,False,0,0,0
Armenia,ARM,2005,signed_not_ratified,2018,,,,0,0,0,,,0.682,1.696,0.499,2240.09,53.3,0,0,1,1,1,1,1,1,1,1,1,2984000,,0,0,0.0,0.0,1,1,0,0,-0.24,-0.66,retained_legacy_not_independently_reimported,,0,excluded_until_researcher_coding_rubric_is_documented,2959694.0,31.0,296.0,265.0,90.0,0.104741,0.0,GDP parsed from comma-formatted text to numeric.,3.37106656601284,1.92924911296119,0.124059204774294,0.143449641106929,,0.16826765336620417,-1.597954803862156,Western Asia,1,,,,False,0,0,0
Armenia,ARM,2006,signed_not_ratified,2018,,,,0,0,0,,,1.62,1.739,0.234,2551.44,53.2,0,0,1,1,1,1,1,1,1,1,1,2975000,,0,0,0.0,0.0,1,1,0,0,-0.44,-0.93,retained_legacy_not_independently_reimported,,0,excluded_until_researcher_coding_rubric_is_documented,2959694.0,31.0,296.0,265.0,90.0,0.104741,0.0,GDP parsed from comma-formatted text to numeric.,3.82426837416642,2.64180737077633,0.124650122686883,0.144312014119487,,0.29756064335238447,-0.8589410250111293,Western Asia,1,,,,False,0,0,0
Armenia,ARM,2007,signed_not_ratified,2018,,,,0,0,0,,,0.814,1.109,0.168,2919.37,53.3,0,0,1,1,1,1,1,1,1,1,1,2977000,,0,0,0.0,0.0,1,1,0,0,-0.65,-0.84,retained_legacy_not_independently_reimported,,0,excluded_until_researcher_coding_rubric_is_documented,2959694.0,31.0,296.0,265.0,90.0,0.104741,0.0,GDP parsed from comma-formatted text to numeric.,4.64543533354407,2.58839277280399,0.0626126048565467,0.217754781259878,,0.14909966878783054,-1.7416800017460274,Western Asia,1,,,,False,0,0,0
Armenia,ARM,2008,signed_not_ratified,2018,,,,0,0,0,,,1.656,2.128,0.507,3141.33,53.0,0,0,1,1,1,1,1,1,1,1,1,2990000,,0,0,0.0,0.0,1,1,0,0,-0.3,-0.57,retained_legacy_not_independently_reimported,,0,excluded_until_researcher_coding_rubric_is_documented,2959694.0,31.0,296.0,265.0,90.0,0.104741,0.0,GDP parsed from comma-formatted text to numeric.,5.16269077250568,3.27703809810168,0.0,0.146166348998468,,0.24286187117874913,-1.1370528551533152,Western Asia,1,,,,False,0,0,0
Armenia,ARM,2009,signed_not_ratified,2018,,,,0,0,0,,,1.574,2.478,0.509,2716.97,54.4,0,0,1,1,1,1,1,1,1,1,1,2990000,,0,0,0.0,0.0,1,1,0,0,-0.04,-0.8,retained_legacy_not_independently_reimported,,0,excluded_until_researcher_coding_rubric_is_documented,2959694.0,31.0,296.0,265.0,90.0,0.104741,0.0,GDP parsed from comma-formatted text to numeric.,5.30436560339921,3.29314060878627,0.0629665823754017,0.147343488983312,,0.22883343089848948,-1.214910030263786,Western Asia,1,,,,False,0,0,0
Armenia,ARM,2010,signed_not_ratified,2018,,,,0,0,0,,,0.631,2.798,0.375,2796.08,54.4,0,0,1,1,1,1,1,1,1,1,1,2963000,,0,0,0.0,0.0,1,1,0,0,-0.29,-0.82,retained_legacy_not_independently_reimported,,0,excluded_until_researcher_coding_rubric_is_documented,2959694.0,31.0,296.0,265.0,90.0,0.104741,0.0,GDP parsed from comma-formatted text to numeric.,3.41707012236454,1.91055986909936,0.126191285166751,0.297136532379525,0.0630956425833754,0.15587674643131508,-1.689232910980294,Western Asia,1,,,,False,0,0,0
Armenia,ARM,2011,signed_not_ratified,2018,,,,0,0,0,,,1.201,2.429,0.342,2943.84,54.2,0,0,1,1,1,1,1,1,1,1,1,2977000,,0,0,0.0,0.0,1,1,0,0,-0.19,-0.74,retained_legacy_not_independently_reimported,,0,excluded_until_researcher_coding_rubric_is_documented,2959694.0,31.0,296.0,265.0,90.0,0.104741,0.0,GDP parsed from comma-formatted text to numeric.,3.87846385980248,2.42878652522919,0.0,0.14917168691548,0.0,0.23644227681279378,-1.1722846197212793,Western Asia,1,,,,False,0,0,0
Armenia,ARM,2012,signed_not_ratified,2018,,,,0,0,0,,,1.202,3.593,0.479,3159.76,53.9,0,0,1,1,1,1,1,1,1,1,1,2978000,,0,0,0.0,0.0,1,1,0,0,-0.05,-0.71,retained_legacy_not_independently_reimported,,0,excluded_until_researcher_coding_rubric_is_documented,2959694.0,31.0,296.0,265.0,90.0,0.104741,0.0,GDP parsed from comma-formatted text to numeric.,3.42930287118383,2.22410225395655,0.126490452816848,0.14910012483408,0.0632452264084238,0.2595381976589993,-1.0483701598550401,Western Asia,1,,,,False,0,0,0
Armenia,ARM,2013,signed_not_ratified,2018,,,,0,0,0,,,1.202,3.969,0.513,3266.3,53.9,0,0,1,1,1,1,1,1,1,1,1,2977000,,0,0,0.0,0.0,1,1,0,0,0.14,-0.58,retained_legacy_not_independently_reimported,,0,excluded_until_researcher_coding_rubric_is_documented,2959694.0,31.0,296.0,265.0,90.0,0.104741,0.0,GDP parsed from comma-formatted text to numeric.,3.27764075418514,2.15567534571216,0.0632875743075232,0.0744918353223895,0.0632875743075232,0.26832508809484823,-1.003137045214812,Western Asia,1,,,,False,0,0,0
Armenia,ARM,2014,signed_not_ratified,2018,,,,0,0,0,,,1.267,3.319,0.616,3393.09,53.8,0,0,1,1,1,1,1,1,1,1,1,2976000,,0,0,0.0,0.0,1,1,0,0,-0.43,-0.71,retained_legacy_not_independently_reimported,,0,excluded_until_researcher_coding_rubric_is_documented,2959694.0,31.0,296.0,265.0,90.0,0.104741,0.0,GDP parsed from comma-formatted text to numeric.,3.87065895363434,2.46370989542236,0.253327857229486,0.223307247325058,0.189995892922115,0.24661037477073758,-1.1167728634649485,Western Asia,1,,,,False,0,0,0
Armenia,ARM,2015,signed_not_ratified,2018,,,,0,0,0,,,1.331,4.108,1.027,3512.39,53.8,0,0,1,1,1,1,1,1,1,1,1,2975000,,0,0,0.0,0.0,1,1,0,0,-0.55,-0.78,retained_legacy_not_independently_reimported,,0,excluded_until_researcher_coding_rubric_is_documented,2959694.0,31.0,296.0,265.0,90.0,0.104741,0.0,GDP parsed from comma-formatted text to numeric.,4.01832953576388,2.56745781452856,0.190194159707938,0.148827019843107,0.190194159707938,0.2488162284827222,-1.104935738490769,Western Asia,1,,,,False,0,0,0
Armenia,ARM,2016,signed_not_ratified,2018,,,,0,0,0,,,0.889,4.043,0.548,3533.89,53.9,0,0,1,1,1,1,1,1,1,1,1,2972000,,0,0,0.0,0.0,1,1,0,0,-0.52,-0.27,retained_legacy_not_independently_reimported,,0,excluded_until_researcher_coding_rubric_is_documented,2959694.0,31.0,296.0,265.0,90.0,0.104741,0.0,GDP parsed from comma-formatted text to numeric.,5.13532894200688,2.98068464955971,,,,0.14756830321815861,-1.7538019436104897,Western Asia,1,,,,False,0,0,0
Armenia,ARM,2017,signed_not_ratified,2018,,,,0,0,0,,,0.7,3.499,0.583,3815.37,53.8,0,0,1,1,1,1,1,1,1,1,1,2963000,,0,0,0.0,0.0,1,1,0,0,-0.42,-0.35,retained_legacy_not_independently_reimported,,0,excluded_until_researcher_coding_rubric_is_documented,2959694.0,31.0,296.0,265.0,90.0,0.104741,0.0,GDP parsed from comma-formatted text to numeric.,4.39430141034731,2.40140228170953,,,,0.13740843809873365,-1.8369835114400739,Western Asia,1,,,,False,0,0,0
Armenia,ARM,2018,signed_not_ratified,2018,,,,0,0,0,,,0.701,2.887,0.687,4027.83,53.6,0,0,1,1,1,1,1,1,1,1,1,2951000,,0,0,0.0,0.0,1,1,0,0,-0.28,-0.33,retained_legacy_not_independently_reimported,,0,excluded_until_researcher_coding_rubric_is_documented,2959694.0,31.0,296.0,265.0,90.0,0.104741,0.0,GDP parsed from comma-formatted text to numeric.,2.90651853855776,1.71823401969337,,,,0.19431639574616041,-1.422203378396386,Western Asia,1,,,,False,0,0,0
Armenia,ARM,2019,signed_not_ratified,2018,,,,0,0,0,,,0.64,3.581,0.62,4343.46,50.8,0,0,1,1,1,1,1,1,1,1,1,2958000,,0,0,1.0,0.0,1,1,0,0,-0.38,-0.3,retained_legacy_not_independently_reimported,,0,excluded_until_researcher_coding_rubric_is_documented,2959694.0,31.0,296.0,265.0,90.0,0.104741,0.0,GDP parsed from comma-formatted text to numeric.,4.69768530877214,2.51379877522903,,,,0.11990216038929861,-1.9933570025373453,Western Asia,1,,,,False,0,0,0
Armenia,ARM,2020,signed_not_ratified,2018,,,,0,0,0,,,1.029,2.802,0.692,4032.09,54.3,0,0,1,1,1,1,1,1,1,1,1,2963000,,0,0,1.0,0.0,1,1,0,0,-0.51,-0.21,retained_legacy_not_independently_reimported,,0,excluded_until_researcher_coding_rubric_is_documented,2959694.0,31.0,296.0,265.0,90.0,0.104741,0.0,GDP parsed from comma-formatted text to numeric.,2.69373370197578,1.79875246139384,0.0,0.0,0.0,0.27640977904325387,-0.9623407676890899,Western Asia,1,,,,False,0,0,0
Armenia,ARM,2021,signed_not_ratified,2018,,,,0,0,0,,,0.908,3.24,0.766,4264.8,55.1,0,0,1,1,1,1,1,1,1,1,1,2791000,,0,0,1.0,0.0,1,1,0,0,-0.47,-0.2,retained_legacy_not_independently_reimported,,0,excluded_until_researcher_coding_rubric_is_documented,2959694.0,31.0,296.0,265.0,90.0,0.104741,0.0,GDP parsed from comma-formatted text to numeric.,3.53964705953234,2.12517748280392,,,,0.2041528897968523,-1.3605379218590028,Western Asia,1,,,,False,0,0,0
Armenia,ARM,2022,signed_not_ratified,2018,,,,0,0,0,,,,3.784,2.048,4791.0,50.2,0,0,1,1,0,1,1,1,0,1,1,2780000,,0,0,1.0,0.0,1,1,0,0,-0.44,-0.24,retained_legacy_not_independently_reimported,,0,excluded_until_researcher_coding_rubric_is_documented,2959694.0,31.0,296.0,265.0,90.0,0.104741,0.0,GDP parsed from comma-formatted text to numeric.,,,,,,,,Western Asia,1,,,,False,0,0,0
Armenia,ARM,2023,signed_not_ratified,2018,,,,0,0,0,,,,5.979,2.82,5197.24,51.5,0,0,1,1,0,1,1,1,0,1,1,2773000,,0,0,1.0,0.0,1,1,0,0,-0.13,-0.09,retained_legacy_not_independently_reimported,,0,excluded_until_researcher_coding_rubric_is_documented,2959694.0,31.0,296.0,265.0,90.0,0.104741,0.0,GDP parsed from comma-formatted text to numeric. | UNODC outcome values preserved from source dataset; not silently imputed or replaced.,,,,,,,,Western Asia,1,,,,False,0,0,0
Austria,AUT,1990,party,2011,2013.0,2014.0,,0,0,0,-23.0,-24.0,0.996,,,31167.19,43.1,0,0,1,1,0,0,0,0,0,0,0,7718000,2017.0,0,0,0.0,0.0,1,1,1,0,,,retained_legacy_not_independently_reimported,2017.0,0,excluded_until_researcher_coding_rubric_is_documented,8901064.0,791.0,890.0,99.0,11.0,0.888658,0.0,GDP parsed from comma-formatted text to numeric.,1.33635705606481,1.15891082955944,,,,0.4270358165831038,-0.29395531833860034,Western Europe,0,,2014.0,2015.0,True,0,0,0
Austria,AUT,1991,party,2011,2013.0,2014.0,,0,0,0,-22.0,-23.0,1.16,,,31919.56,43.6,0,0,1,1,0,0,0,0,0,0,0,7754000,2017.0,0,0,0.0,0.0,1,1,1,0,,,retained_legacy_not_independently_reimported,2017.0,0,excluded_until_researcher_coding_rubric_is_documented,8901064.0,791.0,890.0,99.0,11.0,0.888658,0.0,GDP parsed from comma-formatted text to numeric.,1.50933905371207,1.32780896051895,,,,0.43456450329412677,-0.2632518371108967,Western Europe,0,,2014.0,2015.0,True,0,0,0
Austria,AUT,1992,party,2011,2013.0,2014.0,,0,0,0,-21.0,-22.0,1.05,,,32231.12,45.1,0,0,1,1,0,0,0,0,0,0,0,7840000,2017.0,0,0,0.0,0.0,1,1,1,0,,,retained_legacy_not_independently_reimported,2017.0,0,excluded_until_researcher_coding_rubric_is_documented,8901064.0,791.0,890.0,99.0,11.0,0.888658,0.0,GDP parsed from comma-formatted text to numeric.,1.43883193708501,1.23681706022101,,,,0.42188465374234535,-0.3150414654523303,Western Europe,0,,2014.0,2015.0,True,0,0,0
Austria,AUT,1993,party,2011,2013.0,2014.0,,0,0,0,-20.0,-21.0,0.847,,,32134.83,45.6,0,0,1,1,0,0,0,0,0,0,0,7914000,2017.0,0,0,0.0,0.0,1,1,1,0,,,retained_legacy_not_independently_reimported,2017.0,0,excluded_until_researcher_coding_rubric_is_documented,8901064.0,791.0,890.0,99.0,11.0,0.888658,0.0,GDP parsed from comma-formatted text to numeric.,1.18920331231772,1.01169833103288,,,,0.4159702495699693,-0.3393381818007707,Western Europe,0,,2014.0,2015.0,True,0,0,0
Austria,AUT,1994,party,2011,2013.0,2014.0,,0,0,0,-19.0,-20.0,1.275,,,32780.34,48.1,0,0,1,1,0,0,0,0,0,0,0,7937000,2017.0,0,0,0.0,0.0,1,1,1,0,,,retained_legacy_not_independently_reimported,2017.0,0,excluded_until_researcher_coding_rubric_is_documented,8901064.0,791.0,890.0,99.0,11.0,0.888658,0.0,GDP parsed from comma-formatted text to numeric.,0.929578765441009,1.10856993848067,,,,0.5783417766636004,0.3159699144397181,Western Europe,0,,2014.0,2015.0,True,0,0,0
Austria,AUT,1995,party,2011,2013.0,2014.0,,0,0,0,-18.0,-19.0,0.925,,,33603.43,48.7,0,0,1,1,0,0,0,0,0,0,0,7948000,2017.0,0,0,0.0,0.0,1,1,1,0,,,retained_legacy_not_independently_reimported,2017.0,0,excluded_until_researcher_coding_rubric_is_documented,8901064.0,791.0,890.0,99.0,11.0,0.888658,0.0,GDP parsed from comma-formatted text to numeric.,1.04115123239432,0.981092399848233,,,,0.4704622842636387,-0.11828859662623184,Western Europe,0,,2014.0,2015.0,True,0,0,0
Austria,AUT,1996,party,2011,2013.0,2014.0,,0,0,0,-17.0,-18.0,1.227,,,34301.66,48.3,0,0,1,1,0,0,0,1,0,0,0,7959000,2017.0,0,0,0.0,0.0,1,1,1,0,2.94,3.07,retained_legacy_not_independently_reimported,2017.0,0,excluded_until_researcher_coding_rubric_is_documented,8901064.0,791.0,890.0,99.0,11.0,0.888658,0.0,GDP parsed from comma-formatted text to numeric.,1.26174586970622,1.24357572236205,,,,0.49301940183424164,-0.027924207039644405,Western Europe,0,,2014.0,2015.0,True,0,0,0
Austria,AUT,1997,party,2011,2013.0,2014.0,,0,0,0,-16.0,-17.0,0.905,,,34998.03,48.3,0,0,1,1,0,0,0,0,0,0,0,7968000,2017.0,0,0,0.0,0.0,1,1,1,0,,,retained_legacy_not_independently_reimported,2017.0,0,excluded_until_researcher_coding_rubric_is_documented,8901064.0,791.0,890.0,99.0,11.0,0.888658,0.0,GDP parsed from comma-formatted text to numeric.,0.745932936289053,0.828125812637664,,,,0.5481749016615103,0.19329924527306286,Western Europe,0,,2014.0,2015.0,True,0,0,0
Austria,AUT,1998,party,2011,2013.0,2014.0,,0,0,0,-15.0,-16.0,0.82,,,36180.75,48.8,0,0,1,1,0,0,0,1,0,0,0,7977000,2017.0,0,0,1.0,0.0,1,1,1,0,3.07,3.07,retained_legacy_not_independently_reimported,2017.0,0,excluded_until_researcher_coding_rubric_is_documented,8901064.0,791.0,890.0,99.0,11.0,0.888658,0.0,GDP parsed from comma-formatted text to numeric.,1.12005551642016,0.965097862489974,,,,0.4226683169938791,-0.311829191034663,Western Europe,0,,2014.0,2015.0,True,0,0,0
Austria,AUT,1999,party,2011,2013.0,2014.0,,0,0,0,-14.0,-15.0,0.769,,,37468.87,49.0,0,0,1,1,0,0,0,0,0,0,0,7992000,2017.0,0,0,1.0,0.0,1,1,1,0,,,retained_legacy_not_independently_reimported,2017.0,0,excluded_until_researcher_coding_rubric_is_documented,8901064.0,791.0,890.0,99.0,11.0,0.888658,0.0,GDP parsed from comma-formatted text to numeric.,0.730955402416001,0.750573015586587,,,,0.5126819095830183,0.05073852062382922,Western Europe,0,,2014.0,2015.0,True,0,0,0
Austria,AUT,2000,party,2011,2013.0,2014.0,,0,0,0,-13.0,-14.0,1.295,,,38571.09,49.0,0,0,1,1,1,0,0,1,1,0,0,8012000,2017.0,0,0,1.0,0.0,1,1,1,0,3.14,3.08,retained_legacy_not_independently_reimported,2017.0,0,excluded_until_researcher_coding_rubric_is_documented,8901064.0,791.0,890.0,99.0,11.0,0.888658,0.0,GDP parsed from comma-formatted text to numeric.,0.733540097367815,1.02334627242376,,,,0.6383901416000408,0.5683837122399302,Western Europe,0,,2014.0,2015.0,True,0,0,0
Austria,AUT,2001,party,2011,2013.0,2014.0,,0,0,0,-12.0,-13.0,1.008,,,38929.75,48.9,0,0,1,1,1,0,0,0,0,0,0,8043000,2017.0,0,0,1.0,0.0,1,1,1,0,,,retained_legacy_not_independently_reimported,2017.0,0,excluded_until_researcher_coding_rubric_is_documented,8901064.0,791.0,890.0,99.0,11.0,0.888658,0.0,GDP parsed from comma-formatted text to numeric.,0.723721821175926,0.870405077197159,,,,0.5820796317710644,0.33131635497402545,Western Europe,0,,2014.0,2015.0,True,0,0,0
Austria,AUT,2002,party,2011,2013.0,2014.0,,0,0,0,-11.0,-12.0,0.905,,,39313.72,50.1,0,0,1,1,1,0,0,1,1,0,0,8082000,2017.0,0,0,1.0,0.0,1,1,1,0,3.2,3.16,retained_legacy_not_independently_reimported,2017.0,0,excluded_until_researcher_coding_rubric_is_documented,8901064.0,791.0,890.0,99.0,11.0,0.888658,0.0,GDP parsed from comma-formatted text to numeric.,0.69723665067472,0.804292546441553,,,,0.5648354128080233,0.26081006305546534,Western Europe,0,,2014.0,2015.0,True,0,0,0
Austria,AUT,2003,party,2011,2013.0,2014.0,,0,0,0,-10.0,-11.0,0.56,,,39569.29,50.2,0,0,1,1,1,0,0,1,1,0,0,8118000,2017.0,0,0,1.0,0.0,1,1,1,0,3.28,3.14,retained_legacy_not_independently_reimported,2017.0,0,excluded_until_researcher_coding_rubric_is_documented,8901064.0,791.0,890.0,99.0,11.0,0.888658,0.0,GDP parsed from comma-formatted text to numeric.,0.674755334930115,0.61556629267321,,,,0.453531144315076,-0.1864133746661768,Western Europe,0,,2014.0,2015.0,True,0,0,0
Austria,AUT,2004,party,2011,2013.0,2014.0,,0,0,0,-9.0,-10.0,0.759,24.518,8.405,40333.33,50.1,0,0,1,1,1,0,0,1,1,0,0,8142000,2017.0,0,0,1.0,0.0,1,1,1,0,3.13,3.09,retained_legacy_not_independently_reimported,2017.0,0,excluded_until_researcher_coding_rubric_is_documented,8901064.0,791.0,890.0,99.0,11.0,0.888658,0.0,GDP parsed from comma-formatted text to numeric.,0.682289247031226,0.721845781686185,,,,0.5266118522450588,0.10654809358232425,Western Europe,0,,2014.0,2015.0,True,0,0,0
Austria,AUT,2005,party,2011,2013.0,2014.0,,0,0,0,-8.0,-9.0,0.572,20.342,8.239,40989.01,50.9,0,0,1,1,1,1,1,1,1,1,1,8207000,2017.0,0,0,1.0,0.0,1,1,1,0,2.86,3.14,retained_legacy_not_independently_reimported,2017.0,0,excluded_until_researcher_coding_rubric_is_documented,8901064.0,791.0,890.0,99.0,11.0,0.888658,0.0,GDP parsed from comma-formatted text to numeric.,0.745505893741803,0.656199514789066,0.922178535656151,0.42499059708304,,0.4341536555677049,-0.2649240485506906,Western Europe,0,,2014.0,2015.0,True,0,0,0
Austria,AUT,2006,party,2011,2013.0,2014.0,,0,0,0,-7.0,-8.0,0.686,21.016,8.464,42120.16,51.5,0,0,1,1,1,1,1,1,1,1,1,8254000,2017.0,0,0,1.0,0.0,1,1,1,0,3.11,3.23,retained_legacy_not_independently_reimported,2017.0,0,excluded_until_researcher_coding_rubric_is_documented,8901064.0,791.0,890.0,99.0,11.0,0.888658,0.0,GDP parsed from comma-formatted text to numeric.,0.792160834265647,0.737614857062635,0.659246688227173,0.298312557728141,,0.4640902289504958,-0.14388681703963074,Western Europe,0,,2014.0,2015.0,True,0,0,0
Austria,AUT,2007,party,2011,2013.0,2014.0,,0,0,0,-6.0,-7.0,0.569,21.61,8.557,43568.83,52.4,0,0,1,1,1,1,1,1,1,1,1,8283000,2017.0,0,0,1.0,0.0,1,1,1,0,3.17,3.3,retained_legacy_not_independently_reimported,2017.0,0,excluded_until_researcher_coding_rubric_is_documented,8901064.0,791.0,890.0,99.0,11.0,0.888658,0.0,GDP parsed from comma-formatted text to numeric.,0.514502300153992,0.542367847855454,0.445989445777131,0.247723329703774,,0.5251488620920612,0.10068040820334334,Western Europe,0,,2014.0,2015.0,True,0,0,0
Austria,AUT,2008,party,2011,2013.0,2014.0,,0,0,0,-5.0,-6.0,0.679,35.251,8.326,44063.86,52.9,0,0,1,1,1,1,1,1,1,1,1,8318000,2017.0,0,0,1.0,0.0,1,1,1,0,3.01,3.25,retained_legacy_not_independently_reimported,2017.0,0,excluded_until_researcher_coding_rubric_is_documented,8901064.0,791.0,890.0,99.0,11.0,0.888658,0.0,GDP parsed from comma-formatted text to numeric.,0.715991307865522,0.696842970941948,0.421257199987643,0.222204198992748,,0.48674138410148143,-0.053046899475637954,Western Europe,0,,2014.0,2015.0,True,0,0,0
Austria,AUT,2009,party,2011,2013.0,2014.0,,0,0,0,-4.0,-5.0,0.657,30.773,9.335,42372.48,53.5,0,0,1,1,1,1,1,1,1,1,1,8343000,2017.0,0,0,1.0,0.0,1,1,1,0,2.83,3.02,retained_legacy_not_independently_reimported,2017.0,0,excluded_until_researcher_coding_rubric_is_documented,8901064.0,791.0,890.0,99.0,11.0,0.888658,0.0,GDP parsed from comma-formatted text to numeric.,0.562795193718858,0.611139601001334,0.607075299168459,0.320020796428371,,0.5386150096205636,0.15476823322601263,Western Europe,0,,2014.0,2015.0,True,0,0,0
Austria,AUT,2010,party,2011,2013.0,2014.0,,0,0,0,-3.0,-4.0,0.769,39.45,10.46,43035.41,53.6,0,0,1,1,1,1,1,1,1,1,1,8363000,2017.0,0,0,1.0,0.0,1,1,1,0,3.08,3.06,retained_legacy_not_independently_reimported,2017.0,0,excluded_until_researcher_coding_rubric_is_documented,8901064.0,791.0,890.0,99.0,11.0,0.888658,0.0,GDP parsed from comma-formatted text to numeric.,0.687422235359625,0.729220953530514,0.396094646582804,0.220957147079879,,0.5280062205381778,0.1121422585667673,Western Europe,0,,2014.0,2015.0,True,0,0,0
Austria,AUT,2011,party,2011,2013.0,2014.0,,0,0,0,-2.0,-3.0,0.813,44.905,11.616,44146.2,53.9,0,0,1,1,1,1,1,1,1,1,1,8391000,2017.0,0,0,1.0,0.0,1,1,1,0,2.72,3.06,retained_legacy_not_independently_reimported,2017.0,0,excluded_until_researcher_coding_rubric_is_documented,8901064.0,791.0,890.0,99.0,11.0,0.888658,0.0,GDP parsed from comma-formatted text to numeric.,1.0271172401751,0.917401680155648,0.487900588164159,0.293462068621458,,0.4418196744478288,-0.23378025177671904,Western Europe,0,,2014.0,2015.0,True,0,0,0
Austria,AUT,2012,party,2011,2013.0,2014.0,,0,0,0,-1.0,-2.0,0.88,45.721,10.473,44221.46,54.4,0,0,1,1,1,1,1,1,1,1,1,8429000,2017.0,0,0,1.0,0.0,1,1,1,0,2.65,3.16,retained_legacy_not_independently_reimported,2017.0,0,excluded_until_researcher_coding_rubric_is_documented,8901064.0,791.0,890.0,99.0,11.0,0.888658,0.0,GDP parsed from comma-formatted text to numeric.,1.0458471416572,0.960671644685274,0.254623647152735,0.218898238951507,,0.4569417691389339,-0.17266059039071543,Western Europe,0,,2014.0,2015.0,True,0,0,0
Austria,AUT,2013,party,2011,2013.0,2014.0,,1,0,0,0.0,-1.0,0.668,44.568,15.269,43851.37,54.7,0,0,1,1,1,1,1,1,1,1,1,8452000,2017.0,0,0,1.0,0.0,1,1,1,0,2.67,3.12,retained_legacy_not_independently_reimported,2017.0,0,excluded_until_researcher_coding_rubric_is_documented,8901064.0,791.0,890.0,99.0,11.0,0.888658,0.0,GDP parsed from comma-formatted text to numeric.,0.772927910100755,0.719220332146561,0.483725515714745,0.217385974715837,,0.4635901597279013,-0.14589761080627134,Western Europe,0,,2014.0,2015.0,True,0,0,1
Austria,AUT,2014,party,2011,2013.0,2014.0,,1,1,1,1.0,0.0,0.504,41.695,13.618,43838.83,54.8,0,0,1,1,1,1,1,1,1,1,1,8507000,2017.0,0,0,1.0,0.0,1,1,1,0,2.64,3.3,retained_legacy_not_independently_reimported,2017.0,0,excluded_until_researcher_coding_rubric_is_documented,8901064.0,791.0,890.0,99.0,11.0,0.888658,0.0,GDP parsed from comma-formatted text to numeric.,0.478645929810404,0.491353494620118,0.343299430225936,0.0478645929810404,,0.5129009185406629,0.05161513019285058,Western Europe,0,,2014.0,2015.0,True,1,0,1
Austria,AUT,2015,party,2011,2013.0,2014.0,,1,1,1,2.0,1.0,0.386,40.247,13.073,43915.23,54.8,0,0,1,1,1,1,1,1,1,1,1,8611000,2017.0,0,0,1.0,0.0,1,1,1,0,2.48,3.09,retained_legacy_not_independently_reimported,2017.0,0,excluded_until_researcher_coding_rubric_is_documented,8901064.0,791.0,890.0,99.0,11.0,0.888658,0.0,GDP parsed from comma-formatted text to numeric.,0.637236188643153,0.509021333026224,0.317677072633005,0.0944053612804671,,0.3772345078137332,-0.5013030001836756,Western Europe,0,,2014.0,2015.0,True,1,1,1
Austria,AUT,2016,party,2011,2013.0,2014.0,,1,1,1,3.0,2.0,0.697,50.252,14.088,44362.67,55.3,0,0,1,1,1,1,1,1,1,1,1,8700000,2017.0,0,0,1.0,0.0,1,1,1,0,2.52,3.0,retained_legacy_not_independently_reimported,2017.0,0,excluded_until_researcher_coding_rubric_is_documented,8901064.0,791.0,890.0,99.0,11.0,0.888658,0.0,GDP parsed from comma-formatted text to numeric.,0.535743776579006,0.617996363091403,0.517456449571563,0.209638869096133,,0.5654054096579977,0.26312939275241054,Western Europe,0,,2014.0,2015.0,True,1,1,1
Austria,AUT,2017,party,2011,2013.0,2014.0,,1,1,1,4.0,3.0,0.827,48.336,16.957,45056.64,55.4,0,0,1,1,1,1,1,1,1,1,1,8773000,2017.0,1,1,1.0,0.0,1,1,1,0,2.5,3.07,retained_legacy_not_independently_reimported,2017.0,1,excluded_until_researcher_coding_rubric_is_documented,8901064.0,791.0,890.0,99.0,11.0,0.888658,0.0,GDP parsed from comma-formatted text to numeric.,0.762813092877695,0.795565065715095,0.648380111722601,0.231155482690211,,0.5201869349956482,0.0807916572107312,Western Europe,0,,2014.0,2015.0,True,1,1,1
Austria,AUT,2018,party,2011,2013.0,2014.0,,1,1,1,5.0,4.0,0.979,50.047,18.843,45951.58,55.4,0,0,1,1,1,1,1,1,1,1,1,8840000,2017.0,1,1,1.0,0.0,1,1,1,0,2.48,3.16,retained_legacy_not_independently_reimported,2017.0,1,excluded_until_researcher_coding_rubric_is_documented,8901064.0,791.0,890.0,99.0,11.0,0.888658,0.0,GDP parsed from comma-formatted text to numeric.,0.965873393315604,0.972669073494819,0.689923083591192,0.160978898885934,,0.5033746686878209,0.013498879727760076,Western Europe,0,,2014.0,2015.0,True,1,1,1
Austria,AUT,2019,party,2011,2013.0,2014.0,,1,1,1,6.0,5.0,0.886,50.772,18.872,46550.56,55.5,0,0,1,1,1,1,1,1,1,1,1,8858000,2017.0,1,1,1.0,0.0,1,1,1,0,2.55,3.18,retained_legacy_not_independently_reimported,2017.0,1,excluded_until_researcher_coding_rubric_is_documented,8901064.0,791.0,890.0,99.0,11.0,0.888658,0.0,GDP parsed from comma-formatted text to numeric.,0.846974874719254,0.86703158562286,0.46538556362901,0.228912128302501,,0.511259576191798,0.045045920242766366,Western Europe,0,,2014.0,2015.0,True,1,1,1
Austria,AUT,2020,party,2011,2013.0,2014.0,,1,1,1,7.0,6.0,0.816,46.416,18.876,43428.7,55.2,0,0,1,1,1,1,1,1,1,1,1,8901000,2017.0,1,1,1.0,0.0,1,1,1,0,2.74,3.02,retained_legacy_not_independently_reimported,2017.0,1,excluded_until_researcher_coding_rubric_is_documented,8901064.0,791.0,890.0,99.0,11.0,0.888658,0.0,GDP parsed from comma-formatted text to numeric.,0.637946831916161,0.728584791296886,0.595720805074747,0.205054338830195,,0.5612309763243482,0.24615941064652397,Western Europe,0,,2014.0,2015.0,True,1,1,1
Austria,AUT,2021,party,2011,2013.0,2014.0,,1,1,1,8.0,7.0,0.878,48.556,20.531,45368.64,55.4,0,0,1,1,1,1,1,1,1,1,1,8932000,2017.0,1,1,1.0,0.0,1,1,1,0,2.61,2.99,retained_legacy_not_independently_reimported,2017.0,1,excluded_until_researcher_coding_rubric_is_documented,8901064.0,791.0,890.0,99.0,11.0,0.888658,0.0,GDP parsed from comma-formatted text to numeric.,0.566636959779655,0.724875548626241,0.570793735890006,0.0679964351735586,,0.6077651509995411,0.4379277775513565,Western Europe,0,,2014.0,2015.0,True,1,1,1
Austria,AUT,2022,party,2011,2013.0,2014.0,,1,1,1,9.0,8.0,0.891,54.806,22.67,47332.42,55.7,0,0,1,1,1,1,1,1,1,1,1,8979000,2017.0,1,1,1.0,0.0,1,1,1,0,2.05,2.39,retained_legacy_not_independently_reimported,2017.0,1,excluded_until_researcher_coding_rubric_is_documented,8901064.0,791.0,890.0,99.0,11.0,0.888658,0.0,GDP parsed from comma-formatted text to numeric.,0.851884710855197,0.871514782049046,0.673330539373601,0.336270280600736,,0.5112214218476935,0.04489322569517175,Western Europe,0,,2014.0,2015.0,True,1,1,1
Austria,AUT,2023,party,2011,2013.0,2014.0,,1,1,1,10.0,9.0,0.971,59.658,25.497,46497.91,55.8,0,0,1,1,1,1,1,0,0,0,0,9104000,2017.0,1,1,1.0,0.0,1,1,1,0,,,excluded_legacy_flagged_for_manual_review,2017.0,1,excluded_until_researcher_coding_rubric_is_documented,8901064.0,791.0,890.0,99.0,11.0,0.888658,0.0,GDP parsed from comma-formatted text to numeric. | WGI legacy value excluded because source file flagged this country-year for manual review. | UNODC outcome values preserved from source dataset; not silently imputed or replaced.,0.778810133877462,0.876191031111463,0.6254860997577,0.2892723354402,,0.5549173485744587,0.22055918270862349,Western Europe,0,,2014.0,2015.0,True,1,1,1
Belgium,BEL,1990,party,2012,2016.0,2016.0,,0,0,0,-26.0,-26.0,,,,29609.62,36.5,0,0,1,1,0,0,0,0,0,0,0,9959000,2020.0,0,0,0.0,0.0,1,1,1,0,,,retained_legacy_not_independently_reimported,2020.0,0,excluded_until_researcher_coding_rubric_is_documented,11522440.0,1863.0,1152.0,0.0,0.0,1.616845,1.0,GDP parsed from comma-formatted text to numeric.,,1.04078369840703,,,,,,Western Europe,0,,2017.0,2017.0,True,0,0,0
Belgium,BEL,1991,party,2012,2016.0,2016.0,,0,0,0,-25.0,-25.0,,,,30040.55,37.9,0,0,1,1,0,0,0,0,0,0,0,9988000,2020.0,0,0,0.0,0.0,1,1,1,0,,,retained_legacy_not_independently_reimported,2020.0,0,excluded_until_researcher_coding_rubric_is_documented,11522440.0,1863.0,1152.0,0.0,0.0,1.616845,1.0,GDP parsed from comma-formatted text to numeric.,,1.02242863470673,,,,,,Western Europe,0,,2017.0,2017.0,True,0,0,0
Belgium,BEL,1992,party,2012,2016.0,2016.0,,0,0,0,-24.0,-24.0,,,,30376.87,38.8,0,0,1,1,0,0,0,0,0,0,0,10021000,2020.0,0,0,0.0,0.0,1,1,1,0,,,retained_legacy_not_independently_reimported,2020.0,0,excluded_until_researcher_coding_rubric_is_documented,11522440.0,1863.0,1152.0,0.0,0.0,1.616845,1.0,GDP parsed from comma-formatted text to numeric.,,1.20397149301638,,,,,,Western Europe,0,,2017.0,2017.0,True,0,0,0
Belgium,BEL,1993,party,2012,2016.0,2016.0,,0,0,0,-23.0,-23.0,,,,29967.39,39.5,0,0,1,1,0,0,0,0,0,0,0,10068000,2020.0,0,0,0.0,0.0,1,1,1,0,,,retained_legacy_not_independently_reimported,2020.0,0,excluded_until_researcher_coding_rubric_is_documented,11522440.0,1863.0,1152.0,0.0,0.0,1.616845,1.0,GDP parsed from comma-formatted text to numeric.,,1.43490345712787,,,,,,Western Europe,0,,2017.0,2017.0,True,0,0,0
Belgium,BEL,1994,party,2012,2016.0,2016.0,,0,0,0,-22.0,-22.0,,,,30839.24,40.0,0,0,1,1,0,0,0,0,0,0,0,10116000,2020.0,0,0,0.0,0.0,1,1,1,0,,,retained_legacy_not_independently_reimported,2020.0,0,excluded_until_researcher_coding_rubric_is_documented,11522440.0,1863.0,1152.0,0.0,0.0,1.616845,1.0,GDP parsed from comma-formatted text to numeric.,,1.18623897545331,,,,,,Western Europe,0,,2017.0,2017.0,True,0,0,0
Belgium,BEL,1995,party,2012,2016.0,2016.0,,0,0,0,-21.0,-21.0,,,,31508.62,40.4,0,0,1,1,0,0,0,0,0,0,0,10137000,2020.0,0,0,0.0,0.0,1,1,1,0,,,retained_legacy_not_independently_reimported,2020.0,0,excluded_until_researcher_coding_rubric_is_documented,11522440.0,1863.0,1152.0,0.0,0.0,1.616845,1.0,GDP parsed from comma-formatted text to numeric.,,1.40077229903727,,,,,,Western Europe,0,,2017.0,2017.0,True,0,0,0
Belgium,BEL,1996,party,2012,2016.0,2016.0,,0,0,0,-20.0,-20.0,,,,31862.67,40.5,0,0,1,1,0,0,0,1,0,0,0,10157000,2020.0,0,0,0.0,0.0,1,1,1,0,2.91,2.32,retained_legacy_not_independently_reimported,2020.0,0,excluded_until_researcher_coding_rubric_is_documented,11522440.0,1863.0,1152.0,0.0,0.0,1.616845,1.0,GDP parsed from comma-formatted text to numeric.,,1.18145476364776,,,,,,Western Europe,0,,2017.0,2017.0,True,0,0,0
Belgium,BEL,1997,party,2012,2016.0,2016.0,,0,0,0,-19.0,-19.0,,,,32991.5,41.0,0,0,1,1,0,0,0,0,0,0,0,10181000,2020.0,0,0,0.0,0.0,1,1,1,0,,,retained_legacy_not_independently_reimported,2020.0,0,excluded_until_researcher_coding_rubric_is_documented,11522440.0,1863.0,1152.0,0.0,0.0,1.616845,1.0,GDP parsed from comma-formatted text to numeric.,,1.42415668316462,,,,,,Western Europe,0,,2017.0,2017.0,True,0,0,0
Belgium,BEL,1998,party,2012,2016.0,2016.0,,0,0,0,-18.0,-18.0,,,,33566.99,41.5,0,0,1,1,0,0,0,1,0,0,0,10203000,2020.0,0,0,0.0,0.0,1,1,1,0,3.01,2.07,retained_legacy_not_independently_reimported,2020.0,0,excluded_until_researcher_coding_rubric_is_documented,11522440.0,1863.0,1152.0,0.0,0.0,1.616845,1.0,GDP parsed from comma-formatted text to numeric.,,,,,,,,Western Europe,0,,2017.0,2017.0,True,0,0,0
Belgium,BEL,1999,party,2012,2016.0,2016.0,,0,0,0,-17.0,-17.0,,,,34676.61,43.1,0,0,1,1,0,0,0,0,0,0,0,10226000,2020.0,0,0,0.0,0.0,1,1,1,0,,,retained_legacy_not_independently_reimported,2020.0,0,excluded_until_researcher_coding_rubric_is_documented,11522440.0,1863.0,1152.0,0.0,0.0,1.616845,1.0,GDP parsed from comma-formatted text to numeric.,,,,,,,,Western Europe,0,,2017.0,2017.0,True,0,0,0
Belgium,BEL,2000,party,2012,2016.0,2016.0,,0,0,0,-16.0,-16.0,1.59,,,35878.32,43.6,0,0,1,1,1,0,0,1,1,0,0,10252000,2020.0,0,0,0.0,0.0,1,1,1,0,2.82,2.23,retained_legacy_not_independently_reimported,2020.0,0,excluded_until_researcher_coding_rubric_is_documented,11522440.0,1863.0,1152.0,0.0,0.0,1.616845,1.0,GDP parsed from comma-formatted text to numeric.,2.56714938399166,2.06794627670662,,,,0.3824736263081543,-0.4790620779611883,Western Europe,0,,2017.0,2017.0,True,0,0,0
Belgium,BEL,2001,party,2012,2016.0,2016.0,,0,0,0,-15.0,-15.0,1.956,,,36148.29,41.8,0,0,1,1,1,0,0,0,0,0,0,10263000,2020.0,0,0,0.0,0.0,1,1,1,0,,,retained_legacy_not_independently_reimported,2020.0,0,excluded_until_researcher_coding_rubric_is_documented,11522440.0,1863.0,1152.0,0.0,0.0,1.616845,1.0,GDP parsed from comma-formatted text to numeric.,3.56214204634686,2.74132280198769,,,,0.354467134693446,-0.5994604907154436,Western Europe,0,,2017.0,2017.0,True,0,0,0
Belgium,BEL,2002,party,2012,2016.0,2016.0,,0,0,0,-14.0,-14.0,2.503,,,36600.86,42.5,0,0,1,1,1,0,0,1,1,0,0,10310000,2020.0,0,0,0.0,0.0,1,1,1,0,3.26,2.29,retained_legacy_not_independently_reimported,2020.0,0,excluded_until_researcher_coding_rubric_is_documented,11522440.0,1863.0,1152.0,0.0,0.0,1.616845,1.0,GDP parsed from comma-formatted text to numeric.,3.6973253412195,3.08720442799957,,,,0.40368849411177865,-0.3901196650447809,Western Europe,0,,2017.0,2017.0,True,0,0,0
Belgium,BEL,2003,party,2012,2016.0,2016.0,,0,0,0,-13.0,-13.0,1.778,53.632,27.467,36826.27,42.9,0,0,1,1,1,0,0,1,1,0,0,10356000,2020.0,0,0,0.0,0.0,1,1,1,0,3.18,2.26,retained_legacy_not_independently_reimported,2020.0,0,excluded_until_researcher_coding_rubric_is_documented,11522440.0,1863.0,1152.0,0.0,0.0,1.616845,1.0,GDP parsed from comma-formatted text to numeric.,2.67401952827024,,,,,0.3993693173872517,-0.408093644579412,Western Europe,0,,2017.0,2017.0,True,0,0,0
Belgium,BEL,2004,party,2012,2016.0,2016.0,,0,0,0,-12.0,-12.0,2.376,,28.25,37976.7,44.2,0,0,1,1,1,0,0,1,1,0,0,10396000,2020.0,0,0,1.0,1.0,1,1,1,0,3.15,2.23,retained_legacy_not_independently_reimported,2020.0,0,excluded_until_researcher_coding_rubric_is_documented,11522440.0,1863.0,1152.0,0.0,0.0,1.616845,1.0,GDP parsed from comma-formatted text to numeric.,2.77539200048869,,,,,0.46123455558703347,-0.15537359715890797,Western Europe,0,,2017.0,2017.0,True,0,0,0
Belgium,BEL,2005,party,2012,2016.0,2016.0,,0,0,0,-11.0,-11.0,1.723,57.707,28.906,38645.26,45.7,0,0,1,1,1,1,1,1,1,1,1,10445000,2020.0,0,0,1.0,1.0,1,1,1,0,2.9,2.14,retained_legacy_not_independently_reimported,2020.0,0,excluded_until_researcher_coding_rubric_is_documented,11522440.0,1863.0,1152.0,0.0,0.0,1.616845,1.0,GDP parsed from comma-formatted text to numeric.,2.51187682992642,,,,,0.4068595307953589,-0.37696325718541535,Western Europe,0,,2017.0,2017.0,True,0,0,0
Belgium,BEL,2006,party,2012,2016.0,2016.0,,0,0,0,-10.0,-10.0,1.63,61.545,30.497,39371.09,45.8,0,0,1,1,1,1,1,1,1,1,1,10511000,2020.0,0,0,1.0,1.0,1,1,1,0,2.96,2.08,retained_legacy_not_independently_reimported,2020.0,0,excluded_until_researcher_coding_rubric_is_documented,11522440.0,1863.0,1152.0,0.0,0.0,1.616845,1.0,GDP parsed from comma-formatted text to numeric.,2.58006700251459,,,,,0.3871672348745122,-0.4592353537445368,Western Europe,0,,2017.0,2017.0,True,0,0,0
Belgium,BEL,2007,party,2012,2016.0,2016.0,,0,0,0,-9.0,-9.0,1.611,61.729,30.963,40520.08,46.6,0,0,1,1,1,1,1,1,1,1,1,10585000,2020.0,0,0,1.0,1.0,1,1,1,0,2.72,2.24,retained_legacy_not_independently_reimported,2020.0,0,excluded_until_researcher_coding_rubric_is_documented,11522440.0,1863.0,1152.0,0.0,0.0,1.616845,1.0,GDP parsed from comma-formatted text to numeric.,2.37661499824,,,,,0.4040008879270044,-0.3888221014559754,Western Europe,0,,2017.0,2017.0,True,0,0,0
Belgium,BEL,2008,party,2012,2016.0,2016.0,,0,0,0,-8.0,-8.0,1.306,61.496,30.169,40380.91,46.9,0,0,1,1,1,1,1,1,1,1,1,10666000,2020.0,0,0,1.0,1.0,1,1,1,0,2.35,2.27,retained_legacy_not_independently_reimported,2020.0,0,excluded_until_researcher_coding_rubric_is_documented,11522440.0,1863.0,1152.0,0.0,0.0,1.616845,1.0,GDP parsed from comma-formatted text to numeric.,2.50913576196906,,,,,0.34232071451264684,-0.6529693450578071,Western Europe,0,,2017.0,2017.0,True,0,0,0
Belgium,BEL,2009,party,2012,2016.0,2016.0,,0,0,0,-7.0,-7.0,1.382,62.619,29.15,39293.64,47.0,0,0,1,1,1,1,1,1,1,1,1,10750000,2020.0,0,0,1.0,1.0,1,1,1,0,2.66,2.34,retained_legacy_not_independently_reimported,2020.0,0,excluded_until_researcher_coding_rubric_is_documented,11522440.0,1863.0,1152.0,0.0,0.0,1.616845,1.0,GDP parsed from comma-formatted text to numeric.,2.12846852669063,,,,,0.3936796440396608,-0.43187099421657776,Western Europe,0,,2017.0,2017.0,True,0,0,0
Belgium,BEL,2010,party,2012,2016.0,2016.0,,0,0,0,-6.0,-6.0,1.247,64.855,30.247,39991.56,47.8,0,0,1,1,1,1,1,1,1,1,1,10839000,2020.0,0,0,1.0,1.0,1,1,1,0,2.81,2.41,retained_legacy_not_independently_reimported,2020.0,0,excluded_until_researcher_coding_rubric_is_documented,11522440.0,1863.0,1152.0,0.0,0.0,1.616845,1.0,GDP parsed from comma-formatted text to numeric.,2.22693994018933,,,,,0.3589584222725619,-0.5798877522820645,Western Europe,0,,2017.0,2017.0,True,0,0,0
Belgium,BEL,2011,party,2012,2016.0,2016.0,,0,0,0,-5.0,-5.0,1.644,65.878,30.774,40236.96,47.1,0,0,1,1,1,1,1,1,1,1,1,11000000,2020.0,0,0,1.0,1.0,1,1,1,0,2.93,2.44,retained_legacy_not_independently_reimported,2020.0,0,excluded_until_researcher_coding_rubric_is_documented,11522440.0,1863.0,1152.0,0.0,0.0,1.616845,1.0,GDP parsed from comma-formatted text to numeric.,2.2440408725223,,,,,0.4228350611277096,-0.31114590499708367,Western Europe,0,,2017.0,2017.0,True,0,0,0
Belgium,BEL,2012,party,2012,2016.0,2016.0,,0,0,0,-4.0,-4.0,1.367,63.858,30.655,40074.49,47.2,0,0,1,1,1,1,1,1,1,1,1,11094000,2020.0,0,0,1.0,1.0,1,1,1,0,2.84,2.46,retained_legacy_not_independently_reimported,2020.0,0,excluded_until_researcher_coding_rubric_is_documented,11522440.0,1863.0,1152.0,0.0,0.0,1.616845,1.0,GDP parsed from comma-formatted text to numeric.,2.34067617757896,,,,,0.3686945500436406,-0.5378212946628509,Western Europe,0,,2017.0,2017.0,True,0,0,0
Belgium,BEL,2013,party,2012,2016.0,2016.0,,0,0,0,-3.0,-3.0,1.74,64.138,29.972,40007.9,47.8,0,0,1,1,1,1,1,1,1,1,1,11161000,2020.0,0,0,1.0,1.0,1,1,1,0,2.89,2.48,retained_legacy_not_independently_reimported,2020.0,0,excluded_until_researcher_coding_rubric_is_documented,11522440.0,1863.0,1152.0,0.0,0.0,1.616845,1.0,GDP parsed from comma-formatted text to numeric.,1.93709243817549,,,,,0.47319996145197757,-0.10730299240124874,Western Europe,0,,2017.0,2017.0,True,0,0,0
Belgium,BEL,2014,party,2012,2016.0,2016.0,,0,0,0,-2.0,-2.0,1.422,61.525,28.439,40533.91,48.1,0,0,1,1,1,1,1,1,1,1,1,11204000,2020.0,0,0,1.0,1.0,1,1,1,0,2.58,2.63,retained_legacy_not_independently_reimported,2020.0,0,excluded_until_researcher_coding_rubric_is_documented,11522440.0,1863.0,1152.0,0.0,0.0,1.616845,1.0,GDP parsed from comma-formatted text to numeric.,2.3404649864838,,,,,0.3779437164487544,-0.4982852904204763,Western Europe,0,,2017.0,2017.0,True,0,0,0
Belgium,BEL,2015,party,2012,2016.0,2016.0,,0,0,0,-1.0,-1.0,1.833,61.089,28.655,40893.8,48.0,0,0,1,1,1,1,1,1,1,1,1,11247000,2020.0,0,0,1.0,1.0,1,1,1,0,2.61,2.48,retained_legacy_not_independently_reimported,2020.0,0,excluded_until_researcher_coding_rubric_is_documented,11522440.0,1863.0,1152.0,0.0,0.0,1.616845,1.0,GDP parsed from comma-formatted text to numeric.,2.2713936893112,,,,,0.4465945858881813,-0.2144396342883672,Western Europe,0,,2017.0,2017.0,True,0,0,0
Belgium,BEL,2016,party,2012,2016.0,2016.0,,1,1,1,0.0,0.0,1.165,68.457,30.028,41172.89,47.8,0,0,1,1,1,1,1,1,1,1,1,11311000,2020.0,0,0,1.0,1.0,1,1,1,0,2.39,2.38,retained_legacy_not_independently_reimported,2020.0,0,excluded_until_researcher_coding_rubric_is_documented,11522440.0,1863.0,1152.0,0.0,0.0,1.616845,1.0,GDP parsed from comma-formatted text to numeric.,1.91758592061822,,,,,0.37792944949490864,-0.4983459749043395,Western Europe,0,,2017.0,2017.0,True,0,0,1
Belgium,BEL,2017,party,2012,2016.0,2016.0,,1,1,1,1.0,1.0,1.593,75.893,32.76,41619.33,48.0,0,0,1,1,1,1,1,1,1,1,1,11352000,2020.0,0,0,1.0,1.0,1,1,1,0,2.12,2.25,retained_legacy_not_independently_reimported,2020.0,0,excluded_until_researcher_coding_rubric_is_documented,11522440.0,1863.0,1152.0,0.0,0.0,1.616845,1.0,GDP parsed from comma-formatted text to numeric.,1.8920239765846,,,,,0.4570987203253548,-0.17202811223490322,Western Europe,0,,2017.0,2017.0,True,1,1,1
Belgium,BEL,2018,party,2012,2016.0,2016.0,,1,1,1,2.0,2.0,1.259,76.449,33.836,42208.36,48.8,0,0,1,1,1,1,1,1,1,1,1,11398000,2020.0,0,0,1.0,1.0,1,1,1,0,2.09,2.28,retained_legacy_not_independently_reimported,2020.0,0,excluded_until_researcher_coding_rubric_is_documented,11522440.0,1863.0,1152.0,0.0,0.0,1.616845,1.0,GDP parsed from comma-formatted text to numeric.,2.07802190785678,,,,,0.37728250960407966,-0.5010986803199731,Western Europe,0,,2017.0,2017.0,True,1,1,1
Belgium,BEL,2019,party,2012,2016.0,2016.0,,1,1,1,3.0,3.0,0.944,83.877,36.734,43006.4,49.1,0,0,1,1,1,1,1,1,1,1,1,11455000,2020.0,0,0,1.0,1.0,1,1,1,0,1.9,2.28,retained_legacy_not_independently_reimported,2020.0,0,excluded_until_researcher_coding_rubric_is_documented,11522440.0,1863.0,1152.0,0.0,0.0,1.616845,1.0,GDP parsed from comma-formatted text to numeric.,1.60665288476291,,,,,0.37010132019110364,-0.5317821742458486,Western Europe,0,,2017.0,2017.0,True,1,1,1
Belgium,BEL,2020,party,2012,2016.0,2016.0,,1,1,1,4.0,4.0,,82.59,34.67,40769.02,48.7,0,0,1,1,0,1,1,1,0,1,1,11492000,2020.0,1,0,1.0,1.0,1,1,1,0,1.84,2.27,retained_legacy_not_independently_reimported,2020.0,1,excluded_until_researcher_coding_rubric_is_documented,11522440.0,1863.0,1152.0,0.0,0.0,1.616845,1.0,GDP parsed from comma-formatted text to numeric.,,,,,,,,Western Europe,0,,2017.0,2017.0,True,1,1,1
Belgium,BEL,2021,party,2012,2016.0,2016.0,,1,1,1,5.0,5.0,0.188,93.943,39.85,43140.97,49.4,0,0,1,1,1,1,1,1,1,1,1,11554000,2020.0,1,1,1.0,1.0,1,1,1,0,1.86,2.21,retained_legacy_not_independently_reimported,2020.0,1,excluded_until_researcher_coding_rubric_is_documented,11522440.0,1863.0,1152.0,0.0,0.0,1.616845,1.0,GDP parsed from comma-formatted text to numeric.,1.99806380606442,1.08030153549307,,,,0.08599931963489081,-2.3634919308358167,Western Europe,0,,2017.0,2017.0,True,1,1,1
Belgium,BEL,2022,party,2012,2016.0,2016.0,,1,1,1,6.0,6.0,,99.435,40.166,44486.74,50.0,0,0,1,1,0,1,1,1,0,1,1,11590000,2020.0,1,0,1.0,1.0,1,1,1,0,1.72,1.89,retained_legacy_not_independently_reimported,2020.0,1,excluded_until_researcher_coding_rubric_is_documented,11522440.0,1863.0,1152.0,0.0,0.0,1.616845,1.0,GDP parsed from comma-formatted text to numeric.,,,,,,,,Western Europe,0,,2017.0,2017.0,True,1,1,1
Belgium,BEL,2023,party,2012,2016.0,2016.0,,1,1,1,7.0,7.0,,99.207,37.642,44866.19,49.8,0,0,1,1,0,1,1,0,0,0,0,11697000,2020.0,1,0,1.0,1.0,1,1,1,0,,,excluded_legacy_flagged_for_manual_review,2020.0,1,excluded_until_researcher_coding_rubric_is_documented,11522440.0,1863.0,1152.0,0.0,0.0,1.616845,1.0,GDP parsed from comma-formatted text to numeric. | WGI legacy value excluded because source file flagged this country-year for manual review. | UNODC outcome values preserved from source dataset; not silently imputed or replaced.,,,,,,,,Western Europe,0,,2017.0,2017.0,True,1,1,1
Bulgaria,BGR,1990,signed_not_ratified,2016,,,,0,0,0,,,1.182,,,4425.5,44.9,0,0,1,1,0,0,0,0,0,0,0,8718000,,0,0,0.0,0.0,1,1,0,0,,,retained_legacy_not_independently_reimported,,0,excluded_until_researcher_coding_rubric_is_documented,6951482.0,128.0,695.0,567.0,82.0,0.184133,0.0,GDP parsed from comma-formatted text to numeric.,4.00396048765675,2.57300621772053,,,,0.2279230632036845,-1.2200760742027816,Eastern Europe,1,,,,False,0,0,0
Bulgaria,BGR,1991,signed_not_ratified,2016,,,,0,0,0,,,2.106,,,4092.08,44.7,0,0,1,1,0,0,0,0,0,0,0,8592000,,0,0,0.0,0.0,1,1,0,0,,,retained_legacy_not_independently_reimported,,0,excluded_until_researcher_coding_rubric_is_documented,6951482.0,128.0,695.0,567.0,82.0,0.184133,0.0,GDP parsed from comma-formatted text to numeric.,6.58775286110141,4.31242817650872,,,,0.24224291093239006,-1.1404218844059435,Eastern Europe,1,,,,False,0,0,0
Bulgaria,BGR,1992,signed_not_ratified,2016,,,,0,0,0,,,2.313,,,3835.45,44.6,0,0,1,1,0,0,0,0,0,0,0,8485000,,0,0,0.0,0.0,1,1,0,0,,,retained_legacy_not_independently_reimported,,0,excluded_until_researcher_coding_rubric_is_documented,6951482.0,128.0,695.0,567.0,82.0,0.184133,0.0,GDP parsed from comma-formatted text to numeric.,8.58775611812623,5.3977634682523,,,,0.21218711573171037,-1.3117920983814952,Eastern Europe,1,,,,False,0,0,0
Bulgaria,BGR,1993,signed_not_ratified,2016,,,,0,0,0,,,2.122,,,3808.94,44.4,0,0,1,1,0,0,0,0,0,0,0,8386000,,0,0,0.0,0.0,1,1,0,0,,,retained_legacy_not_independently_reimported,,0,excluded_until_researcher_coding_rubric_is_documented,6951482.0,128.0,695.0,567.0,82.0,0.184133,0.0,GDP parsed from comma-formatted text to numeric.,9.5882656075199,5.78749294427837,,,,0.18120852857832104,-1.5081809780742375,Eastern Europe,1,,,,False,0,0,0
Bulgaria,BGR,1994,signed_not_ratified,2016,,,,0,0,0,,,2.305,,,3891.38,44.3,0,0,1,1,0,0,0,0,0,0,0,8282000,,0,0,0.0,0.0,1,1,0,0,,,retained_legacy_not_independently_reimported,,0,excluded_until_researcher_coding_rubric_is_documented,6951482.0,128.0,695.0,567.0,82.0,0.184133,0.0,GDP parsed from comma-formatted text to numeric.,9.52464700304433,5.845370350844,,,,0.19484943205886143,-1.4188021838295728,Eastern Europe,1,,,,False,0,0,0
Bulgaria,BGR,1995,signed_not_ratified,2016,,,,0,0,0,,,1.834,,,4022.0,44.2,0,0,1,1,0,0,0,0,0,0,0,8185000,,0,0,0.0,0.0,1,1,0,0,,,retained_legacy_not_independently_reimported,,0,excluded_until_researcher_coding_rubric_is_documented,6951482.0,128.0,695.0,567.0,82.0,0.184133,0.0,GDP parsed from comma-formatted text to numeric.,10.1578065237626,5.91080617413618,,,,0.1529377576569303,-1.71174315167729,Eastern Europe,1,,,,False,0,0,0
Bulgaria,BGR,1996,signed_not_ratified,2016,,,,0,0,0,,,1.961,,,4253.23,44.0,0,0,1,1,0,0,0,1,0,0,0,8095000,,0,0,0.0,0.0,1,1,0,0,-0.07,-0.59,retained_legacy_not_independently_reimported,,0,excluded_until_researcher_coding_rubric_is_documented,6951482.0,128.0,695.0,567.0,82.0,0.184133,0.0,GDP parsed from comma-formatted text to numeric.,8.75053755248625,5.28258322661631,,,,0.18307362415443645,-1.4956605858381449,Eastern Europe,1,,,,False,0,0,0
Bulgaria,BGR,1997,signed_not_ratified,2016,,,,0,0,0,,,2.247,,,3675.18,44.4,0,0,1,1,0,0,0,0,0,0,0,7976000,,0,0,0.0,0.0,1,1,0,0,,,retained_legacy_not_independently_reimported,,0,excluded_until_researcher_coding_rubric_is_documented,6951482.0,128.0,695.0,567.0,82.0,0.184133,0.0,GDP parsed from comma-formatted text to numeric.,7.55909454234923,4.84355676733719,,,,0.22914321193783735,-1.2131554202847816,Eastern Europe,1,,,,False,0,0,0
Bulgaria,BGR,1998,signed_not_ratified,2016,,,,0,0,0,,,2.395,,,3839.98,44.2,0,0,1,1,0,0,0,1,0,0,0,7934000,,0,0,0.0,0.0,1,1,0,0,-0.14,-0.38,retained_legacy_not_independently_reimported,,0,excluded_until_researcher_coding_rubric_is_documented,6951482.0,128.0,695.0,567.0,82.0,0.184133,0.0,GDP parsed from comma-formatted text to numeric.,7.07783848828659,4.68162809330743,,,,0.2528281256944769,-1.0835853319651412,Eastern Europe,1,,,,False,0,0,0
Bulgaria,BGR,1999,signed_not_ratified,2016,,,,0,0,0,,,2.128,,,3537.35,44.6,0,0,1,1,0,0,0,0,0,0,0,7902000,,0,0,0.0,0.0,1,1,0,0,,,retained_legacy_not_independently_reimported,,0,excluded_until_researcher_coding_rubric_is_documented,6951482.0,128.0,695.0,567.0,82.0,0.184133,0.0,GDP parsed from comma-formatted text to numeric.,6.07512889541013,4.05331911985956,,,,0.2594132101460301,-1.049020634873591,Eastern Europe,1,,,,False,0,0,0
Bulgaria,BGR,2000,signed_not_ratified,2016,,,,0,0,0,,,2.373,,,3717.93,44.3,0,0,1,1,1,0,0,1,1,0,0,7874000,,0,0,0.0,0.0,1,1,0,0,0.06,-0.21,retained_legacy_not_independently_reimported,,0,excluded_until_researcher_coding_rubric_is_documented,6951482.0,128.0,695.0,567.0,82.0,0.184133,0.0,GDP parsed from comma-formatted text to numeric.,6.01857004762404,4.14973052687391,,,,0.282783792130995,-0.9306947200342561,Eastern Europe,1,,,,False,0,0,0
Bulgaria,BGR,2001,signed_not_ratified,2016,,,,0,0,0,,,1.521,,,3937.7,46.7,0,0,1,1,1,0,0,0,0,0,0,7892000,,0,0,0.0,0.0,1,1,0,0,,,retained_legacy_not_independently_reimported,,0,excluded_until_researcher_coding_rubric_is_documented,6951482.0,128.0,695.0,567.0,82.0,0.184133,0.0,GDP parsed from comma-formatted text to numeric.,6.37490076871497,3.8847432008165,,,,0.19263160018759168,-1.433000511954418,Eastern Europe,1,,,,False,0,0,0
Bulgaria,BGR,2002,signed_not_ratified,2016,,,,0,0,0,,,1.404,,,4260.4,46.2,0,0,1,1,1,0,0,1,1,0,0,7846000,,0,0,0.0,0.0,1,1,0,0,0.3,-0.1,retained_legacy_not_independently_reimported,,0,excluded_until_researcher_coding_rubric_is_documented,6951482.0,128.0,695.0,567.0,82.0,0.184133,0.0,GDP parsed from comma-formatted text to numeric.,5.18234336421617,3.2434732256055,,,,0.21316835797355788,-1.3059320352859811,Eastern Europe,1,,,,False,0,0,0
Bulgaria,BGR,2003,signed_not_ratified,2016,,,,0,0,0,,,1.295,16.491,7.829,4519.18,44.9,0,0,1,1,1,0,0,1,1,0,0,7800000,,0,0,0.0,0.0,1,1,0,0,0.06,-0.29,retained_legacy_not_independently_reimported,,0,excluded_until_researcher_coding_rubric_is_documented,6951482.0,128.0,695.0,567.0,82.0,0.184133,0.0,GDP parsed from comma-formatted text to numeric.,5.13679238388105,3.16487749649733,,,,0.20134356377010035,-1.3779181396868414,Eastern Europe,1,,,,False,0,0,0
Bulgaria,BGR,2004,signed_not_ratified,2016,,,,0,0,0,,,1.436,15.162,6.826,4849.87,45.7,0,0,1,1,1,0,0,1,1,0,0,7761000,,0,0,0.0,0.0,1,1,0,0,0.13,-0.2,retained_legacy_not_independently_reimported,,0,excluded_until_researcher_coding_rubric_is_documented,6951482.0,128.0,695.0,567.0,82.0,0.184133,0.0,GDP parsed from comma-formatted text to numeric.,4.95519423301785,3.14861867259915,,,,0.22468414315769228,-1.238574895785796,Eastern Europe,1,,,,False,0,0,0
Bulgaria,BGR,2005,signed_not_ratified,2016,,,,0,0,0,,,1.316,13.476,5.237,5231.34,44.6,0,0,1,1,1,1,1,1,1,1,1,7720000,,0,0,0.0,0.0,1,1,0,0,0.23,-0.18,retained_legacy_not_independently_reimported,,0,excluded_until_researcher_coding_rubric_is_documented,6951482.0,128.0,695.0,567.0,82.0,0.184133,0.0,GDP parsed from comma-formatted text to numeric.,3.92704249620987,2.58607823120566,,,,0.25099930068301374,-1.0932897641798707,Eastern Europe,1,,,,False,0,0,0
Bulgaria,BGR,2006,signed_not_ratified,2016,,,,0,0,0,,,1.376,11.924,4.057,5629.8,46.7,0,0,1,1,1,1,1,1,1,1,1,7679000,,0,0,1.0,0.0,1,1,0,0,-0.22,-0.19,retained_legacy_not_independently_reimported,,0,excluded_until_researcher_coding_rubric_is_documented,6951482.0,128.0,695.0,567.0,82.0,0.184133,0.0,GDP parsed from comma-formatted text to numeric.,3.55236058397579,2.43446129167281,,,,0.27920035000563165,-0.9484315962253458,Eastern Europe,1,,,,False,0,0,0
Bulgaria,BGR,2007,signed_not_ratified,2016,,,,0,0,0,,,0.975,10.07,2.966,6048.74,48.1,0,0,1,1,1,1,1,1,1,1,1,7545000,,0,0,1.0,0.0,1,1,0,0,-0.21,-0.1,retained_legacy_not_independently_reimported,,0,excluded_until_researcher_coding_rubric_is_documented,6951482.0,128.0,695.0,567.0,82.0,0.184133,0.0,GDP parsed from comma-formatted text to numeric.,3.76740885072754,2.3329723596816,,,,0.20559172156791664,-1.351705265640802,Eastern Europe,1,,,,False,0,0,0
Bulgaria,BGR,2008,signed_not_ratified,2016,,,,0,0,0,,,0.93,9.939,3.477,6464.72,48.9,0,0,1,1,1,1,1,1,1,1,1,7497000,,0,0,1.0,0.0,1,1,0,0,-0.3,-0.21,retained_legacy_not_independently_reimported,,0,excluded_until_researcher_coding_rubric_is_documented,6951482.0,128.0,695.0,567.0,82.0,0.184133,0.0,GDP parsed from comma-formatted text to numeric.,3.71108899314199,2.28250164569032,,,,0.2003840049984466,-1.383896055531711,Eastern Europe,1,,,,False,0,0,0
Bulgaria,BGR,2009,signed_not_ratified,2016,,,,0,0,0,,,0.91,9.695,3.285,6288.73,48.1,0,0,1,1,1,1,1,1,1,1,1,7445000,,0,0,1.0,0.0,1,1,0,0,0.12,-0.07,retained_legacy_not_independently_reimported,,0,excluded_until_researcher_coding_rubric_is_documented,6951482.0,128.0,695.0,567.0,82.0,0.184133,0.0,GDP parsed from comma-formatted text to numeric.,3.15773923444319,2.00320205170625,,,,0.2237114887539159,-1.2441670188881304,Eastern Europe,1,,,,False,0,0,0
Bulgaria,BGR,2010,signed_not_ratified,2016,,,,0,0,0,,,0.707,9.358,2.837,6428.72,47.8,0,0,1,1,1,1,1,1,1,1,1,7395000,,0,0,1.0,0.0,1,1,0,0,-0.11,-0.17,retained_legacy_not_independently_reimported,,0,excluded_until_researcher_coding_rubric_is_documented,6951482.0,128.0,695.0,567.0,82.0,0.184133,0.0,GDP parsed from comma-formatted text to numeric.,3.34459670037569,1.9898896128905,,,,0.17449910548462103,-1.5540707314972184,Eastern Europe,1,,,,False,0,0,0
Bulgaria,BGR,2011,signed_not_ratified,2016,,,,0,0,0,,,0.792,8.794,2.127,6605.31,47.2,0,0,1,1,1,1,1,1,1,1,1,7327000,,0,0,1.0,0.0,1,1,0,0,-0.12,-0.24,retained_legacy_not_independently_reimported,,0,excluded_until_researcher_coding_rubric_is_documented,6951482.0,128.0,695.0,567.0,82.0,0.184133,0.0,GDP parsed from comma-formatted text to numeric.,2.72952217764622,1.73441146879584,,,,0.22490274377013053,-1.2373204545424374,Eastern Europe,1,,,,False,0,0,0
Bulgaria,BGR,2012,signed_not_ratified,2016,,,,0,0,0,,,0.985,9.512,2.556,6693.43,48.0,0,0,1,1,1,1,1,1,1,1,1,7245000,,0,0,1.0,0.0,1,1,0,0,-0.05,-0.2,retained_legacy_not_independently_reimported,,0,excluded_until_researcher_coding_rubric_is_documented,6951482.0,128.0,695.0,567.0,82.0,0.184133,0.0,GDP parsed from comma-formatted text to numeric.,2.9209347890074,1.92701571481315,,,,0.25218034944467527,-1.0870173360802449,Eastern Europe,1,,,,False,0,0,0
Bulgaria,BGR,2013,signed_not_ratified,2016,,,,0,0,0,,,0.912,8.7,2.258,6792.74,48.5,0,0,1,1,1,1,1,1,1,1,1,7185000,,0,0,1.0,0.0,1,1,0,0,-0.02,-0.25,retained_legacy_not_independently_reimported,,0,excluded_until_researcher_coding_rubric_is_documented,6951482.0,128.0,695.0,567.0,82.0,0.184133,0.0,GDP parsed from comma-formatted text to numeric.,2.12172836558455,1.50042683013702,,,,0.3006201907678945,-0.8443463122274409,Eastern Europe,1,,,,False,0,0,0
Bulgaria,BGR,2014,signed_not_ratified,2016,,,,0,0,0,,,0.701,8.445,2.049,6941.02,48.4,0,0,1,1,1,1,1,1,1,1,1,7130000,,0,0,1.0,0.0,1,1,0,0,-0.19,-0.14,retained_legacy_not_independently_reimported,,0,excluded_until_researcher_coding_rubric_is_documented,6951482.0,128.0,695.0,567.0,82.0,0.184133,0.0,GDP parsed from comma-formatted text to numeric.,2.44783757743777,1.55050575213407,,,,0.22262183512507758,-1.2504524053105504,Eastern Europe,1,,,,False,0,0,0
Bulgaria,BGR,2015,signed_not_ratified,2016,,,,0,0,0,,,0.786,8.401,1.658,7268.65,48.7,0,0,1,1,1,1,1,1,1,1,1,7078000,,0,0,1.0,0.0,1,1,0,0,-0.01,-0.26,retained_legacy_not_independently_reimported,,0,excluded_until_researcher_coding_rubric_is_documented,6951482.0,128.0,695.0,567.0,82.0,0.184133,0.0,GDP parsed from comma-formatted text to numeric.,2.77984753825873,1.75548173553612,,,,0.22042445493444132,-1.2631945703986045,Eastern Europe,1,,,,False,0,0,0
Bulgaria,BGR,2016,signed_not_ratified,2016,,,,0,0,0,,,0.6,7.773,1.782,7586.5,47.4,0,0,1,1,1,1,1,1,1,1,1,7041000,,0,0,1.0,0.0,1,1,0,0,0.16,-0.23,retained_legacy_not_independently_reimported,,0,excluded_until_researcher_coding_rubric_is_documented,6951482.0,128.0,695.0,567.0,82.0,0.184133,0.0,GDP parsed from comma-formatted text to numeric.,1.64577875074421,1.10839328712128,,,,0.267167903250118,-1.0090393006703966,Eastern Europe,1,,,,False,0,0,0
Bulgaria,BGR,2017,signed_not_ratified,2016,,,,0,0,0,,,0.962,9.229,2.007,7898.71,49.6,0,0,1,1,1,1,1,1,1,1,1,7002000,,0,0,1.0,0.0,1,1,0,0,0.18,-0.21,retained_legacy_not_independently_reimported,,0,excluded_until_researcher_coding_rubric_is_documented,6951482.0,128.0,695.0,567.0,82.0,0.184133,0.0,GDP parsed from comma-formatted text to numeric.,1.97901775528165,1.45569963291636,,,,0.3270976512373598,-0.721341466741812,Eastern Europe,1,,,,False,0,0,0
Bulgaria,BGR,2018,signed_not_ratified,2016,,,,0,0,0,,,1.051,8.185,1.609,8194.37,49.2,0,0,1,1,1,1,1,1,1,1,1,6972000,,0,0,1.0,0.0,1,1,0,0,0.2,-0.17,retained_legacy_not_independently_reimported,,0,excluded_until_researcher_coding_rubric_is_documented,6951482.0,128.0,695.0,567.0,82.0,0.184133,0.0,GDP parsed from comma-formatted text to numeric.,1.58408173861771,1.30965598682543,,,,0.39884910763767245,-0.4102628028287442,Eastern Europe,1,,,,False,0,0,0
Bulgaria,BGR,2019,signed_not_ratified,2016,,,,0,0,0,,,0.64,8.673,1.878,8626.13,50.4,0,0,1,1,1,1,1,1,1,1,1,6975000,,0,0,1.0,0.0,1,1,0,0,0.3,-0.06,retained_legacy_not_independently_reimported,,0,excluded_until_researcher_coding_rubric_is_documented,6951482.0,128.0,695.0,567.0,82.0,0.184133,0.0,GDP parsed from comma-formatted text to numeric.,1.77381546820303,1.18988414972527,,,,0.26514040051141496,-1.0194199609266579,Eastern Europe,1,,,,False,0,0,0
Bulgaria,BGR,2020,signed_not_ratified,2016,,,,0,0,0,,,0.727,8.192,1.572,8440.08,49.5,0,0,1,1,1,1,1,1,1,1,1,6916000,,0,0,1.0,0.0,1,1,0,0,-0.35,-0.21,retained_legacy_not_independently_reimported,,0,excluded_until_researcher_coding_rubric_is_documented,6951482.0,128.0,695.0,567.0,82.0,0.184133,0.0,GDP parsed from comma-formatted text to numeric.,1.27995694582032,0.995146569224991,,,,0.3622399581187066,-0.5656552427365629,Eastern Europe,1,,,,False,0,0,0
Bulgaria,BGR,2021,signed_not_ratified,2016,,,,0,0,0,,,0.789,7.954,1.163,9161.48,49.2,0,0,1,1,1,1,1,1,1,1,1,6873000,,0,0,1.0,0.0,1,1,0,0,-0.28,-0.11,retained_legacy_not_independently_reimported,,0,excluded_until_researcher_coding_rubric_is_documented,6951482.0,128.0,695.0,567.0,82.0,0.184133,0.0,GDP parsed from comma-formatted text to numeric.,1.83169651731434,1.29412653402161,,,,0.3010650011503653,-0.8422315541778441,Eastern Europe,1,,,,False,0,0,0
Bulgaria,BGR,2022,signed_not_ratified,2016,,,,0,0,0,,,0.824,8.307,1.406,9597.87,50.8,0,0,1,1,1,1,1,1,1,1,1,6458000,,0,0,1.0,0.0,1,1,0,0,-0.38,-0.15,retained_legacy_not_independently_reimported,,0,excluded_until_researcher_coding_rubric_is_documented,6951482.0,128.0,695.0,567.0,82.0,0.184133,0.0,GDP parsed from comma-formatted text to numeric.,1.42232078266379,1.11341216291447,,,,0.3668220524687765,-0.5458746405713393,Eastern Europe,1,,,,False,0,0,0
Bulgaria,BGR,2023,signed_not_ratified,2016,,,,0,0,0,,,0.884,9.182,1.104,9787.27,51.0,0,0,1,1,1,1,1,1,1,1,1,6448000,,0,0,1.0,0.0,1,1,0,0,0.03,0.0,retained_legacy_not_independently_reimported,,0,excluded_until_researcher_coding_rubric_is_documented,6951482.0,128.0,695.0,567.0,82.0,0.184133,0.0,GDP parsed from comma-formatted text to numeric. | UNODC outcome values preserved from source dataset; not silently imputed or replaced.,1.30737554392903,1.08890737415431,,,,0.40339959184496094,-0.3913199424833836,Eastern Europe,1,,,,False,0,0,0
Bosnia and Herzegovina,BIH,1990,party,2013,2013.0,2014.0,,0,0,0,-23.0,-24.0,0.702,,,791.44,41.7,0,0,1,1,0,0,0,0,0,0,0,4308000,2022.0,0,0,0.0,0.0,1,1,1,0,,,retained_legacy_not_independently_reimported,2022.0,0,excluded_until_researcher_coding_rubric_is_documented,3492018.0,189.0,349.0,160.0,46.0,0.541234,0.0,GREVIO baseline publication year corrected to 2022 from official CoE page.,2.62841295964372,1.64094651593337,,,,0.2107846710022106,-1.32020210160655,Southern Europe,1,,2014.0,2015.0,True,0,0,0
Bosnia and Herzegovina,BIH,1991,party,2013,2013.0,2014.0,,0,0,0,-22.0,-23.0,,,,715.9,42.2,0,0,1,1,0,0,0,0,0,0,0,4365000,2022.0,0,0,0.0,0.0,1,1,1,0,,,retained_legacy_not_independently_reimported,2022.0,0,excluded_until_researcher_coding_rubric_is_documented,3492018.0,189.0,349.0,160.0,46.0,0.541234,0.0,GREVIO baseline publication year corrected to 2022 from official CoE page.,,,,,,,,Southern Europe,1,,2014.0,2015.0,True,0,0,0
Bosnia and Herzegovina,BIH,1992,party,2013,2013.0,2014.0,,0,0,0,-21.0,-22.0,,,,705.21,42.5,0,0,1,1,0,0,0,0,0,0,0,4164000,2022.0,0,0,0.0,0.0,1,1,1,0,,,retained_legacy_not_independently_reimported,2022.0,0,excluded_until_researcher_coding_rubric_is_documented,3492018.0,189.0,349.0,160.0,46.0,0.541234,0.0,GREVIO baseline publication year corrected to 2022 from official CoE page.,,,,,,,,Southern Europe,1,,2014.0,2015.0,True,0,0,0
Bosnia and Herzegovina,BIH,1993,party,2013,2013.0,2014.0,,0,0,0,-20.0,-21.0,,,,748.15,42.2,0,0,1,1,0,0,0,0,0,0,0,3677000,2022.0,0,0,0.0,0.0,1,1,1,0,,,retained_legacy_not_independently_reimported,2022.0,0,excluded_until_researcher_coding_rubric_is_documented,3492018.0,189.0,349.0,160.0,46.0,0.541234,0.0,GREVIO baseline publication year corrected to 2022 from official CoE page.,,,,,,,,Southern Europe,1,,2014.0,2015.0,True,0,0,0
Bosnia and Herzegovina,BIH,1994,party,2013,2013.0,2014.0,,0,0,0,-19.0,-20.0,,,,871.4,42.0,0,0,1,1,0,0,0,0,0,0,0,3598000,2022.0,0,0,0.0,0.0,1,1,1,0,,,retained_legacy_not_independently_reimported,2022.0,0,excluded_until_researcher_coding_rubric_is_documented,3492018.0,189.0,349.0,160.0,46.0,0.541234,0.0,GREVIO baseline publication year corrected to 2022 from official CoE page.,,,,,,,,Southern Europe,1,,2014.0,2015.0,True,0,0,0
Bosnia and Herzegovina,BIH,1995,party,2013,2013.0,2014.0,,0,0,0,-18.0,-19.0,,,,1013.22,41.6,0,0,1,1,0,0,0,0,0,0,0,3659000,2022.0,0,0,0.0,0.0,1,1,1,0,,,retained_legacy_not_independently_reimported,2022.0,0,excluded_until_researcher_coding_rubric_is_documented,3492018.0,189.0,349.0,160.0,46.0,0.541234,0.0,GDP parsed from comma-formatted text to numeric. | GREVIO baseline publication year corrected to 2022 from official CoE page.,,,,,,,,Southern Europe,1,,2014.0,2015.0,True,0,0,0
Bosnia and Herzegovina,BIH,1996,party,2013,2013.0,2014.0,,0,0,0,-17.0,-18.0,,,,1498.01,41.4,0,0,1,1,0,0,0,1,0,0,0,3640000,2022.0,0,0,0.0,0.0,1,1,1,0,-2.03,-0.41,retained_legacy_not_independently_reimported,2022.0,0,excluded_until_researcher_coding_rubric_is_documented,3492018.0,189.0,349.0,160.0,46.0,0.541234,0.0,GDP parsed from comma-formatted text to numeric. | GREVIO baseline publication year corrected to 2022 from official CoE page.,,,,,,,,Southern Europe,1,,2014.0,2015.0,True,0,0,0
Bosnia and Herzegovina,BIH,1997,party,2013,2013.0,2014.0,,0,0,0,-16.0,-17.0,,,,1974.06,41.5,0,0,1,1,0,0,0,0,0,0,0,3697000,2022.0,0,0,0.0,0.0,1,1,1,0,,,retained_legacy_not_independently_reimported,2022.0,0,excluded_until_researcher_coding_rubric_is_documented,3492018.0,189.0,349.0,160.0,46.0,0.541234,0.0,GDP parsed from comma-formatted text to numeric. | GREVIO baseline publication year corrected to 2022 from official CoE page.,,,,,,,,Southern Europe,1,,2014.0,2015.0,True,0,0,0
Bosnia and Herzegovina,BIH,1998,party,2013,2013.0,2014.0,,0,0,0,-15.0,-16.0,,,,2262.03,41.3,0,0,1,1,0,0,0,1,0,0,0,3749000,2022.0,0,0,0.0,0.0,1,1,1,0,-2.05,-1.14,retained_legacy_not_independently_reimported,2022.0,0,excluded_until_researcher_coding_rubric_is_documented,3492018.0,189.0,349.0,160.0,46.0,0.541234,0.0,GDP parsed from comma-formatted text to numeric. | GREVIO baseline publication year corrected to 2022 from official CoE page.,,,,,,,,Southern Europe,1,,2014.0,2015.0,True,0,0,0
Bosnia and Herzegovina,BIH,1999,party,2013,2013.0,2014.0,,0,0,0,-14.0,-15.0,,,,2452.85,41.3,0,0,1,1,0,0,0,0,0,0,0,3830000,2022.0,0,0,0.0,0.0,1,1,1,0,,,retained_legacy_not_independently_reimported,2022.0,0,excluded_until_researcher_coding_rubric_is_documented,3492018.0,189.0,349.0,160.0,46.0,0.541234,0.0,GDP parsed from comma-formatted text to numeric. | GREVIO baseline publication year corrected to 2022 from official CoE page.,,,,,,,,Southern Europe,1,,2014.0,2015.0,True,0,0,0
Bosnia and Herzegovina,BIH,2000,party,2013,2013.0,2014.0,,0,0,0,-13.0,-14.0,0.922,,,2567.34,41.2,0,0,1,1,1,0,0,1,1,0,0,3863000,2022.0,0,0,0.0,0.0,1,1,1,0,-1.8,-1.02,retained_legacy_not_independently_reimported,2022.0,0,excluded_until_researcher_coding_rubric_is_documented,3492018.0,189.0,349.0,160.0,46.0,0.541234,0.0,GDP parsed from comma-formatted text to numeric. | GREVIO baseline publication year corrected to 2022 from official CoE page.,3.97025724502845,2.37993841729047,,,,0.18846106282267633,-1.4600409452617775,Southern Europe,1,,2014.0,2015.0,True,0,0,0
Bosnia and Herzegovina,BIH,2001,party,2013,2013.0,2014.0,,0,0,0,-12.0,-13.0,1.331,,,2617.18,41.1,0,0,1,1,1,0,0,0,0,0,0,3803000,2022.0,0,0,0.0,0.0,1,1,1,0,,,retained_legacy_not_independently_reimported,2022.0,0,excluded_until_researcher_coding_rubric_is_documented,3492018.0,189.0,349.0,160.0,46.0,0.541234,0.0,GDP parsed from comma-formatted text to numeric. | GREVIO baseline publication year corrected to 2022 from official CoE page.,2.65016696051851,1.96198627662379,,,,0.3343240846715581,-0.6886921025697387,Southern Europe,1,,2014.0,2015.0,True,0,0,0
Bosnia and Herzegovina,BIH,2002,party,2013,2013.0,2014.0,,0,0,0,-11.0,-12.0,1.145,,,2743.14,41.1,0,0,1,1,1,0,0,1,1,0,0,3790000,2022.0,0,0,0.0,0.0,1,1,1,0,-1.82,-1.12,retained_legacy_not_independently_reimported,2022.0,0,excluded_until_researcher_coding_rubric_is_documented,3492018.0,189.0,349.0,160.0,46.0,0.541234,0.0,GDP parsed from comma-formatted text to numeric. | GREVIO baseline publication year corrected to 2022 from official CoE page.,3.24305176160077,2.14899585184106,,,,0.2609358462950997,-1.041110151215583,Southern Europe,1,,2014.0,2015.0,True,0,0,0
Bosnia and Herzegovina,BIH,2003,party,2013,2013.0,2014.0,,0,0,0,-10.0,-11.0,,,,2855.68,40.9,0,0,1,1,0,0,0,1,0,0,0,3830000,2022.0,0,0,0.0,0.0,1,1,1,0,-1.5,-1.05,retained_legacy_not_independently_reimported,2022.0,0,excluded_until_researcher_coding_rubric_is_documented,3492018.0,189.0,349.0,160.0,46.0,0.541234,0.0,GDP parsed from comma-formatted text to numeric. | GREVIO baseline publication year corrected to 2022 from official CoE page.,,,,,,,,Southern Europe,1,,2014.0,2015.0,True,0,0,0
Bosnia and Herzegovina,BIH,2004,party,2013,2013.0,2014.0,,0,0,0,-9.0,-10.0,,,,3063.84,40.8,0,0,1,1,0,0,0,1,0,0,0,3823000,2022.0,0,0,0.0,0.0,1,1,1,0,-1.19,-0.83,retained_legacy_not_independently_reimported,2022.0,0,excluded_until_researcher_coding_rubric_is_documented,3492018.0,189.0,349.0,160.0,46.0,0.541234,0.0,GDP parsed from comma-formatted text to numeric. | GREVIO baseline publication year corrected to 2022 from official CoE page.,,1.64212058622739,,,,,,Southern Europe,1,,2014.0,2015.0,True,0,0,0
Bosnia and Herzegovina,BIH,2005,party,2013,2013.0,2014.0,,0,0,0,-8.0,-9.0,,,0.952,3217.81,40.6,0,0,1,1,0,0,1,1,0,0,1,3799000,2022.0,0,0,0.0,0.0,1,1,1,0,-1.3,-0.88,retained_legacy_not_independently_reimported,2022.0,0,excluded_until_researcher_coding_rubric_is_documented,3492018.0,189.0,349.0,160.0,46.0,0.541234,0.0,GDP parsed from comma-formatted text to numeric. | GREVIO baseline publication year corrected to 2022 from official CoE page.,,,,,,,,Southern Europe,1,,2014.0,2015.0,True,0,0,0
Bosnia and Herzegovina,BIH,2006,party,2013,2013.0,2014.0,,0,0,0,-7.0,-8.0,,,0.984,3419.76,40.5,0,0,1,1,0,0,1,1,0,0,1,3766000,2022.0,0,0,1.0,0.0,1,1,1,0,-1.08,-0.84,retained_legacy_not_independently_reimported,2022.0,0,excluded_until_researcher_coding_rubric_is_documented,3492018.0,189.0,349.0,160.0,46.0,0.541234,0.0,GDP parsed from comma-formatted text to numeric. | GREVIO baseline publication year corrected to 2022 from official CoE page.,,,,,,,,Southern Europe,1,,2014.0,2015.0,True,0,0,0
Bosnia and Herzegovina,BIH,2007,party,2013,2013.0,2014.0,,0,0,0,-6.0,-7.0,,4.385,1.096,3665.09,40.5,0,0,1,1,0,1,1,1,0,1,1,3740000,2022.0,0,0,1.0,0.0,1,1,1,0,-1.46,-0.8,retained_legacy_not_independently_reimported,2022.0,0,excluded_until_researcher_coding_rubric_is_documented,3492018.0,189.0,349.0,160.0,46.0,0.541234,0.0,GDP parsed from comma-formatted text to numeric. | GREVIO baseline publication year corrected to 2022 from official CoE page.,,1.64448112135673,,,,,,Southern Europe,1,,2014.0,2015.0,True,0,0,0
Bosnia and Herzegovina,BIH,2008,party,2013,2013.0,2014.0,,0,0,0,-5.0,-6.0,,4.306,0.887,3929.03,40.5,0,0,1,1,0,1,1,1,0,1,1,3726000,2022.0,0,0,1.0,0.0,1,1,1,0,-1.03,-0.69,retained_legacy_not_independently_reimported,2022.0,0,excluded_until_researcher_coding_rubric_is_documented,3492018.0,189.0,349.0,160.0,46.0,0.541234,0.0,GDP parsed from comma-formatted text to numeric. | GREVIO baseline publication year corrected to 2022 from official CoE page.,,1.67192542098005,,,,,,Southern Europe,1,,2014.0,2015.0,True,0,0,0
Bosnia and Herzegovina,BIH,2009,party,2013,2013.0,2014.0,,0,0,0,-4.0,-5.0,0.739,2.294,0.747,3877.54,40.3,0,0,1,1,1,1,1,1,1,1,1,3710000,2022.0,0,0,1.0,0.0,1,1,1,0,-1.23,-0.61,retained_legacy_not_independently_reimported,2022.0,0,excluded_until_researcher_coding_rubric_is_documented,3492018.0,189.0,349.0,160.0,46.0,0.541234,0.0,GDP parsed from comma-formatted text to numeric. | GREVIO baseline publication year corrected to 2022 from official CoE page.,3.02787810627852,1.82999406669529,,,,0.196183677610448,-1.410319437276577,Southern Europe,1,,2014.0,2015.0,True,0,0,0
Bosnia and Herzegovina,BIH,2010,party,2013,2013.0,2014.0,,0,0,0,-3.0,-4.0,0.501,3.857,1.207,3981.21,40.2,0,0,1,1,1,1,1,1,1,1,1,3702000,2022.0,0,0,1.0,0.0,1,1,1,0,-1.26,-0.6,retained_legacy_not_independently_reimported,2022.0,0,excluded_until_researcher_coding_rubric_is_documented,3492018.0,189.0,349.0,160.0,46.0,0.541234,0.0,GDP parsed from comma-formatted text to numeric. | GREVIO baseline publication year corrected to 2022 from official CoE page.,2.53382798062172,1.46924881899287,0.601191411078906,0.550832169700375,,0.1650834917824121,-1.6208803729701458,Southern Europe,1,,2014.0,2015.0,True,0,0,0
Bosnia and Herzegovina,BIH,2011,party,2013,2013.0,2014.0,,0,0,0,-2.0,-3.0,0.816,4.463,0.935,4094.25,39.8,0,0,1,1,1,1,1,1,1,1,1,3831000,2022.0,0,0,1.0,0.0,1,1,1,0,-1.25,-0.56,retained_legacy_not_independently_reimported,2022.0,0,excluded_until_researcher_coding_rubric_is_documented,3492018.0,189.0,349.0,160.0,46.0,0.541234,0.0,GDP parsed from comma-formatted text to numeric. | GREVIO baseline publication year corrected to 2022 from official CoE page.,1.96531444609999,1.36298129441799,0.56096347005883,0.280759206585713,,0.2933864601840364,-0.8789931799974213,Southern Europe,1,,2014.0,2015.0,True,0,0,0
Bosnia and Herzegovina,BIH,2012,party,2013,2013.0,2014.0,,0,0,0,-1.0,-2.0,1.247,3.787,1.117,4139.92,39.6,0,0,1,1,1,1,1,1,1,1,1,3826000,2022.0,0,0,1.0,0.0,1,1,1,0,-0.77,-0.34,retained_legacy_not_independently_reimported,2022.0,0,excluded_until_researcher_coding_rubric_is_documented,3492018.0,189.0,349.0,160.0,46.0,0.541234,0.0,GDP parsed from comma-formatted text to numeric. | GREVIO baseline publication year corrected to 2022 from official CoE page.,2.23433281533096,1.71656816607988,0.623497760084297,0.515615265076375,0.155874440021074,0.35819614674831124,-0.5832020001722312,Southern Europe,1,,2014.0,2015.0,True,0,0,0
Bosnia and Herzegovina,BIH,2013,party,2013,2013.0,2014.0,,1,0,0,0.0,-1.0,0.739,3.794,0.969,4306.73,39.3,0,0,1,1,1,1,1,1,1,1,1,3827000,2022.0,0,0,1.0,0.0,1,1,1,0,-0.73,-0.24,retained_legacy_not_independently_reimported,2022.0,0,excluded_until_researcher_coding_rubric_is_documented,3492018.0,189.0,349.0,160.0,46.0,0.541234,0.0,GDP parsed from comma-formatted text to numeric. | GREVIO baseline publication year corrected to 2022 from official CoE page.,1.86431514383191,1.27393509411472,0.58065541215713,0.349559089468484,0.422294845205185,0.2838688207806605,-0.9253511285862042,Southern Europe,1,,2014.0,2015.0,True,0,0,1
Bosnia and Herzegovina,BIH,2014,party,2013,2013.0,2014.0,,1,1,1,1.0,0.0,0.588,3.759,0.757,4412.68,39.0,0,0,1,1,1,1,1,1,1,1,1,3820000,2022.0,0,0,1.0,0.0,1,1,1,0,-0.83,-0.22,retained_legacy_not_independently_reimported,2022.0,0,excluded_until_researcher_coding_rubric_is_documented,3492018.0,189.0,349.0,160.0,46.0,0.541234,0.0,GDP parsed from comma-formatted text to numeric. | GREVIO baseline publication year corrected to 2022 from official CoE page.,2.30187156914158,1.40259182137488,0.320760330286912,0.531201131340365,0.267300275239093,0.20346924973370428,-1.3647508488370692,Southern Europe,1,,2014.0,2015.0,True,1,0,1
Bosnia and Herzegovina,BIH,2015,party,2013,2013.0,2014.0,,1,1,1,2.0,1.0,0.975,4.661,1.023,4662.26,38.8,0,0,1,1,1,1,1,1,1,1,1,3810000,2022.0,0,0,1.0,0.0,1,1,1,0,-1.05,-0.44,retained_legacy_not_independently_reimported,2022.0,0,excluded_until_researcher_coding_rubric_is_documented,3492018.0,189.0,349.0,160.0,46.0,0.541234,0.0,GDP parsed from comma-formatted text to numeric. | GREVIO baseline publication year corrected to 2022 from official CoE page.,2.33230223646854,1.61998987932639,0.649922848741831,0.179407864343734,0.379121661766068,0.2948022074453897,-0.8721736720491691,Southern Europe,1,,2014.0,2015.0,True,1,1,1
Bosnia and Herzegovina,BIH,2016,party,2013,2013.0,2014.0,,1,1,1,3.0,2.0,0.823,4.117,0.777,4876.53,38.6,0,0,1,1,1,1,1,1,1,1,1,3807000,2022.0,0,0,1.0,0.0,1,1,1,0,-0.76,-0.32,retained_legacy_not_independently_reimported,2022.0,0,excluded_until_researcher_coding_rubric_is_documented,3492018.0,189.0,349.0,160.0,46.0,0.541234,0.0,GDP parsed from comma-formatted text to numeric. | GREVIO baseline publication year corrected to 2022 from official CoE page.,1.817466947849,1.29570864177198,0.384118563133178,0.545240084354699,0.109748160895194,0.3116872948061097,-0.7922428230626329,Southern Europe,1,,2014.0,2015.0,True,1,1,1
Bosnia and Herzegovina,BIH,2017,party,2013,2013.0,2014.0,,1,1,1,4.0,3.0,0.556,4.608,0.729,5099.82,38.6,0,0,1,1,1,1,1,1,1,1,1,3804000,2022.0,0,0,1.0,0.0,1,1,1,0,-0.87,-0.34,retained_legacy_not_independently_reimported,2022.0,0,excluded_until_researcher_coding_rubric_is_documented,3492018.0,189.0,349.0,160.0,46.0,0.541234,0.0,GDP parsed from comma-formatted text to numeric. | GREVIO baseline publication year corrected to 2022 from official CoE page.,1.96301616206416,1.22496031638975,0.556007156924124,0.306721275322525,0.22240286276965,0.2207210927715511,-1.261469133341022,Southern Europe,1,,2014.0,2015.0,True,1,1,1
Bosnia and Herzegovina,BIH,2018,party,2013,2013.0,2014.0,,1,1,1,5.0,4.0,0.45,2.569,1.004,5360.25,38.4,0,0,1,1,1,1,1,1,1,1,1,3323000,2022.0,0,0,1.0,0.0,1,1,1,0,-1.13,-0.38,retained_legacy_not_independently_reimported,2022.0,0,excluded_until_researcher_coding_rubric_is_documented,3492018.0,189.0,349.0,160.0,46.0,0.541234,0.0,GDP parsed from comma-formatted text to numeric. | GREVIO baseline publication year corrected to 2022 from official CoE page.,1.92499415515888,1.15146147032772,0.33772269645681,0.186289756950859,0.11257423215227,0.1894741505037078,-1.4534306276718083,Southern Europe,1,,2014.0,2015.0,True,1,1,1
Bosnia and Herzegovina,BIH,2019,party,2013,2013.0,2014.0,,1,1,1,6.0,5.0,0.57,5.56,0.777,5583.3,38.2,0,0,1,1,1,1,1,1,1,1,1,3301000,2022.0,0,0,1.0,0.0,1,1,1,0,-1.19,-0.38,retained_legacy_not_independently_reimported,2022.0,0,excluded_until_researcher_coding_rubric_is_documented,3492018.0,189.0,349.0,160.0,46.0,0.541234,0.0,GDP parsed from comma-formatted text to numeric. | GREVIO baseline publication year corrected to 2022 from official CoE page.,2.01196237378866,1.25540534198886,0.341871381148984,0.440116769266269,0.170935690574492,0.22076231853201123,-1.2612294693159019,Southern Europe,1,,2014.0,2015.0,True,1,1,1
Bosnia and Herzegovina,BIH,2020,party,2013,2013.0,2014.0,,1,1,1,7.0,6.0,0.289,5.88,0.546,5490.75,37.1,0,0,1,1,1,1,1,1,1,1,1,3281000,2022.0,0,0,1.0,0.0,1,1,1,0,-1.82,-0.53,retained_legacy_not_independently_reimported,2022.0,0,excluded_until_researcher_coding_rubric_is_documented,3492018.0,189.0,349.0,160.0,46.0,0.541234,0.0,GDP parsed from comma-formatted text to numeric. | GREVIO baseline publication year corrected to 2022 from official CoE page.,2.42239182506506,1.3032872085846,0.288908457621752,0.382482919747115,0.115563383048701,0.10658732438756445,-2.126084000399549,Southern Europe,1,,2014.0,2015.0,True,1,1,1
Bosnia and Herzegovina,BIH,2021,party,2013,2013.0,2014.0,,1,1,1,8.0,7.0,0.411,5.979,0.616,5995.54,37.4,0,0,1,1,1,1,1,1,1,1,1,3271000,2022.0,0,0,1.0,0.0,1,1,1,0,-1.82,-0.51,retained_legacy_not_independently_reimported,2022.0,0,excluded_until_researcher_coding_rubric_is_documented,3492018.0,189.0,349.0,160.0,46.0,0.541234,0.0,GDP parsed from comma-formatted text to numeric. | GREVIO baseline publication year corrected to 2022 from official CoE page.,1.61985449171072,0.986160622452258,0.293848171000829,0.259176718673715,0.235078536800663,0.20237786689177722,-1.3714983897644892,Southern Europe,1,,2014.0,2015.0,True,1,1,1
Bosnia and Herzegovina,BIH,2022,party,2013,2013.0,2014.0,,1,1,1,9.0,8.0,0.714,4.618,0.749,6327.16,38.5,0,0,1,1,1,1,1,1,1,1,1,3215000,2022.0,1,1,1.0,0.0,1,1,1,0,-1.49,-0.43,retained_legacy_not_independently_reimported,2022.0,1,excluded_until_researcher_coding_rubric_is_documented,3492018.0,189.0,349.0,160.0,46.0,0.541234,0.0,GDP parsed from comma-formatted text to numeric. | GREVIO baseline publication year corrected to 2022 from official CoE page.,1.44340475562501,1.09211115070447,0.476012538170255,0.393655842443186,0.119003134542564,0.3309531964914719,-0.7038770530312861,Southern Europe,1,,2014.0,2015.0,True,1,1,1
Bosnia and Herzegovina,BIH,2023,party,2013,2013.0,2014.0,,1,1,1,10.0,9.0,0.778,6.185,1.13,6493.32,39.5,0,0,1,1,1,1,1,0,0,0,0,3210000,2022.0,1,1,1.0,0.0,1,1,1,0,,,excluded_legacy_flagged_for_manual_review,2022.0,1,excluded_until_researcher_coding_rubric_is_documented,3492018.0,189.0,349.0,160.0,46.0,0.541234,0.0,GDP parsed from comma-formatted text to numeric. | WGI legacy value excluded because source file flagged this country-year for manual review. | GREVIO baseline publication year corrected to 2022 from official CoE page. | UNODC outcome values preserved from source dataset; not silently imputed or replaced.,1.716548918013,1.22446173133237,0.658522538831877,0.330105561156347,0.359194112090115,0.31188003345298426,-0.7913445870100416,Southern Europe,1,,2014.0,2015.0,True,1,1,1
Switzerland,CHE,1990,party,2013,2017.0,2018.0,,0,0,0,-27.0,-28.0,1.488,,,70063.85,51.6,0,0,1,1,0,0,0,0,0,0,0,6712000,2022.0,0,0,0.0,0.0,1,1,1,0,,,retained_legacy_not_independently_reimported,2022.0,0,excluded_until_researcher_coding_rubric_is_documented,8606033.0,400.0,861.0,461.0,54.0,0.46479,0.0,GDP parsed from comma-formatted text to numeric.,1.7963384961288,1.63856942164309,,,,0.45305926954663256,-0.18831748794251918,Western Europe,0,,2018.0,2019.0,True,0,0,0
Switzerland,CHE,1991,party,2013,2017.0,2018.0,,0,0,0,-26.0,-27.0,1.243,,,68559.94,51.8,0,0,1,1,0,0,0,0,0,0,0,6800000,2022.0,0,0,0.0,0.0,1,1,1,0,,,retained_legacy_not_independently_reimported,2022.0,0,excluded_until_researcher_coding_rubric_is_documented,8606033.0,400.0,861.0,461.0,54.0,0.46479,0.0,GDP parsed from comma-formatted text to numeric.,1.65039829299071,1.44182476164834,,,,0.42959864979915885,-0.2834888359454506,Western Europe,0,,2018.0,2019.0,True,0,0,0
Switzerland,CHE,1992,party,2013,2017.0,2018.0,,0,0,0,-25.0,-26.0,1.204,,,67778.55,52.2,0,0,1,1,0,0,0,0,0,0,0,6875000,2022.0,0,0,0.0,0.0,1,1,1,0,,,retained_legacy_not_independently_reimported,2022.0,0,excluded_until_researcher_coding_rubric_is_documented,8606033.0,400.0,861.0,461.0,54.0,0.46479,0.0,GDP parsed from comma-formatted text to numeric.,1.5082270423717,1.35271733640357,,,,0.44391563876863543,-0.22528546996824927,Western Europe,0,,2018.0,2019.0,True,0,0,0
Switzerland,CHE,1993,party,2013,2017.0,2018.0,,0,0,0,-24.0,-25.0,1.226,,,67079.46,52.8,0,0,1,1,0,0,0,0,0,0,0,6938000,2022.0,0,0,0.0,0.0,1,1,1,0,,,retained_legacy_not_independently_reimported,2022.0,0,excluded_until_researcher_coding_rubric_is_documented,8606033.0,400.0,861.0,461.0,54.0,0.46479,0.0,GDP parsed from comma-formatted text to numeric.,1.81429130338524,1.51338131761031,,,,0.40325083278529894,-0.3919380874965054,Western Europe,0,,2018.0,2019.0,True,0,0,0
Switzerland,CHE,1994,party,2013,2017.0,2018.0,,0,0,0,-23.0,-24.0,1.142,,,67391.84,52.0,0,0,1,1,0,0,0,0,0,0,0,6983000,2022.0,0,0,0.0,0.0,1,1,1,0,,,retained_legacy_not_independently_reimported,2022.0,0,excluded_until_researcher_coding_rubric_is_documented,8606033.0,400.0,861.0,461.0,54.0,0.46479,0.0,GDP parsed from comma-formatted text to numeric.,1.14596713751768,1.14390504158274,,,,0.49913304316031737,-0.003467830834027741,Western Europe,0,,2018.0,2019.0,True,0,0,0
Switzerland,CHE,1995,party,2013,2017.0,2018.0,,0,0,0,-22.0,-23.0,1.105,,,67264.91,52.0,0,0,1,1,0,0,0,0,0,0,0,7019000,2022.0,0,0,0.0,0.0,1,1,1,0,,,retained_legacy_not_independently_reimported,2022.0,0,excluded_until_researcher_coding_rubric_is_documented,8606033.0,400.0,861.0,461.0,54.0,0.46479,0.0,GDP parsed from comma-formatted text to numeric.,1.22738169676239,1.16469372993522,,,,0.4737646507575776,-0.10503786368924245,Western Europe,0,,2018.0,2019.0,True,0,0,0
Switzerland,CHE,1996,party,2013,2017.0,2018.0,,0,0,0,-21.0,-22.0,0.864,,,67284.11,56.9,0,0,1,1,0,0,0,1,0,0,0,7060000,2022.0,0,0,0.0,0.0,1,1,1,0,2.99,3.28,retained_legacy_not_independently_reimported,2022.0,0,excluded_until_researcher_coding_rubric_is_documented,8606033.0,400.0,861.0,461.0,54.0,0.46479,0.0,GDP parsed from comma-formatted text to numeric.,1.49824852152975,1.17366186815719,,,,0.36575321864969945,-0.5504792837356545,Western Europe,0,,2018.0,2019.0,True,0,0,0
Switzerland,CHE,1997,party,2013,2017.0,2018.0,,0,0,0,-20.0,-21.0,1.079,,,68640.07,56.9,0,0,1,1,0,0,0,0,0,0,0,7088000,2022.0,0,0,0.0,0.0,1,1,1,0,,,retained_legacy_not_independently_reimported,2022.0,0,excluded_until_researcher_coding_rubric_is_documented,8606033.0,400.0,861.0,461.0,54.0,0.46479,0.0,GDP parsed from comma-formatted text to numeric.,1.38228440046556,1.22722535983623,,,,0.4383889971414533,-0.24770280694670438,Western Europe,0,,2018.0,2019.0,True,0,0,0
Switzerland,CHE,1998,party,2013,2017.0,2018.0,,0,0,0,-19.0,-20.0,0.814,,,70510.03,58.0,0,0,1,1,0,0,0,1,0,0,0,7118000,2022.0,0,0,0.0,0.0,1,1,1,0,3.24,3.28,retained_legacy_not_independently_reimported,2022.0,0,excluded_until_researcher_coding_rubric_is_documented,8606033.0,400.0,861.0,461.0,54.0,0.46479,0.0,GDP parsed from comma-formatted text to numeric.,1.33555272321726,1.06887327115022,,,,0.3786834308402899,-0.49514014402900053,Western Europe,0,,2018.0,2019.0,True,0,0,0
Switzerland,CHE,1999,party,2013,2017.0,2018.0,,0,0,0,-18.0,-19.0,1.029,,,71341.34,58.1,0,0,1,1,0,0,0,0,0,0,0,7144000,2022.0,0,0,0.0,0.0,1,1,1,0,,,retained_legacy_not_independently_reimported,2022.0,0,excluded_until_researcher_coding_rubric_is_documented,8606033.0,400.0,861.0,461.0,54.0,0.46479,0.0,GDP parsed from comma-formatted text to numeric.,1.47269242118357,1.24577957176257,,,,0.41132154827937323,-0.35850484767960344,Western Europe,0,,2018.0,2019.0,True,0,0,0
Switzerland,CHE,2000,party,2013,2017.0,2018.0,,0,0,0,-17.0,-18.0,1.054,,,73749.94,57.6,0,0,1,1,1,0,0,1,1,0,0,7186000,2022.0,0,0,0.0,0.0,1,1,1,0,3.33,3.31,retained_legacy_not_independently_reimported,2022.0,0,excluded_until_researcher_coding_rubric_is_documented,8606033.0,400.0,861.0,461.0,54.0,0.46479,0.0,GDP parsed from comma-formatted text to numeric.,0.862145421141919,0.960466836994092,,,,0.5500626353149507,0.2009237706454125,Western Europe,0,,2018.0,2019.0,True,0,0,0
Switzerland,CHE,2001,party,2013,2017.0,2018.0,,0,0,0,-16.0,-17.0,0.993,,,74439.46,58.8,0,0,1,1,1,0,0,0,0,0,0,7229000,2022.0,0,0,0.0,0.0,1,1,1,0,,,retained_legacy_not_independently_reimported,2022.0,0,excluded_until_researcher_coding_rubric_is_documented,8606033.0,400.0,861.0,461.0,54.0,0.46479,0.0,GDP parsed from comma-formatted text to numeric.,1.3960288532846,1.19008237930126,,,,0.4156500657724396,-0.34065628760553085,Western Europe,0,,2018.0,2019.0,True,0,0,0
Switzerland,CHE,2002,party,2013,2017.0,2018.0,,0,0,0,-15.0,-16.0,1.325,,,73824.38,59.4,0,0,1,1,1,0,0,1,1,0,0,7285000,2022.0,0,0,0.0,0.0,1,1,1,0,3.29,3.26,retained_legacy_not_independently_reimported,2022.0,0,excluded_until_researcher_coding_rubric_is_documented,8606033.0,400.0,861.0,461.0,54.0,0.46479,0.0,GDP parsed from comma-formatted text to numeric.,1.03135156993014,1.18152122781488,,,,0.5623099782343952,0.25054231356798645,Western Europe,0,,2018.0,2019.0,True,0,0,0
Switzerland,CHE,2003,party,2013,2017.0,2018.0,,0,0,0,-14.0,-15.0,1.052,,7.459,73254.95,59.5,0,0,1,1,1,0,0,1,1,0,0,7339000,2022.0,0,0,0.0,0.0,1,1,1,0,2.98,3.23,retained_legacy_not_independently_reimported,2022.0,0,excluded_until_researcher_coding_rubric_is_documented,8606033.0,400.0,861.0,461.0,54.0,0.46479,0.0,GDP parsed from comma-formatted text to numeric.,0.936251661546976,,,,,0.5291080703443157,0.11656408378478227,Western Europe,0,,2018.0,2019.0,True,0,0,0
Switzerland,CHE,2004,party,2013,2017.0,2018.0,,0,0,0,-13.0,-14.0,1.019,,7.76,74718.68,59.1,0,0,1,1,1,0,0,1,1,0,0,7389000,2022.0,0,0,0.0,0.0,1,1,1,0,3.67,3.21,retained_legacy_not_independently_reimported,2022.0,0,excluded_until_researcher_coding_rubric_is_documented,8606033.0,400.0,861.0,461.0,54.0,0.46479,0.0,GDP parsed from comma-formatted text to numeric.,1.09539657606291,,,,,0.481934189421276,-0.07229471338064727,Western Europe,0,,2018.0,2019.0,True,0,0,0
Switzerland,CHE,2005,party,2013,2017.0,2018.0,,0,0,0,-12.0,-13.0,0.989,,8.692,76282.98,59.4,0,0,1,1,1,0,1,1,1,0,1,7438000,2022.0,0,0,0.0,0.0,1,1,1,0,3.14,3.23,retained_legacy_not_independently_reimported,2022.0,0,excluded_until_researcher_coding_rubric_is_documented,8606033.0,400.0,861.0,461.0,54.0,0.46479,0.0,GDP parsed from comma-formatted text to numeric.,1.03049438998854,,,,,0.4897265399215158,-0.04109962472261919,Western Europe,0,,2018.0,2019.0,True,0,0,0
Switzerland,CHE,2006,party,2013,2017.0,2018.0,,0,0,0,-11.0,-12.0,0.988,,8.544,78893.81,59.8,0,0,1,1,1,0,1,1,1,0,1,7484000,2022.0,0,0,0.0,0.0,1,1,1,0,3.53,3.07,retained_legacy_not_independently_reimported,2022.0,0,excluded_until_researcher_coding_rubric_is_documented,8606033.0,400.0,861.0,461.0,54.0,0.46479,0.0,GDP parsed from comma-formatted text to numeric.,0.609262940540182,,,,,0.6185581440121976,0.4834327653529261,Western Europe,0,,2018.0,2019.0,True,0,0,0
Switzerland,CHE,2007,party,2013,2017.0,2018.0,,0,0,0,-10.0,-11.0,0.678,,8.588,81254.17,60.0,0,0,1,1,1,0,1,1,1,0,1,7551000,2022.0,0,0,0.0,0.0,1,1,1,0,3.46,3.11,retained_legacy_not_independently_reimported,2022.0,0,excluded_until_researcher_coding_rubric_is_documented,8606033.0,400.0,861.0,461.0,54.0,0.46479,0.0,GDP parsed from comma-formatted text to numeric.,0.673586598292223,,,,,0.5016326744114485,0.006530720857137018,Western Europe,0,,2018.0,2019.0,True,0,0,0
Switzerland,CHE,2008,party,2013,2017.0,2018.0,,0,0,0,-9.0,-10.0,0.646,,8.009,82481.07,61.3,0,0,1,1,1,0,1,1,1,0,1,7647000,2022.0,0,0,1.0,0.0,1,1,1,0,3.45,3.07,retained_legacy_not_independently_reimported,2022.0,0,excluded_until_researcher_coding_rubric_is_documented,8606033.0,400.0,861.0,461.0,54.0,0.46479,0.0,GDP parsed from comma-formatted text to numeric.,0.769162396858041,,,,,0.45648471259147094,-0.17450262269707306,Western Europe,0,,2018.0,2019.0,True,0,0,0
Switzerland,CHE,2009,party,2013,2017.0,2018.0,,0,0,0,-8.0,-9.0,0.687,85.918,8.607,79585.52,61.6,0,0,1,1,1,1,1,1,1,1,1,7701000,2022.0,0,0,1.0,0.0,1,1,1,0,3.31,2.96,retained_legacy_not_independently_reimported,2022.0,0,excluded_until_researcher_coding_rubric_is_documented,8606033.0,400.0,861.0,461.0,54.0,0.46479,0.0,GDP parsed from comma-formatted text to numeric.,0.630423778744369,0.659115273445603,0.407054043038842,0.236408917029138,0.279849654589204,0.5214722939453672,0.08594203430064701,Western Europe,0,,2018.0,2019.0,True,0,0,0
Switzerland,CHE,2010,party,2013,2017.0,2018.0,,0,0,0,-7.0,-8.0,0.655,31.844,6.939,81315.42,60.0,0,0,1,1,1,1,1,1,1,1,1,7786000,2022.0,0,0,1.0,0.0,1,1,1,0,3.18,2.97,retained_legacy_not_independently_reimported,2022.0,0,excluded_until_researcher_coding_rubric_is_documented,8606033.0,400.0,861.0,461.0,54.0,0.46479,0.0,GDP parsed from comma-formatted text to numeric.,0.674689240730678,0.664472756521145,0.478333084726006,0.181647103273644,0.377631382678426,0.4925962998994191,-0.029616965125279726,Western Europe,0,,2018.0,2019.0,True,0,0,0
Switzerland,CHE,2011,party,2013,2017.0,2018.0,,0,0,0,-6.0,-7.0,0.573,35.581,6.975,81874.34,60.6,0,0,1,1,1,1,1,1,1,1,1,7912000,2022.0,0,0,1.0,0.0,1,1,1,0,3.16,2.93,retained_legacy_not_independently_reimported,2022.0,0,excluded_until_researcher_coding_rubric_is_documented,8606033.0,400.0,861.0,461.0,54.0,0.46479,0.0,GDP parsed from comma-formatted text to numeric.,0.589621583431326,0.581221136763671,0.523225676328361,0.15381432611252,0.398648134345418,0.4928516794853104,-0.028595230395604965,Western Europe,0,,2018.0,2019.0,True,0,0,0
Switzerland,CHE,2012,party,2013,2017.0,2018.0,,0,0,0,-5.0,-6.0,0.419,32.267,7.113,81964.89,60.9,0,0,1,1,1,1,1,1,1,1,1,7997000,2022.0,0,0,1.0,0.0,1,1,1,0,3.2,3.08,retained_legacy_not_independently_reimported,2022.0,0,excluded_until_researcher_coding_rubric_is_documented,8606033.0,400.0,861.0,461.0,54.0,0.46479,0.0,GDP parsed from comma-formatted text to numeric.,0.709509646480484,0.562575490598645,0.3454624372523,0.202717041851567,0.246758883751643,0.3712861483344405,-0.5267031727525291,Western Europe,0,,2018.0,2019.0,True,0,0,0
Switzerland,CHE,2013,party,2013,2017.0,2018.0,,0,0,0,-4.0,-5.0,0.781,33.32,7.057,82479.92,61.2,0,0,1,1,1,1,1,1,1,1,1,8090000,2022.0,0,0,1.0,0.0,1,1,1,0,3.09,3.05,retained_legacy_not_independently_reimported,2022.0,0,excluded_until_researcher_coding_rubric_is_documented,8606033.0,400.0,861.0,461.0,54.0,0.46479,0.0,GDP parsed from comma-formatted text to numeric.,0.625591340214338,0.704468878665988,0.439562264361049,0.125118268042868,0.341881761169704,0.5552430031888226,0.22187780307277663,Western Europe,0,,2018.0,2019.0,True,0,0,0
Switzerland,CHE,2014,party,2013,2017.0,2018.0,,0,0,0,-3.0,-4.0,0.58,33.54,6.789,83394.37,62.0,0,0,1,1,1,1,1,1,1,1,1,8189000,2022.0,0,0,1.0,0.0,1,1,1,0,3.58,3.38,retained_legacy_not_independently_reimported,2022.0,0,excluded_until_researcher_coding_rubric_is_documented,8606033.0,400.0,861.0,461.0,54.0,0.46479,0.0,GDP parsed from comma-formatted text to numeric.,0.419880242745118,0.500596106180341,0.410483061295745,0.148193026851218,0.313898811579099,0.5800694675270719,0.32305856924328846,Western Europe,0,,2018.0,2019.0,True,0,0,0
Switzerland,CHE,2015,party,2013,2017.0,2018.0,,0,0,0,-2.0,-3.0,0.717,32.714,6.422,83806.45,62.4,0,0,1,1,1,1,1,1,1,1,1,8282000,2022.0,0,0,1.0,0.0,1,1,1,0,3.35,3.25,retained_legacy_not_independently_reimported,2022.0,0,excluded_until_researcher_coding_rubric_is_documented,8606033.0,400.0,861.0,461.0,54.0,0.46479,0.0,GDP parsed from comma-formatted text to numeric.,0.658788290696921,0.688078876533782,0.525624115921143,0.341593928509515,0.358380079037143,0.5211557656423981,0.08467361613817959,Western Europe,0,,2018.0,2019.0,True,0,0,0
Switzerland,CHE,2016,party,2013,2017.0,2018.0,,0,0,0,-1.0,-2.0,0.591,32.741,7.021,84611.1,62.9,0,0,1,1,1,1,1,1,1,1,1,8372000,2022.0,0,0,1.0,0.0,1,1,1,0,3.36,3.25,retained_legacy_not_independently_reimported,2022.0,0,excluded_until_researcher_coding_rubric_is_documented,8606033.0,400.0,861.0,461.0,54.0,0.46479,0.0,GDP parsed from comma-formatted text to numeric.,0.482132007020324,0.537319784436855,0.42586822998162,0.0241066003510162,0.33123084554126,0.5507244179967945,0.20359806736584563,Western Europe,0,,2018.0,2019.0,True,0,0,0
Switzerland,CHE,2017,party,2013,2017.0,2018.0,,1,0,0,0.0,-1.0,0.469,44.419,7.322,84967.59,62.7,0,0,1,1,1,1,1,1,1,1,1,8477000,2022.0,0,0,1.0,0.0,1,1,1,0,3.44,3.22,retained_legacy_not_independently_reimported,2022.0,0,excluded_until_researcher_coding_rubric_is_documented,8606033.0,400.0,861.0,461.0,54.0,0.46479,0.0,GDP parsed from comma-formatted text to numeric.,0.59653790873137,0.532315829369355,0.398800829364972,0.0954460653970192,0.258047595471452,0.4401532748453704,-0.24054002301094446,Western Europe,0,,2018.0,2019.0,True,0,0,1
Switzerland,CHE,2018,party,2013,2017.0,2018.0,,1,1,1,1.0,0.0,0.652,33.383,7.351,86756.6,63.0,0,0,1,1,1,1,1,1,1,1,1,8545000,2022.0,0,0,1.0,0.0,1,1,1,0,3.41,3.22,retained_legacy_not_independently_reimported,2022.0,0,excluded_until_researcher_coding_rubric_is_documented,8606033.0,400.0,861.0,461.0,54.0,0.46479,0.0,GDP parsed from comma-formatted text to numeric.,0.520976712932951,0.587106357663197,0.558983600119902,0.0710422790363115,0.372655733413268,0.555850762262549,0.2243392180379578,Western Europe,0,,2018.0,2019.0,True,1,0,1
Switzerland,CHE,2019,party,2013,2017.0,2018.0,,1,1,1,2.0,1.0,0.601,31.874,7.916,87123.66,63.1,0,0,1,1,1,1,1,1,1,1,1,8599000,2022.0,0,0,1.0,0.0,1,1,1,0,3.27,3.18,retained_legacy_not_independently_reimported,2022.0,0,excluded_until_researcher_coding_rubric_is_documented,8606033.0,400.0,861.0,461.0,54.0,0.46479,0.0,GDP parsed from comma-formatted text to numeric.,0.470120437804359,0.53628529631628,0.439479609880889,0.235060218902179,0.323827080964866,0.5610946993336832,0.24560602201012027,Western Europe,0,,2018.0,2019.0,True,1,1,1
Switzerland,CHE,2020,party,2013,2017.0,2018.0,,1,1,1,3.0,2.0,0.62,33.667,8.252,84637.01,62.6,0,0,1,1,1,1,1,1,1,1,1,8667000,2022.0,0,0,1.0,0.0,1,1,1,0,3.36,3.03,retained_legacy_not_independently_reimported,2022.0,0,excluded_until_researcher_coding_rubric_is_documented,8606033.0,400.0,861.0,461.0,54.0,0.46479,0.0,GDP parsed from comma-formatted text to numeric.,0.466515935367949,0.543944872228796,0.482372445507706,0.163280577378782,0.252671280980227,0.5706312993835997,0.28442729891833307,Western Europe,0,,2018.0,2019.0,True,1,1,1
Switzerland,CHE,2021,party,2013,2017.0,2018.0,,1,1,1,4.0,3.0,0.57,35.029,8.694,88661.2,62.6,0,0,1,1,1,1,1,1,1,1,1,8738000,2022.0,0,0,1.0,0.0,1,1,1,0,3.4,3.02,retained_legacy_not_independently_reimported,2022.0,0,excluded_until_researcher_coding_rubric_is_documented,8606033.0,400.0,861.0,461.0,54.0,0.46479,0.0,GDP parsed from comma-formatted text to numeric.,0.393353847122102,0.482369204585241,0.456077980213057,0.0694153847862533,0.342058485159793,0.591682902085047,0.37092677969669263,Western Europe,0,,2018.0,2019.0,True,1,1,1
Switzerland,CHE,2022,party,2013,2017.0,2018.0,,1,1,1,5.0,4.0,0.452,35.793,9.861,90605.02,61.9,0,0,1,1,1,1,1,1,1,1,1,8815000,2022.0,1,1,1.0,0.0,1,1,1,0,2.87,2.45,retained_legacy_not_independently_reimported,2022.0,1,excluded_until_researcher_coding_rubric_is_documented,8606033.0,400.0,861.0,461.0,54.0,0.46479,0.0,GDP parsed from comma-formatted text to numeric.,0.503983300742413,0.477697117734824,0.406599746372114,0.160358322963495,0.338833121976761,0.47281160627908303,-0.10886095424261943,Western Europe,0,,2018.0,2019.0,True,1,1,1
Switzerland,CHE,2023,party,2013,2017.0,2018.0,,1,1,1,6.0,5.0,0.627,33.684,9.458,90077.45,62.4,0,0,1,1,1,1,1,0,0,0,0,8962000,2022.0,1,1,1.0,0.0,1,1,1,0,,,excluded_legacy_flagged_for_manual_review,2022.0,1,excluded_until_researcher_coding_rubric_is_documented,8606033.0,400.0,861.0,461.0,54.0,0.46479,0.0,GDP parsed from comma-formatted text to numeric. | WGI legacy value excluded because source file flagged this country-year for manual review. | UNODC outcome values preserved from source dataset; not silently imputed or replaced.,0.567508353439208,0.597481940544685,0.447894275452068,0.113501670687842,0.313525992816448,0.5249021475611721,0.09969107166903074,Western Europe,0,,2018.0,2019.0,True,1,1,1
Cyprus,CYP,1990,party,2015,2017.0,2018.0,,0,0,0,-27.0,-28.0,,,,17144.47,42.7,0,0,1,1,0,0,0,0,0,0,0,684000,2022.0,0,0,0.0,0.0,1,1,1,0,,,retained_legacy_not_independently_reimported,2022.0,0,excluded_until_researcher_coding_rubric_is_documented,888005.0,47.0,89.0,42.0,47.0,0.529276,0.0,GDP parsed from comma-formatted text to numeric.,,0.634235660407395,,,,,,Western Asia,0,,2018.0,2019.0,True,0,0,0
Cyprus,CYP,1991,party,2015,2017.0,2018.0,,0,0,0,-26.0,-27.0,,,,16829.91,43.4,0,0,1,1,0,0,0,0,0,0,0,697000,2022.0,0,0,0.0,0.0,1,1,1,0,,,retained_legacy_not_independently_reimported,2022.0,0,excluded_until_researcher_coding_rubric_is_documented,888005.0,47.0,89.0,42.0,47.0,0.529276,0.0,GDP parsed from comma-formatted text to numeric.,,0.125165218087876,,,,,,Western Asia,0,,2018.0,2019.0,True,0,0,0
Cyprus,CYP,1992,party,2015,2017.0,2018.0,,0,0,0,-25.0,-26.0,,,,17928.54,43.9,0,0,1,1,0,0,0,0,0,0,0,714000,2022.0,0,0,0.0,0.0,1,1,1,0,,,retained_legacy_not_independently_reimported,2022.0,0,excluded_until_researcher_coding_rubric_is_documented,888005.0,47.0,89.0,42.0,47.0,0.529276,0.0,GDP parsed from comma-formatted text to numeric.,,0.246809828707809,,,,,,Western Asia,0,,2018.0,2019.0,True,0,0,0
Cyprus,CYP,1993,party,2015,2017.0,2018.0,,0,0,0,-24.0,-25.0,,,,17623.29,44.6,0,0,1,1,0,0,0,0,0,0,0,726000,2022.0,0,0,0.0,0.0,1,1,1,0,,,retained_legacy_not_independently_reimported,2022.0,0,excluded_until_researcher_coding_rubric_is_documented,888005.0,47.0,89.0,42.0,47.0,0.529276,0.0,GDP parsed from comma-formatted text to numeric.,,0.605301594545991,,,,,,Western Asia,0,,2018.0,2019.0,True,0,0,0
Cyprus,CYP,1994,party,2015,2017.0,2018.0,,0,0,0,-23.0,-24.0,,,,18281.02,45.4,0,0,1,1,0,0,0,0,0,0,0,737000,2022.0,0,0,0.0,0.0,1,1,1,0,,,retained_legacy_not_independently_reimported,2022.0,0,excluded_until_researcher_coding_rubric_is_documented,888005.0,47.0,89.0,42.0,47.0,0.529276,0.0,GDP parsed from comma-formatted text to numeric.,,0.828728954724169,,,,,,Western Asia,0,,2018.0,2019.0,True,0,0,0
Cyprus,CYP,1995,party,2015,2017.0,2018.0,,0,0,0,-22.0,-23.0,,,,19453.85,46.1,0,0,1,1,0,0,0,0,0,0,0,749000,2022.0,0,0,0.0,0.0,1,1,1,0,,,retained_legacy_not_independently_reimported,2022.0,0,excluded_until_researcher_coding_rubric_is_documented,888005.0,47.0,89.0,42.0,47.0,0.529276,0.0,GDP parsed from comma-formatted text to numeric.,,1.04324239737103,,,,,,Western Asia,0,,2018.0,2019.0,True,0,0,0
Cyprus,CYP,1996,party,2015,2017.0,2018.0,,0,0,0,-21.0,-22.0,,,,19385.29,46.8,0,0,1,1,0,0,0,1,0,0,0,759000,2022.0,0,0,1.0,0.0,1,1,1,0,1.99,1.46,retained_legacy_not_independently_reimported,2022.0,0,excluded_until_researcher_coding_rubric_is_documented,888005.0,47.0,89.0,42.0,47.0,0.529276,0.0,GDP parsed from comma-formatted text to numeric.,,1.13598863102578,,,,,,Western Asia,0,,2018.0,2019.0,True,0,0,0
Cyprus,CYP,1997,party,2015,2017.0,2018.0,,0,0,0,-20.0,-21.0,,,,19617.19,47.5,0,0,1,1,0,0,0,0,0,0,0,769000,2022.0,0,0,1.0,0.0,1,1,1,0,,,retained_legacy_not_independently_reimported,2022.0,0,excluded_until_researcher_coding_rubric_is_documented,888005.0,47.0,89.0,42.0,47.0,0.529276,0.0,GDP parsed from comma-formatted text to numeric.,,0.668473029341509,,,,,,Western Asia,0,,2018.0,2019.0,True,0,0,0
Cyprus,CYP,1998,party,2015,2017.0,2018.0,,0,0,0,-19.0,-20.0,,,,20562.3,48.1,0,0,1,1,0,0,0,1,0,0,0,780000,2022.0,0,0,1.0,0.0,1,1,1,0,2.03,1.61,retained_legacy_not_independently_reimported,2022.0,0,excluded_until_researcher_coding_rubric_is_documented,888005.0,47.0,89.0,42.0,47.0,0.529276,0.0,GDP parsed from comma-formatted text to numeric.,,0.765405424318898,,,,,,Western Asia,0,,2018.0,2019.0,True,0,0,0
Cyprus,CYP,1999,party,2015,2017.0,2018.0,,0,0,0,-18.0,-19.0,,,,21349.75,48.7,0,0,1,1,0,0,0,0,0,0,0,793000,2022.0,0,0,1.0,0.0,1,1,1,0,,,retained_legacy_not_independently_reimported,2022.0,0,excluded_until_researcher_coding_rubric_is_documented,888005.0,47.0,89.0,42.0,47.0,0.529276,0.0,GDP parsed from comma-formatted text to numeric.,,1.07384452986281,,,,,,Western Asia,0,,2018.0,2019.0,True,0,0,0
Cyprus,CYP,2000,party,2015,2017.0,2018.0,,0,0,0,-17.0,-18.0,,,,22383.96,49.3,0,0,1,1,0,0,0,1,0,0,0,806000,2022.0,0,0,1.0,0.0,1,1,1,0,1.83,1.73,retained_legacy_not_independently_reimported,2022.0,0,excluded_until_researcher_coding_rubric_is_documented,888005.0,47.0,89.0,42.0,47.0,0.529276,0.0,GDP parsed from comma-formatted text to numeric.,,0.84417883295442,,,,,,Western Asia,0,,2018.0,2019.0,True,0,0,0
Cyprus,CYP,2001,party,2015,2017.0,2018.0,,0,0,0,-16.0,-17.0,,,,23019.25,51.9,0,0,1,1,0,0,0,0,0,0,0,820000,2022.0,0,0,1.0,0.0,1,1,1,0,,,retained_legacy_not_independently_reimported,2022.0,0,excluded_until_researcher_coding_rubric_is_documented,888005.0,47.0,89.0,42.0,47.0,0.529276,0.0,GDP parsed from comma-formatted text to numeric.,,0.726045427625199,,,,,,Western Asia,0,,2018.0,2019.0,True,0,0,0
Cyprus,CYP,2002,party,2015,2017.0,2018.0,,0,0,0,-15.0,-16.0,,,,23604.19,52.3,0,0,1,1,0,0,0,1,0,0,0,834000,2022.0,0,0,1.0,0.0,1,1,1,0,2.2,1.68,retained_legacy_not_independently_reimported,2022.0,0,excluded_until_researcher_coding_rubric_is_documented,888005.0,47.0,89.0,42.0,47.0,0.529276,0.0,GDP parsed from comma-formatted text to numeric.,,0.203782197587219,,,,,,Western Asia,0,,2018.0,2019.0,True,0,0,0
Cyprus,CYP,2003,party,2015,2017.0,2018.0,,0,0,0,-14.0,-15.0,,,3.201,23930.78,53.7,0,0,1,1,0,0,0,1,0,0,0,849000,2022.0,0,0,1.0,0.0,1,1,1,0,1.91,1.6,retained_legacy_not_independently_reimported,2022.0,0,excluded_until_researcher_coding_rubric_is_documented,888005.0,47.0,89.0,42.0,47.0,0.529276,0.0,GDP parsed from comma-formatted text to numeric.,,,,,,,,Western Asia,0,,2018.0,2019.0,True,0,0,0
Cyprus,CYP,2004,party,2015,2017.0,2018.0,,0,0,0,-13.0,-14.0,0.798,13.459,4.028,24799.65,53.7,0,0,1,1,1,0,0,1,1,0,0,865000,2022.0,0,0,1.0,0.0,1,1,1,0,1.88,1.54,retained_legacy_not_independently_reimported,2022.0,0,excluded_until_researcher_coding_rubric_is_documented,888005.0,47.0,89.0,42.0,47.0,0.529276,0.0,GDP parsed from comma-formatted text to numeric.,2.32351904704739,1.57190147518041,,,,0.2556447639667037,-1.0687295486088246,Western Asia,0,,2018.0,2019.0,True,0,0,0
Cyprus,CYP,2005,party,2015,2017.0,2018.0,,0,0,0,-12.0,-13.0,0.392,10.809,3.764,25631.37,53.5,0,0,1,1,1,1,1,1,1,1,1,880000,2022.0,0,0,1.0,0.0,1,1,1,0,1.96,1.49,retained_legacy_not_independently_reimported,2022.0,0,excluded_until_researcher_coding_rubric_is_documented,888005.0,47.0,89.0,42.0,47.0,0.529276,0.0,GDP parsed from comma-formatted text to numeric.,3.425126729689,1.93021966382329,,,,0.10269504466568712,-2.1676319115903806,Western Asia,0,,2018.0,2019.0,True,0,0,0
Cyprus,CYP,2006,party,2015,2017.0,2018.0,,0,0,0,-11.0,-12.0,0.769,9.579,2.75,26395.5,54.3,0,0,1,1,1,1,1,1,1,1,1,895000,2022.0,0,0,1.0,0.0,1,1,1,0,2.14,1.86,retained_legacy_not_independently_reimported,2022.0,0,excluded_until_researcher_coding_rubric_is_documented,888005.0,47.0,89.0,42.0,47.0,0.529276,0.0,GDP parsed from comma-formatted text to numeric.,2.05762856437385,1.42258572975803,,,,0.27205555398834214,-0.9842184468158353,Western Asia,0,,2018.0,2019.0,True,0,0,0
Cyprus,CYP,2007,party,2015,2017.0,2018.0,,0,0,0,-10.0,-11.0,0.567,11.932,1.771,27156.82,55.7,0,0,1,1,1,1,1,1,1,1,1,908000,2022.0,0,0,1.0,0.0,1,1,1,0,2.42,1.88,retained_legacy_not_independently_reimported,2022.0,0,excluded_until_researcher_coding_rubric_is_documented,888005.0,47.0,89.0,42.0,47.0,0.529276,0.0,GDP parsed from comma-formatted text to numeric.,1.83934431054018,1.21187996608601,,,,0.23562712846887604,-1.1768051303991791,Western Asia,0,,2018.0,2019.0,True,0,0,0
Cyprus,CYP,2008,party,2015,2017.0,2018.0,,0,0,0,-9.0,-10.0,0.372,8.891,3.116,27449.23,56.1,0,0,1,1,1,1,1,1,1,1,1,918000,2022.0,0,0,1.0,0.0,1,1,1,0,2.59,2.05,retained_legacy_not_independently_reimported,2022.0,0,excluded_until_researcher_coding_rubric_is_documented,888005.0,47.0,89.0,42.0,47.0,0.529276,0.0,GDP parsed from comma-formatted text to numeric.,1.26638956856821,0.824911218930063,,,,0.2270522268553572,-1.2250314171847232,Western Asia,0,,2018.0,2019.0,True,0,0,0
Cyprus,CYP,2009,party,2015,2017.0,2018.0,,0,0,0,-8.0,-9.0,1.279,7.031,2.434,26183.69,56.7,0,0,1,1,1,1,1,1,1,1,1,928000,2022.0,0,0,1.0,0.0,1,1,1,0,2.4,2.05,retained_legacy_not_independently_reimported,2022.0,0,excluded_until_researcher_coding_rubric_is_documented,888005.0,47.0,89.0,42.0,47.0,0.529276,0.0,GDP parsed from comma-formatted text to numeric.,2.13576905929162,1.71268223164298,,,,0.3745494871812278,-0.5127482743468704,Western Asia,0,,2018.0,2019.0,True,0,0,0
Cyprus,CYP,2010,party,2015,2017.0,2018.0,,0,0,0,-7.0,-8.0,0.18,7.005,3.192,26090.05,57.8,0,0,1,1,1,1,1,1,1,1,1,1037000,2022.0,0,0,1.0,0.0,1,1,1,0,2.6,2.06,retained_legacy_not_independently_reimported,2022.0,0,excluded_until_researcher_coding_rubric_is_documented,888005.0,47.0,89.0,42.0,47.0,0.529276,0.0,GDP parsed from comma-formatted text to numeric.,1.22580780734504,0.709335250902962,,,,0.12804026201842042,-1.918398489324561,Western Asia,0,,2018.0,2019.0,True,0,0,0
Cyprus,CYP,2011,party,2015,2017.0,2018.0,,0,0,0,-6.0,-7.0,1.06,6.716,3.314,25538.78,57.5,0,0,1,1,1,1,1,1,1,1,1,1051000,2022.0,0,0,1.0,0.0,1,1,1,0,2.65,1.81,retained_legacy_not_independently_reimported,2022.0,0,excluded_until_researcher_coding_rubric_is_documented,888005.0,47.0,89.0,42.0,47.0,0.529276,0.0,GDP parsed from comma-formatted text to numeric.,0.516997588206251,0.785002954663899,0.706440440889479,0.0,,0.6721633615214925,0.7179859775868027,Western Asia,0,,2018.0,2019.0,True,0,0,0
Cyprus,CYP,2012,party,2015,2017.0,2018.0,,0,0,0,-5.0,-6.0,0.868,5.921,2.145,24285.5,57.2,0,0,1,1,1,1,1,1,1,1,1,1059000,2022.0,0,0,1.0,0.0,1,1,1,0,2.35,1.86,retained_legacy_not_independently_reimported,2022.0,0,excluded_until_researcher_coding_rubric_is_documented,888005.0,47.0,89.0,42.0,47.0,0.529276,0.0,GDP parsed from comma-formatted text to numeric.,2.88379249247033,1.88776871744135,0.173642613981182,0.508904557494765,,0.23135607892548293,-1.200669829862643,Western Asia,0,,2018.0,2019.0,True,0,0,0
Cyprus,CYP,2013,party,2015,2017.0,2018.0,,0,0,0,-4.0,-5.0,0.513,3.97,1.52,22711.72,57.4,0,0,1,1,1,1,1,1,1,1,1,1058000,2022.0,0,0,1.0,0.0,1,1,1,0,2.31,1.75,retained_legacy_not_independently_reimported,2022.0,0,excluded_until_researcher_coding_rubric_is_documented,888005.0,47.0,89.0,42.0,47.0,0.529276,0.0,GDP parsed from comma-formatted text to numeric.,1.50365136673556,1.01360340232875,0.170837376484577,0.334144748163457,,0.2543820952207595,-1.0753758284361008,Western Asia,0,,2018.0,2019.0,True,0,0,0
Cyprus,CYP,2014,party,2015,2017.0,2018.0,,0,0,0,-3.0,-4.0,0.841,4.244,1.165,22373.58,58.9,0,0,1,1,1,1,1,1,1,1,1,1053000,2022.0,0,0,1.0,0.0,1,1,1,0,1.93,1.83,retained_legacy_not_independently_reimported,2022.0,0,excluded_until_researcher_coding_rubric_is_documented,888005.0,47.0,89.0,42.0,47.0,0.529276,0.0,GDP parsed from comma-formatted text to numeric.,0.987953553010294,0.915293345276525,0.168212964341375,1.15261247851201,,0.4598257832276764,-0.16104402554667807,Western Asia,0,,2018.0,2019.0,True,0,0,0
Cyprus,CYP,2015,party,2015,2017.0,2018.0,,0,0,0,-2.0,-3.0,0.497,1.722,1.722,23088.44,59.1,0,0,1,1,1,1,1,1,1,1,1,1048000,2022.0,0,0,1.0,0.0,1,1,1,0,1.74,1.73,retained_legacy_not_independently_reimported,2022.0,0,excluded_until_researcher_coding_rubric_is_documented,888005.0,47.0,89.0,42.0,47.0,0.529276,0.0,GDP parsed from comma-formatted text to numeric.,1.94805352926423,1.2300107871946,0.165699533721512,0.649351176421409,,0.20326753343087672,-1.3659959368167223,Western Asia,0,,2018.0,2019.0,True,0,0,0
Cyprus,CYP,2016,party,2015,2017.0,2018.0,,0,0,0,-1.0,-2.0,0.816,1.94,1.778,24477.99,58.3,0,0,1,1,1,1,1,1,1,1,1,1047000,2022.0,0,0,1.0,0.0,1,1,1,0,1.58,1.19,retained_legacy_not_independently_reimported,2022.0,0,excluded_until_researcher_coding_rubric_is_documented,888005.0,47.0,89.0,42.0,47.0,0.529276,0.0,GDP parsed from comma-formatted text to numeric.,1.28074898200468,1.05083409956653,0.653084682225321,0.0,,0.3891739101834836,-0.4507859730117735,Western Asia,0,,2018.0,2019.0,True,0,0,0
Cyprus,CYP,2017,party,2015,2017.0,2018.0,,1,0,0,0.0,-1.0,0.0,1.595,1.515,25666.0,58.9,0,0,1,1,1,1,1,1,1,1,1,1072000,2022.0,0,0,1.0,0.0,1,1,1,0,1.51,1.46,retained_legacy_not_independently_reimported,2022.0,0,excluded_until_researcher_coding_rubric_is_documented,888005.0,47.0,89.0,42.0,47.0,0.529276,0.0,GDP parsed from comma-formatted text to numeric.,1.10576919279639,0.558091105183829,0.0,0.0,,0.0,,Western Asia,0,,2018.0,2019.0,True,0,0,1
Cyprus,CYP,2018,party,2015,2017.0,2018.0,,1,1,1,1.0,0.0,0.953,2.282,2.203,26962.41,59.6,0,0,1,1,1,1,1,1,1,1,1,1189000,2022.0,0,0,1.0,0.0,1,1,1,0,1.51,1.23,retained_legacy_not_independently_reimported,2022.0,0,excluded_until_researcher_coding_rubric_is_documented,888005.0,47.0,89.0,42.0,47.0,0.529276,0.0,GDP parsed from comma-formatted text to numeric.,1.40373643444707,1.18041688389616,0.31766629632071,0.311941429877126,,0.404372752960638,-0.3872779385562583,Western Asia,0,,2018.0,2019.0,True,1,0,1
Cyprus,CYP,2019,party,2015,2017.0,2018.0,,1,1,1,2.0,1.0,1.568,1.321,1.244,28167.16,60.1,0,0,1,1,1,1,1,1,1,1,1,1237000,2022.0,0,0,1.0,0.0,1,1,1,0,1.63,1.24,retained_legacy_not_independently_reimported,2022.0,0,excluded_until_researcher_coding_rubric_is_documented,888005.0,47.0,89.0,42.0,47.0,0.529276,0.0,GDP parsed from comma-formatted text to numeric.,0.770381007334798,1.16579872951254,0.0,0.15407620146696,,0.6705494079372247,0.7106709937225419,Western Asia,0,,2018.0,2019.0,True,1,1,1
Cyprus,CYP,2020,party,2015,2017.0,2018.0,,1,1,1,3.0,2.0,0.774,2.304,2.15,26895.68,59.1,0,0,1,1,1,1,1,1,1,1,1,1207000,2022.0,0,0,1.0,0.0,1,1,1,0,1.44,0.94,retained_legacy_not_independently_reimported,2022.0,0,excluded_until_researcher_coding_rubric_is_documented,888005.0,47.0,89.0,42.0,47.0,0.529276,0.0,GDP parsed from comma-formatted text to numeric.,1.52287549350684,1.15185477415008,,,,0.3369795194332745,-0.6767837251473972,Western Asia,0,,2018.0,2019.0,True,1,1,1
Cyprus,CYP,2021,party,2015,2017.0,2018.0,,1,1,1,4.0,3.0,1.071,4.782,4.175,29517.07,59.5,0,0,1,1,1,1,1,1,1,1,1,1224000,2022.0,0,0,1.0,0.0,1,1,1,0,1.2,1.04,retained_legacy_not_independently_reimported,2022.0,0,excluded_until_researcher_coding_rubric_is_documented,888005.0,47.0,89.0,42.0,47.0,0.529276,0.0,GDP parsed from comma-formatted text to numeric.,1.35553907153104,1.21459779542909,,,,0.4413693612294674,-0.23560642251748812,Western Asia,0,,2018.0,2019.0,True,1,1,1
Cyprus,CYP,2022,party,2015,2017.0,2018.0,,1,1,1,5.0,4.0,0.606,4.281,4.281,31370.55,61.2,0,0,1,1,1,1,1,1,1,1,1,1244000,2022.0,1,1,1.0,0.0,1,1,1,0,1.02,0.8,retained_legacy_not_independently_reimported,2022.0,1,excluded_until_researcher_coding_rubric_is_documented,888005.0,47.0,89.0,42.0,47.0,0.529276,0.0,GDP parsed from comma-formatted text to numeric.,0.596281143577791,0.600884802872229,,,,0.5040418401611486,0.016167712815246094,Western Asia,0,,2018.0,2019.0,True,1,1,1
Cyprus,CYP,2023,party,2015,2017.0,2018.0,,1,1,1,6.0,5.0,0.15,8.253,3.048,31884.84,62.5,0,0,1,1,1,1,1,1,1,1,1,1260000,2022.0,1,1,1.0,1.0,1,1,1,0,0.52,0.44,retained_legacy_not_independently_reimported,2022.0,1,excluded_until_researcher_coding_rubric_is_documented,888005.0,47.0,89.0,42.0,47.0,0.529276,0.0,GDP parsed from comma-formatted text to numeric. | UNODC outcome values preserved from source dataset; not silently imputed or replaced.,1.47579366338475,0.81785876397005,,,,0.09226263047902036,-2.2863159068372303,Western Asia,0,,2018.0,2019.0,True,1,1,1
Czechia,CZE,1990,signed_not_ratified,2016,,,,0,0,0,,,,,,11900.58,52.7,0,0,1,1,0,0,0,0,0,0,0,10363000,,0,0,0.0,0.0,1,1,0,0,,,retained_legacy_not_independently_reimported,,0,excluded_until_researcher_coding_rubric_is_documented,10693939.0,90.0,1069.0,979.0,92.0,0.08416,0.0,GDP parsed from comma-formatted text to numeric.,,,,,,,,Eastern Europe,1,,,,False,0,0,0
Czechia,CZE,1991,signed_not_ratified,2016,,,,0,0,0,,,,,,10543.62,52.3,0,0,1,1,0,0,0,0,0,0,0,10309000,,0,0,0.0,0.0,1,1,0,0,,,retained_legacy_not_independently_reimported,,0,excluded_until_researcher_coding_rubric_is_documented,10693939.0,90.0,1069.0,979.0,92.0,0.08416,0.0,GDP parsed from comma-formatted text to numeric.,,,,,,,,Eastern Europe,1,,,,False,0,0,0
Czechia,CZE,1992,signed_not_ratified,2016,,,,0,0,0,,,,,,10479.49,52.3,0,0,1,1,0,0,0,0,0,0,0,10314000,,0,0,0.0,0.0,1,1,0,0,,,retained_legacy_not_independently_reimported,,0,excluded_until_researcher_coding_rubric_is_documented,10693939.0,90.0,1069.0,979.0,92.0,0.08416,0.0,GDP parsed from comma-formatted text to numeric.,,,,,,,,Eastern Europe,1,,,,False,0,0,0
Czechia,CZE,1993,signed_not_ratified,2016,,,,0,0,0,,,,,,10475.08,52.4,0,0,1,1,0,0,0,0,0,0,0,10327000,,0,0,0.0,0.0,1,1,0,0,,,retained_legacy_not_independently_reimported,,0,excluded_until_researcher_coding_rubric_is_documented,10693939.0,90.0,1069.0,979.0,92.0,0.08416,0.0,GDP parsed from comma-formatted text to numeric.,,,,,,,,Eastern Europe,1,,,,False,0,0,0
Czechia,CZE,1994,signed_not_ratified,2016,,,,0,0,0,,,1.56,,,10775.94,52.6,0,0,1,1,0,0,0,0,0,0,0,10333000,,0,0,0.0,0.0,1,1,0,0,,,retained_legacy_not_independently_reimported,,0,excluded_until_researcher_coding_rubric_is_documented,10693939.0,90.0,1069.0,979.0,92.0,0.08416,0.0,GDP parsed from comma-formatted text to numeric.,2.4762194708008,2.00536128981351,,,,0.38650029099891603,-0.4620471688898662,Eastern Europe,1,,,,False,0,0,0
Czechia,CZE,1995,signed_not_ratified,2016,,,,0,0,0,,,1.095,,,11453.38,52.4,0,0,1,1,0,0,0,0,0,0,0,10333000,,0,0,0.0,0.0,1,1,0,0,,,retained_legacy_not_independently_reimported,,0,excluded_until_researcher_coding_rubric_is_documented,10693939.0,90.0,1069.0,979.0,92.0,0.08416,0.0,GDP parsed from comma-formatted text to numeric.,2.35336486181587,1.70674238396516,,,,0.31754180426933865,-0.7650917968510156,Eastern Europe,1,,,,False,0,0,0
Czechia,CZE,1996,signed_not_ratified,2016,,,,0,0,0,,,1.047,,,11944.72,51.9,0,0,1,1,0,0,0,1,0,0,0,10315000,,0,0,0.0,0.0,1,1,0,0,1.05,1.56,retained_legacy_not_independently_reimported,,0,excluded_until_researcher_coding_rubric_is_documented,10693939.0,90.0,1069.0,979.0,92.0,0.08416,0.0,GDP parsed from comma-formatted text to numeric.,2.3497002753967,1.68024329145869,,,,0.30824032593741907,-0.8083588457490634,Eastern Europe,1,,,,False,0,0,0
Czechia,CZE,1997,signed_not_ratified,2016,,,,0,0,0,,,1.202,,,11886.35,51.9,0,0,1,1,0,0,0,0,0,0,0,10304000,,0,0,0.0,0.0,1,1,0,0,,,retained_legacy_not_independently_reimported,,0,excluded_until_researcher_coding_rubric_is_documented,10693939.0,90.0,1069.0,979.0,92.0,0.08416,0.0,GDP parsed from comma-formatted text to numeric.,2.47098346156019,1.81905712335474,,,,0.32725440029327574,-0.7206293978561621,Eastern Europe,1,,,,False,0,0,0
Czechia,CZE,1998,signed_not_ratified,2016,,,,0,0,0,,,0.924,,,11850.84,52.0,0,0,1,1,0,0,0,1,0,0,0,10299000,,0,0,0.0,0.0,1,1,0,0,1.0,1.47,retained_legacy_not_independently_reimported,,0,excluded_until_researcher_coding_rubric_is_documented,10693939.0,90.0,1069.0,979.0,92.0,0.08416,0.0,GDP parsed from comma-formatted text to numeric.,2.50920425317344,1.69500994430188,,,,0.26913633208566373,-0.9990088796111269,Eastern Europe,1,,,,False,0,0,0
Czechia,CZE,1999,signed_not_ratified,2016,,,,0,0,0,,,1.169,,,12026.47,52.2,0,0,1,1,0,0,0,0,0,0,0,10285000,,0,0,0.0,0.0,1,1,0,0,,,retained_legacy_not_independently_reimported,,0,excluded_until_researcher_coding_rubric_is_documented,10693939.0,90.0,1069.0,979.0,92.0,0.08416,0.0,GDP parsed from comma-formatted text to numeric.,2.21461856280113,1.6778232155716,,,,0.34548811525381956,-0.6389314997676161,Eastern Europe,1,,,,False,0,0,0
Czechia,CZE,2000,signed_not_ratified,2016,,,,0,0,0,,,0.933,,,12543.94,51.6,0,0,1,1,1,0,0,1,1,0,0,10272000,,0,0,0.0,0.0,1,1,0,0,1.0,1.03,retained_legacy_not_independently_reimported,,0,excluded_until_researcher_coding_rubric_is_documented,10693939.0,90.0,1069.0,979.0,92.0,0.08416,0.0,GDP parsed from comma-formatted text to numeric.,2.84930468939368,1.86581671388844,,,,0.24667499755276567,-1.1164250740163673,Eastern Europe,1,,,,False,0,0,0
Czechia,CZE,2001,signed_not_ratified,2016,,,,0,0,0,,,0.896,,,12958.47,51.3,0,0,1,1,1,0,0,0,0,0,0,10224000,,0,0,0.0,0.0,1,1,0,0,,,retained_legacy_not_independently_reimported,,0,excluded_until_researcher_coding_rubric_is_documented,10693939.0,90.0,1069.0,979.0,92.0,0.08416,0.0,GDP parsed from comma-formatted text to numeric.,1.7656243965151,1.31939840124098,,,,0.33663652962196494,-0.6783192595630593,Eastern Europe,1,,,,False,0,0,0
Czechia,CZE,2002,signed_not_ratified,2016,,,,0,0,0,,,1.105,,,13179.99,51.0,0,0,1,1,1,0,0,1,1,0,0,10201000,,0,0,0.0,0.0,1,1,0,0,1.57,1.46,retained_legacy_not_independently_reimported,,0,excluded_until_researcher_coding_rubric_is_documented,10693939.0,90.0,1069.0,979.0,92.0,0.08416,0.0,GDP parsed from comma-formatted text to numeric.,1.62270846269508,1.35749240097239,,,,0.4051019436689424,-0.3842513087739008,Eastern Europe,1,,,,False,0,0,0
Czechia,CZE,2003,signed_not_ratified,2016,,,,0,0,0,,,1.105,18.519,6.303,13618.93,50.8,0,0,1,1,1,0,0,1,1,0,0,10202000,,0,0,0.0,0.0,1,1,0,0,1.45,1.49,retained_legacy_not_independently_reimported,,0,excluded_until_researcher_coding_rubric_is_documented,10693939.0,90.0,1069.0,979.0,92.0,0.08416,0.0,GDP parsed from comma-formatted text to numeric.,2.09992020303228,1.59041271893056,,,,0.3447823752224855,-0.6420540104816406,Eastern Europe,1,,,,False,0,0,0
Czechia,CZE,2004,signed_not_ratified,2016,,,,0,0,0,,,0.95,18.604,6.695,14259.63,50.6,0,0,1,1,1,0,0,1,1,0,0,10212000,,0,0,0.0,0.0,1,1,0,0,1.47,1.29,retained_legacy_not_independently_reimported,,0,excluded_until_researcher_coding_rubric_is_documented,10693939.0,90.0,1069.0,979.0,92.0,0.08416,0.0,GDP parsed from comma-formatted text to numeric.,1.67892352225672,1.30585839749053,,,,0.3613646391601765,-0.569446121866458,Eastern Europe,1,,,,False,0,0,0
Czechia,CZE,2005,signed_not_ratified,2016,,,,0,0,0,,,0.856,17.986,5.798,15147.72,50.7,0,0,1,1,1,1,1,1,1,1,1,10221000,,0,0,0.0,0.0,1,1,0,0,1.55,1.46,retained_legacy_not_independently_reimported,,0,excluded_until_researcher_coding_rubric_is_documented,10693939.0,90.0,1069.0,979.0,92.0,0.08416,0.0,GDP parsed from comma-formatted text to numeric.,1.25414777025964,1.05056807279853,,,,0.40565879416808553,-0.38194117723115983,Eastern Europe,1,,,,False,0,0,0
Czechia,CZE,2006,signed_not_ratified,2016,,,,0,0,0,,,1.026,15.673,5.143,16107.3,50.5,0,0,1,1,1,1,1,1,1,1,1,10251000,,0,0,0.0,0.0,1,1,0,0,1.84,1.47,retained_legacy_not_independently_reimported,,0,excluded_until_researcher_coding_rubric_is_documented,10693939.0,90.0,1069.0,979.0,92.0,0.08416,0.0,GDP parsed from comma-formatted text to numeric.,1.50807414962477,1.26157390952584,,,,0.40488160149217567,-0.3851656924670474,Eastern Europe,1,,,,False,0,0,0
Czechia,CZE,2007,signed_not_ratified,2016,,,,0,0,0,,,1.042,16.339,6.162,16892.54,49.8,0,0,1,1,1,1,1,1,1,1,1,10323000,,0,0,1.0,0.0,1,1,0,0,1.44,1.49,retained_legacy_not_independently_reimported,,0,excluded_until_researcher_coding_rubric_is_documented,10693939.0,90.0,1069.0,979.0,92.0,0.08416,0.0,GDP parsed from comma-formatted text to numeric.,1.40323693161493,1.2188582915689,0.322103113543432,0.177875104007526,0.24631414565086,0.42613457474316097,-0.2976397185241948,Eastern Europe,1,,,,False,0,0,0
Czechia,CZE,2008,signed_not_ratified,2016,,,,0,0,0,,,0.831,16.188,5.097,17190.65,49.2,0,0,1,1,1,1,1,1,1,1,1,10381000,,0,0,1.0,0.0,1,1,0,0,1.62,1.53,retained_legacy_not_independently_reimported,,0,excluded_until_researcher_coding_rubric_is_documented,10693939.0,90.0,1069.0,979.0,92.0,0.08416,0.0,GDP parsed from comma-formatted text to numeric.,1.37696055824342,1.09844658935947,0.528837509386866,0.196708651177631,0.321079916413454,0.37636541871070195,-0.505004060212015,Eastern Europe,1,,,,False,0,0,0
Czechia,CZE,2009,signed_not_ratified,2016,,,,0,0,0,,,0.715,16.601,4.606,16272.81,49.4,0,0,1,1,1,1,1,1,1,1,1,10432000,,0,0,1.0,0.0,1,1,0,0,1.49,1.63,retained_legacy_not_independently_reimported,,0,excluded_until_researcher_coding_rubric_is_documented,10693939.0,90.0,1069.0,979.0,92.0,0.08416,0.0,GDP parsed from comma-formatted text to numeric.,1.0961827978774,0.902026099357503,0.414129535012534,0.626390170215656,0.282361046599455,0.3947696504394466,-0.42730669729113957,Eastern Europe,1,,,,False,0,0,0
Czechia,CZE,2010,signed_not_ratified,2016,,,,0,0,0,,,0.994,12.777,5.6,16665.93,49.2,0,0,1,1,1,1,1,1,1,1,1,10463000,,0,0,1.0,0.0,1,1,0,0,1.53,1.58,retained_legacy_not_independently_reimported,,0,excluded_until_researcher_coding_rubric_is_documented,10693939.0,90.0,1069.0,979.0,92.0,0.08416,0.0,GDP parsed from comma-formatted text to numeric.,0.973941323346669,0.984323877723848,0.675389699856817,0.428534182272534,0.48778144989659,0.5050963604492077,0.020386147799285218,Eastern Europe,1,,,,False,0,0,0
Czechia,CZE,2011,signed_not_ratified,2016,,,,0,0,0,,,0.823,13.873,6.431,16926.28,49.5,0,0,1,1,1,1,1,1,1,1,1,10487000,,0,0,1.0,0.0,1,1,0,0,1.57,1.73,retained_legacy_not_independently_reimported,,0,excluded_until_researcher_coding_rubric_is_documented,10693939.0,90.0,1069.0,979.0,92.0,0.08416,0.0,GDP parsed from comma-formatted text to numeric.,0.815194527249769,0.81939793117267,0.561443801393747,0.271731509083256,0.374295867595831,0.5023823400153017,0.009529432174591734,Eastern Europe,1,,,,False,0,0,0
Czechia,CZE,2012,signed_not_ratified,2016,,,,0,0,0,,,0.898,13.419,6.367,16772.35,50.0,0,0,1,1,1,1,1,1,1,1,1,10511000,,0,0,1.0,0.0,1,1,0,0,1.57,1.74,retained_legacy_not_independently_reimported,,0,excluded_until_researcher_coding_rubric_is_documented,10693939.0,90.0,1069.0,979.0,92.0,0.08416,0.0,GDP parsed from comma-formatted text to numeric.,1.10461380714935,0.999301916232803,0.579746951676502,0.465100550378674,0.299224233123356,0.448413966184659,-0.20708098876932202,Eastern Europe,1,,,,False,0,0,0
Czechia,CZE,2013,signed_not_ratified,2016,,,,0,0,0,,,0.954,13.481,5.604,16759.78,50.9,0,0,1,1,1,1,1,1,1,1,1,10517000,,0,0,1.0,0.0,1,1,0,0,1.56,1.74,retained_legacy_not_independently_reimported,,0,excluded_until_researcher_coding_rubric_is_documented,10693939.0,90.0,1069.0,979.0,92.0,0.08416,0.0,GDP parsed from comma-formatted text to numeric.,0.7551254137458,0.856232600342731,0.336671525023812,0.271070661344646,0.224447683349208,0.5581802203205021,0.2337798250725639,Eastern Europe,1,,,,False,0,0,0
Czechia,CZE,2014,signed_not_ratified,2016,,,,0,0,0,,,0.842,13.616,6.361,17118.04,50.8,0,0,1,1,1,1,1,1,1,1,1,10512000,,0,0,1.0,0.0,1,1,0,0,1.75,1.94,retained_legacy_not_independently_reimported,,0,excluded_until_researcher_coding_rubric_is_documented,10693939.0,90.0,1069.0,979.0,92.0,0.08416,0.0,GDP parsed from comma-formatted text to numeric.,0.696289329104923,0.77016509724927,0.392746459156893,0.270779183540803,0.16831991106724,0.5473612694758342,0.19001473755139317,Eastern Europe,1,,,,False,0,0,0
Czechia,CZE,2015,signed_not_ratified,2016,,,,0,0,0,,,0.916,13.511,5.682,17931.6,51.2,0,0,1,1,1,1,1,1,1,1,1,10554000,,0,0,1.0,0.0,1,1,0,0,1.75,1.89,retained_legacy_not_independently_reimported,,0,excluded_until_researcher_coding_rubric_is_documented,10693939.0,90.0,1069.0,979.0,92.0,0.08416,0.0,GDP parsed from comma-formatted text to numeric.,0.753399425136921,0.836150868791633,0.373980004598084,0.309086943645916,0.22438800275885,0.5487003207305354,0.19542083244153907,Eastern Europe,1,,,,False,0,0,0
Czechia,CZE,2016,signed_not_ratified,2016,,,,0,0,0,,,0.673,13.226,6.162,18359.1,51.7,0,0,1,1,1,1,1,1,1,1,1,10566000,,0,0,1.0,0.0,1,1,0,0,1.72,1.69,retained_legacy_not_independently_reimported,,0,excluded_until_researcher_coding_rubric_is_documented,10693939.0,90.0,1069.0,979.0,92.0,0.08416,0.0,GDP parsed from comma-formatted text to numeric.,0.559526100686722,0.617169777139044,0.504768142699076,0.212234038191515,0.317816978736455,0.546033061389148,0.18465515295987545,Eastern Europe,1,,,,False,0,0,0
Czechia,CZE,2017,signed_not_ratified,2016,,,,0,0,0,,,0.561,13.414,5.673,19257.69,52.1,0,0,1,1,1,1,1,1,1,1,1,10591000,,0,0,1.0,0.0,1,1,0,0,1.76,1.86,retained_legacy_not_independently_reimported,,0,excluded_until_researcher_coding_rubric_is_documented,10693939.0,90.0,1069.0,979.0,92.0,0.08416,0.0,GDP parsed from comma-formatted text to numeric.,0.693623643086706,0.626106269301682,0.373747455480605,0.192673234190752,0.242935846062393,0.44714604502414096,-0.2122086068579211,Eastern Europe,1,,,,False,0,0,0
Czechia,CZE,2018,signed_not_ratified,2016,,,,0,0,0,,,,13.727,6.171,19736.63,52.6,0,0,1,1,0,1,1,1,0,1,1,10611000,,0,0,1.0,0.0,1,1,0,0,1.63,1.74,retained_legacy_not_independently_reimported,,0,excluded_until_researcher_coding_rubric_is_documented,10693939.0,90.0,1069.0,979.0,92.0,0.08416,0.0,GDP parsed from comma-formatted text to numeric.,,,,,,,,Eastern Europe,1,,,,False,0,0,0
Czechia,CZE,2019,signed_not_ratified,2016,,,,0,0,0,,,0.654,14.78,6.471,20360.06,52.3,0,0,1,1,1,1,1,1,1,1,1,10669000,,0,0,1.0,0.0,1,1,0,0,1.57,1.74,retained_legacy_not_independently_reimported,,0,excluded_until_researcher_coding_rubric_is_documented,10693939.0,90.0,1069.0,979.0,92.0,0.08416,0.0,GDP parsed from comma-formatted text to numeric.,0.961269490940516,0.862160849844266,0.354913307754669,0.192253898188103,0.224155773318738,0.40488599807527986,-0.3851474458182212,Eastern Europe,1,,,,False,0,0,0
Czechia,CZE,2020,signed_not_ratified,2016,,,,0,0,0,,,0.636,13.772,6.057,19233.15,51.5,0,0,1,1,1,1,1,1,1,1,1,10694000,,0,0,1.0,0.0,1,1,0,0,1.56,1.74,retained_legacy_not_independently_reimported,,0,excluded_until_researcher_coding_rubric_is_documented,10693939.0,90.0,1069.0,979.0,92.0,0.08416,0.0,GDP parsed from comma-formatted text to numeric.,0.538395792052317,0.606627624807828,0.392560455945884,0.17305579030253,0.26170697063059,0.5415550739402406,0.16660460069334665,Eastern Europe,1,,,,False,0,0,0
Czechia,CZE,2021,signed_not_ratified,2016,,,,0,0,0,,,0.468,15.127,14.159,20373.88,51.6,0,0,1,1,1,1,1,1,1,1,1,10701000,,0,0,1.0,0.0,1,1,0,0,1.83,1.86,retained_legacy_not_independently_reimported,,0,excluded_until_researcher_coding_rubric_is_documented,10693939.0,90.0,1069.0,979.0,92.0,0.08416,0.0,GDP parsed from comma-formatted text to numeric.,0.366005804659427,0.436818791184712,0.224739807487881,0.134844243821894,0.131098221034597,0.5611471735392917,0.2458191029168343,Eastern Europe,1,,,,False,0,0,0
Czechia,CZE,2022,signed_not_ratified,2016,,,,0,0,0,,,0.739,17.071,16.05,20627.35,52.2,0,0,1,1,1,1,1,1,1,1,1,10827000,,0,0,1.0,0.0,1,1,0,0,1.53,1.54,retained_legacy_not_independently_reimported,,0,excluded_until_researcher_coding_rubric_is_documented,10693939.0,90.0,1069.0,979.0,92.0,0.08416,0.0,GDP parsed from comma-formatted text to numeric.,0.855174733577438,0.824493992577493,0.498971518058934,0.323066010462588,0.203284692542529,0.46356273527283487,-0.1460078938657549,Eastern Europe,1,,,,False,0,0,0
Czechia,CZE,2023,signed_not_ratified,2016,,,,0,0,0,,,0.821,17.244,16.171,20272.59,53.2,0,0,1,1,1,1,1,0,0,0,0,10828000,,0,0,1.0,0.0,1,1,0,0,,,excluded_legacy_flagged_for_manual_review,,0,excluded_until_researcher_coding_rubric_is_documented,10693939.0,90.0,1069.0,979.0,92.0,0.08416,0.0,GDP parsed from comma-formatted text to numeric. | WGI legacy value excluded because source file flagged this country-year for manual review. | UNODC outcome values preserved from source dataset; not silently imputed or replaced.,0.712918505441397,0.767827757917044,0.364995907027148,0.187610133010894,0.237247339567646,0.5352305204530737,0.14115599368931775,Eastern Europe,1,,,,False,0,0,0
Germany,DEU,1990,party,2011,2017.0,2018.0,,0,0,0,-27.0,-28.0,0.927,,,29763.31,45.2,0,0,1,1,0,0,0,0,0,0,0,79433000,2022.0,0,0,0.0,0.0,1,1,1,0,,,retained_legacy_not_independently_reimported,2022.0,0,excluded_until_researcher_coding_rubric_is_documented,83166711.0,6500.0,8316.0,1816.0,21.0,0.781563,0.0,GDP parsed from comma-formatted text to numeric.,1.42677986012126,1.16801384915652,,,,0.39383462137034503,-0.43122177240102116,Western Europe,0,,2018.0,2019.0,True,0,0,0
Germany,DEU,1991,party,2011,2017.0,2018.0,,0,0,0,-26.0,-27.0,1.097,,,31056.59,47.9,0,0,1,1,0,0,0,0,0,0,0,80274000,2022.0,0,0,0.0,0.0,1,1,1,0,,,retained_legacy_not_independently_reimported,2022.0,0,excluded_until_researcher_coding_rubric_is_documented,83166711.0,6500.0,8316.0,1816.0,21.0,0.781563,0.0,GDP parsed from comma-formatted text to numeric.,1.73003940010266,1.40343106642978,,,,0.38803845463213704,-0.45556500158307156,Western Europe,0,,2018.0,2019.0,True,0,0,0
Germany,DEU,1992,party,2011,2017.0,2018.0,,0,0,0,-25.0,-26.0,1.127,,,31441.97,47.8,0,0,1,1,0,0,0,0,0,0,0,80974000,2022.0,0,0,0.0,0.0,1,1,1,0,,,retained_legacy_not_independently_reimported,2022.0,0,excluded_until_researcher_coding_rubric_is_documented,83166711.0,6500.0,8316.0,1816.0,21.0,0.781563,0.0,GDP parsed from comma-formatted text to numeric.,1.75287798743722,1.43077958781143,,,,0.39133602358025876,-0.441699766312636,Western Europe,0,,2018.0,2019.0,True,0,0,0
Germany,DEU,1993,party,2011,2017.0,2018.0,,0,0,0,-24.0,-25.0,1.33,,,30932.02,47.5,0,0,1,1,0,0,0,0,0,0,0,81338000,2022.0,0,0,0.0,0.0,1,1,1,0,,,retained_legacy_not_independently_reimported,2022.0,0,excluded_until_researcher_coding_rubric_is_documented,83166711.0,6500.0,8316.0,1816.0,21.0,0.781563,0.0,GDP parsed from comma-formatted text to numeric.,1.99787280849644,1.65425621686023,,,,0.3996546973202696,-0.4069040765551617,Western Europe,0,,2018.0,2019.0,True,0,0,0
Germany,DEU,1994,party,2011,2017.0,2018.0,,0,0,0,-23.0,-24.0,1.618,,,31625.39,48.0,0,0,1,1,0,0,0,0,0,0,0,81422000,2022.0,0,0,0.0,0.0,1,1,1,0,,,retained_legacy_not_independently_reimported,2022.0,0,excluded_until_researcher_coding_rubric_is_documented,83166711.0,6500.0,8316.0,1816.0,21.0,0.781563,0.0,GDP parsed from comma-formatted text to numeric.,3.19237629346899,2.38340932371506,,,,0.33635622273391497,-0.6795747404283259,Western Europe,0,,2018.0,2019.0,True,0,0,0
Germany,DEU,1995,party,2011,2017.0,2018.0,,0,0,0,-22.0,-23.0,1.645,,,32007.15,47.8,0,0,1,1,0,0,0,0,0,0,0,81661000,2022.0,0,0,0.0,0.0,1,1,1,0,,,retained_legacy_not_independently_reimported,2022.0,0,excluded_until_researcher_coding_rubric_is_documented,83166711.0,6500.0,8316.0,1816.0,21.0,0.781563,0.0,GDP parsed from comma-formatted text to numeric.,3.3565928842512,2.47744783321797,,,,0.3288952215962449,-0.7131860527448138,Western Europe,0,,2018.0,2019.0,True,0,0,0
Germany,DEU,1996,party,2011,2017.0,2018.0,,0,0,0,-21.0,-22.0,1.584,,,32245.86,47.9,0,0,1,1,0,0,0,1,0,0,0,81896000,2022.0,0,0,0.0,0.0,1,1,1,0,2.93,2.74,retained_legacy_not_independently_reimported,2022.0,0,excluded_until_researcher_coding_rubric_is_documented,83166711.0,6500.0,8316.0,1816.0,21.0,0.781563,0.0,GDP parsed from comma-formatted text to numeric.,3.13228693052154,2.33761906350592,,,,0.33585742838272076,-0.6818100930949189,Western Europe,0,,2018.0,2019.0,True,0,0,0
Germany,DEU,1997,party,2011,2017.0,2018.0,,0,0,0,-20.0,-21.0,1.538,,,32795.78,48.4,0,0,1,1,0,0,0,0,0,0,0,82052000,2022.0,0,0,0.0,0.0,1,1,1,0,,,retained_legacy_not_independently_reimported,2022.0,0,excluded_until_researcher_coding_rubric_is_documented,83166711.0,6500.0,8316.0,1816.0,21.0,0.781563,0.0,GDP parsed from comma-formatted text to numeric.,2.86881446991069,2.1847407558703,,,,0.3490049355382029,-0.6234159966622304,Western Europe,0,,2018.0,2019.0,True,0,0,0
Germany,DEU,1998,party,2011,2017.0,2018.0,,0,0,0,-19.0,-20.0,1.433,,,33477.99,48.5,0,0,1,1,0,0,0,1,0,0,0,82047000,2022.0,0,0,0.0,0.0,1,1,1,0,3.08,2.76,retained_legacy_not_independently_reimported,2022.0,0,excluded_until_researcher_coding_rubric_is_documented,83166711.0,6500.0,8316.0,1816.0,21.0,0.781563,0.0,GDP parsed from comma-formatted text to numeric.,2.50313161077247,1.95337413007635,,,,0.36406302982302263,-0.5577724434327931,Western Europe,0,,2018.0,2019.0,True,0,0,0
Germany,DEU,1999,party,2011,2017.0,2018.0,,0,0,0,-18.0,-19.0,1.231,,,34168.83,49.1,0,0,1,1,0,0,0,0,0,0,0,82100000,2022.0,0,0,0.0,0.0,1,1,1,0,,,retained_legacy_not_independently_reimported,2022.0,0,excluded_until_researcher_coding_rubric_is_documented,83166711.0,6500.0,8316.0,1816.0,21.0,0.781563,0.0,GDP parsed from comma-formatted text to numeric.,2.0371288102954,1.62344247009,,,,0.376668139922163,-0.5037145233378326,Western Europe,0,,2018.0,2019.0,True,0,0,0
Germany,DEU,2000,party,2011,2017.0,2018.0,,0,0,0,-17.0,-18.0,1.298,,,35104.13,49.0,0,0,1,1,1,0,0,1,1,0,0,82212000,2022.0,0,0,0.0,0.0,1,1,1,0,3.07,2.74,retained_legacy_not_independently_reimported,2022.0,0,excluded_until_researcher_coding_rubric_is_documented,83166711.0,6500.0,8316.0,1816.0,21.0,0.781563,0.0,GDP parsed from comma-formatted text to numeric.,2.05721731742931,1.66753754956225,,,,0.38686018734384026,-0.46052963456226614,Western Europe,0,,2018.0,2019.0,True,0,0,0
Germany,DEU,2001,party,2011,2017.0,2018.0,,0,0,0,-16.0,-17.0,1.17,,,35618.51,49.3,0,0,1,1,1,0,0,0,0,0,0,82349000,2022.0,0,0,0.0,0.0,1,1,1,0,,,retained_legacy_not_independently_reimported,2022.0,0,excluded_until_researcher_coding_rubric_is_documented,83166711.0,6500.0,8316.0,1816.0,21.0,0.781563,0.0,GDP parsed from comma-formatted text to numeric.,1.72778304220816,1.44140608883251,,,,0.40375693520120814,-0.3898353594119158,Western Europe,0,,2018.0,2019.0,True,0,0,0
Germany,DEU,2002,party,2011,2017.0,2018.0,,0,0,0,-15.0,-16.0,1.125,,,35477.52,49.6,0,0,1,1,1,0,0,1,1,0,0,82487000,2022.0,0,0,0.0,0.0,1,1,1,0,2.82,2.78,retained_legacy_not_independently_reimported,2022.0,0,excluded_until_researcher_coding_rubric_is_documented,83166711.0,6500.0,8316.0,1816.0,21.0,0.781563,0.0,GDP parsed from comma-formatted text to numeric.,1.74715771794219,1.42807834640079,,,,0.39169158189753833,-0.4402072707235186,Western Europe,0,,2018.0,2019.0,True,0,0,0
Germany,DEU,2003,party,2011,2017.0,2018.0,,0,0,0,-14.0,-15.0,1.155,66.534,10.676,35270.02,50.0,0,0,1,1,1,0,0,1,1,0,0,82536000,2022.0,0,0,1.0,0.0,1,1,1,0,2.31,2.78,retained_legacy_not_independently_reimported,2022.0,0,excluded_until_researcher_coding_rubric_is_documented,83166711.0,6500.0,8316.0,1816.0,21.0,0.781563,0.0,GDP parsed from comma-formatted text to numeric.,1.52651441679004,1.33598638063576,,,,0.4307267537955719,-0.2788866335177362,Western Europe,0,,2018.0,2019.0,True,0,0,0
Germany,DEU,2004,party,2011,2017.0,2018.0,,0,0,0,-13.0,-14.0,1.087,69.806,10.757,35687.64,49.7,0,0,1,1,1,0,0,1,1,0,0,82532000,2022.0,0,0,1.0,0.0,1,1,1,0,2.49,2.75,retained_legacy_not_independently_reimported,2022.0,0,excluded_until_researcher_coding_rubric_is_documented,83166711.0,6500.0,8316.0,1816.0,21.0,0.781563,0.0,GDP parsed from comma-formatted text to numeric.,1.63734158266414,1.3545661001062,,,,0.39899548827391174,-0.40965233229703973,Western Europe,0,,2018.0,2019.0,True,0,0,0
Germany,DEU,2005,party,2011,2017.0,2018.0,,0,0,0,-12.0,-13.0,1.063,67.282,9.913,36024.09,50.7,0,0,1,1,1,1,1,1,1,1,1,82469000,2022.0,0,0,1.0,0.0,1,1,1,0,2.55,2.81,retained_legacy_not_independently_reimported,2022.0,0,excluded_until_researcher_coding_rubric_is_documented,83166711.0,6500.0,8316.0,1816.0,21.0,0.781563,0.0,GDP parsed from comma-formatted text to numeric.,1.49403241215581,1.27244558514126,1.01056368791791,0.651759105974013,,0.4157162791314775,-0.3403836819988911,Western Europe,0,,2018.0,2019.0,True,0,0,0
Germany,DEU,2006,party,2011,2017.0,2018.0,,0,0,0,-11.0,-12.0,1.054,63.929,9.936,37459.26,51.8,0,0,1,1,1,1,1,1,1,1,1,82366000,2022.0,0,0,1.0,0.0,1,1,1,0,2.8,3.01,retained_legacy_not_independently_reimported,2022.0,0,excluded_until_researcher_coding_rubric_is_documented,83166711.0,6500.0,8316.0,1816.0,21.0,0.781563,0.0,GDP parsed from comma-formatted text to numeric.,1.37289726545644,1.20927315205162,1.12324551465231,0.716622199001987,,0.43429938918397865,-0.2643308489992919,Western Europe,0,,2018.0,2019.0,True,0,0,0
Germany,DEU,2007,party,2011,2017.0,2018.0,,0,0,0,-10.0,-11.0,0.937,69.228,9.239,38593.07,52.2,0,0,1,1,1,1,1,1,1,1,1,82266000,2022.0,0,0,1.0,0.0,1,1,1,0,2.77,2.98,retained_legacy_not_independently_reimported,2022.0,0,excluded_until_researcher_coding_rubric_is_documented,83166711.0,6500.0,8316.0,1816.0,21.0,0.781563,0.0,GDP parsed from comma-formatted text to numeric.,1.25583197462443,1.09227050411144,1.11181667579013,0.786786297355063,,0.4273013212334619,-0.2928702776753621,Western Europe,0,,2018.0,2019.0,True,0,0,0
Germany,DEU,2008,party,2011,2017.0,2018.0,,0,0,0,-9.0,-10.0,0.884,70.008,8.99,39009.85,52.0,0,0,1,1,1,1,1,1,1,1,1,82110000,2022.0,0,0,1.0,0.0,1,1,1,0,2.57,2.95,retained_legacy_not_independently_reimported,2022.0,0,excluded_until_researcher_coding_rubric_is_documented,83166711.0,6500.0,8316.0,1816.0,21.0,0.781563,0.0,GDP parsed from comma-formatted text to numeric.,1.17253568156852,1.02452477446076,1.11463074426037,0.702510602319071,,0.4298490942426893,-0.2824668692611274,Western Europe,0,,2018.0,2019.0,True,0,0,0
Germany,DEU,2009,party,2011,2017.0,2018.0,,0,0,0,-8.0,-9.0,0.931,60.646,9.037,36940.41,52.6,0,0,1,1,1,1,1,1,1,1,1,81902000,2022.0,0,0,1.0,0.0,1,1,1,0,2.68,2.8,retained_legacy_not_independently_reimported,2022.0,0,excluded_until_researcher_coding_rubric_is_documented,83166711.0,6500.0,8316.0,1816.0,21.0,0.781563,0.0,GDP parsed from comma-formatted text to numeric.,1.05684188602482,0.992150728625981,0.549687620119854,0.266111266265243,,0.46834710876415026,-0.126781109915502,Western Europe,0,,2018.0,2019.0,True,0,0,0
Germany,DEU,2010,party,2011,2017.0,2018.0,,0,0,0,-7.0,-8.0,0.948,45.238,9.556,38526.74,52.5,0,0,1,1,1,1,1,1,1,1,1,81777000,2022.0,0,0,1.0,0.0,1,1,1,0,2.58,2.78,retained_legacy_not_independently_reimported,2022.0,0,excluded_until_researcher_coding_rubric_is_documented,83166711.0,6500.0,8316.0,1816.0,21.0,0.781563,0.0,GDP parsed from comma-formatted text to numeric.,1.0156457304799,0.981060169496516,0.559749487976997,0.281841690208171,,0.4827754748654769,-0.06892537460420774,Western Europe,0,,2018.0,2019.0,True,0,0,0
Germany,DEU,2011,party,2011,2017.0,2018.0,,0,0,0,-6.0,-7.0,0.816,44.96,9.324,40722.48,53.7,0,0,1,1,1,1,1,1,1,1,1,80328000,2022.0,0,0,1.0,0.0,1,1,1,0,2.55,2.75,retained_legacy_not_independently_reimported,2022.0,0,excluded_until_researcher_coding_rubric_is_documented,83166711.0,6500.0,8316.0,1816.0,21.0,0.781563,0.0,GDP parsed from comma-formatted text to numeric.,1.01439761158054,0.91271260058552,0.550384250281541,0.228239462605621,0.383820595591075,0.4458047775179228,-0.21763587420163075,Western Europe,0,,2018.0,2019.0,True,0,0,0
Germany,DEU,2012,party,2011,2017.0,2018.0,,0,0,0,-5.0,-6.0,0.716,44.833,9.925,40834.51,53.7,0,0,1,1,1,1,1,1,1,1,1,80426000,2022.0,0,0,1.0,0.0,1,1,1,0,2.6,2.84,retained_legacy_not_independently_reimported,2022.0,0,excluded_until_researcher_coding_rubric_is_documented,83166711.0,6500.0,8316.0,1816.0,21.0,0.781563,0.0,GDP parsed from comma-formatted text to numeric.,0.917900013682526,0.814420905242925,0.439936577099326,0.265508268420565,0.273147435231999,0.43821530938497316,-0.24840830017073587,Western Europe,0,,2018.0,2019.0,True,0,0,0
Germany,DEU,2013,party,2011,2017.0,2018.0,,0,0,0,-4.0,-5.0,0.793,43.595,9.141,40884.89,54.2,0,0,1,1,1,1,1,1,1,1,1,80645000,2022.0,0,0,1.0,0.0,1,1,1,0,2.57,2.79,retained_legacy_not_independently_reimported,2022.0,0,excluded_until_researcher_coding_rubric_is_documented,83166711.0,6500.0,8316.0,1816.0,21.0,0.781563,0.0,GDP parsed from comma-formatted text to numeric.,0.891708793399864,0.841543300830081,0.541815028340373,0.211591917077934,0.353147295257564,0.47070449392008495,-0.11731639284556933,Western Europe,0,,2018.0,2019.0,True,0,0,0
Germany,DEU,2014,party,2011,2017.0,2018.0,,0,0,0,-3.0,-4.0,0.818,42.96,9.026,41602.47,54.5,0,0,1,1,1,1,1,1,1,1,1,80982000,2022.0,0,0,1.0,0.0,1,1,1,0,2.83,3.15,retained_legacy_not_independently_reimported,2022.0,0,excluded_until_researcher_coding_rubric_is_documented,83166711.0,6500.0,8316.0,1816.0,21.0,0.781563,0.0,GDP parsed from comma-formatted text to numeric.,0.944274634337475,0.87986543465844,0.581405805221166,0.24796601803557,0.402882860879397,0.4641728275840082,-0.14355471343688375,Western Europe,0,,2018.0,2019.0,True,0,0,0
Germany,DEU,2015,party,2011,2017.0,2018.0,,0,0,0,-2.0,-3.0,0.785,41.747,8.555,41929.75,54.4,0,0,1,1,1,1,1,1,1,1,1,82176000,2022.0,0,0,1.0,0.0,1,1,1,0,2.82,3.0,retained_legacy_not_independently_reimported,2022.0,0,excluded_until_researcher_coding_rubric_is_documented,83166711.0,6500.0,8316.0,1816.0,21.0,0.781563,0.0,GDP parsed from comma-formatted text to numeric.,0.878672700285212,0.83092148321361,0.503890714166349,0.20543615246105,0.333527663186298,0.47184761754245497,-0.11272875593723972,Western Europe,0,,2018.0,2019.0,True,0,0,0
Germany,DEU,2016,party,2011,2017.0,2018.0,,0,0,0,-1.0,-2.0,1.119,44.908,9.569,42516.93,54.8,0,0,1,1,1,1,1,1,1,1,1,82522000,2022.0,0,0,1.0,0.0,1,1,1,0,2.83,2.7,retained_legacy_not_independently_reimported,2022.0,0,excluded_until_researcher_coding_rubric_is_documented,83166711.0,6500.0,8316.0,1816.0,21.0,0.781563,0.0,GDP parsed from comma-formatted text to numeric.,1.2095454190426,1.163604165425,0.567770947363399,0.213017108211956,0.391237123393266,0.48055751493998594,-0.0778091729492649,Western Europe,0,,2018.0,2019.0,True,0,0,0
Germany,DEU,2017,party,2011,2017.0,2018.0,,1,0,0,0.0,-1.0,0.903,41.893,10.0,43543.48,55.1,0,0,1,1,1,1,1,1,1,1,1,82793000,2022.0,0,0,1.0,0.0,1,1,1,0,2.75,2.68,retained_legacy_not_independently_reimported,2022.0,0,excluded_until_researcher_coding_rubric_is_documented,83166711.0,6500.0,8316.0,1816.0,21.0,0.781563,0.0,GDP parsed from comma-formatted text to numeric.,1.05551841604177,0.97829217789703,0.548934661590455,0.255957121672947,0.363580100533938,0.46106280778558756,-0.1560647614138941,Western Europe,0,,2018.0,2019.0,True,0,0,1
Germany,DEU,2018,party,2011,2017.0,2018.0,,1,1,1,1.0,0.0,0.87,48.681,10.839,43905.86,55.2,0,0,1,1,1,1,1,1,1,1,1,83020000,2022.0,0,0,1.0,0.0,1,1,1,0,2.6,2.71,retained_legacy_not_independently_reimported,2022.0,0,excluded_until_researcher_coding_rubric_is_documented,83166711.0,6500.0,8316.0,1816.0,21.0,0.781563,0.0,GDP parsed from comma-formatted text to numeric.,1.0227458805296,0.945201062768242,0.483357228713978,0.257508463981325,0.300913568856251,0.45964965976128264,-0.16175311731566086,Western Europe,0,,2018.0,2019.0,True,1,0,1
Germany,DEU,2019,party,2011,2017.0,2018.0,,1,1,1,2.0,1.0,0.653,48.737,11.46,44235.27,55.7,0,0,1,1,1,1,1,1,1,1,1,83166000,2022.0,0,0,1.0,0.0,1,1,1,0,2.55,2.7,retained_legacy_not_independently_reimported,2022.0,0,excluded_until_researcher_coding_rubric_is_documented,83166711.0,6500.0,8316.0,1816.0,21.0,0.781563,0.0,GDP parsed from comma-formatted text to numeric.,0.8409773305351,0.745579302641966,0.442104730591543,0.230238750434682,0.290796159693903,0.4370882922072948,-0.2529875749647246,Western Europe,0,,2018.0,2019.0,True,1,1,1
Germany,DEU,2020,party,2011,2017.0,2018.0,,1,1,1,3.0,2.0,0.843,49.121,12.103,42372.87,55.1,0,0,1,1,1,1,1,1,1,1,1,83240000,2022.0,0,0,1.0,0.0,1,1,1,0,2.25,2.59,retained_legacy_not_independently_reimported,2022.0,0,excluded_until_researcher_coding_rubric_is_documented,83166711.0,6500.0,8316.0,1816.0,21.0,0.781563,0.0,GDP parsed from comma-formatted text to numeric.,1.02927413045408,0.935085587265765,0.531444088178762,0.259134898726086,0.344848163884886,0.45025457879693526,-0.19964214707003752,Western Europe,0,,2018.0,2019.0,True,1,1,1
Germany,DEU,2021,party,2011,2017.0,2018.0,,1,1,1,4.0,3.0,0.795,49.93,12.438,44011.02,55.0,0,0,1,1,1,1,1,1,1,1,1,83196000,2022.0,0,0,1.0,0.0,1,1,1,0,2.21,2.68,retained_legacy_not_independently_reimported,2022.0,0,excluded_until_researcher_coding_rubric_is_documented,83166711.0,6500.0,8316.0,1816.0,21.0,0.781563,0.0,GDP parsed from comma-formatted text to numeric.,0.866422075069495,0.830375419597212,0.48846411755571,0.191193698129861,0.285527334416622,0.47850574031089976,-0.08603005978161046,Western Europe,0,,2018.0,2019.0,True,1,1,1
Germany,DEU,2022,party,2011,2017.0,2018.0,,1,1,1,5.0,4.0,0.82,59.094,14.935,44817.13,55.5,0,0,1,1,1,1,1,1,1,1,1,84359000,2022.0,1,1,1.0,0.0,1,1,1,0,1.81,2.15,retained_legacy_not_independently_reimported,2022.0,1,excluded_until_researcher_coding_rubric_is_documented,83166711.0,6500.0,8316.0,1816.0,21.0,0.781563,0.0,GDP parsed from comma-formatted text to numeric.,0.811821596735764,0.815829208272123,0.465065550108482,0.175854529856709,0.321787779620515,0.5025059121905837,0.010023732689551451,Western Europe,0,,2018.0,2019.0,True,1,1,1
Germany,DEU,2023,party,2011,2017.0,2018.0,,1,1,1,6.0,5.0,,62.279,15.504,44368.99,55.8,0,0,1,1,0,1,1,0,0,0,0,84358000,2022.0,1,0,1.0,0.0,1,1,1,0,,,excluded_legacy_flagged_for_manual_review,2022.0,1,excluded_until_researcher_coding_rubric_is_documented,83166711.0,6500.0,8316.0,1816.0,21.0,0.781563,0.0,GDP parsed from comma-formatted text to numeric. | WGI legacy value excluded because source file flagged this country-year for manual review. | UNODC outcome values preserved from source dataset; not silently imputed or replaced.,,,,,,,,Western Europe,0,,2018.0,2019.0,True,1,1,1
Denmark,DNK,1990,party,2013,2014.0,2014.0,,0,0,0,-24.0,-24.0,0.959,,,39306.79,61.1,0,0,1,1,0,0,0,0,0,0,0,5140000,2017.0,0,0,0.0,0.0,1,1,1,0,,,retained_legacy_not_independently_reimported,2017.0,0,excluded_until_researcher_coding_rubric_is_documented,5822763.0,850.0,582.0,0.0,0.0,1.459788,1.0,GDP parsed from comma-formatted text to numeric.,0.631522941254947,0.797506333853658,,,,0.6029463487293898,0.41775680555805483,Northern Europe,0,,2015.0,2015.0,True,0,0,0
Denmark,DNK,1991,party,2013,2014.0,2014.0,,0,0,0,-23.0,-23.0,1.645,,,39776.6,61.4,0,0,1,1,0,0,0,0,0,0,0,5154000,2017.0,0,0,0.0,0.0,1,1,1,0,,,retained_legacy_not_independently_reimported,2017.0,0,excluded_until_researcher_coding_rubric_is_documented,5822763.0,850.0,582.0,0.0,0.0,1.459788,1.0,GDP parsed from comma-formatted text to numeric.,0.984058837271504,1.31927541901788,,,,0.6256991957270982,0.5138099739597016,Northern Europe,0,,2015.0,2015.0,True,0,0,0
Denmark,DNK,1992,party,2013,2014.0,2014.0,,0,0,0,-22.0,-22.0,1.221,,,40447.23,61.6,0,0,1,1,0,0,0,0,0,0,0,5171000,2017.0,0,0,0.0,0.0,1,1,1,0,,,retained_legacy_not_independently_reimported,2017.0,0,excluded_until_researcher_coding_rubric_is_documented,5822763.0,850.0,582.0,0.0,0.0,1.459788,1.0,GDP parsed from comma-formatted text to numeric.,1.17666393026933,1.19890930193119,,,,0.5092456805916269,0.036986938404320546,Northern Europe,0,,2015.0,2015.0,True,0,0,0
Denmark,DNK,1993,party,2013,2014.0,2014.0,,0,0,0,-21.0,-21.0,0.989,,,40280.89,61.0,0,0,1,1,0,0,0,0,0,0,0,5189000,2017.0,0,0,0.0,0.0,1,1,1,0,,,retained_legacy_not_independently_reimported,2017.0,0,excluded_until_researcher_coding_rubric_is_documented,5822763.0,850.0,582.0,0.0,0.0,1.459788,1.0,GDP parsed from comma-formatted text to numeric.,1.75844547168053,1.36837477742228,,,,0.3599707474430997,-0.5754911113832181,Northern Europe,0,,2015.0,2015.0,True,0,0,0
Denmark,DNK,1994,party,2013,2014.0,2014.0,,0,0,0,-20.0,-20.0,0.948,,,42270.65,57.9,0,0,1,1,0,0,0,0,0,0,0,5205000,2017.0,0,0,0.0,0.0,1,1,1,0,,,retained_legacy_not_independently_reimported,2017.0,0,excluded_until_researcher_coding_rubric_is_documented,5822763.0,850.0,582.0,0.0,0.0,1.459788,1.0,GDP parsed from comma-formatted text to numeric.,1.94669899225233,1.4405929711164,,,,0.3274951912227574,-0.7195358903703433,Northern Europe,0,,2015.0,2015.0,True,0,0,0
Denmark,DNK,1995,party,2013,2014.0,2014.0,,0,0,0,-19.0,-19.0,0.717,,,43328.53,57.9,0,0,1,1,0,0,0,0,0,0,0,5228000,2017.0,0,0,0.0,0.0,1,1,1,0,,,retained_legacy_not_independently_reimported,2017.0,0,excluded_until_researcher_coding_rubric_is_documented,5822763.0,850.0,582.0,0.0,0.0,1.459788,1.0,GDP parsed from comma-formatted text to numeric.,1.54870922829368,1.12738279040616,,,,0.31645720070619,-0.7701012664402624,Northern Europe,0,,2015.0,2015.0,True,0,0,0
Denmark,DNK,1996,party,2013,2014.0,2014.0,,0,0,0,-18.0,-18.0,0.974,,,44331.62,58.3,0,0,1,1,0,0,0,1,0,0,0,5251000,2017.0,0,0,0.0,0.0,1,1,1,0,2.99,3.1,retained_legacy_not_independently_reimported,2017.0,0,excluded_until_researcher_coding_rubric_is_documented,5822763.0,850.0,582.0,0.0,0.0,1.459788,1.0,GDP parsed from comma-formatted text to numeric.,1.61778354329556,1.29202206773692,,,,0.3758029880695664,-0.5074010046158495,Northern Europe,0,,2015.0,2015.0,True,0,0,0
Denmark,DNK,1997,party,2013,2014.0,2014.0,,0,0,0,-17.0,-17.0,1.57,,,45546.59,58.6,0,0,1,1,0,0,0,0,0,0,0,5275000,2017.0,0,0,0.0,0.0,1,1,1,0,,,retained_legacy_not_independently_reimported,2017.0,0,excluded_until_researcher_coding_rubric_is_documented,5822763.0,850.0,582.0,0.0,0.0,1.459788,1.0,GDP parsed from comma-formatted text to numeric.,1.7622755421248,1.66507884999816,,,,0.47114951334393596,-0.11553027624818818,Northern Europe,0,,2015.0,2015.0,True,0,0,0
Denmark,DNK,1998,party,2013,2014.0,2014.0,,0,0,0,-16.0,-16.0,0.788,,,46437.19,59.4,0,0,1,1,0,0,0,1,0,0,0,5295000,2017.0,0,0,0.0,0.0,1,1,1,0,3.25,3.12,retained_legacy_not_independently_reimported,2017.0,0,excluded_until_researcher_coding_rubric_is_documented,5822763.0,850.0,582.0,0.0,0.0,1.459788,1.0,GDP parsed from comma-formatted text to numeric.,1.06325435197919,0.923785438954562,,,,0.4256573383109367,-0.2995915373586603,Northern Europe,0,,2015.0,2015.0,True,0,0,0
Denmark,DNK,1999,party,2013,2014.0,2014.0,,0,0,0,-15.0,-15.0,1.06,,,47657.17,60.2,0,0,1,1,0,0,0,0,0,0,0,5314000,2017.0,0,0,0.0,0.0,1,1,1,0,,,retained_legacy_not_independently_reimported,2017.0,0,excluded_until_researcher_coding_rubric_is_documented,5822763.0,850.0,582.0,0.0,0.0,1.459788,1.0,GDP parsed from comma-formatted text to numeric.,0.891752956813465,0.977111262625992,,,,0.543101521275834,0.1728350471300074,Northern Europe,0,,2015.0,2015.0,True,0,0,0
Denmark,DNK,2000,party,2013,2014.0,2014.0,,0,0,0,-14.0,-14.0,1.185,,,49266.99,60.0,0,0,1,1,1,0,0,1,1,0,0,5340000,2017.0,0,0,0.0,0.0,1,1,1,0,3.22,3.07,retained_legacy_not_independently_reimported,2017.0,0,excluded_until_researcher_coding_rubric_is_documented,5822763.0,850.0,582.0,0.0,0.0,1.459788,1.0,GDP parsed from comma-formatted text to numeric.,0.985133389902724,1.08621178676501,,,,0.5460493836524571,0.1847210003447289,Northern Europe,0,,2015.0,2015.0,True,0,0,0
Denmark,DNK,2001,party,2013,2014.0,2014.0,,0,0,0,-13.0,-13.0,0.705,,,49557.15,59.9,0,0,1,1,1,0,0,0,0,0,0,5359000,2017.0,0,0,0.0,0.0,1,1,1,0,,,retained_legacy_not_independently_reimported,2017.0,0,excluded_until_researcher_coding_rubric_is_documented,5822763.0,850.0,582.0,0.0,0.0,1.459788,1.0,GDP parsed from comma-formatted text to numeric.,1.24178152664328,0.970361429775316,,,,0.362136166976882,-0.5661045397341392,Northern Europe,0,,2015.0,2015.0,True,0,0,0
Denmark,DNK,2002,party,2013,2014.0,2014.0,,0,0,0,-12.0,-12.0,0.552,,,49624.6,60.3,0,0,1,1,1,0,0,1,1,0,0,5375000,2017.0,0,0,0.0,0.0,1,1,1,0,3.44,3.2,retained_legacy_not_independently_reimported,2017.0,0,excluded_until_researcher_coding_rubric_is_documented,5822763.0,850.0,582.0,0.0,0.0,1.459788,1.0,GDP parsed from comma-formatted text to numeric.,1.24140094730178,0.892863952273446,,,,0.30779508666508676,-0.8104477707936593,Northern Europe,0,,2015.0,2015.0,True,0,0,0
Denmark,DNK,2003,party,2013,2014.0,2014.0,,0,0,0,-11.0,-11.0,1.028,,8.756,49708.09,59.9,0,0,1,1,1,0,0,1,1,0,0,5384000,2017.0,0,0,0.0,0.0,1,1,1,0,3.55,3.26,retained_legacy_not_independently_reimported,2017.0,0,excluded_until_researcher_coding_rubric_is_documented,5822763.0,850.0,582.0,0.0,0.0,1.459788,1.0,GDP parsed from comma-formatted text to numeric.,1.38770928390638,,,,,0.4255478947109266,-0.3000392234788284,Northern Europe,0,,2015.0,2015.0,True,0,0,0
Denmark,DNK,2004,party,2013,2014.0,2014.0,,0,0,0,-10.0,-10.0,0.623,,10.399,50956.3,60.6,0,0,1,1,1,0,0,1,1,0,0,5398000,2017.0,0,0,0.0,0.0,1,1,1,0,3.89,3.28,retained_legacy_not_independently_reimported,2017.0,0,excluded_until_researcher_coding_rubric_is_documented,5822763.0,850.0,582.0,0.0,0.0,1.459788,1.0,GDP parsed from comma-formatted text to numeric.,0.972431746979244,,,,,0.39048991044560494,-0.44525337118744035,Northern Europe,0,,2015.0,2015.0,True,0,0,0
Denmark,DNK,2005,party,2013,2014.0,2014.0,,0,0,0,-9.0,-9.0,0.657,,8.765,52015.18,60.6,0,0,1,1,1,0,1,1,1,0,1,5411000,2017.0,0,0,0.0,0.0,1,1,1,0,3.6,3.29,retained_legacy_not_independently_reimported,2017.0,0,excluded_until_researcher_coding_rubric_is_documented,5822763.0,850.0,582.0,0.0,0.0,1.459788,1.0,GDP parsed from comma-formatted text to numeric.,1.30518484680393,,,,,0.3348308397499567,-0.6864159363019516,Northern Europe,0,,2015.0,2015.0,True,0,0,0
Denmark,DNK,2006,party,2013,2014.0,2014.0,,0,0,0,-8.0,-8.0,0.401,,9.692,53823.16,61.3,0,0,1,1,1,0,1,1,1,0,1,5427000,2017.0,0,0,0.0,0.0,1,1,1,0,3.78,3.37,retained_legacy_not_independently_reimported,2017.0,0,excluded_until_researcher_coding_rubric_is_documented,5822763.0,850.0,582.0,0.0,0.0,1.459788,1.0,GDP parsed from comma-formatted text to numeric.,0.668813433935259,,,,,0.37483171110026176,-0.5115437208878755,Northern Europe,0,,2015.0,2015.0,True,0,0,0
Denmark,DNK,2007,party,2013,2014.0,2014.0,,0,0,0,-7.0,-7.0,0.617,,9.008,54113.98,60.8,0,0,1,1,1,0,1,1,1,0,1,5447000,2017.0,0,0,0.0,0.0,1,1,1,0,3.99,3.39,retained_legacy_not_independently_reimported,2017.0,0,excluded_until_researcher_coding_rubric_is_documented,5822763.0,850.0,582.0,0.0,0.0,1.459788,1.0,GDP parsed from comma-formatted text to numeric.,0.813384763898435,,,,,0.43135246933028043,-0.2763352380159003,Northern Europe,0,,2015.0,2015.0,True,0,0,0
Denmark,DNK,2008,party,2013,2014.0,2014.0,,0,0,0,-6.0,-6.0,0.62,,7.208,53572.53,60.1,0,0,1,1,1,0,1,1,1,0,1,5494000,2017.0,0,0,0.0,0.0,1,1,1,0,3.81,3.32,retained_legacy_not_independently_reimported,2017.0,0,excluded_until_researcher_coding_rubric_is_documented,5822763.0,850.0,582.0,0.0,0.0,1.459788,1.0,GDP parsed from comma-formatted text to numeric.,1.35241805586298,,,,,0.3143349849982666,-0.7799299436837162,Northern Europe,0,,2015.0,2015.0,True,0,0,0
Denmark,DNK,2009,party,2013,2014.0,2014.0,,0,0,0,-5.0,-5.0,0.503,,6.373,50635.91,59.8,0,0,1,1,1,0,1,1,1,0,1,5511000,2017.0,0,0,0.0,0.0,1,1,1,0,3.79,3.26,retained_legacy_not_independently_reimported,2017.0,0,excluded_until_researcher_coding_rubric_is_documented,5822763.0,850.0,582.0,0.0,0.0,1.459788,1.0,GDP parsed from comma-formatted text to numeric.,1.20542110747151,,,,,0.29442389689533155,-0.8739940815570593,Northern Europe,0,,2015.0,2015.0,True,0,0,0
Denmark,DNK,2010,party,2013,2014.0,2014.0,,0,0,0,-4.0,-4.0,0.786,36.23,17.196,51209.45,59.0,0,0,1,1,1,1,1,1,1,1,1,5534000,2017.0,0,0,0.0,0.0,1,1,1,0,3.57,3.23,retained_legacy_not_independently_reimported,2017.0,0,excluded_until_researcher_coding_rubric_is_documented,5822763.0,850.0,582.0,0.0,0.0,1.459788,1.0,GDP parsed from comma-formatted text to numeric.,0.727294810587885,0.75704832266481,,,,0.5193964814394987,0.07762488046825611,Northern Europe,0,,2015.0,2015.0,True,0,0,0
Denmark,DNK,2011,party,2013,2014.0,2014.0,,0,0,0,-3.0,-3.0,0.534,33.496,15.312,51667.53,58.7,0,0,1,1,1,1,1,1,1,1,1,5561000,2017.0,0,0,0.0,0.0,1,1,1,0,3.57,3.26,retained_legacy_not_independently_reimported,2017.0,0,excluded_until_researcher_coding_rubric_is_documented,5822763.0,850.0,582.0,0.0,0.0,1.459788,1.0,GDP parsed from comma-formatted text to numeric.,1.12250717408819,0.825726922413442,,,,0.3223650391335828,-0.7429241718056707,Northern Europe,0,,2015.0,2015.0,True,0,0,0
Denmark,DNK,2012,party,2013,2014.0,2014.0,,0,0,0,-2.0,-2.0,0.568,34.049,15.54,51470.69,58.3,0,0,1,1,1,1,1,1,1,1,1,5581000,2017.0,0,0,0.0,0.0,1,1,1,0,3.38,3.19,retained_legacy_not_independently_reimported,2017.0,0,excluded_until_researcher_coding_rubric_is_documented,5822763.0,850.0,582.0,0.0,0.0,1.459788,1.0,GDP parsed from comma-formatted text to numeric.,1.11799116462402,0.840498959524879,,,,0.3368938176652102,-0.6771673321218963,Northern Europe,0,,2015.0,2015.0,True,0,0,0
Denmark,DNK,2013,party,2013,2014.0,2014.0,,0,0,0,-1.0,-1.0,0.459,32.821,14.941,51970.39,57.7,0,0,1,1,1,1,1,1,1,1,1,5602000,2017.0,0,0,1.0,0.0,1,1,1,0,3.3,3.23,retained_legacy_not_independently_reimported,2017.0,0,excluded_until_researcher_coding_rubric_is_documented,5822763.0,850.0,582.0,0.0,0.0,1.459788,1.0,GDP parsed from comma-formatted text to numeric.,1.25644173188646,0.854802453817294,,,,0.26756956617537847,-1.0069887724984097,Northern Europe,0,,2015.0,2015.0,True,0,0,0
Denmark,DNK,2014,party,2013,2014.0,2014.0,,1,1,1,0.0,0.0,1.091,41.958,14.83,52368.36,57.1,0,0,1,1,1,1,1,1,1,1,1,5627000,2017.0,0,0,1.0,0.0,1,1,1,0,3.03,3.57,retained_legacy_not_independently_reimported,2017.0,0,excluded_until_researcher_coding_rubric_is_documented,5822763.0,850.0,582.0,0.0,0.0,1.459788,1.0,GDP parsed from comma-formatted text to numeric.,1.53476547177441,1.31117471686599,,,,0.41549788498922424,-0.3412828753974378,Northern Europe,0,,2015.0,2015.0,True,0,0,1
Denmark,DNK,2015,party,2013,2014.0,2014.0,,1,1,1,1.0,1.0,0.818,45.938,18.491,53094.01,56.8,0,0,1,1,1,1,1,1,1,1,1,5660000,2017.0,0,0,1.0,0.0,1,1,1,0,3.06,3.44,retained_legacy_not_independently_reimported,2017.0,0,excluded_until_researcher_coding_rubric_is_documented,5822763.0,850.0,582.0,0.0,0.0,1.459788,1.0,GDP parsed from comma-formatted text to numeric.,1.36741401898274,1.09083852229384,,,,0.374299786170842,-0.5138143211154116,Northern Europe,0,,2015.0,2015.0,True,1,1,1
Denmark,DNK,2016,party,2013,2014.0,2014.0,,1,1,1,2.0,2.0,0.799,66.216,29.311,54300.2,57.7,0,0,1,1,1,1,1,1,1,1,1,5707000,2017.0,0,0,1.0,0.0,1,1,1,0,3.11,3.21,retained_legacy_not_independently_reimported,2017.0,0,excluded_until_researcher_coding_rubric_is_documented,5822763.0,850.0,582.0,0.0,0.0,1.459788,1.0,GDP parsed from comma-formatted text to numeric.,1.15826639811266,0.977619325858153,,,,0.4082224069091742,-0.3713187360928242,Northern Europe,0,,2015.0,2015.0,True,1,1,1
Denmark,DNK,2017,party,2013,2014.0,2014.0,,1,1,1,3.0,3.0,0.69,83.172,31.274,55601.01,57.7,0,0,1,1,1,1,1,1,1,1,1,5749000,2017.0,1,1,1.0,0.0,1,1,1,0,2.98,3.08,retained_legacy_not_independently_reimported,2017.0,1,excluded_until_researcher_coding_rubric_is_documented,5822763.0,850.0,582.0,0.0,0.0,1.459788,1.0,GDP parsed from comma-formatted text to numeric.,1.77804677030006,1.23153392928012,,,,0.2795733080520639,-0.9465791231422322,Northern Europe,0,,2015.0,2015.0,True,1,1,1
Denmark,DNK,2018,party,2013,2014.0,2014.0,,1,1,1,4.0,4.0,0.687,95.619,38.265,56355.07,57.6,0,0,1,1,1,1,1,1,1,1,1,5781000,2017.0,1,1,1.0,0.0,1,1,1,0,3.09,3.02,retained_legacy_not_independently_reimported,2017.0,1,excluded_until_researcher_coding_rubric_is_documented,5822763.0,850.0,582.0,0.0,0.0,1.459788,1.0,GDP parsed from comma-formatted text to numeric.,1.3181862173918,1.00106587626187,,,,0.342611570956038,-0.6516777007140873,Northern Europe,0,,2015.0,2015.0,True,1,1,1
Denmark,DNK,2019,party,2013,2014.0,2014.0,,1,1,1,5.0,5.0,0.821,84.184,35.273,57114.62,58.1,0,0,1,1,1,1,1,1,1,1,1,5806000,2017.0,1,1,1.0,0.0,1,1,1,0,3.19,3.13,retained_legacy_not_independently_reimported,2017.0,1,excluded_until_researcher_coding_rubric_is_documented,5822763.0,850.0,582.0,0.0,0.0,1.459788,1.0,GDP parsed from comma-formatted text to numeric.,0.89873145783057,0.859901642730301,,,,0.4774001174786244,-0.09046116830527055,Northern Europe,0,,2015.0,2015.0,True,1,1,1
Denmark,DNK,2020,party,2013,2014.0,2014.0,,1,1,1,6.0,6.0,0.512,92.086,37.297,55934.56,57.9,0,0,1,1,1,1,1,1,1,1,1,5822000,2017.0,1,1,1.0,0.0,1,1,1,0,3.14,3.08,retained_legacy_not_independently_reimported,2017.0,1,excluded_until_researcher_coding_rubric_is_documented,5822763.0,850.0,582.0,0.0,0.0,1.459788,1.0,GDP parsed from comma-formatted text to numeric.,1.13760269880728,0.823111601929511,,,,0.3103777657312235,-0.7983538063759232,Northern Europe,0,,2015.0,2015.0,True,1,1,1
Denmark,DNK,2021,party,2013,2014.0,2014.0,,1,1,1,7.0,7.0,0.476,108.302,45.383,59312.82,58.2,0,0,1,1,1,1,1,1,1,1,1,5840000,2017.0,1,1,1.0,0.0,1,1,1,0,3.35,3.24,retained_legacy_not_independently_reimported,2017.0,1,excluded_until_researcher_coding_rubric_is_documented,5822763.0,850.0,582.0,0.0,0.0,1.459788,1.0,GDP parsed from comma-formatted text to numeric.,0.789338710903496,0.631746832067094,,,,0.37618385962452644,-0.5057776658811969,Northern Europe,0,,2015.0,2015.0,True,1,1,1
Denmark,DNK,2022,party,2013,2014.0,2014.0,,1,1,1,8.0,8.0,0.775,106.659,47.959,59108.74,59.6,0,0,1,1,1,1,1,1,1,1,1,5873000,2017.0,1,1,1.0,0.0,1,1,1,0,2.79,2.66,retained_legacy_not_independently_reimported,2017.0,1,excluded_until_researcher_coding_rubric_is_documented,5822763.0,850.0,582.0,0.0,0.0,1.459788,1.0,GDP parsed from comma-formatted text to numeric.,1.19216204547758,0.982567307766424,,,,0.393968560842098,-0.43066075322497444,Northern Europe,0,,2015.0,2015.0,True,1,1,1
Denmark,DNK,2023,party,2013,2014.0,2014.0,,1,1,1,9.0,9.0,,113.75,39.928,59026.98,59.8,0,0,1,1,0,1,1,0,0,0,0,5910000,2017.0,1,0,1.0,0.0,1,1,1,0,,,excluded_legacy_flagged_for_manual_review,2017.0,1,excluded_until_researcher_coding_rubric_is_documented,5822763.0,850.0,582.0,0.0,0.0,1.459788,1.0,GDP parsed from comma-formatted text to numeric. | WGI legacy value excluded because source file flagged this country-year for manual review. | UNODC outcome values preserved from source dataset; not silently imputed or replaced.,,,,,,,,Northern Europe,0,,2015.0,2015.0,True,1,1,1
Spain,ESP,1990,party,2011,2014.0,2014.0,,0,0,0,-24.0,-24.0,,,,19174.77,33.4,0,0,1,1,0,0,0,0,0,0,0,38851000,2020.0,0,0,0.0,0.0,1,1,1,0,,,retained_legacy_not_independently_reimported,2020.0,0,excluded_until_researcher_coding_rubric_is_documented,47332614.0,2583.0,4733.0,2150.0,45.0,0.545713,0.0,GDP parsed from comma-formatted text to numeric. | GREVIO baseline publication year corrected to 2020 from official CoE page.,,1.23821991144539,,,,,,Southern Europe,0,,2015.0,2015.0,True,0,0,0
Spain,ESP,1991,party,2011,2014.0,2014.0,,0,0,0,-23.0,-23.0,,,,19612.98,33.4,0,0,1,1,0,0,0,0,0,0,0,39025000,2020.0,0,0,0.0,0.0,1,1,1,0,,,retained_legacy_not_independently_reimported,2020.0,0,excluded_until_researcher_coding_rubric_is_documented,47332614.0,2583.0,4733.0,2150.0,45.0,0.545713,0.0,GDP parsed from comma-formatted text to numeric. | GREVIO baseline publication year corrected to 2020 from official CoE page.,,1.12112292990316,,,,,,Southern Europe,0,,2015.0,2015.0,True,0,0,0
Spain,ESP,1992,party,2011,2014.0,2014.0,,0,0,0,-22.0,-22.0,,,,19698.51,34.5,0,0,1,1,0,0,0,0,0,0,0,39121000,2020.0,0,0,0.0,0.0,1,1,1,0,,,retained_legacy_not_independently_reimported,2020.0,0,excluded_until_researcher_coding_rubric_is_documented,47332614.0,2583.0,4733.0,2150.0,45.0,0.545713,0.0,GDP parsed from comma-formatted text to numeric. | GREVIO baseline publication year corrected to 2020 from official CoE page.,,1.11812855629451,,,,,,Southern Europe,0,,2015.0,2015.0,True,0,0,0
Spain,ESP,1993,party,2011,2014.0,2014.0,,0,0,0,-21.0,-21.0,,,,19394.49,35.0,0,0,1,1,0,0,0,0,0,0,0,39171000,2020.0,0,0,0.0,0.0,1,1,1,0,,,retained_legacy_not_independently_reimported,2020.0,0,excluded_until_researcher_coding_rubric_is_documented,47332614.0,2583.0,4733.0,2150.0,45.0,0.545713,0.0,GDP parsed from comma-formatted text to numeric. | GREVIO baseline publication year corrected to 2020 from official CoE page.,,1.19489728995844,,,,,,Southern Europe,0,,2015.0,2015.0,True,0,0,0
Spain,ESP,1994,party,2011,2014.0,2014.0,,0,0,0,-20.0,-20.0,,,,19762.39,36.3,0,0,1,1,0,0,0,0,0,0,0,39183000,2020.0,0,0,0.0,0.0,1,1,1,0,,,retained_legacy_not_independently_reimported,2020.0,0,excluded_until_researcher_coding_rubric_is_documented,47332614.0,2583.0,4733.0,2150.0,45.0,0.545713,0.0,GDP parsed from comma-formatted text to numeric. | GREVIO baseline publication year corrected to 2020 from official CoE page.,,1.07630148338555,,,,,,Southern Europe,0,,2015.0,2015.0,True,0,0,0
Spain,ESP,1995,party,2011,2014.0,2014.0,,0,0,0,-19.0,-19.0,,,,20217.9,36.8,0,0,1,1,0,0,0,0,0,0,0,39221000,2020.0,0,0,0.0,0.0,1,1,1,0,,,retained_legacy_not_independently_reimported,2020.0,0,excluded_until_researcher_coding_rubric_is_documented,47332614.0,2583.0,4733.0,2150.0,45.0,0.545713,0.0,GDP parsed from comma-formatted text to numeric. | GREVIO baseline publication year corrected to 2020 from official CoE page.,,1.02614708919709,,,,,,Southern Europe,0,,2015.0,2015.0,True,0,0,0
Spain,ESP,1996,party,2011,2014.0,2014.0,,0,0,0,-18.0,-18.0,,,,20658.84,37.3,0,0,1,1,0,0,0,1,0,0,0,39270000,2020.0,0,0,0.0,0.0,1,1,1,0,2.75,2.44,retained_legacy_not_independently_reimported,2020.0,0,excluded_until_researcher_coding_rubric_is_documented,47332614.0,2583.0,4733.0,2150.0,45.0,0.545713,0.0,GDP parsed from comma-formatted text to numeric. | GREVIO baseline publication year corrected to 2020 from official CoE page.,,0.986644952856265,,,,,,Southern Europe,0,,2015.0,2015.0,True,0,0,0
Spain,ESP,1997,party,2011,2014.0,2014.0,,0,0,0,-17.0,-17.0,,,,21310.43,38.1,0,0,1,1,0,0,0,0,0,0,0,39348000,2020.0,0,0,1.0,1.0,1,1,1,0,,,retained_legacy_not_independently_reimported,2020.0,0,excluded_until_researcher_coding_rubric_is_documented,47332614.0,2583.0,4733.0,2150.0,45.0,0.545713,0.0,GDP parsed from comma-formatted text to numeric. | GREVIO baseline publication year corrected to 2020 from official CoE page.,,1.14536412263401,,,,,,Southern Europe,0,,2015.0,2015.0,True,0,0,0
Spain,ESP,1998,party,2011,2014.0,2014.0,,0,0,0,-16.0,-16.0,,,,22135.4,38.4,0,0,1,1,0,0,0,1,0,0,0,39507000,2020.0,0,0,1.0,1.0,1,1,1,0,2.72,2.22,retained_legacy_not_independently_reimported,2020.0,0,excluded_until_researcher_coding_rubric_is_documented,47332614.0,2583.0,4733.0,2150.0,45.0,0.545713,0.0,GDP parsed from comma-formatted text to numeric. | GREVIO baseline publication year corrected to 2020 from official CoE page.,,1.28516221990896,,,,,,Southern Europe,0,,2015.0,2015.0,True,0,0,0
Spain,ESP,1999,party,2011,2014.0,2014.0,,0,0,0,-15.0,-15.0,,,,23017.84,39.1,0,0,1,1,0,0,0,0,0,0,0,39850000,2020.0,0,0,1.0,1.0,1,1,1,0,,,retained_legacy_not_independently_reimported,2020.0,0,excluded_until_researcher_coding_rubric_is_documented,47332614.0,2583.0,4733.0,2150.0,45.0,0.545713,0.0,GDP parsed from comma-formatted text to numeric. | GREVIO baseline publication year corrected to 2020 from official CoE page.,,1.19080123686025,,,,,,Southern Europe,0,,2015.0,2015.0,True,0,0,0
Spain,ESP,2000,party,2011,2014.0,2014.0,,0,0,0,-14.0,-14.0,,,,24106.88,40.7,0,0,1,1,0,0,0,1,0,0,0,40264000,2020.0,0,0,1.0,1.0,1,1,1,0,2.87,2.39,retained_legacy_not_independently_reimported,2020.0,0,excluded_until_researcher_coding_rubric_is_documented,47332614.0,2583.0,4733.0,2150.0,45.0,0.545713,0.0,GDP parsed from comma-formatted text to numeric. | GREVIO baseline publication year corrected to 2020 from official CoE page.,,1.34813027799556,,,,,,Southern Europe,0,,2015.0,2015.0,True,0,0,0
Spain,ESP,2001,party,2011,2014.0,2014.0,,0,0,0,-13.0,-13.0,0.631,,,24878.38,39.4,0,0,1,1,1,0,0,0,0,0,0,40847000,2020.0,0,0,1.0,1.0,1,1,1,0,,,retained_legacy_not_independently_reimported,2020.0,0,excluded_until_researcher_coding_rubric_is_documented,47332614.0,2583.0,4733.0,2150.0,45.0,0.545713,0.0,GDP parsed from comma-formatted text to numeric. | GREVIO baseline publication year corrected to 2020 from official CoE page.,2.19507306591291,1.3989371157037,,,,0.22327802051931991,-1.246664749845894,Southern Europe,0,,2015.0,2015.0,True,0,0,0
Spain,ESP,2002,party,2011,2014.0,2014.0,,0,0,0,-12.0,-12.0,0.632,,,25205.32,41.9,0,0,1,1,1,0,0,1,1,0,0,41430000,2020.0,0,0,1.0,1.0,1,1,1,0,3.04,2.09,retained_legacy_not_independently_reimported,2020.0,0,excluded_until_researcher_coding_rubric_is_documented,47332614.0,2583.0,4733.0,2150.0,45.0,0.545713,0.0,GDP parsed from comma-formatted text to numeric. | GREVIO baseline publication year corrected to 2020 from official CoE page.,2.09482245444727,1.35071366537132,,,,0.2317715988326446,-1.1983346873375877,Southern Europe,0,,2015.0,2015.0,True,0,0,0
Spain,ESP,2003,party,2011,2014.0,2014.0,,0,0,0,-11.0,-11.0,0.793,,,25481.17,43.4,0,0,1,1,1,0,0,1,1,0,0,42005000,2020.0,0,0,1.0,1.0,1,1,1,0,3.09,2.12,retained_legacy_not_independently_reimported,2020.0,0,excluded_until_researcher_coding_rubric_is_documented,47332614.0,2583.0,4733.0,2150.0,45.0,0.545713,0.0,GDP parsed from comma-formatted text to numeric. | GREVIO baseline publication year corrected to 2020 from official CoE page.,1.98785949588534,1.38096386713923,,,,0.2851636341833708,-0.918990486969983,Southern Europe,0,,2015.0,2015.0,True,0,0,0
Spain,ESP,2004,party,2011,2014.0,2014.0,,0,0,0,-10.0,-10.0,0.856,,,25825.31,44.8,0,0,1,1,1,0,0,0,0,0,0,42691000,2020.0,0,0,1.0,1.0,1,1,1,0,,,excluded_legacy_flagged_for_manual_review,2020.0,0,excluded_until_researcher_coding_rubric_is_documented,47332614.0,2583.0,4733.0,2150.0,45.0,0.545713,0.0,GDP parsed from comma-formatted text to numeric. | WGI legacy value excluded because source file flagged this country-year for manual review. | GREVIO baseline publication year corrected to 2020 from official CoE page.,1.55957135275194,1.20274134358143,,,,0.35436750772226283,-0.5998959124676208,Southern Europe,0,,2015.0,2015.0,True,0,0,0
Spain,ESP,2005,party,2011,2014.0,2014.0,,0,0,0,-9.0,-9.0,0.581,,4.868,26294.45,46.2,0,0,1,1,1,0,1,1,1,0,1,43398000,2020.0,0,0,1.0,1.0,1,1,1,0,2.55,1.9,retained_legacy_not_independently_reimported,2020.0,0,excluded_until_researcher_coding_rubric_is_documented,47332614.0,2583.0,4733.0,2150.0,45.0,0.545713,0.0,GDP parsed from comma-formatted text to numeric. | GREVIO baseline publication year corrected to 2020 from official CoE page.,1.79092925902689,1.17837383727999,,,,0.2449482832546033,-1.1257391463979622,Southern Europe,0,,2015.0,2015.0,True,0,0,0
Spain,ESP,2006,party,2011,2014.0,2014.0,,0,0,0,-8.0,-8.0,0.706,,4.703,26899.09,47.6,0,0,1,1,1,0,1,0,0,0,0,44109000,2020.0,0,0,1.0,1.0,1,1,1,0,,,excluded_legacy_flagged_for_manual_review,2020.0,0,excluded_until_researcher_coding_rubric_is_documented,47332614.0,2583.0,4733.0,2150.0,45.0,0.545713,0.0,GDP parsed from comma-formatted text to numeric. | WGI legacy value excluded because source file flagged this country-year for manual review. | GREVIO baseline publication year corrected to 2020 from official CoE page.,1.43207007099699,1.06498542161369,,,,0.3302043322045051,-0.7072610410906728,Southern Europe,0,,2015.0,2015.0,True,0,0,0
Spain,ESP,2007,party,2011,2014.0,2014.0,,0,0,0,-7.0,-7.0,0.727,22.735,5.558,27338.8,48.5,0,0,1,1,1,1,1,1,1,1,1,44875000,2020.0,0,0,1.0,1.0,1,1,1,0,1.68,1.96,retained_legacy_not_independently_reimported,2020.0,0,excluded_until_researcher_coding_rubric_is_documented,47332614.0,2583.0,4733.0,2150.0,45.0,0.545713,0.0,GDP parsed from comma-formatted text to numeric. | GREVIO baseline publication year corrected to 2020 from official CoE page.,1.39745820937695,1.0589564792395,,,,0.34220489571937057,-0.6534838232038476,Southern Europe,0,,2015.0,2015.0,True,0,0,0
Spain,ESP,2008,party,2011,2014.0,2014.0,,0,0,0,-6.0,-6.0,0.545,24.998,5.271,27112.53,49.9,0,0,1,1,1,1,1,1,1,1,1,45668000,2020.0,0,0,1.0,1.0,1,1,1,0,1.55,2.01,retained_legacy_not_independently_reimported,2020.0,0,excluded_until_researcher_coding_rubric_is_documented,47332614.0,2583.0,4733.0,2150.0,45.0,0.545713,0.0,GDP parsed from comma-formatted text to numeric. | GREVIO baseline publication year corrected to 2020 from official CoE page.,1.22192728174743,0.880284469874308,,,,0.3084450648478379,-0.8073988357259895,Southern Europe,0,,2015.0,2015.0,True,0,0,0
Spain,ESP,2009,party,2011,2014.0,2014.0,,0,0,0,-5.0,-5.0,0.579,22.91,4.398,25860.81,51.0,0,0,1,1,1,1,1,1,1,1,1,46022000,2020.0,0,0,1.0,1.0,1,1,1,0,1.6,1.97,retained_legacy_not_independently_reimported,2020.0,0,excluded_until_researcher_coding_rubric_is_documented,47332614.0,2583.0,4733.0,2150.0,45.0,0.545713,0.0,GDP parsed from comma-formatted text to numeric. | GREVIO baseline publication year corrected to 2020 from official CoE page.,1.19339069309113,0.883453221366359,,,,0.32667740936407064,-0.7232513788346102,Southern Europe,0,,2015.0,2015.0,True,0,0,0
Spain,ESP,2010,party,2011,2014.0,2014.0,,0,0,0,-4.0,-4.0,0.659,21.259,3.369,25766.25,51.7,0,0,1,1,1,1,1,1,1,1,1,46486000,2020.0,0,0,1.0,1.0,1,1,1,0,1.6,1.97,retained_legacy_not_independently_reimported,2020.0,0,excluded_until_researcher_coding_rubric_is_documented,47332614.0,2583.0,4733.0,2150.0,45.0,0.545713,0.0,GDP parsed from comma-formatted text to numeric. | GREVIO baseline publication year corrected to 2020 from official CoE page.,1.05680007063738,0.856097274768039,0.422702890359937,0.181165726394979,,0.38407738248617557,-0.4722772855464273,Southern Europe,0,,2015.0,2015.0,True,0,0,0
Spain,ESP,2011,party,2011,2014.0,2014.0,,0,0,0,-3.0,-3.0,0.539,21.048,3.219,25510.56,52.3,0,0,1,1,1,1,1,1,1,1,1,46816000,2020.0,0,0,1.0,1.0,1,1,1,0,1.65,1.99,retained_legacy_not_independently_reimported,2020.0,0,excluded_until_researcher_coding_rubric_is_documented,47332614.0,2583.0,4733.0,2150.0,45.0,0.545713,0.0,GDP parsed from comma-formatted text to numeric. | GREVIO baseline publication year corrected to 2020 from official CoE page.,1.1059422297521,0.819183054272952,0.307239846028224,0.137704869074191,,0.3276710818477982,-0.7187373763118691,Southern Europe,0,,2015.0,2015.0,True,0,0,0
Spain,ESP,2012,party,2011,2014.0,2014.0,,0,0,0,-2.0,-2.0,0.525,19.158,2.722,24763.57,52.9,0,0,1,1,1,1,1,1,1,1,1,46818000,2020.0,0,0,1.0,1.0,1,1,1,0,1.8,1.76,retained_legacy_not_independently_reimported,2020.0,0,excluded_until_researcher_coding_rubric_is_documented,47332614.0,2583.0,4733.0,2150.0,45.0,0.545713,0.0,GDP parsed from comma-formatted text to numeric. | GREVIO baseline publication year corrected to 2020 from official CoE page.,1.02934769332226,0.774166283792877,0.302524383202678,0.124899929315254,,0.33776226661221853,-0.6732823105540666,Southern Europe,0,,2015.0,2015.0,True,0,0,0
Spain,ESP,2013,party,2011,2014.0,2014.0,,0,0,0,-1.0,-1.0,0.509,19.042,2.77,24498.56,52.8,0,0,1,1,1,1,1,1,1,1,1,46620000,2020.0,0,0,1.0,1.0,1,1,1,0,1.99,1.74,retained_legacy_not_independently_reimported,2020.0,0,excluded_until_researcher_coding_rubric_is_documented,47332614.0,2583.0,4733.0,2150.0,45.0,0.545713,0.0,GDP parsed from comma-formatted text to numeric. | GREVIO baseline publication year corrected to 2020 from official CoE page.,0.783299517658438,0.644467548060687,0.311539483514267,0.138483892624696,0.227339623105006,0.3938715391013026,-0.4310671320410915,Southern Europe,0,,2015.0,2015.0,True,0,0,0
Spain,ESP,2014,party,2011,2014.0,2014.0,,1,1,1,0.0,0.0,0.54,20.265,2.652,24947.85,52.6,0,0,1,1,1,1,1,1,1,1,1,46480000,2020.0,0,0,1.0,1.0,1,1,1,0,2.0,1.64,retained_legacy_not_independently_reimported,2020.0,0,excluded_until_researcher_coding_rubric_is_documented,47332614.0,2583.0,4733.0,2150.0,45.0,0.545713,0.0,GDP parsed from comma-formatted text to numeric. | GREVIO baseline publication year corrected to 2020 from official CoE page.,0.847342751598713,0.691349965151574,0.291052440563295,0.0825616014378233,0.240434624813157,0.38923330184824745,-0.4505361386445712,Southern Europe,0,,2015.0,2015.0,True,0,0,1
Spain,ESP,2015,party,2011,2014.0,2014.0,,1,1,1,1.0,1.0,0.51,16.057,2.633,25982.44,52.6,0,0,1,1,1,1,1,1,1,1,1,46418000,2020.0,0,0,1.0,1.0,1,1,1,0,1.98,1.51,retained_legacy_not_independently_reimported,2020.0,0,excluded_until_researcher_coding_rubric_is_documented,47332614.0,2583.0,4733.0,2150.0,45.0,0.545713,0.0,GDP parsed from comma-formatted text to numeric. | GREVIO baseline publication year corrected to 2020 from official CoE page.,0.787664803629072,0.646906930185419,0.316397382963342,0.113145220410806,0.253117906370674,0.39301366467960386,-0.4346618975361889,Southern Europe,0,,2015.0,2015.0,True,1,1,1
Spain,ESP,2016,party,2011,2014.0,2014.0,,1,1,1,2.0,2.0,0.476,18.672,2.673,26719.24,52.5,0,0,1,1,1,1,1,1,1,1,1,46524000,2020.0,0,0,1.0,1.0,1,1,1,0,1.87,1.65,retained_legacy_not_independently_reimported,2020.0,0,excluded_until_researcher_coding_rubric_is_documented,47332614.0,2583.0,4733.0,2150.0,45.0,0.545713,0.0,GDP parsed from comma-formatted text to numeric. | GREVIO baseline publication year corrected to 2020 from official CoE page.,0.787389089340798,0.629108853827649,0.28215983584025,0.104405183117012,0.202144360004955,0.3767643745034745,-0.5033046676173144,Southern Europe,0,,2015.0,2015.0,True,1,1,1
Spain,ESP,2017,party,2011,2014.0,2014.0,,1,1,1,3.0,3.0,0.474,20.193,2.959,27426.28,52.3,0,0,1,1,1,1,1,1,1,1,1,46572000,2020.0,0,0,1.0,1.0,1,1,1,0,1.71,1.75,retained_legacy_not_independently_reimported,2020.0,0,excluded_until_researcher_coding_rubric_is_documented,47332614.0,2583.0,4733.0,2150.0,45.0,0.545713,0.0,GDP parsed from comma-formatted text to numeric. | GREVIO baseline publication year corrected to 2020 from official CoE page.,0.842116339066771,0.655022828665732,0.26855327017422,0.130224176144346,0.197218807784193,0.3601505322364609,-0.5747108529156967,Southern Europe,0,,2015.0,2015.0,True,1,1,1
Spain,ESP,2018,party,2011,2014.0,2014.0,,1,1,1,4.0,4.0,0.488,24.658,3.61,27956.72,51.9,0,0,1,1,1,1,1,1,1,1,1,46723000,2020.0,0,0,1.0,1.0,1,1,1,0,1.66,1.67,retained_legacy_not_independently_reimported,2020.0,0,excluded_until_researcher_coding_rubric_is_documented,47332614.0,2583.0,4733.0,2150.0,45.0,0.545713,0.0,GDP parsed from comma-formatted text to numeric. | GREVIO baseline publication year corrected to 2020 from official CoE page.,0.743427774306047,0.613681647994712,0.304715828071315,0.0950895990391455,0.196186903004819,0.39628795953949086,-0.4209562124985968,Southern Europe,0,,2015.0,2015.0,True,1,1,1
Spain,ESP,2019,party,2011,2014.0,2014.0,,1,1,1,5.0,5.0,0.522,27.471,3.949,28301.44,52.0,0,0,1,1,1,1,1,1,1,1,1,47333000,2020.0,0,0,1.0,1.0,1,1,1,0,1.66,1.69,retained_legacy_not_independently_reimported,2020.0,0,excluded_until_researcher_coding_rubric_is_documented,47332614.0,2583.0,4733.0,2150.0,45.0,0.545713,0.0,GDP parsed from comma-formatted text to numeric. | GREVIO baseline publication year corrected to 2020 from official CoE page.,0.87984363848049,0.69779523479218,0.281742375227851,0.124465685443581,0.186447160077255,0.37236677876985985,-0.5220766202571243,Southern Europe,0,,2015.0,2015.0,True,1,1,1
Spain,ESP,2020,party,2011,2014.0,2014.0,,1,1,1,6.0,6.0,0.49,23.306,3.347,25077.02,50.9,0,0,1,1,1,1,1,1,1,1,1,47351000,2020.0,1,1,1.0,1.0,1,1,1,0,1.46,1.47,retained_legacy_not_independently_reimported,2020.0,1,excluded_until_researcher_coding_rubric_is_documented,47332614.0,2583.0,4733.0,2150.0,45.0,0.545713,0.0,GDP parsed from comma-formatted text to numeric. | GREVIO baseline publication year corrected to 2020 from official CoE page.,0.875423312544165,0.69421884953507,0.317365500346392,0.149462516775833,0.193716604107538,0.35886306868966017,-0.5803021640310986,Southern Europe,0,,2015.0,2015.0,True,1,1,1
Spain,ESP,2021,party,2011,2014.0,2014.0,,1,1,1,7.0,7.0,0.399,31.251,4.489,26705.36,52.2,0,0,1,1,1,1,1,1,1,1,1,47487000,2020.0,1,1,1.0,1.0,1,1,1,0,1.56,1.44,retained_legacy_not_independently_reimported,2020.0,1,excluded_until_researcher_coding_rubric_is_documented,47332614.0,2583.0,4733.0,2150.0,45.0,0.545713,0.0,GDP parsed from comma-formatted text to numeric. | GREVIO baseline publication year corrected to 2020 from official CoE page.,0.823275368206709,0.607512242916661,0.246987600296262,0.0895791851416627,0.185240700222196,0.32644035082323763,-0.7243293185978401,Southern Europe,0,,2015.0,2015.0,True,1,1,1
Spain,ESP,2022,party,2011,2014.0,2014.0,,1,1,1,8.0,8.0,0.497,35.103,5.99,28203.11,52.3,0,0,1,1,1,1,1,1,1,1,1,47615000,2020.0,1,1,1.0,1.0,1,1,1,0,1.29,1.12,retained_legacy_not_independently_reimported,2020.0,1,excluded_until_researcher_coding_rubric_is_documented,47332614.0,2583.0,4733.0,2150.0,45.0,0.545713,0.0,GDP parsed from comma-formatted text to numeric. | GREVIO baseline publication year corrected to 2020 from official CoE page.,0.868615886132973,0.679512839473507,0.32864004538519,0.0766425781882035,0.221832030635003,0.3639383556143005,-0.5583109831909466,Southern Europe,0,,2015.0,2015.0,True,1,1,1
Spain,ESP,2023,party,2011,2014.0,2014.0,,1,1,1,9.0,9.0,0.455,39.905,10.206,28558.63,52.8,0,0,1,1,1,1,1,0,0,0,0,48059000,2020.0,1,1,1.0,1.0,1,1,1,0,,,excluded_legacy_flagged_for_manual_review,2020.0,1,excluded_until_researcher_coding_rubric_is_documented,47332614.0,2583.0,4733.0,2150.0,45.0,0.545713,0.0,GDP parsed from comma-formatted text to numeric. | WGI legacy value excluded because source file flagged this country-year for manual review. | GREVIO baseline publication year corrected to 2020 from official CoE page. | UNODC outcome values preserved from source dataset; not silently imputed or replaced.,0.935198263200796,0.690855954769765,0.282935820806657,0.12327613469465,0.229629071959026,0.32729144615128986,-0.7204611340631777,Southern Europe,0,,2015.0,2015.0,True,1,1,1
Estonia,EST,1990,party,2014,2017.0,2018.0,,0,0,0,-27.0,-28.0,,,,9341.23,59.7,0,0,1,1,0,0,0,0,0,0,0,1570000,2022.0,0,0,0.0,0.0,1,1,1,0,,,retained_legacy_not_independently_reimported,2022.0,0,excluded_until_researcher_coding_rubric_is_documented,1328976.0,75.0,133.0,58.0,44.0,0.564344,0.0,GDP parsed from comma-formatted text to numeric. | GREVIO baseline publication year corrected to 2022 from official CoE page.,,7.514470928709,,,,,,Northern Europe,1,,2018.0,2019.0,True,0,0,0
Estonia,EST,1991,party,2014,2017.0,2018.0,,0,0,0,-26.0,-27.0,,,,8637.21,58.2,0,0,1,1,0,0,0,0,0,0,0,1533000,2022.0,0,0,0.0,0.0,1,1,1,0,,,retained_legacy_not_independently_reimported,2022.0,0,excluded_until_researcher_coding_rubric_is_documented,1328976.0,75.0,133.0,58.0,44.0,0.564344,0.0,GDP parsed from comma-formatted text to numeric. | GREVIO baseline publication year corrected to 2022 from official CoE page.,,7.60197101860343,,,,,,Northern Europe,1,,2018.0,2019.0,True,0,0,0
Estonia,EST,1992,party,2014,2017.0,2018.0,,0,0,0,-25.0,-26.0,,,,6934.17,55.8,0,0,1,1,0,0,0,0,0,0,0,1466000,2022.0,0,0,0.0,0.0,1,1,1,0,,,retained_legacy_not_independently_reimported,2022.0,0,excluded_until_researcher_coding_rubric_is_documented,1328976.0,75.0,133.0,58.0,44.0,0.564344,0.0,GDP parsed from comma-formatted text to numeric. | GREVIO baseline publication year corrected to 2022 from official CoE page.,,14.0889695704228,,,,,,Northern Europe,1,,2018.0,2019.0,True,0,0,0
Estonia,EST,1993,party,2014,2017.0,2018.0,,0,0,0,-24.0,-25.0,,,,6706.56,54.7,0,0,1,1,0,0,0,0,0,0,0,1423000,2022.0,0,0,0.0,0.0,1,1,1,0,,,retained_legacy_not_independently_reimported,2022.0,0,excluded_until_researcher_coding_rubric_is_documented,1328976.0,75.0,133.0,58.0,44.0,0.564344,0.0,GDP parsed from comma-formatted text to numeric. | GREVIO baseline publication year corrected to 2022 from official CoE page.,,18.7457373389828,,,,,,Northern Europe,1,,2018.0,2019.0,True,0,0,0
Estonia,EST,1994,party,2014,2017.0,2018.0,,0,0,0,-23.0,-24.0,7.846,,,6739.0,54.7,0,0,1,1,0,0,0,0,0,0,0,1390000,2022.0,0,0,0.0,0.0,1,1,1,0,,,retained_legacy_not_independently_reimported,2022.0,0,excluded_until_researcher_coding_rubric_is_documented,1328976.0,75.0,133.0,58.0,44.0,0.564344,0.0,GDP parsed from comma-formatted text to numeric. | GREVIO baseline publication year corrected to 2022 from official CoE page.,34.9226310502085,20.4646699834792,,,,0.18345221269273596,-1.4931312254261693,Northern Europe,1,,2018.0,2019.0,True,0,0,0
Estonia,EST,1995,party,2014,2017.0,2018.0,,0,0,0,-22.0,-23.0,4.154,,,7170.95,53.7,0,0,1,1,0,0,0,0,0,0,0,1366000,2022.0,0,0,0.0,0.0,1,1,1,0,,,retained_legacy_not_independently_reimported,2022.0,0,excluded_until_researcher_coding_rubric_is_documented,1328976.0,75.0,133.0,58.0,44.0,0.564344,0.0,GDP parsed from comma-formatted text to numeric. | GREVIO baseline publication year corrected to 2022 from official CoE page.,31.598320669367,16.9330874593967,,,,0.11618826197089901,-2.0290322503523246,Northern Europe,1,,2018.0,2019.0,True,0,0,0
Estonia,EST,1996,party,2014,2017.0,2018.0,,0,0,0,-21.0,-22.0,6.189,,,7637.26,53.5,0,0,1,1,0,0,0,1,0,0,0,1340000,2022.0,0,0,0.0,0.0,1,1,1,0,1.04,0.98,retained_legacy_not_independently_reimported,2022.0,0,excluded_until_researcher_coding_rubric_is_documented,1328976.0,75.0,133.0,58.0,44.0,0.564344,0.0,GDP parsed from comma-formatted text to numeric. | GREVIO baseline publication year corrected to 2022 from official CoE page.,24.9438620598703,14.9165197668283,,,,0.19879315907731818,-1.393854259550535,Northern Europe,1,,2018.0,2019.0,True,0,0,0
Estonia,EST,1997,party,2014,2017.0,2018.0,,0,0,0,-20.0,-21.0,5.139,,,8732.99,54.3,0,0,1,1,0,0,0,0,0,0,0,1318000,2022.0,0,0,0.0,0.0,1,1,1,0,,,retained_legacy_not_independently_reimported,2022.0,0,excluded_until_researcher_coding_rubric_is_documented,1328976.0,75.0,133.0,58.0,44.0,0.564344,0.0,GDP parsed from comma-formatted text to numeric. | GREVIO baseline publication year corrected to 2022 from official CoE page.,21.0058753012207,12.5220190559805,,,,0.1965585966960057,-1.4079436668318588,Northern Europe,1,,2018.0,2019.0,True,0,0,0
Estonia,EST,1998,party,2014,2017.0,2018.0,,0,0,0,-19.0,-20.0,5.393,,,9199.94,52.7,0,0,1,1,0,0,0,1,0,0,0,1299000,2022.0,0,0,0.0,0.0,1,1,1,0,0.84,1.01,retained_legacy_not_independently_reimported,2022.0,0,excluded_until_researcher_coding_rubric_is_documented,1328976.0,75.0,133.0,58.0,44.0,0.564344,0.0,GDP parsed from comma-formatted text to numeric. | GREVIO baseline publication year corrected to 2022 from official CoE page.,23.642129838832,13.8888642841832,,,,0.18574051605539316,-1.4779284668297687,Northern Europe,1,,2018.0,2019.0,True,0,0,0
Estonia,EST,1999,party,2014,2017.0,2018.0,,0,0,0,-18.0,-19.0,5.443,,,9133.9,51.9,0,0,1,1,0,0,0,0,0,0,0,1378000,2022.0,0,0,0.0,0.0,1,1,1,0,,,retained_legacy_not_independently_reimported,2022.0,0,excluded_until_researcher_coding_rubric_is_documented,1328976.0,75.0,133.0,58.0,44.0,0.564344,0.0,GDP parsed from comma-formatted text to numeric. | GREVIO baseline publication year corrected to 2022 from official CoE page.,17.7685700739865,11.1857022501429,,,,0.23449512388220728,-1.1831007909334827,Northern Europe,1,,2018.0,2019.0,True,0,0,0
Estonia,EST,2000,party,2014,2017.0,2018.0,,0,0,0,-17.0,-18.0,3.431,,,10006.77,52.6,0,0,1,1,1,0,0,1,1,0,0,1370000,2022.0,0,0,0.0,0.0,1,1,1,0,1.17,1.01,retained_legacy_not_independently_reimported,2022.0,0,excluded_until_researcher_coding_rubric_is_documented,1328976.0,75.0,133.0,58.0,44.0,0.564344,0.0,GDP parsed from comma-formatted text to numeric. | GREVIO baseline publication year corrected to 2022 from official CoE page.,18.0315610516017,10.2362424543503,,,,0.15985976658381842,-1.6592718503786839,Northern Europe,1,,2018.0,2019.0,True,0,0,0
Estonia,EST,2001,party,2014,2017.0,2018.0,,0,0,0,-16.0,-17.0,4.017,,,10662.95,52.0,0,0,1,1,1,0,0,0,0,0,0,1358000,2022.0,0,0,0.0,0.0,1,1,1,0,,,retained_legacy_not_independently_reimported,2022.0,0,excluded_until_researcher_coding_rubric_is_documented,1328976.0,75.0,133.0,58.0,44.0,0.564344,0.0,GDP parsed from comma-formatted text to numeric. | GREVIO baseline publication year corrected to 2022 from official CoE page.,16.5786160190172,9.86909758628527,,,,0.19504150768255035,-1.4175783179278034,Northern Europe,1,,2018.0,2019.0,True,0,0,0
Estonia,EST,2002,party,2014,2017.0,2018.0,,0,0,0,-15.0,-16.0,4.361,,,11474.66,51.0,0,0,1,1,1,0,0,1,1,0,0,1351000,2022.0,0,0,0.0,0.0,1,1,1,0,1.14,1.35,retained_legacy_not_independently_reimported,2022.0,0,excluded_until_researcher_coding_rubric_is_documented,1328976.0,75.0,133.0,58.0,44.0,0.564344,0.0,GDP parsed from comma-formatted text to numeric. | GREVIO baseline publication year corrected to 2022 from official CoE page.,17.106341563515,10.2940696734533,,,,0.20314578715288034,-1.3667478575670455,Northern Europe,1,,2018.0,2019.0,True,0,0,0
Estonia,EST,2003,party,2014,2017.0,2018.0,,0,0,0,-14.0,-15.0,5.419,15.684,7.805,12424.04,52.3,0,0,1,1,1,0,0,1,1,0,0,1345000,2022.0,0,0,0.0,0.0,1,1,1,0,1.5,1.31,retained_legacy_not_independently_reimported,2022.0,0,excluded_until_researcher_coding_rubric_is_documented,1328976.0,75.0,133.0,58.0,44.0,0.564344,0.0,GDP parsed from comma-formatted text to numeric. | GREVIO baseline publication year corrected to 2022 from official CoE page.,16.8201393134713,,,,,0.24366950193605083,-1.1326656405348061,Northern Europe,1,,2018.0,2019.0,True,0,0,0
Estonia,EST,2004,party,2014,2017.0,2018.0,,0,0,0,-13.0,-14.0,2.176,38.601,8.88,13348.53,53.2,0,0,1,1,1,0,0,1,1,0,0,1341000,2022.0,0,0,0.0,0.0,1,1,1,0,1.54,1.5,retained_legacy_not_independently_reimported,2022.0,0,excluded_until_researcher_coding_rubric_is_documented,1328976.0,75.0,133.0,58.0,44.0,0.564344,0.0,GDP parsed from comma-formatted text to numeric. | GREVIO baseline publication year corrected to 2022 from official CoE page.,11.8585693160272,,,,,0.15504572680510054,-1.6955624262730011,Northern Europe,1,,2018.0,2019.0,True,0,0,0
Estonia,EST,2005,party,2014,2017.0,2018.0,,0,0,0,-12.0,-13.0,3.928,29.671,13.212,14703.62,53.5,0,0,1,1,1,1,1,1,1,1,1,1342000,2022.0,0,0,0.0,0.0,1,1,1,0,1.6,1.54,retained_legacy_not_independently_reimported,2022.0,0,excluded_until_researcher_coding_rubric_is_documented,1328976.0,75.0,133.0,58.0,44.0,0.564344,0.0,GDP parsed from comma-formatted text to numeric. | GREVIO baseline publication year corrected to 2022 from official CoE page.,13.4197588522518,,,,,0.2264269427223524,-1.228597771609077,Northern Europe,1,,2018.0,2019.0,True,0,0,0
Estonia,EST,2006,party,2014,2017.0,2018.0,,0,0,0,-11.0,-12.0,3.443,26.283,11.36,16234.52,54.7,0,0,1,1,1,1,1,1,1,1,1,1341000,2022.0,0,0,0.0,0.0,1,1,1,0,1.95,1.92,retained_legacy_not_independently_reimported,2022.0,0,excluded_until_researcher_coding_rubric_is_documented,1328976.0,75.0,133.0,58.0,44.0,0.564344,0.0,GDP parsed from comma-formatted text to numeric. | GREVIO baseline publication year corrected to 2022 from official CoE page.,10.5707232204231,,,,,0.2456877409268577,-1.1217450351740221,Northern Europe,1,,2018.0,2019.0,True,0,0,0
Estonia,EST,2007,party,2014,2017.0,2018.0,,0,0,0,-10.0,-11.0,2.676,18.199,9.1,17543.47,54.0,0,0,1,1,1,1,1,1,1,1,1,1343000,2022.0,0,0,0.0,0.0,1,1,1,0,1.71,1.91,retained_legacy_not_independently_reimported,2022.0,0,excluded_until_researcher_coding_rubric_is_documented,1328976.0,75.0,133.0,58.0,44.0,0.564344,0.0,GDP parsed from comma-formatted text to numeric. | GREVIO baseline publication year corrected to 2022 from official CoE page.,12.3246683532847,7.16041454324946,,,,0.17839205140576525,-1.5272796688451304,Northern Europe,1,,2018.0,2019.0,True,0,0,0
Estonia,EST,2008,party,2014,2017.0,2018.0,,0,0,0,-9.0,-10.0,2.642,27.523,11.966,16689.0,54.8,0,0,1,1,1,1,1,1,1,1,1,1339000,2022.0,0,0,0.0,0.0,1,1,1,0,1.97,1.96,retained_legacy_not_independently_reimported,2022.0,0,excluded_until_researcher_coding_rubric_is_documented,1328976.0,75.0,133.0,58.0,44.0,0.564344,0.0,GDP parsed from comma-formatted text to numeric. | GREVIO baseline publication year corrected to 2022 from official CoE page.,10.7934178534904,6.43195514982716,,,,0.1966444236279285,-1.407400284224866,Northern Europe,1,,2018.0,2019.0,True,0,0,0
Estonia,EST,2009,party,2014,2017.0,2018.0,,0,0,0,-8.0,-9.0,3.028,23.154,9.292,14274.85,54.7,0,0,1,1,1,1,1,1,1,1,1,1326000,2022.0,0,0,0.0,0.0,1,1,1,0,1.7,1.91,retained_legacy_not_independently_reimported,2022.0,0,excluded_until_researcher_coding_rubric_is_documented,1328976.0,75.0,133.0,58.0,44.0,0.564344,0.0,GDP parsed from comma-formatted text to numeric. | GREVIO baseline publication year corrected to 2022 from official CoE page.,7.7923139219538,5.24529824578493,,,,0.27984400654553665,-0.9452355176785798,Northern Europe,1,,2018.0,2019.0,True,0,0,0
Estonia,EST,2010,party,2014,2017.0,2018.0,,0,0,0,-7.0,-8.0,2.307,20.654,6.084,14657.94,55.1,0,0,1,1,1,1,1,1,1,1,1,1329000,2022.0,0,0,0.0,0.0,1,1,1,0,1.83,1.96,retained_legacy_not_independently_reimported,2022.0,0,excluded_until_researcher_coding_rubric_is_documented,1328976.0,75.0,133.0,58.0,44.0,0.564344,0.0,GDP parsed from comma-formatted text to numeric. | GREVIO baseline publication year corrected to 2022 from official CoE page.,8.64075963714251,5.25743203736382,,,,0.2107280463276734,-1.3205425207250943,Northern Europe,1,,2018.0,2019.0,True,0,0,0
Estonia,EST,2011,party,2014,2017.0,2018.0,,0,0,0,-6.0,-7.0,1.976,23.43,6.856,15820.92,55.6,0,0,1,1,1,1,1,1,1,1,1,1294000,2022.0,0,0,0.0,0.0,1,1,1,0,1.82,2.0,retained_legacy_not_independently_reimported,2022.0,0,excluded_until_researcher_coding_rubric_is_documented,1328976.0,75.0,133.0,58.0,44.0,0.564344,0.0,GDP parsed from comma-formatted text to numeric. | GREVIO baseline publication year corrected to 2022 from official CoE page.,8.24049313696184,4.89694750660617,,,,0.19341274677228615,-1.4279855895236309,Northern Europe,1,,2018.0,2019.0,True,0,0,0
Estonia,EST,2012,party,2014,2017.0,2018.0,,0,0,0,-5.0,-6.0,2.41,30.243,10.812,16460.68,55.4,0,0,1,1,1,1,1,1,1,1,1,1315000,2022.0,0,0,0.0,0.0,1,1,1,0,1.61,1.96,retained_legacy_not_independently_reimported,2022.0,0,excluded_until_researcher_coding_rubric_is_documented,1328976.0,75.0,133.0,58.0,44.0,0.564344,0.0,GDP parsed from comma-formatted text to numeric. | GREVIO baseline publication year corrected to 2022 from official CoE page.,7.4537442506921,4.76328730334428,,,,0.24432912479770547,-1.12908974262139,Northern Europe,1,,2018.0,2019.0,True,0,0,0
Estonia,EST,2013,party,2014,2017.0,2018.0,,0,0,0,-4.0,-5.0,2.563,28.909,10.243,16809.53,55.3,0,0,1,1,1,1,1,1,1,1,1,1315000,2022.0,0,0,0.0,0.0,1,1,1,0,1.64,2.03,retained_legacy_not_independently_reimported,2022.0,0,excluded_until_researcher_coding_rubric_is_documented,1328976.0,75.0,133.0,58.0,44.0,0.564344,0.0,GDP parsed from comma-formatted text to numeric. | GREVIO baseline publication year corrected to 2022 from official CoE page.,5.52377130612009,3.94561276314676,,,,0.3169373663454925,-0.7678823872574342,Northern Europe,1,,2018.0,2019.0,True,0,0,0
Estonia,EST,2014,party,2014,2017.0,2018.0,,0,0,0,-3.0,-4.0,1.286,25.79,11.183,17413.69,54.5,0,0,1,1,1,1,1,1,1,1,1,1316000,2022.0,0,0,0.0,0.0,1,1,1,0,1.72,2.33,retained_legacy_not_independently_reimported,2022.0,0,excluded_until_researcher_coding_rubric_is_documented,1328976.0,75.0,133.0,58.0,44.0,0.564344,0.0,GDP parsed from comma-formatted text to numeric. | GREVIO baseline publication year corrected to 2022 from official CoE page.,5.20648174436663,3.11917057450557,,,,0.19807525852742386,-1.3983677128504086,Northern Europe,1,,2018.0,2019.0,True,0,0,0
Estonia,EST,2015,party,2014,2017.0,2018.0,,0,0,0,-2.0,-3.0,1.533,42.827,12.247,17722.16,55.7,0,0,1,1,1,1,1,1,1,1,1,1314000,2022.0,0,0,0.0,0.0,1,1,1,0,1.77,2.22,retained_legacy_not_independently_reimported,2022.0,0,excluded_until_researcher_coding_rubric_is_documented,1328976.0,75.0,133.0,58.0,44.0,0.564344,0.0,GDP parsed from comma-formatted text to numeric. | GREVIO baseline publication year corrected to 2022 from official CoE page.,5.5700719107888,3.42315697228612,,,,0.215822114608123,-1.2901813643411866,Northern Europe,1,,2018.0,2019.0,True,0,0,0
Estonia,EST,2016,party,2014,2017.0,2018.0,,0,0,0,-1.0,-2.0,1.288,,,18264.99,56.3,0,0,1,1,1,0,0,1,1,0,0,1316000,2022.0,0,0,0.0,0.0,1,1,1,0,1.8,2.04,retained_legacy_not_independently_reimported,2022.0,0,excluded_until_researcher_coding_rubric_is_documented,1328976.0,75.0,133.0,58.0,44.0,0.564344,0.0,GDP parsed from comma-formatted text to numeric. | GREVIO baseline publication year corrected to 2022 from official CoE page.,3.88879977056081,2.50788654321279,,,,0.24880235996851569,-1.1050099400669477,Northern Europe,1,,2018.0,2019.0,True,0,0,0
Estonia,EST,2017,party,2014,2017.0,2018.0,,1,0,0,0.0,-1.0,1.146,19.66,11.386,19270.81,57.0,0,0,1,1,1,1,1,1,1,1,1,1316000,2022.0,0,0,0.0,0.0,1,1,1,0,1.83,2.13,retained_legacy_not_independently_reimported,2022.0,0,excluded_until_researcher_coding_rubric_is_documented,1328976.0,75.0,133.0,58.0,44.0,0.564344,0.0,GDP parsed from comma-formatted text to numeric. | GREVIO baseline publication year corrected to 2022 from official CoE page.,3.39059400785165,2.2012646645026,,,,0.2526124220101194,-1.084727511305016,Northern Europe,1,,2018.0,2019.0,True,0,0,1
Estonia,EST,2018,party,2014,2017.0,2018.0,,1,1,1,1.0,0.0,0.716,22.391,16.037,19914.35,57.3,0,0,1,1,1,1,1,1,1,1,1,1320000,2022.0,0,0,0.0,0.0,1,1,1,0,1.97,2.05,retained_legacy_not_independently_reimported,2022.0,0,excluded_until_researcher_coding_rubric_is_documented,1328976.0,75.0,133.0,58.0,44.0,0.564344,0.0,GDP parsed from comma-formatted text to numeric. | GREVIO baseline publication year corrected to 2022 from official CoE page.,3.68937100234596,2.11805990251629,,,,0.1625288765960265,-1.639531095475113,Northern Europe,1,,2018.0,2019.0,True,1,0,1
Estonia,EST,2019,party,2014,2017.0,2018.0,,1,1,1,2.0,1.0,0.858,26.756,15.3,20579.88,57.3,0,0,1,1,1,1,1,1,1,1,1,1326000,2022.0,0,0,0.0,0.0,1,1,1,0,1.95,2.12,retained_legacy_not_independently_reimported,2022.0,0,excluded_until_researcher_coding_rubric_is_documented,1328976.0,75.0,133.0,58.0,44.0,0.564344,0.0,GDP parsed from comma-formatted text to numeric. | GREVIO baseline publication year corrected to 2022 from official CoE page.,3.18732210758487,1.95957029638124,,,0.571971535836519,0.21209683115005185,-1.3123322790361787,Northern Europe,1,,2018.0,2019.0,True,1,1,1
Estonia,EST,2020,party,2014,2017.0,2018.0,,1,1,1,3.0,2.0,1.429,23.314,11.431,19946.95,57.1,0,0,1,1,1,1,1,1,1,1,1,1329000,2022.0,0,0,0.0,0.0,1,1,1,0,2.22,2.28,retained_legacy_not_independently_reimported,2022.0,0,excluded_until_researcher_coding_rubric_is_documented,1328976.0,75.0,133.0,58.0,44.0,0.564344,0.0,GDP parsed from comma-formatted text to numeric. | GREVIO baseline publication year corrected to 2022 from official CoE page.,5.07935701689362,3.1586796568621,,,0.571699311888416,0.2195638617074588,-1.2682097831541808,Northern Europe,1,,2018.0,2019.0,True,1,1,1
Estonia,EST,2021,party,2014,2017.0,2018.0,,1,1,1,4.0,3.0,0.571,29.51,13.967,21570.67,57.8,0,0,1,1,1,1,1,1,1,1,1,1330000,2022.0,0,0,0.0,0.0,1,1,1,0,2.3,2.37,retained_legacy_not_independently_reimported,2022.0,0,excluded_until_researcher_coding_rubric_is_documented,1328976.0,75.0,133.0,58.0,44.0,0.564344,0.0,GDP parsed from comma-formatted text to numeric. | GREVIO baseline publication year corrected to 2022 from official CoE page.,3.48344886772078,1.95231911106406,,,,0.14083295131577012,-1.80838892628553,Northern Europe,1,,2018.0,2019.0,True,1,1,1
Estonia,EST,2022,party,2014,2017.0,2018.0,,1,1,1,5.0,4.0,0.564,26.887,11.258,21023.3,60.1,0,0,1,1,1,1,1,1,1,1,1,1331000,2022.0,1,1,0.0,0.0,1,1,1,0,1.88,2.0,retained_legacy_not_independently_reimported,2022.0,1,excluded_until_researcher_coding_rubric_is_documented,1328976.0,75.0,133.0,58.0,44.0,0.564344,0.0,GDP parsed from comma-formatted text to numeric. | GREVIO baseline publication year corrected to 2022 from official CoE page.,2.49715363503631,1.48138107676406,,,,0.1842442644971362,-1.4878525647368956,Northern Europe,1,,2018.0,2019.0,True,1,1,1
Estonia,EST,2023,party,2014,2017.0,2018.0,,1,1,1,6.0,5.0,0.836,31.159,13.97,20126.37,61.0,0,0,1,1,1,1,1,0,0,0,0,1374000,2022.0,1,1,0.0,0.0,1,1,1,0,,,excluded_legacy_flagged_for_manual_review,2022.0,1,excluded_until_researcher_coding_rubric_is_documented,1328976.0,75.0,133.0,58.0,44.0,0.564344,0.0,GDP parsed from comma-formatted text to numeric. | WGI legacy value excluded because source file flagged this country-year for manual review. | GREVIO baseline publication year corrected to 2022 from official CoE page. | UNODC outcome values preserved from source dataset; not silently imputed or replaced.,2.30988136449312,1.53599045052794,,,,0.2657442869383921,-1.0163228317500175,Northern Europe,1,,2018.0,2019.0,True,1,1,1
Finland,FIN,1990,party,2011,2015.0,2015.0,,0,0,0,-25.0,-25.0,1.48,,,31291.52,58.6,0,0,1,1,0,0,0,0,0,0,0,4986000,2019.0,0,0,0.0,0.0,1,1,1,0,,,retained_legacy_not_independently_reimported,2019.0,0,excluded_until_researcher_coding_rubric_is_documented,5525292.0,211.0,553.0,342.0,62.0,0.38188,0.0,GDP parsed from comma-formatted text to numeric.,4.71161798201402,3.048184375047,,,,0.23903283508434142,-1.1579892818600679,Northern Europe,0,,2016.0,2016.0,True,0,0,0
Finland,FIN,1991,party,2011,2015.0,2015.0,,0,0,0,-24.0,-24.0,1.473,,,29290.98,57.4,0,0,1,1,0,0,0,0,0,0,0,5014000,2019.0,0,0,0.0,0.0,1,1,1,0,,,retained_legacy_not_independently_reimported,2019.0,0,excluded_until_researcher_coding_rubric_is_documented,5525292.0,211.0,553.0,342.0,62.0,0.38188,0.0,GDP parsed from comma-formatted text to numeric.,4.76443366696691,3.07147358931606,,,,0.2361548160104569,-1.173877539879427,Northern Europe,0,,2016.0,2016.0,True,0,0,0
Finland,FIN,1992,party,2011,2015.0,2015.0,,0,0,0,-23.0,-23.0,2.122,,,28162.35,56.2,0,0,1,1,0,0,0,0,0,0,0,5042000,2019.0,0,0,0.0,0.0,1,1,1,0,,,retained_legacy_not_independently_reimported,2019.0,0,excluded_until_researcher_coding_rubric_is_documented,5525292.0,211.0,553.0,342.0,62.0,0.38188,0.0,GDP parsed from comma-formatted text to numeric.,4.1218092779964,3.09391949621471,,,,0.33985663327002463,-0.663933171918392,Northern Europe,0,,2016.0,2016.0,True,0,0,0
Finland,FIN,1993,party,2011,2015.0,2015.0,,0,0,0,-22.0,-22.0,1.535,,,27807.86,55.4,0,0,1,1,0,0,0,0,0,0,0,5066000,2019.0,0,0,0.0,0.0,1,1,1,0,,,retained_legacy_not_independently_reimported,2019.0,0,excluded_until_researcher_coding_rubric_is_documented,5525292.0,211.0,553.0,342.0,62.0,0.38188,0.0,GDP parsed from comma-formatted text to numeric.,3.65531965956245,2.56582829871768,,,,0.29574286376985925,-0.8676531664949608,Northern Europe,0,,2016.0,2016.0,True,0,0,0
Finland,FIN,1994,party,2011,2015.0,2015.0,,0,0,0,-21.0,-21.0,1.807,,,28785.92,54.7,0,0,1,1,0,0,0,0,0,0,0,5089000,2019.0,0,0,0.0,0.0,1,1,1,0,,,retained_legacy_not_independently_reimported,2019.0,0,excluded_until_researcher_coding_rubric_is_documented,5525292.0,211.0,553.0,342.0,62.0,0.38188,0.0,GDP parsed from comma-formatted text to numeric.,4.02994732576866,2.88889061392561,,,,0.3095796311237121,-0.8020852937342116,Northern Europe,0,,2016.0,2016.0,True,0,0,0
Finland,FIN,1995,party,2011,2015.0,2015.0,,0,0,0,-20.0,-20.0,1.857,,,29890.52,54.6,0,0,1,1,0,0,0,0,0,0,0,5108000,2019.0,0,0,0.0,0.0,1,1,1,0,,,retained_legacy_not_independently_reimported,2019.0,0,excluded_until_researcher_coding_rubric_is_documented,5525292.0,211.0,553.0,342.0,62.0,0.38188,0.0,GDP parsed from comma-formatted text to numeric.,3.91404174539989,2.85830491750805,,,,0.32177899275814786,-0.7456082522081371,Northern Europe,0,,2016.0,2016.0,True,0,0,0
Finland,FIN,1996,party,2011,2015.0,2015.0,,0,0,0,-19.0,-19.0,1.746,,,30883.83,54.6,0,0,1,1,0,0,0,1,0,0,0,5125000,2019.0,0,0,0.0,0.0,1,1,1,0,2.93,3.24,retained_legacy_not_independently_reimported,2019.0,0,excluded_until_researcher_coding_rubric_is_documented,5525292.0,211.0,553.0,342.0,62.0,0.38188,0.0,GDP parsed from comma-formatted text to numeric.,4.29043565348022,2.98553100449557,,,,0.28924353711836037,-0.8990608212943588,Northern Europe,0,,2016.0,2016.0,True,0,0,0
Finland,FIN,1997,party,2011,2015.0,2015.0,,0,0,0,-18.0,-18.0,1.375,,,32762.12,54.9,0,0,1,1,0,0,0,0,0,0,0,5140000,2019.0,0,0,0.0,0.0,1,1,1,0,,,retained_legacy_not_independently_reimported,2019.0,0,excluded_until_researcher_coding_rubric_is_documented,5525292.0,211.0,553.0,342.0,62.0,0.38188,0.0,GDP parsed from comma-formatted text to numeric.,4.10317532326126,2.70431961555859,,,,0.25099598294372166,-1.0933074119334085,Northern Europe,0,,2016.0,2016.0,True,0,0,0
Finland,FIN,1998,party,2011,2015.0,2015.0,,0,0,0,-17.0,-17.0,1.198,,,34457.46,55.1,0,0,1,1,0,0,0,1,0,0,0,5153000,2019.0,0,0,0.0,0.0,1,1,1,0,3.31,3.32,retained_legacy_not_independently_reimported,2019.0,0,excluded_until_researcher_coding_rubric_is_documented,5525292.0,211.0,553.0,342.0,62.0,0.38188,0.0,GDP parsed from comma-formatted text to numeric.,3.23800662008384,2.19266416069085,,,,0.270062716898596,-0.9943044000578847,Northern Europe,0,,2016.0,2016.0,True,0,0,0
Finland,FIN,1999,party,2011,2015.0,2015.0,,0,0,0,-16.0,-16.0,1.193,,,35886.49,56.3,0,0,1,1,0,0,0,0,0,0,0,5165000,2019.0,0,0,0.0,0.0,1,1,1,0,,,retained_legacy_not_independently_reimported,2019.0,0,excluded_until_researcher_coding_rubric_is_documented,5525292.0,211.0,553.0,342.0,62.0,0.38188,0.0,GDP parsed from comma-formatted text to numeric.,4.42294566402083,2.76835847570698,,,,0.21243083024166085,-1.310334770825141,Northern Europe,0,,2016.0,2016.0,True,0,0,0
Finland,FIN,2000,party,2011,2015.0,2015.0,,0,0,0,-15.0,-15.0,1.728,,,37872.6,56.6,0,0,1,1,1,0,0,1,1,0,0,5176000,2019.0,0,0,1.0,0.0,1,1,1,0,3.45,3.32,retained_legacy_not_independently_reimported,2019.0,0,excluded_until_researcher_coding_rubric_is_documented,5525292.0,211.0,553.0,342.0,62.0,0.38188,0.0,GDP parsed from comma-formatted text to numeric.,4.04615734297017,2.85923954080999,,,,0.2992644462838856,-0.8508029561320612,Northern Europe,0,,2016.0,2016.0,True,0,0,0
Finland,FIN,2001,party,2011,2015.0,2015.0,,0,0,0,-14.0,-14.0,1.794,,,38784.13,57.3,0,0,1,1,1,0,0,0,0,0,0,5188000,2019.0,0,0,1.0,0.0,1,1,1,0,,,retained_legacy_not_independently_reimported,2019.0,0,excluded_until_researcher_coding_rubric_is_documented,5525292.0,211.0,553.0,342.0,62.0,0.38188,0.0,GDP parsed from comma-formatted text to numeric.,4.27818908643856,3.00695589855842,,,,0.2954453450744254,-0.8690820457753389,Northern Europe,0,,2016.0,2016.0,True,0,0,0
Finland,FIN,2002,party,2011,2015.0,2015.0,,0,0,0,-13.0,-13.0,1.642,,,39343.07,57.8,0,0,1,1,1,0,0,1,1,0,0,5201000,2019.0,0,0,1.0,0.0,1,1,1,0,3.56,3.24,retained_legacy_not_independently_reimported,2019.0,0,excluded_until_researcher_coding_rubric_is_documented,5525292.0,211.0,553.0,342.0,62.0,0.38188,0.0,GDP parsed from comma-formatted text to numeric.,3.47574974315458,2.5381950279836,,,,0.32084413705385123,-0.7498951981408744,Northern Europe,0,,2016.0,2016.0,True,0,0,0
Finland,FIN,2003,party,2011,2015.0,2015.0,,0,0,0,-12.0,-12.0,1.133,30.328,10.992,40038.98,57.6,0,0,1,1,1,0,0,1,1,0,0,5213000,2019.0,0,0,1.0,0.0,1,1,1,0,3.73,3.33,retained_legacy_not_independently_reimported,2019.0,0,excluded_until_researcher_coding_rubric_is_documented,5525292.0,211.0,553.0,342.0,62.0,0.38188,0.0,GDP parsed from comma-formatted text to numeric.,2.85712200756815,1.97584671266105,,,,0.28395121699311815,-0.9249458450750352,Northern Europe,0,,2016.0,2016.0,True,0,0,0
Finland,FIN,2004,party,2011,2015.0,2015.0,,0,0,0,-11.0,-11.0,1.236,33.76,11.381,41521.96,57.6,0,0,1,1,1,0,0,1,1,0,0,5228000,2019.0,0,0,1.0,0.0,1,1,1,0,3.65,3.3,retained_legacy_not_independently_reimported,2019.0,0,excluded_until_researcher_coding_rubric_is_documented,5525292.0,211.0,553.0,342.0,62.0,0.38188,0.0,GDP parsed from comma-formatted text to numeric.,4.4964354019608,2.83083034374696,,,,0.2156151641198123,-1.2914045909401317,Northern Europe,0,,2016.0,2016.0,True,0,0,0
Finland,FIN,2005,party,2011,2015.0,2015.0,,0,0,0,-10.0,-10.0,1.307,36.58,11.304,42529.35,58.2,0,0,1,1,1,1,1,1,1,1,1,5246000,2019.0,0,0,1.0,0.0,1,1,1,0,3.61,3.32,retained_legacy_not_independently_reimported,2019.0,0,excluded_until_researcher_coding_rubric_is_documented,5525292.0,211.0,553.0,342.0,62.0,0.38188,0.0,GDP parsed from comma-formatted text to numeric.,3.27194667973368,2.26835951096456,1.00791286257332,0.428469208060363,,0.2854368245397471,-0.9176506880407211,Northern Europe,0,,2016.0,2016.0,True,0,0,0
Finland,FIN,2006,party,2011,2015.0,2015.0,,0,0,0,-9.0,-9.0,1.376,51.802,11.64,44069.4,58.3,0,0,1,1,1,1,1,1,1,1,1,5266000,2019.0,0,0,1.0,0.0,1,1,1,0,3.68,3.33,retained_legacy_not_independently_reimported,2019.0,0,excluded_until_researcher_coding_rubric_is_documented,5525292.0,211.0,553.0,342.0,62.0,0.38188,0.0,GDP parsed from comma-formatted text to numeric.,3.18063258515416,2.25967394424093,1.00441085165484,0.620611236127642,,0.301977386652395,-0.8378993636468577,Northern Europe,0,,2016.0,2016.0,True,0,0,0
Finland,FIN,2007,party,2011,2015.0,2015.0,,0,0,0,-8.0,-8.0,1.779,43.98,13.973,46213.69,57.3,0,0,1,1,1,1,1,1,1,1,1,5289000,2019.0,0,0,1.0,0.0,1,1,1,0,3.35,3.22,retained_legacy_not_independently_reimported,2019.0,0,excluded_until_researcher_coding_rubric_is_documented,5525292.0,211.0,553.0,342.0,62.0,0.38188,0.0,GDP parsed from comma-formatted text to numeric.,3.12700263285901,2.43915813118889,1.37119816778277,0.424654678536408,0.963544658441948,0.362617008821961,-0.5640235117676702,Northern Europe,0,,2016.0,2016.0,True,0,0,0
Finland,FIN,2008,party,2011,2015.0,2015.0,,0,0,0,-7.0,-7.0,1.624,54.692,17.221,46359.87,57.4,0,0,1,1,1,1,1,1,1,1,1,5312000,2019.0,0,0,1.0,0.0,1,1,1,0,3.47,3.25,retained_legacy_not_independently_reimported,2019.0,0,excluded_until_researcher_coding_rubric_is_documented,5525292.0,211.0,553.0,342.0,62.0,0.38188,0.0,GDP parsed from comma-formatted text to numeric.,3.41743749401228,2.50311619145414,1.03355872911404,0.537574437260359,0.922820293851821,0.3221303451503319,-0.7439987577347569,Northern Europe,0,,2016.0,2016.0,True,0,0,0
Finland,FIN,2009,party,2011,2015.0,2015.0,,0,0,0,-6.0,-6.0,1.25,41.301,12.362,42412.51,56.9,0,0,1,1,1,1,1,1,1,1,1,5338000,2019.0,0,0,1.0,0.0,1,1,1,0,3.78,3.34,retained_legacy_not_independently_reimported,2019.0,0,excluded_until_researcher_coding_rubric_is_documented,5525292.0,211.0,553.0,342.0,62.0,0.38188,0.0,GDP parsed from comma-formatted text to numeric.,3.28439834405218,2.24767232458861,0.992495083013943,0.572860176288172,0.882217851567949,0.2756705311609067,-0.9660399313523664,Northern Europe,0,,2016.0,2016.0,True,0,0,0
Finland,FIN,2010,party,2011,2015.0,2015.0,,0,0,0,-5.0,-5.0,0.988,45.065,15.252,43556.54,55.9,0,0,1,1,1,1,1,1,1,1,1,5363000,2019.0,0,0,1.0,0.0,1,1,1,0,3.78,3.33,retained_legacy_not_independently_reimported,2019.0,0,excluded_until_researcher_coding_rubric_is_documented,5525292.0,211.0,553.0,342.0,62.0,0.38188,0.0,GDP parsed from comma-formatted text to numeric.,3.45764846088098,2.20011725879187,0.76880722122318,0.531945917058613,0.622367750514003,0.22223979441780045,-1.2526613036634116,Northern Europe,0,,2016.0,2016.0,True,0,0,0
Finland,FIN,2011,party,2011,2015.0,2015.0,,0,0,0,-4.0,-4.0,1.349,60.354,19.283,44391.45,55.7,0,0,1,1,1,1,1,1,1,1,1,5388000,2019.0,0,0,1.0,0.0,1,1,1,0,3.8,3.3,retained_legacy_not_independently_reimported,2019.0,0,excluded_until_researcher_coding_rubric_is_documented,5525292.0,211.0,553.0,342.0,62.0,0.38188,0.0,GDP parsed from comma-formatted text to numeric.,2.7593114950838,2.04148255432524,1.02090913051904,0.566981814058314,0.765681847889279,0.32835874339476867,-0.7156176130805708,Northern Europe,0,,2016.0,2016.0,True,0,0,0
Finland,FIN,2012,party,2011,2015.0,2015.0,,0,0,0,-3.0,-3.0,1.489,64.851,18.637,43507.93,55.9,0,0,1,1,1,1,1,1,1,1,1,5414000,2019.0,0,0,1.0,0.0,1,1,1,0,3.76,3.3,retained_legacy_not_independently_reimported,2019.0,0,excluded_until_researcher_coding_rubric_is_documented,5525292.0,211.0,553.0,342.0,62.0,0.38188,0.0,GDP parsed from comma-formatted text to numeric.,1.80470972841938,1.64389487458514,1.0892202054705,0.225588716052423,0.5809174429176,0.4520738385512062,-0.19229500987068676,Northern Europe,0,,2016.0,2016.0,True,0,0,0
Finland,FIN,2013,party,2011,2015.0,2015.0,,0,0,0,-2.0,-2.0,0.868,54.936,17.926,42883.64,55.6,0,0,1,1,1,1,1,1,1,1,1,5439000,2019.0,0,0,1.0,0.0,1,1,1,0,3.71,3.32,retained_legacy_not_independently_reimported,2019.0,0,excluded_until_researcher_coding_rubric_is_documented,5525292.0,211.0,553.0,342.0,62.0,0.38188,0.0,GDP parsed from comma-formatted text to numeric.,2.43114574475625,1.63631426279538,0.614735610350195,0.448826906724231,0.506252855582514,0.2630984100595199,-1.0299262104527853,Northern Europe,0,,2016.0,2016.0,True,0,0,0
Finland,FIN,2014,party,2011,2015.0,2015.0,,0,0,0,-1.0,-1.0,0.973,51.724,18.474,42502.49,55.3,0,0,1,1,1,1,1,1,1,1,1,5459000,2019.0,0,0,1.0,0.0,1,1,1,0,3.44,3.61,retained_legacy_not_independently_reimported,2019.0,0,excluded_until_researcher_coding_rubric_is_documented,5525292.0,211.0,553.0,342.0,62.0,0.38188,0.0,GDP parsed from comma-formatted text to numeric.,2.27079193868862,1.61122466990035,0.648555981100358,0.483939265622164,0.540463317583632,0.2999575861802525,-0.8474998391168684,Northern Europe,0,,2016.0,2016.0,True,0,0,0
Finland,FIN,2015,party,2011,2015.0,2015.0,,1,1,1,0.0,0.0,0.575,50.587,19.034,42560.35,55.4,0,0,1,1,1,1,1,1,1,1,1,5471000,2019.0,0,0,1.0,0.0,1,1,1,0,3.14,3.5,retained_legacy_not_independently_reimported,2019.0,0,excluded_until_researcher_coding_rubric_is_documented,5525292.0,211.0,553.0,342.0,62.0,0.38188,0.0,GDP parsed from comma-formatted text to numeric.,2.44730643335679,1.49642750743994,0.359340609980685,0.333723604548653,0.25153842698648,0.19025205176212517,-1.4483732429850622,Northern Europe,0,,2016.0,2016.0,True,0,0,1
Finland,FIN,2016,party,2011,2015.0,2015.0,,1,1,1,1.0,1.0,0.789,58.011,21.108,43529.68,55.0,0,0,1,1,1,1,1,1,1,1,1,5487000,2019.0,0,0,1.0,0.0,1,1,1,0,3.14,3.42,retained_legacy_not_independently_reimported,2019.0,0,excluded_until_researcher_coding_rubric_is_documented,5525292.0,211.0,553.0,342.0,62.0,0.38188,0.0,GDP parsed from comma-formatted text to numeric.,1.92092156951113,1.34656386925302,0.573798564427717,0.480230392377783,0.430348923320787,0.29115233771962473,-0.8897940131408023,Northern Europe,0,,2016.0,2016.0,True,1,1,1
Finland,FIN,2017,party,2011,2015.0,2015.0,,1,1,1,2.0,2.0,1.074,55.443,22.602,44862.22,55.0,0,0,1,1,1,1,1,1,1,1,1,5503000,2019.0,0,0,1.0,0.0,1,1,1,0,3.37,3.45,retained_legacy_not_independently_reimported,2019.0,0,excluded_until_researcher_coding_rubric_is_documented,5525292.0,211.0,553.0,342.0,62.0,0.38188,0.0,GDP parsed from comma-formatted text to numeric.,1.36237675093028,1.21632504271661,0.751999782278158,0.18410496634193,0.572952215069073,0.44081852266482,-0.23784078934419245,Northern Europe,0,,2016.0,2016.0,True,1,1,1
Finland,FIN,2018,party,2011,2015.0,2015.0,,1,1,1,3.0,3.0,0.895,64.126,25.255,45337.24,55.7,0,0,1,1,1,1,1,1,1,1,1,5518000,2019.0,0,0,1.0,0.0,1,1,1,0,3.43,3.47,retained_legacy_not_independently_reimported,2019.0,0,excluded_until_researcher_coding_rubric_is_documented,5525292.0,211.0,553.0,342.0,62.0,0.38188,0.0,GDP parsed from comma-formatted text to numeric.,2.31505171292697,1.59543516989979,0.679927641384691,0.698190199136706,0.572570645376582,0.27881170773536434,-0.9503635861933803,Northern Europe,0,,2016.0,2016.0,True,1,1,1
Finland,FIN,2019,party,2011,2015.0,2015.0,,1,1,1,4.0,4.0,1.001,72.604,27.364,45898.57,55.7,0,0,1,1,1,1,1,1,1,1,1,5523000,2019.0,1,1,1.0,0.0,1,1,1,0,3.36,3.43,retained_legacy_not_independently_reimported,2019.0,1,excluded_until_researcher_coding_rubric_is_documented,5525292.0,211.0,553.0,342.0,62.0,0.38188,0.0,GDP parsed from comma-formatted text to numeric.,1.94434192830294,1.46692385524251,0.679566265043004,0.403542664364761,0.536499682928687,0.3398586732429944,-0.6639240792832217,Northern Europe,0,,2016.0,2016.0,True,1,1,1
Finland,FIN,2020,party,2011,2015.0,2015.0,,1,1,1,5.0,5.0,0.822,73.459,27.452,44690.98,55.2,0,0,1,1,1,1,1,1,1,1,1,5531000,2019.0,1,1,1.0,0.0,1,1,1,0,3.24,3.45,retained_legacy_not_independently_reimported,2019.0,1,excluded_until_researcher_coding_rubric_is_documented,5525292.0,211.0,553.0,342.0,62.0,0.38188,0.0,GDP parsed from comma-formatted text to numeric.,2.70954881618348,1.75419179501202,0.643194820137715,0.476001819059259,0.464529592321683,0.23275906487067324,-1.1927970164636383,Northern Europe,0,,2016.0,2016.0,True,1,1,1
Finland,FIN,2021,party,2011,2015.0,2015.0,,1,1,1,6.0,6.0,0.963,90.524,35.607,45792.05,55.9,0,0,1,1,1,1,1,1,1,1,1,5534000,2019.0,1,1,1.0,0.0,1,1,1,0,3.28,3.44,retained_legacy_not_independently_reimported,2019.0,1,excluded_until_researcher_coding_rubric_is_documented,5525292.0,211.0,553.0,342.0,62.0,0.38188,0.0,GDP parsed from comma-formatted text to numeric.,1.60671049943318,1.28133981222055,0.642269810054056,0.511226068001466,0.428179873369371,0.3747503853887105,-0.511890788011153,Northern Europe,0,,2016.0,2016.0,True,1,1,1
Finland,FIN,2022,party,2011,2015.0,2015.0,,1,1,1,7.0,7.0,0.888,91.717,32.733,46016.15,57.3,0,0,1,1,1,1,1,0,0,0,0,5541000,2019.0,1,1,1.0,0.0,1,1,1,0,,,excluded_legacy_flagged_for_manual_review,2019.0,1,excluded_until_researcher_coding_rubric_is_documented,5525292.0,211.0,553.0,342.0,62.0,0.38188,0.0,GDP parsed from comma-formatted text to numeric. | WGI legacy value excluded because source file flagged this country-year for manual review.,1.59825151284495,1.23893509757691,0.603630910944734,0.363238980192034,0.532615509657118,0.3571641868943041,-0.5876937632176156,Northern Europe,0,,2016.0,2016.0,True,1,1,1
Finland,FIN,2023,party,2011,2015.0,2015.0,,1,1,1,8.0,8.0,0.812,108.959,42.473,45357.03,57.5,0,0,1,1,1,1,1,0,0,0,0,5563000,2019.0,1,1,1.0,0.0,1,1,1,0,,,excluded_legacy_flagged_for_manual_review,2019.0,1,excluded_until_researcher_coding_rubric_is_documented,5525292.0,211.0,553.0,342.0,62.0,0.38188,0.0,GDP parsed from comma-formatted text to numeric. | WGI legacy value excluded because source file flagged this country-year for manual review. | UNODC outcome values preserved from source dataset; not silently imputed or replaced.,1.15606226406846,0.98193498501344,,,,0.412588572437439,-0.35327456927107503,Northern Europe,0,,2016.0,2016.0,True,1,1,1
France,FRA,1990,party,2011,2014.0,2014.0,,0,0,0,-24.0,-24.0,,,,27992.98,46.4,0,0,1,1,0,0,0,0,0,0,0,58258000,2019.0,0,0,0.0,0.0,1,1,1,0,,,retained_legacy_not_independently_reimported,2019.0,0,excluded_until_researcher_coding_rubric_is_documented,67320216.0,3081.0,6732.0,3651.0,54.0,0.457663,0.0,GDP parsed from comma-formatted text to numeric.,,2.37760015691108,,,,,,Western Europe,0,,2015.0,2015.0,True,0,0,0
France,FRA,1991,party,2011,2014.0,2014.0,,0,0,0,-23.0,-23.0,,,,28197.24,46.5,0,0,1,1,0,0,0,0,0,0,0,58561000,2019.0,0,0,0.0,0.0,1,1,1,0,,,retained_legacy_not_independently_reimported,2019.0,0,excluded_until_researcher_coding_rubric_is_documented,67320216.0,3081.0,6732.0,3651.0,54.0,0.457663,0.0,GDP parsed from comma-formatted text to numeric.,,2.36592102904818,,,,,,Western Europe,0,,2015.0,2015.0,True,0,0,0
France,FRA,1992,party,2011,2014.0,2014.0,,0,0,0,-22.0,-22.0,,,,28482.52,46.9,0,0,1,1,0,0,0,0,0,0,0,58832000,2019.0,0,0,0.0,0.0,1,1,1,0,,,retained_legacy_not_independently_reimported,2019.0,0,excluded_until_researcher_coding_rubric_is_documented,67320216.0,3081.0,6732.0,3651.0,54.0,0.457663,0.0,GDP parsed from comma-formatted text to numeric.,,2.33168800485519,,,,,,Western Europe,0,,2015.0,2015.0,True,0,0,0
France,FRA,1993,party,2011,2014.0,2014.0,,0,0,0,-21.0,-21.0,,,,28257.1,47.3,0,0,1,1,0,0,0,0,0,0,0,59089000,2019.0,0,0,0.0,0.0,1,1,1,0,,,retained_legacy_not_independently_reimported,2019.0,0,excluded_until_researcher_coding_rubric_is_documented,67320216.0,3081.0,6732.0,3651.0,54.0,0.457663,0.0,GDP parsed from comma-formatted text to numeric.,,2.62797009819845,,,,,,Western Europe,0,,2015.0,2015.0,True,0,0,0
France,FRA,1994,party,2011,2014.0,2014.0,,0,0,0,-20.0,-20.0,,,,28822.5,47.5,0,0,1,1,0,0,0,0,0,0,0,59369000,2019.0,0,0,0.0,0.0,1,1,1,0,,,retained_legacy_not_independently_reimported,2019.0,0,excluded_until_researcher_coding_rubric_is_documented,67320216.0,3081.0,6732.0,3651.0,54.0,0.457663,0.0,GDP parsed from comma-formatted text to numeric.,,2.42414351074412,,,,,,Western Europe,0,,2015.0,2015.0,True,0,0,0
France,FRA,1995,party,2011,2014.0,2014.0,,0,0,0,-19.0,-19.0,,,,29379.62,47.8,0,0,1,1,0,0,0,0,0,0,0,59622000,2019.0,0,0,0.0,0.0,1,1,1,0,,,retained_legacy_not_independently_reimported,2019.0,0,excluded_until_researcher_coding_rubric_is_documented,67320216.0,3081.0,6732.0,3651.0,54.0,0.457663,0.0,GDP parsed from comma-formatted text to numeric.,,2.29584021763191,,,,,,Western Europe,0,,2015.0,2015.0,True,0,0,0
France,FRA,1996,party,2011,2014.0,2014.0,,0,0,0,-18.0,-18.0,,,,29683.78,48.1,0,0,1,1,0,0,0,1,0,0,0,59793000,2019.0,0,0,0.0,0.0,1,1,1,0,2.13,2.52,retained_legacy_not_independently_reimported,2019.0,0,excluded_until_researcher_coding_rubric_is_documented,67320216.0,3081.0,6732.0,3651.0,54.0,0.457663,0.0,GDP parsed from comma-formatted text to numeric.,,2.00580187184137,,,,,,Western Europe,0,,2015.0,2015.0,True,0,0,0
France,FRA,1997,party,2011,2014.0,2014.0,,0,0,0,-17.0,-17.0,,,,30325.52,47.7,0,0,1,1,0,0,0,0,0,0,0,59967000,2019.0,0,0,0.0,0.0,1,1,1,0,,,retained_legacy_not_independently_reimported,2019.0,0,excluded_until_researcher_coding_rubric_is_documented,67320216.0,3081.0,6732.0,3651.0,54.0,0.457663,0.0,GDP parsed from comma-formatted text to numeric.,,1.64422406112757,,,,,,Western Europe,0,,2015.0,2015.0,True,0,0,0
France,FRA,1998,party,2011,2014.0,2014.0,,0,0,0,-16.0,-16.0,,,,31256.51,48.1,0,0,1,1,0,0,0,1,0,0,0,60202000,2019.0,0,0,0.0,0.0,1,1,1,0,2.47,2.32,retained_legacy_not_independently_reimported,2019.0,0,excluded_until_researcher_coding_rubric_is_documented,67320216.0,3081.0,6732.0,3651.0,54.0,0.457663,0.0,GDP parsed from comma-formatted text to numeric.,,1.63494276577466,,,,,,Western Europe,0,,2015.0,2015.0,True,0,0,0
France,FRA,1999,party,2011,2014.0,2014.0,,0,0,0,-15.0,-15.0,,,,32152.72,48.4,0,0,1,1,0,0,0,0,0,0,0,60484000,2019.0,0,0,0.0,0.0,1,1,1,0,,,retained_legacy_not_independently_reimported,2019.0,0,excluded_until_researcher_coding_rubric_is_documented,67320216.0,3081.0,6732.0,3651.0,54.0,0.457663,0.0,GDP parsed from comma-formatted text to numeric.,,1.61295208990693,,,,,,Western Europe,0,,2015.0,2015.0,True,0,0,0
France,FRA,2000,party,2011,2014.0,2014.0,,0,0,0,-14.0,-14.0,,,,33255.14,48.5,0,0,1,1,0,0,0,1,0,0,0,60748000,2019.0,0,0,0.0,0.0,1,1,1,0,2.78,2.43,retained_legacy_not_independently_reimported,2019.0,0,excluded_until_researcher_coding_rubric_is_documented,67320216.0,3081.0,6732.0,3651.0,54.0,0.457663,0.0,GDP parsed from comma-formatted text to numeric.,,1.76687009797043,,,,,,Western Europe,0,,2015.0,2015.0,True,0,0,0
France,FRA,2001,party,2011,2014.0,2014.0,,0,0,0,-13.0,-13.0,,,,33640.67,48.3,0,0,1,1,0,0,0,0,0,0,0,61037000,2019.0,0,0,0.0,0.0,1,1,1,0,,,retained_legacy_not_independently_reimported,2019.0,0,excluded_until_researcher_coding_rubric_is_documented,67320216.0,3081.0,6732.0,3651.0,54.0,0.457663,0.0,GDP parsed from comma-formatted text to numeric.,,1.74776357833476,,,,,,Western Europe,0,,2015.0,2015.0,True,0,0,0
France,FRA,2002,party,2011,2014.0,2014.0,,0,0,0,-12.0,-12.0,,,,33753.58,48.5,0,0,1,1,0,0,0,1,0,0,0,61394000,2019.0,0,0,0.0,0.0,1,1,1,0,2.62,2.06,retained_legacy_not_independently_reimported,2019.0,0,excluded_until_researcher_coding_rubric_is_documented,67320216.0,3081.0,6732.0,3651.0,54.0,0.457663,0.0,GDP parsed from comma-formatted text to numeric.,,1.85488321960253,,,,,,Western Europe,0,,2015.0,2015.0,True,0,0,0
France,FRA,2003,party,2011,2014.0,2014.0,,0,0,0,-11.0,-11.0,,42.479,17.135,33840.62,49.7,0,0,1,1,0,0,0,1,0,0,0,61716000,2019.0,0,0,0.0,0.0,1,1,1,0,2.81,2.27,retained_legacy_not_independently_reimported,2019.0,0,excluded_until_researcher_coding_rubric_is_documented,67320216.0,3081.0,6732.0,3651.0,54.0,0.457663,0.0,GDP parsed from comma-formatted text to numeric.,,1.62492873135846,,,,,,Western Europe,0,,2015.0,2015.0,True,0,0,0
France,FRA,2004,party,2011,2014.0,2014.0,,0,0,0,-10.0,-10.0,,42.89,17.174,34557.15,49.6,0,0,1,1,0,0,0,1,0,0,0,62027000,2019.0,0,0,0.0,0.0,1,1,1,0,2.98,2.42,retained_legacy_not_independently_reimported,2019.0,0,excluded_until_researcher_coding_rubric_is_documented,67320216.0,3081.0,6732.0,3651.0,54.0,0.457663,0.0,GDP parsed from comma-formatted text to numeric.,,1.61830161158403,,,,,,Western Europe,0,,2015.0,2015.0,True,0,0,0
France,FRA,2005,party,2011,2014.0,2014.0,,0,0,0,-9.0,-9.0,,38.731,16.216,34946.04,50.1,0,0,1,1,0,1,1,1,0,1,1,63000000,2019.0,0,0,0.0,0.0,1,1,1,0,2.83,2.39,retained_legacy_not_independently_reimported,2019.0,0,excluded_until_researcher_coding_rubric_is_documented,67320216.0,3081.0,6732.0,3651.0,54.0,0.457663,0.0,GDP parsed from comma-formatted text to numeric.,,1.58377199706769,,,,,,Western Europe,0,,2015.0,2015.0,True,0,0,0
France,FRA,2006,party,2011,2014.0,2014.0,,0,0,0,-8.0,-8.0,,36.848,15.768,35645.42,50.2,0,0,1,1,0,1,1,1,0,1,1,63341000,2019.0,0,0,0.0,0.0,1,1,1,0,2.77,2.49,retained_legacy_not_independently_reimported,2019.0,0,excluded_until_researcher_coding_rubric_is_documented,67320216.0,3081.0,6732.0,3651.0,54.0,0.457663,0.0,GDP parsed from comma-formatted text to numeric.,,1.41660322639846,,,,,,Western Europe,0,,2015.0,2015.0,True,0,0,0
France,FRA,2007,party,2011,2014.0,2014.0,,0,0,0,-7.0,-7.0,,37.235,16.229,36322.17,50.6,0,0,1,1,0,1,1,1,0,1,1,63708000,2019.0,0,0,1.0,0.0,1,1,1,0,2.49,2.48,retained_legacy_not_independently_reimported,2019.0,0,excluded_until_researcher_coding_rubric_is_documented,67320216.0,3081.0,6732.0,3651.0,54.0,0.457663,0.0,GDP parsed from comma-formatted text to numeric.,,1.59051931320511,,,,,,Western Europe,0,,2015.0,2015.0,True,0,0,0
France,FRA,2008,party,2011,2014.0,2014.0,,0,0,0,-6.0,-6.0,,38.278,16.37,36257.37,50.7,0,0,1,1,0,1,1,1,0,1,1,64007000,2019.0,0,0,1.0,0.0,1,1,1,0,2.68,2.54,retained_legacy_not_independently_reimported,2019.0,0,excluded_until_researcher_coding_rubric_is_documented,67320216.0,3081.0,6732.0,3651.0,54.0,0.457663,0.0,GDP parsed from comma-formatted text to numeric.,,1.62630919084507,,,,,,Western Europe,0,,2015.0,2015.0,True,0,0,0
France,FRA,2009,party,2011,2014.0,2014.0,,0,0,0,-5.0,-5.0,,36.847,15.596,35052.85,51.1,0,0,1,1,0,1,1,1,0,1,1,64350000,2019.0,0,0,1.0,0.0,1,1,1,0,2.51,2.46,retained_legacy_not_independently_reimported,2019.0,0,excluded_until_researcher_coding_rubric_is_documented,67320216.0,3081.0,6732.0,3651.0,54.0,0.457663,0.0,GDP parsed from comma-formatted text to numeric.,,1.29780685062321,,,,,,Western Europe,0,,2015.0,2015.0,True,0,0,0
France,FRA,2010,party,2011,2014.0,2014.0,,0,0,0,-4.0,-4.0,,36.209,15.939,35578.2,51.1,0,0,1,1,0,1,1,1,0,1,1,64698000,2019.0,0,0,1.0,0.0,1,1,1,0,2.49,2.55,retained_legacy_not_independently_reimported,2019.0,0,excluded_until_researcher_coding_rubric_is_documented,67320216.0,3081.0,6732.0,3651.0,54.0,0.457663,0.0,GDP parsed from comma-formatted text to numeric.,,1.25517676645729,,,,,,Western Europe,0,,2015.0,2015.0,True,0,0,0
France,FRA,2011,party,2011,2014.0,2014.0,,0,0,0,-3.0,-3.0,,37.454,16.327,36269.96,51.0,0,0,1,1,0,1,1,1,0,1,1,65048000,2019.0,0,0,1.0,0.0,1,1,1,0,2.37,2.43,retained_legacy_not_independently_reimported,2019.0,0,excluded_until_researcher_coding_rubric_is_documented,67320216.0,3081.0,6732.0,3651.0,54.0,0.457663,0.0,GDP parsed from comma-formatted text to numeric.,,1.34308688468283,,,,,,Western Europe,0,,2015.0,2015.0,True,0,0,0
France,FRA,2012,party,2011,2014.0,2014.0,,0,0,0,-2.0,-2.0,,41.81,16.992,36161.29,51.2,0,0,1,1,0,1,1,1,0,1,1,65397000,2019.0,0,0,1.0,0.0,1,1,1,0,2.33,2.44,retained_legacy_not_independently_reimported,2019.0,0,excluded_until_researcher_coding_rubric_is_documented,67320216.0,3081.0,6732.0,3651.0,54.0,0.457663,0.0,GDP parsed from comma-formatted text to numeric.,,1.22388195514924,,,,,,Western Europe,0,,2015.0,2015.0,True,0,0,0
France,FRA,2013,party,2011,2014.0,2014.0,,0,0,0,-1.0,-1.0,,43.142,17.35,36256.09,51.3,0,0,1,1,0,1,1,1,0,1,1,65705000,2019.0,0,0,1.0,0.0,1,1,1,0,2.52,2.38,retained_legacy_not_independently_reimported,2019.0,0,excluded_until_researcher_coding_rubric_is_documented,67320216.0,3081.0,6732.0,3651.0,54.0,0.457663,0.0,GDP parsed from comma-formatted text to numeric.,,1.20675158408277,,,,,,Western Europe,0,,2015.0,2015.0,True,0,0,0
France,FRA,2014,party,2011,2014.0,2014.0,,1,1,1,0.0,0.0,,47.856,18.792,36444.39,51.0,0,0,1,1,0,1,1,1,0,1,1,66046000,2019.0,0,0,1.0,0.0,1,1,1,0,2.4,2.47,retained_legacy_not_independently_reimported,2019.0,0,excluded_until_researcher_coding_rubric_is_documented,67320216.0,3081.0,6732.0,3651.0,54.0,0.457663,0.0,GDP parsed from comma-formatted text to numeric.,,1.2242533397519,,,,,,Western Europe,0,,2015.0,2015.0,True,0,0,1
France,FRA,2015,party,2011,2014.0,2014.0,,1,1,1,1.0,1.0,1.14,51.271,19.747,36702.43,51.0,0,0,1,1,1,1,1,1,1,1,1,66418000,2019.0,0,0,1.0,0.0,1,1,1,0,2.42,2.33,retained_legacy_not_independently_reimported,2019.0,0,excluded_until_researcher_coding_rubric_is_documented,67320216.0,3081.0,6732.0,3651.0,54.0,0.457663,0.0,GDP parsed from comma-formatted text to numeric.,2.00570165498803,1.55892963521539,0.399997164199209,0.222815700682884,0.244774384062203,0.3623992752753083,-0.564965689745479,Western Europe,0,,2015.0,2015.0,True,1,1,1
France,FRA,2016,party,2011,2014.0,2014.0,,1,1,1,2.0,2.0,0.84,54.487,22.032,36920.53,50.8,0,0,1,1,1,1,1,1,1,1,1,66724000,2019.0,0,0,1.0,0.0,1,1,1,0,2.36,2.31,retained_legacy_not_independently_reimported,2019.0,0,excluded_until_researcher_coding_rubric_is_documented,67320216.0,3081.0,6732.0,3651.0,54.0,0.457663,0.0,GDP parsed from comma-formatted text to numeric.,1.5777265893151,1.19686224509648,0.387067958280684,0.190470010782507,0.273925016629407,0.3474338263525312,-0.6303383304976372,Western Europe,0,,2015.0,2015.0,True,1,1,1
France,FRA,2017,party,2011,2014.0,2014.0,,1,1,1,3.0,3.0,0.763,60.795,24.922,37580.6,50.6,0,0,1,1,1,1,1,1,1,1,1,67026000,2019.0,0,0,1.0,0.0,1,1,1,0,2.23,2.38,retained_legacy_not_independently_reimported,2019.0,0,excluded_until_researcher_coding_rubric_is_documented,67320216.0,3081.0,6732.0,3651.0,54.0,0.457663,0.0,GDP parsed from comma-formatted text to numeric.,1.43329218498069,1.08754298245582,0.445378518666593,0.196168025317445,0.308795772942171,0.34740368572895886,-0.6304712731639932,Western Europe,0,,2015.0,2015.0,True,1,1,1
France,FRA,2018,party,2011,2014.0,2014.0,,1,1,1,4.0,4.0,0.66,72.459,29.236,38062.44,50.8,0,0,1,1,1,1,1,1,1,1,1,67320000,2019.0,0,0,1.0,1.0,1,1,1,0,2.42,2.38,retained_legacy_not_independently_reimported,2019.0,0,excluded_until_researcher_coding_rubric_is_documented,67320216.0,3081.0,6732.0,3651.0,54.0,0.457663,0.0,GDP parsed from comma-formatted text to numeric.,1.4911239898758,1.06227847973755,0.349127868229675,0.22382622258178,0.23077943832131,0.3068163448998152,-0.8150456351571824,Western Europe,0,,2015.0,2015.0,True,1,1,1
France,FRA,2019,party,2011,2014.0,2014.0,,1,1,1,5.0,5.0,0.77,84.016,34.797,38705.21,50.6,0,0,1,1,1,1,1,1,1,1,1,67521000,2019.0,1,1,1.0,1.0,1,1,1,0,2.28,2.34,retained_legacy_not_independently_reimported,2019.0,1,excluded_until_researcher_coding_rubric_is_documented,67320216.0,3081.0,6732.0,3651.0,54.0,0.457663,0.0,GDP parsed from comma-formatted text to numeric.,1.54559614656492,1.14560504750237,0.421865227541787,0.201053157276738,0.324511713493682,0.33252776013738816,-0.6967744554428974,Western Europe,0,,2015.0,2015.0,True,1,1,1
France,FRA,2020,party,2011,2014.0,2014.0,,1,1,1,6.0,6.0,0.571,85.541,38.768,35709.2,50.1,0,0,1,1,1,1,1,1,1,1,1,67615000,2019.0,1,1,1.0,1.0,1,1,1,0,2.06,2.21,retained_legacy_not_independently_reimported,2019.0,1,excluded_until_researcher_coding_rubric_is_documented,67320216.0,3081.0,6732.0,3651.0,54.0,0.457663,0.0,GDP parsed from comma-formatted text to numeric.,1.55996740231973,1.04999178555921,0.391389046642053,0.200477738450728,0.273678055170759,0.2679534184232102,-1.0050309944203581,Western Europe,0,,2015.0,2015.0,True,1,1,1
France,FRA,2021,party,2011,2014.0,2014.0,,1,1,1,7.0,7.0,0.669,112.346,51.326,38030.86,51.6,0,0,1,1,1,1,1,1,1,1,1,67813000,2019.0,1,1,1.0,1.0,1,1,1,0,2.1,2.15,retained_legacy_not_independently_reimported,2019.0,1,excluded_until_researcher_coding_rubric_is_documented,67320216.0,3081.0,6732.0,3651.0,54.0,0.457663,0.0,GDP parsed from comma-formatted text to numeric.,1.58043592733156,1.11071518973766,0.399212559097952,0.184280078483324,0.284732487003687,0.297407893183966,-0.8596719312128525,Western Europe,0,,2015.0,2015.0,True,1,1,1
France,FRA,2022,party,2011,2014.0,2014.0,,1,1,1,8.0,8.0,0.694,126.066,57.513,38868.33,51.9,0,0,1,1,1,1,1,1,1,1,1,68171000,2019.0,1,1,1.0,1.0,1,1,1,0,1.63,1.65,retained_legacy_not_independently_reimported,2019.0,1,excluded_until_researcher_coding_rubric_is_documented,67320216.0,3081.0,6732.0,3651.0,54.0,0.457663,0.0,GDP parsed from comma-formatted text to numeric.,1.81835267087051,1.23873280289769,0.406903584766426,0.217953231097492,0.307373211514206,0.2762351034735639,-0.9632142837949256,Western Europe,0,,2015.0,2015.0,True,1,1,1
France,FRA,2023,party,2011,2014.0,2014.0,,1,1,1,9.0,9.0,0.762,134.89,62.692,39319.42,52.1,0,0,1,1,1,1,1,0,0,0,0,68374000,2019.0,1,1,1.0,1.0,1,1,1,0,,,excluded_legacy_flagged_for_manual_review,2019.0,1,excluded_until_researcher_coding_rubric_is_documented,67320216.0,3081.0,6732.0,3651.0,54.0,0.457663,0.0,GDP parsed from comma-formatted text to numeric. | WGI legacy value excluded because source file flagged this country-year for manual review. | UNODC outcome values preserved from source dataset; not silently imputed or replaced.,1.94396133951544,1.33506280409367,0.400157311477968,0.242218825051445,0.262877065934431,0.28160047553985096,-0.9365365420554526,Western Europe,0,,2015.0,2015.0,True,1,1,1
United Kingdom,GBR,1990,party,2012,2022.0,2022.0,,0,0,0,-32.0,-32.0,,,,30071.21,52.0,0,0,1,1,0,0,0,0,0,0,0,57237000,,0,0,0.0,0.0,1,1,1,0,,,retained_legacy_not_independently_reimported,,0,excluded_until_researcher_coding_rubric_is_documented,67081280.0,4984.0,6709.0,1867.0,28.0,0.742979,0.0,GDP parsed from comma-formatted text to numeric.,,,,,,,,Northern Europe,0,,2023.0,2023.0,True,0,0,0
United Kingdom,GBR,1991,party,2012,2022.0,2022.0,,0,0,0,-31.0,-31.0,,,,29590.91,51.8,0,0,1,1,0,0,0,0,0,0,0,57439000,,0,0,0.0,0.0,1,1,1,0,,,retained_legacy_not_independently_reimported,,0,excluded_until_researcher_coding_rubric_is_documented,67081280.0,4984.0,6709.0,1867.0,28.0,0.742979,0.0,GDP parsed from comma-formatted text to numeric.,,1.392790200634564,,,,,,Northern Europe,0,,2023.0,2023.0,True,0,0,0
United Kingdom,GBR,1992,party,2012,2022.0,2022.0,,0,0,0,-30.0,-30.0,,,,29893.08,51.8,0,0,1,1,0,0,0,0,0,0,0,57580000,,0,0,0.0,0.0,1,1,1,0,,,retained_legacy_not_independently_reimported,,0,excluded_until_researcher_coding_rubric_is_documented,67081280.0,4984.0,6709.0,1867.0,28.0,0.742979,0.0,GDP parsed from comma-formatted text to numeric.,,1.387525434348423,,,,,,Northern Europe,0,,2023.0,2023.0,True,0,0,0
United Kingdom,GBR,1993,party,2012,2022.0,2022.0,,0,0,0,-29.0,-29.0,,,,30862.41,51.9,0,0,1,1,0,0,0,0,0,0,0,57718000,,0,0,0.0,0.0,1,1,1,0,,,retained_legacy_not_independently_reimported,,0,excluded_until_researcher_coding_rubric_is_documented,67081280.0,4984.0,6709.0,1867.0,28.0,0.742979,0.0,GDP parsed from comma-formatted text to numeric.,,1.3532271235438653,,,,,,Northern Europe,0,,2023.0,2023.0,True,0,0,0
United Kingdom,GBR,1994,party,2012,2022.0,2022.0,,0,0,0,-28.0,-28.0,,,,32308.8,51.9,0,0,1,1,0,0,0,0,0,0,0,57855000,,0,0,0.0,0.0,1,1,1,0,,,retained_legacy_not_independently_reimported,,0,excluded_until_researcher_coding_rubric_is_documented,67081280.0,4984.0,6709.0,1867.0,28.0,0.742979,0.0,GDP parsed from comma-formatted text to numeric.,,1.4258026556049688,,,,,,Northern Europe,0,,2023.0,2023.0,True,0,0,0
United Kingdom,GBR,1995,party,2012,2022.0,2022.0,,0,0,0,-27.0,-27.0,,,,33362.02,51.9,0,0,1,1,0,0,0,0,0,0,0,58019000,,0,0,0.0,0.0,1,1,1,0,,,retained_legacy_not_independently_reimported,,0,excluded_until_researcher_coding_rubric_is_documented,67081280.0,4984.0,6709.0,1867.0,28.0,0.742979,0.0,GDP parsed from comma-formatted text to numeric.,,1.3942314561055222,,,,,,Northern Europe,0,,2023.0,2023.0,True,0,0,0
United Kingdom,GBR,1996,party,2012,2022.0,2022.0,,0,0,0,-26.0,-26.0,,,,34147.35,52.3,0,0,1,1,0,0,0,1,0,0,0,58164000,,0,0,0.0,0.0,1,1,1,0,3.2,2.77,retained_legacy_not_independently_reimported,,0,excluded_until_researcher_coding_rubric_is_documented,67081280.0,4984.0,6709.0,1867.0,28.0,0.742979,0.0,GDP parsed from comma-formatted text to numeric.,,1.2842913086281993,,,,,,Northern Europe,0,,2023.0,2023.0,True,0,0,0
United Kingdom,GBR,1997,party,2012,2022.0,2022.0,,0,0,0,-25.0,-25.0,,,,35721.61,52.7,0,0,1,1,0,0,0,0,0,0,0,58314000,,0,0,0.0,0.0,1,1,1,0,,,retained_legacy_not_independently_reimported,,0,excluded_until_researcher_coding_rubric_is_documented,67081280.0,4984.0,6709.0,1867.0,28.0,0.742979,0.0,GDP parsed from comma-formatted text to numeric.,,1.2569826630194625,,,,,,Northern Europe,0,,2023.0,2023.0,True,0,0,0
United Kingdom,GBR,1998,party,2012,2022.0,2022.0,,0,0,0,-24.0,-24.0,,,,36773.93,52.7,0,0,1,1,0,0,0,1,0,0,0,58475000,,0,0,1.0,0.0,1,1,1,0,3.17,2.95,retained_legacy_not_independently_reimported,,0,excluded_until_researcher_coding_rubric_is_documented,67081280.0,4984.0,6709.0,1867.0,28.0,0.742979,0.0,GDP parsed from comma-formatted text to numeric.,,1.3869188380397437,,,,,,Northern Europe,0,,2023.0,2023.0,True,0,0,0
United Kingdom,GBR,1999,party,2012,2022.0,2022.0,,0,0,0,-23.0,-23.0,,,,37730.72,53.3,0,0,1,1,0,0,0,0,0,0,0,58684000,,0,0,1.0,0.0,1,1,1,0,,,retained_legacy_not_independently_reimported,,0,excluded_until_researcher_coding_rubric_is_documented,67081280.0,4984.0,6709.0,1867.0,28.0,0.742979,0.0,GDP parsed from comma-formatted text to numeric.,,1.4041203810339644,,,,,,Northern Europe,0,,2023.0,2023.0,True,0,0,0
United Kingdom,GBR,2000,party,2012,2022.0,2022.0,,0,0,0,-22.0,-22.0,,,,39297.14,53.7,0,0,1,1,1,0,0,1,1,0,0,58886000,,0,0,1.0,0.0,1,1,1,0,3.01,2.83,retained_legacy_not_independently_reimported,,0,excluded_until_researcher_coding_rubric_is_documented,67081280.0,4984.0,6709.0,1867.0,28.0,0.742979,0.0,GDP parsed from comma-formatted text to numeric.,,1.5470553177564177,,,,,,Northern Europe,0,,2023.0,2023.0,True,0,0,0
United Kingdom,GBR,2001,party,2012,2022.0,2022.0,,0,0,0,-21.0,-21.0,,,,40082.14,53.5,0,0,1,1,1,0,0,0,0,0,0,59122000,,0,0,1.0,0.0,1,1,1,0,,,retained_legacy_not_independently_reimported,,0,excluded_until_researcher_coding_rubric_is_documented,67081280.0,4984.0,6709.0,1867.0,28.0,0.742979,0.0,GDP parsed from comma-formatted text to numeric.,,1.6307745150408173,,,,,,Northern Europe,0,,2023.0,2023.0,True,0,0,0
United Kingdom,GBR,2002,party,2012,2022.0,2022.0,,0,0,0,-20.0,-20.0,,,,40594.93,54.1,0,0,1,1,1,0,0,1,1,0,0,59370000,,0,0,1.0,0.0,1,1,1,0,3.03,2.81,retained_legacy_not_independently_reimported,,0,excluded_until_researcher_coding_rubric_is_documented,67081280.0,4984.0,6709.0,1867.0,28.0,0.742979,0.0,GDP parsed from comma-formatted text to numeric.,,1.8647138480371395,,,,,,Northern Europe,0,,2023.0,2023.0,True,0,0,0
United Kingdom,GBR,2003,party,2012,2022.0,2022.0,,0,0,0,-19.0,-19.0,,91.982,24.197,41706.83,54.1,0,0,1,1,1,0,0,1,1,0,0,59647000,,0,0,1.0,0.0,1,1,1,0,2.97,2.83,retained_legacy_not_independently_reimported,,0,excluded_until_researcher_coding_rubric_is_documented,67081280.0,4984.0,6709.0,1867.0,28.0,0.742979,0.0,GDP parsed from comma-formatted text to numeric.,,,,,,,,Northern Europe,0,,2023.0,2023.0,True,0,0,0
United Kingdom,GBR,2004,party,2012,2022.0,2022.0,,0,0,0,-18.0,-18.0,,93.624,25.476,42434.82,54.5,0,0,1,1,1,0,0,1,1,0,0,59936000,,0,0,1.0,0.0,1,1,1,0,3.18,2.73,retained_legacy_not_independently_reimported,,0,excluded_until_researcher_coding_rubric_is_documented,67081280.0,4984.0,6709.0,1867.0,28.0,0.742979,0.0,GDP parsed from comma-formatted text to numeric.,,,,,,,,Northern Europe,0,,2023.0,2023.0,True,0,0,0
United Kingdom,GBR,2005,party,2012,2022.0,2022.0,,0,0,0,-17.0,-17.0,0.9762548016762235,91.256,26.092,43320.56,54.9,0,0,1,1,1,1,1,1,1,1,1,60413000,,0,0,1.0,0.0,1,1,1,0,2.99,2.65,retained_legacy_not_independently_reimported,,0,excluded_until_researcher_coding_rubric_is_documented,67081280.0,4984.0,6709.0,1867.0,28.0,0.742979,0.0,GDP parsed from comma-formatted text to numeric.,1.802945554889028,1.3821465334871135,,,,0.3512718323348065,-0.6134534061595963,Northern Europe,0,,2023.0,2023.0,True,0,0,0
United Kingdom,GBR,2006,party,2012,2022.0,2022.0,,0,0,0,-16.0,-16.0,1.0466729696120582,85.423,24.895,43945.0,55.4,0,0,1,1,1,1,1,1,1,1,1,60846000,,0,0,1.0,0.0,1,1,1,0,2.83,3.01,retained_legacy_not_independently_reimported,,0,excluded_until_researcher_coding_rubric_is_documented,67081280.0,4984.0,6709.0,1867.0,28.0,0.742979,0.0,GDP parsed from comma-formatted text to numeric.,1.7971069130356327,1.4171346074184497,,,,0.3680569568688126,-0.5405615681651015,Northern Europe,0,,2023.0,2023.0,True,0,0,0
United Kingdom,GBR,2007,party,2012,2022.0,2022.0,,0,0,0,-15.0,-15.0,1.0798131876596357,80.76,22.782,44882.14,55.1,0,0,1,1,1,1,1,1,1,1,1,61319000,,0,0,1.0,0.0,1,1,1,0,2.79,2.92,retained_legacy_not_independently_reimported,,0,excluded_until_researcher_coding_rubric_is_documented,67081280.0,4984.0,6709.0,1867.0,28.0,0.742979,0.0,GDP parsed from comma-formatted text to numeric.,1.7820556387811406,1.425331350807235,,,,0.37731051042006286,-0.500979499436666,Northern Europe,0,,2023.0,2023.0,True,0,0,0
United Kingdom,GBR,2008,party,2012,2022.0,2022.0,,0,0,0,-14.0,-14.0,0.9314544966453328,78.987,23.151,44508.29,55.4,0,0,1,1,1,1,1,1,1,1,1,61824000,,0,0,1.0,0.0,1,1,1,0,2.78,2.88,retained_legacy_not_independently_reimported,,0,excluded_until_researcher_coding_rubric_is_documented,67081280.0,4984.0,6709.0,1867.0,28.0,0.742979,0.0,GDP parsed from comma-formatted text to numeric.,1.5457644155167591,1.2293005997757642,,,,0.3760081485218311,-0.5065264949999053,Northern Europe,0,,2023.0,2023.0,True,0,0,0
United Kingdom,GBR,2009,party,2012,2022.0,2022.0,,0,0,0,-13.0,-13.0,0.7097094671190647,83.08,26.33,42146.51,55.6,0,0,1,1,1,1,1,1,1,1,1,62261000,,0,0,1.0,0.0,1,1,1,0,2.56,2.94,retained_legacy_not_independently_reimported,,0,excluded_until_researcher_coding_rubric_is_documented,67081280.0,4984.0,6709.0,1867.0,28.0,0.742979,0.0,GDP parsed from comma-formatted text to numeric.,1.5649748672686317,1.1291270678484617,,,,0.31200349709627095,-0.7907693585430992,Northern Europe,0,,2023.0,2023.0,True,0,0,0
United Kingdom,GBR,2010,party,2012,2022.0,2022.0,,0,0,0,-12.0,-12.0,0.7072674484287804,85.05,27.744,42762.72,55.5,0,0,1,1,1,1,1,1,1,1,1,62760000,,0,0,1.0,0.0,1,1,1,0,2.75,3.02,retained_legacy_not_independently_reimported,,0,excluded_until_researcher_coding_rubric_is_documented,67081280.0,4984.0,6709.0,1867.0,28.0,0.742979,0.0,GDP parsed from comma-formatted text to numeric.,1.71722637750609,1.2045993515303866,0.4850728075507124,0.24670927162658332,0.3598927281827861,0.2917175704318662,-0.8870568163125757,Northern Europe,0,,2023.0,2023.0,True,0,0,0
United Kingdom,GBR,2011,party,2012,2022.0,2022.0,,0,0,0,-11.0,-11.0,0.6027112187485687,84.127,28.119,42791.09,55.7,0,0,1,1,1,1,1,1,1,1,1,63258000,,0,0,1.0,0.0,1,1,1,0,2.73,2.82,retained_legacy_not_independently_reimported,,0,excluded_until_researcher_coding_rubric_is_documented,67081280.0,4984.0,6709.0,1867.0,28.0,0.742979,0.0,GDP parsed from comma-formatted text to numeric.,1.4309942879531556,1.0112957788119157,0.41941244603637495,0.19294305006110066,0.3075691270933416,0.2963611087064662,-0.8646866134351324,Northern Europe,0,,2023.0,2023.0,True,0,0,0
United Kingdom,GBR,2012,party,2012,2022.0,2022.0,,0,0,0,-10.0,-10.0,0.5649925433333847,86.588,28.685,43136.7,55.9,0,0,1,1,1,1,1,1,1,1,1,63700000,,0,0,1.0,0.0,1,1,1,0,2.7,2.94,retained_legacy_not_independently_reimported,,0,excluded_until_researcher_coding_rubric_is_documented,67081280.0,4984.0,6709.0,1867.0,28.0,0.742979,0.0,GDP parsed from comma-formatted text to numeric.,1.4178408187558147,0.9842236947380758,0.3982734321858286,0.18521344028792144,0.2593408395628649,0.2849420199073532,-0.9200779097943957,Northern Europe,0,,2023.0,2023.0,True,0,0,0
United Kingdom,GBR,2013,party,2012,2022.0,2022.0,,0,0,0,-9.0,-9.0,0.626292630380848,104.278,35.847,43585.19,56.3,0,0,1,1,1,1,1,1,1,1,1,64106000,,0,0,1.0,0.0,1,1,1,0,2.57,2.87,retained_legacy_not_independently_reimported,,0,excluded_until_researcher_coding_rubric_is_documented,67081280.0,4984.0,6709.0,1867.0,28.0,0.742979,0.0,GDP parsed from comma-formatted text to numeric.,1.2621689498129582,0.9390747343440256,0.4543691632174776,0.16807777472383648,0.300866067535897,0.3316417114064739,-0.7007691862477603,Northern Europe,0,,2023.0,2023.0,True,0,0,0
United Kingdom,GBR,2014,party,2012,2022.0,2022.0,,0,0,0,-8.0,-8.0,0.6279913422552815,139.207,49.341,44627.88,56.5,0,0,1,1,1,1,1,1,1,1,1,64597000,,0,0,1.0,0.0,1,1,1,0,2.76,3.19,retained_legacy_not_independently_reimported,,0,excluded_until_researcher_coding_rubric_is_documented,67081280.0,4984.0,6709.0,1867.0,28.0,0.742979,0.0,GDP parsed from comma-formatted text to numeric.,1.1857675684203643,0.904070223221131,0.39935371764777605,0.2044426842104068,0.2804621528518736,0.3462374952696153,-0.63561920078626,Northern Europe,0,,2023.0,2023.0,True,0,0,0
United Kingdom,GBR,2015,party,2012,2022.0,2022.0,,0,0,0,-7.0,-7.0,0.593299547345743,182.399,58.894,45255.34,56.7,0,0,1,1,1,1,1,1,1,1,1,65111000,,0,0,1.0,0.0,1,1,1,0,2.91,3.02,retained_legacy_not_independently_reimported,,0,excluded_until_researcher_coding_rubric_is_documented,67081280.0,4984.0,6709.0,1867.0,28.0,0.742979,0.0,GDP parsed from comma-formatted text to numeric.,1.3188069193403025,0.9522341825224668,0.3602175823170583,0.16043476023153444,0.24519011905614868,0.3102858327622395,-0.7987833475569943,Northern Europe,0,,2023.0,2023.0,True,0,0,0
United Kingdom,GBR,2016,party,2012,2022.0,2022.0,,0,0,0,-6.0,-6.0,0.5770898919699743,206.32,67.329,45888.01,57.1,0,0,1,1,1,1,1,1,1,1,1,65596000,,0,0,1.0,0.0,1,1,1,0,2.68,2.8,retained_legacy_not_independently_reimported,,0,excluded_until_researcher_coding_rubric_is_documented,67081280.0,4984.0,6709.0,1867.0,28.0,0.742979,0.0,GDP parsed from comma-formatted text to numeric.,1.794446383023066,1.1774911103991015,0.32761874075378783,0.1760472355117292,0.25247682773686364,0.24334010744645596,-1.1344537852869694,Northern Europe,0,,2023.0,2023.0,True,0,0,0
United Kingdom,GBR,2017,party,2012,2022.0,2022.0,,0,0,0,-5.0,-5.0,0.7113304904820994,251.519,86.512,47018.03,57.3,0,0,1,1,1,1,1,1,1,1,1,66040000,,0,0,1.0,0.0,1,1,1,0,2.44,2.81,retained_legacy_not_independently_reimported,,0,excluded_until_researcher_coding_rubric_is_documented,67081280.0,4984.0,6709.0,1867.0,28.0,0.742979,0.0,GDP parsed from comma-formatted text to numeric.,1.6635053415248573,1.1810982666338155,0.3616428123879579,0.1381139121192228,0.23312511872942707,0.2995282793425595,-0.8495451597942558,Northern Europe,0,,2023.0,2023.0,True,0,0,0
United Kingdom,GBR,2018,party,2012,2022.0,2022.0,,0,0,0,-4.0,-4.0,0.7222395203045604,268.451,93.367,47514.78,57.5,0,0,1,1,1,1,1,1,1,1,1,66436000,,0,0,1.0,0.0,1,1,1,0,2.32,2.73,retained_legacy_not_independently_reimported,,0,excluded_until_researcher_coding_rubric_is_documented,67081280.0,4984.0,6709.0,1867.0,28.0,0.742979,0.0,GDP parsed from comma-formatted text to numeric.,1.4760506812370364,1.0957988607003304,0.43096596890601363,0.14943488301779945,0.3001900886862575,0.328546030818895,-0.7147685120007679,Northern Europe,0,,2023.0,2023.0,True,0,0,0
United Kingdom,GBR,2019,party,2012,2022.0,2022.0,,0,0,0,-3.0,-3.0,0.6150465581373649,270.05,94.518,47864.76,58.0,0,0,1,1,1,1,1,1,1,1,1,66836000,,0,0,1.0,0.0,1,1,1,0,2.47,2.68,retained_legacy_not_independently_reimported,,0,excluded_until_researcher_coding_rubric_is_documented,67081280.0,4984.0,6709.0,1867.0,28.0,0.742979,0.0,GDP parsed from comma-formatted text to numeric.,1.7041545802838607,1.1542467890718149,0.3223080521008308,0.14858287265820083,0.22472855008865253,0.2651975923727133,-1.019126450174337,Northern Europe,0,,2023.0,2023.0,True,0,0,0
United Kingdom,GBR,2020,party,2012,2022.0,2022.0,,0,0,0,-2.0,-2.0,0.5127370211599789,266.698,92.856,42982.46,58.3,0,0,1,1,1,1,1,1,1,1,1,67081000,,0,0,1.0,0.0,1,1,1,0,2.28,2.5,retained_legacy_not_independently_reimported,,0,excluded_until_researcher_coding_rubric_is_documented,67081280.0,4984.0,6709.0,1867.0,28.0,0.742979,0.0,GDP parsed from comma-formatted text to numeric.,1.3908285986581206,0.9495949344044562,0.3005699779213672,0.21420570608400644,0.19448645630206088,0.269356105101843,-0.9978918782481543,Northern Europe,0,,2023.0,2023.0,True,0,0,0
United Kingdom,GBR,2021,party,2012,2022.0,2022.0,,0,0,0,-1.0,-1.0,0.6287546522726498,247.757,88.411,46487.34,58.0,0,0,1,1,1,1,1,1,1,1,1,67026000,,0,0,1.0,0.0,1,1,1,0,2.12,2.38,retained_legacy_not_independently_reimported,,0,excluded_until_researcher_coding_rubric_is_documented,67081280.0,4984.0,6709.0,1867.0,28.0,0.742979,0.0,GDP parsed from comma-formatted text to numeric.,1.6561933533453173,1.1316707586965595,0.3099906657716322,0.21350558882904608,0.2164085779915167,0.27517241124381836,-0.9685359667684987,Northern Europe,0,,2023.0,2023.0,True,0,0,0
United Kingdom,GBR,2022,party,2012,2022.0,2022.0,,1,1,1,0.0,0.0,,315.559,109.828,48433.01,57.7,0,0,1,1,1,1,1,1,1,1,1,67597000,,0,0,1.0,0.0,1,1,1,0,1.73,1.98,retained_legacy_not_independently_reimported,,0,excluded_until_researcher_coding_rubric_is_documented,67081280.0,4984.0,6709.0,1867.0,28.0,0.742979,0.0,GDP parsed from comma-formatted text to numeric.,,,,,,,,Northern Europe,0,,2023.0,2023.0,True,0,0,1
United Kingdom,GBR,2023,party,2012,2022.0,2022.0,,1,1,1,1.0,1.0,,240.335,48.647,47934.94,57.4,0,0,1,1,0,1,1,0,0,0,0,68350000,,0,0,1.0,0.0,1,1,1,0,,,excluded_legacy_flagged_for_manual_review,,0,excluded_until_researcher_coding_rubric_is_documented,67081280.0,4984.0,6709.0,1867.0,28.0,0.742979,0.0,GDP parsed from comma-formatted text to numeric. | WGI legacy value excluded because source file flagged this country-year for manual review. | UNODC outcome values preserved from source dataset; not silently imputed or replaced.,,,,,,,,Northern Europe,0,,2023.0,2023.0,True,1,1,1
Georgia,GEO,1990,party,2014,2017.0,2017.0,,0,0,0,-27.0,-27.0,,,,3534.03,70.3,0,0,1,1,0,0,0,0,0,0,0,5456000,2022.0,0,0,0.0,0.0,1,1,1,0,,,retained_legacy_not_independently_reimported,2022.0,0,excluded_until_researcher_coding_rubric_is_documented,3716858.0,136.0,372.0,236.0,63.0,0.3659,0.0,GDP parsed from comma-formatted text to numeric.,,4.95515811313085,,,,,,Western Asia,1,,2018.0,2018.0,True,0,0,0
Georgia,GEO,1991,party,2014,2017.0,2017.0,,0,0,0,-26.0,-26.0,,,,2768.81,71.5,0,0,1,1,0,0,0,0,0,0,0,5412000,2022.0,0,0,0.0,0.0,1,1,1,0,,,retained_legacy_not_independently_reimported,2022.0,0,excluded_until_researcher_coding_rubric_is_documented,3716858.0,136.0,372.0,236.0,63.0,0.3659,0.0,GDP parsed from comma-formatted text to numeric.,,7.78881420322801,,,,,,Western Asia,1,,2018.0,2018.0,True,0,0,0
Georgia,GEO,1992,party,2014,2017.0,2017.0,,0,0,0,-25.0,-25.0,,,,1513.85,72.8,0,0,1,1,0,0,0,0,0,0,0,5284000,2022.0,0,0,0.0,0.0,1,1,1,0,,,retained_legacy_not_independently_reimported,2022.0,0,excluded_until_researcher_coding_rubric_is_documented,3716858.0,136.0,372.0,236.0,63.0,0.3659,0.0,GDP parsed from comma-formatted text to numeric.,,14.5442539147182,,,,,,Western Asia,1,,2018.0,2018.0,True,0,0,0
Georgia,GEO,1993,party,2014,2017.0,2017.0,,0,0,0,-24.0,-24.0,,,,1062.1,74.3,0,0,1,1,0,0,0,0,0,0,0,5111000,2022.0,0,0,0.0,0.0,1,1,1,0,,,retained_legacy_not_independently_reimported,2022.0,0,excluded_until_researcher_coding_rubric_is_documented,3716858.0,136.0,372.0,236.0,63.0,0.3659,0.0,GDP parsed from comma-formatted text to numeric.,,16.9537999297132,,,,,,Western Asia,1,,2018.0,2018.0,True,0,0,0
Georgia,GEO,1994,party,2014,2017.0,2017.0,,0,0,0,-23.0,-23.0,,,,966.42,75.9,0,0,1,1,0,0,0,0,0,0,0,4960000,2022.0,0,0,0.0,0.0,1,1,1,0,,,retained_legacy_not_independently_reimported,2022.0,0,excluded_until_researcher_coding_rubric_is_documented,3716858.0,136.0,372.0,236.0,63.0,0.3659,0.0,,,11.4540012363584,,,,,,Western Asia,1,,2018.0,2018.0,True,0,0,0
Georgia,GEO,1995,party,2014,2017.0,2017.0,,0,0,0,-22.0,-22.0,,,,1029.48,74.8,0,0,1,1,0,0,0,0,0,0,0,4854000,2022.0,0,0,0.0,0.0,1,1,1,0,,,retained_legacy_not_independently_reimported,2022.0,0,excluded_until_researcher_coding_rubric_is_documented,3716858.0,136.0,372.0,236.0,63.0,0.3659,0.0,GDP parsed from comma-formatted text to numeric.,,7.9378887611473,,,,,,Western Asia,1,,2018.0,2018.0,True,0,0,0
Georgia,GEO,1996,party,2014,2017.0,2017.0,,0,0,0,-21.0,-21.0,,,,1187.12,72.4,0,0,1,1,0,0,0,1,0,0,0,4773000,2022.0,0,0,0.0,0.0,1,1,1,0,-1.08,-2.14,retained_legacy_not_independently_reimported,2022.0,0,excluded_until_researcher_coding_rubric_is_documented,3716858.0,136.0,372.0,236.0,63.0,0.3659,0.0,GDP parsed from comma-formatted text to numeric.,,5.61006903501618,,,,,,Western Asia,1,,2018.0,2018.0,True,0,0,0
Georgia,GEO,1997,party,2014,2017.0,2017.0,,0,0,0,-20.0,-20.0,,,,1354.78,70.3,0,0,1,1,0,0,0,0,0,0,0,4703000,2022.0,0,0,0.0,0.0,1,1,1,0,,,retained_legacy_not_independently_reimported,2022.0,0,excluded_until_researcher_coding_rubric_is_documented,3716858.0,136.0,372.0,236.0,63.0,0.3659,0.0,GDP parsed from comma-formatted text to numeric.,,6.06982664681585,,,,,,Western Asia,1,,2018.0,2018.0,True,0,0,0
Georgia,GEO,1998,party,2014,2017.0,2017.0,,0,0,0,-19.0,-19.0,,,,1431.79,69.5,0,0,1,1,0,0,0,1,0,0,0,4648000,2022.0,0,0,0.0,0.0,1,1,1,0,-1.02,-2.07,retained_legacy_not_independently_reimported,2022.0,0,excluded_until_researcher_coding_rubric_is_documented,3716858.0,136.0,372.0,236.0,63.0,0.3659,0.0,GDP parsed from comma-formatted text to numeric.,,5.30979136453116,,,,,,Western Asia,1,,2018.0,2018.0,True,0,0,0
Georgia,GEO,1999,party,2014,2017.0,2017.0,,0,0,0,-18.0,-18.0,,,,1503.46,68.8,0,0,1,1,0,0,0,0,0,0,0,4600000,2022.0,0,0,0.0,0.0,1,1,1,0,,,retained_legacy_not_independently_reimported,2022.0,0,excluded_until_researcher_coding_rubric_is_documented,3716858.0,136.0,372.0,236.0,63.0,0.3659,0.0,GDP parsed from comma-formatted text to numeric.,,5.47627549526066,,,,,,Western Asia,1,,2018.0,2018.0,True,0,0,0
Georgia,GEO,2000,party,2014,2017.0,2017.0,,0,0,0,-17.0,-17.0,,,,1561.2,68.2,0,0,1,1,0,0,0,1,0,0,0,4559000,2022.0,0,0,0.0,0.0,1,1,1,0,-0.73,-1.6,retained_legacy_not_independently_reimported,2022.0,0,excluded_until_researcher_coding_rubric_is_documented,3716858.0,136.0,372.0,236.0,63.0,0.3659,0.0,GDP parsed from comma-formatted text to numeric.,,5.52172440449704,,,,,,Western Asia,1,,2018.0,2018.0,True,0,0,0
Georgia,GEO,2001,party,2014,2017.0,2017.0,,0,0,0,-16.0,-16.0,,,,1661.83,67.3,0,0,1,1,0,0,0,0,0,0,0,4489000,2022.0,0,0,0.0,0.0,1,1,1,0,,,retained_legacy_not_independently_reimported,2022.0,0,excluded_until_researcher_coding_rubric_is_documented,3716858.0,136.0,372.0,236.0,63.0,0.3659,0.0,GDP parsed from comma-formatted text to numeric.,,6.24757030684241,,,,,,Western Asia,1,,2018.0,2018.0,True,0,0,0
Georgia,GEO,2002,party,2014,2017.0,2017.0,,0,0,0,-15.0,-15.0,,,,1768.6,66.5,0,0,1,1,0,0,0,1,0,0,0,4363000,2022.0,0,0,0.0,0.0,1,1,1,0,-1.21,-1.84,retained_legacy_not_independently_reimported,2022.0,0,excluded_until_researcher_coding_rubric_is_documented,3716858.0,136.0,372.0,236.0,63.0,0.3659,0.0,GDP parsed from comma-formatted text to numeric.,,7.07390645461259,,,,,,Western Asia,1,,2018.0,2018.0,True,0,0,0
Georgia,GEO,2003,party,2014,2017.0,2017.0,,0,0,0,-14.0,-14.0,,,1.273,1977.46,65.0,0,0,1,1,0,0,0,0,0,0,0,4325000,2022.0,0,0,0.0,0.0,1,1,1,0,,,excluded_legacy_flagged_for_manual_review,2022.0,0,excluded_until_researcher_coding_rubric_is_documented,3716858.0,136.0,372.0,236.0,63.0,0.3659,0.0,GDP parsed from comma-formatted text to numeric. | WGI legacy value excluded because source file flagged this country-year for manual review.,,,,,,,,Western Asia,1,,2018.0,2018.0,True,0,0,0
Georgia,GEO,2004,party,2014,2017.0,2017.0,,0,0,0,-13.0,-13.0,1.544,2.416,1.529,2105.0,64.2,0,0,1,1,1,0,0,1,1,0,0,4314000,2022.0,0,0,0.0,0.0,1,1,1,0,-0.95,-1.27,retained_legacy_not_independently_reimported,2022.0,0,excluded_until_researcher_coding_rubric_is_documented,3716858.0,136.0,372.0,236.0,63.0,0.3659,0.0,GDP parsed from comma-formatted text to numeric.,14.2479988416404,7.34700690211851,,,,0.09777103047454481,-2.2222400130849693,Western Asia,1,,2018.0,2018.0,True,0,0,0
Georgia,GEO,2005,party,2014,2017.0,2017.0,,0,0,0,-12.0,-12.0,3.299,4.073,3.502,2321.6,63.1,0,0,1,1,1,1,1,1,1,1,1,4311000,2022.0,0,0,0.0,0.0,1,1,1,0,-0.73,-1.18,retained_legacy_not_independently_reimported,2022.0,0,excluded_until_researcher_coding_rubric_is_documented,3716858.0,136.0,372.0,236.0,63.0,0.3659,0.0,GDP parsed from comma-formatted text to numeric.,17.9525034250773,10.009609722088,,,,0.15523607596190575,-1.694110179541407,Western Asia,1,,2018.0,2018.0,True,0,0,0
Georgia,GEO,2006,party,2014,2017.0,2017.0,,0,0,0,-11.0,-11.0,2.081,5.73,4.179,2554.81,62.1,0,0,1,1,1,1,1,1,1,1,1,4311000,2022.0,0,0,0.0,0.0,1,1,1,0,-0.42,-0.78,retained_legacy_not_independently_reimported,2022.0,0,excluded_until_researcher_coding_rubric_is_documented,3716858.0,136.0,372.0,236.0,63.0,0.3659,0.0,GDP parsed from comma-formatted text to numeric.,15.1565293292472,8.08188677777051,,,,0.12072495775071043,-1.9855828705273788,Western Asia,1,,2018.0,2018.0,True,0,0,0
Georgia,GEO,2007,party,2014,2017.0,2017.0,,0,0,0,-10.0,-10.0,2.1,5.419,3.932,2891.14,61.0,0,0,1,1,1,1,1,1,1,1,1,4313000,2022.0,0,0,1.0,0.0,1,1,1,0,0.21,-0.59,retained_legacy_not_independently_reimported,2022.0,0,excluded_until_researcher_coding_rubric_is_documented,3716858.0,136.0,372.0,236.0,63.0,0.3659,0.0,GDP parsed from comma-formatted text to numeric.,15.6220408908291,8.31739166597355,,,,0.11849651024599091,-2.0067454499709276,Western Asia,1,,2018.0,2018.0,True,0,0,0
Georgia,GEO,2008,party,2014,2017.0,2017.0,,0,0,0,-9.0,-9.0,2.023,5.125,2.537,2970.16,60.7,0,0,1,1,1,1,1,1,1,1,1,4318000,2022.0,0,0,1.0,0.0,1,1,1,0,0.52,-0.45,retained_legacy_not_independently_reimported,2022.0,0,excluded_until_researcher_coding_rubric_is_documented,3716858.0,136.0,372.0,236.0,63.0,0.3659,0.0,GDP parsed from comma-formatted text to numeric.,12.1174900822475,6.67310210823087,,,,0.14306434842309673,-1.7900683120862144,Western Asia,1,,2018.0,2018.0,True,0,0,0
Georgia,GEO,2009,party,2014,2017.0,2017.0,,0,0,0,-8.0,-8.0,1.569,4.159,2.143,2887.26,60.9,0,0,1,1,1,1,1,1,1,1,1,4321000,2022.0,0,0,1.0,0.0,1,1,1,0,0.51,-0.34,retained_legacy_not_independently_reimported,2022.0,0,excluded_until_researcher_coding_rubric_is_documented,3716858.0,136.0,372.0,236.0,63.0,0.3659,0.0,GDP parsed from comma-formatted text to numeric.,9.77772253798686,5.35859118044788,,,,0.13827781500316588,-1.8296681138510618,Western Asia,1,,2018.0,2018.0,True,0,0,0
Georgia,GEO,2010,party,2014,2017.0,2017.0,,0,0,0,-7.0,-7.0,1.338,4.235,2.105,3090.07,60.4,0,0,1,1,1,1,1,1,1,1,1,4329000,2022.0,0,0,1.0,0.0,1,1,1,0,0.56,-0.35,retained_legacy_not_independently_reimported,2022.0,0,excluded_until_researcher_coding_rubric_is_documented,3716858.0,136.0,372.0,236.0,63.0,0.3659,0.0,GDP parsed from comma-formatted text to numeric.,8.81979494808802,4.79988767749478,0.143323866791932,0.166411225435623,,0.13172150125474316,-1.8858226595263148,Western Asia,1,,2018.0,2018.0,True,0,0,0
Georgia,GEO,2011,party,2014,2017.0,2017.0,,0,0,0,-6.0,-6.0,,,,3362.1,59.8,0,0,1,1,0,0,0,1,0,0,0,4338000,2022.0,0,0,1.0,0.0,1,1,1,0,0.99,-0.2,retained_legacy_not_independently_reimported,2022.0,0,excluded_until_researcher_coding_rubric_is_documented,3716858.0,136.0,372.0,236.0,63.0,0.3659,0.0,GDP parsed from comma-formatted text to numeric.,,,,,,,,Western Asia,1,,2018.0,2018.0,True,0,0,0
Georgia,GEO,2012,party,2014,2017.0,2017.0,,0,0,0,-5.0,-5.0,,,,3609.78,59.3,0,0,1,1,0,0,0,1,0,0,0,4497000,2022.0,0,0,1.0,0.0,1,1,1,0,1.07,-0.01,retained_legacy_not_independently_reimported,2022.0,0,excluded_until_researcher_coding_rubric_is_documented,3716858.0,136.0,372.0,236.0,63.0,0.3659,0.0,GDP parsed from comma-formatted text to numeric.,,,,,,,,Western Asia,1,,2018.0,2018.0,True,0,0,0
Georgia,GEO,2013,party,2014,2017.0,2017.0,,0,0,0,-4.0,-4.0,,,,3806.51,59.0,0,0,1,1,0,0,0,1,0,0,0,4478000,2022.0,0,0,1.0,0.0,1,1,1,0,1.03,0.01,retained_legacy_not_independently_reimported,2022.0,0,excluded_until_researcher_coding_rubric_is_documented,3716858.0,136.0,372.0,236.0,63.0,0.3659,0.0,GDP parsed from comma-formatted text to numeric.,,,,,,,,Western Asia,1,,2018.0,2018.0,True,0,0,0
Georgia,GEO,2014,party,2014,2017.0,2017.0,,0,0,0,-3.0,-3.0,1.653,3.454,1.081,3960.35,58.8,0,0,1,1,1,1,1,1,1,1,1,4461000,2022.0,0,0,1.0,0.0,1,1,1,0,0.72,0.38,retained_legacy_not_independently_reimported,2022.0,0,excluded_until_researcher_coding_rubric_is_documented,3716858.0,136.0,372.0,236.0,63.0,0.3659,0.0,GDP parsed from comma-formatted text to numeric.,4.21598016022648,,0.0987481206998279,0.0,0.0,0.28165029611144776,-0.9362902865604679,Western Asia,1,,2018.0,2018.0,True,0,0,0
Georgia,GEO,2015,party,2014,2017.0,2017.0,,0,0,0,-2.0,-2.0,,,,4086.62,58.7,0,0,1,1,0,0,0,1,0,0,0,4445000,2022.0,0,0,1.0,0.0,1,1,1,0,0.47,0.38,retained_legacy_not_independently_reimported,2022.0,0,excluded_until_researcher_coding_rubric_is_documented,3716858.0,136.0,372.0,236.0,63.0,0.3659,0.0,GDP parsed from comma-formatted text to numeric.,,,,,,,,Western Asia,1,,2018.0,2018.0,True,0,0,0
Georgia,GEO,2016,party,2014,2017.0,2017.0,,0,0,0,-1.0,-1.0,1.679,,,4225.09,58.6,0,0,1,1,1,0,0,1,1,0,0,4429000,2022.0,0,0,1.0,0.0,1,1,1,0,0.73,0.58,retained_legacy_not_independently_reimported,2022.0,0,excluded_until_researcher_coding_rubric_is_documented,3716858.0,136.0,372.0,236.0,63.0,0.3659,0.0,GDP parsed from comma-formatted text to numeric.,0.282996788835437,1.02846555312855,,,,0.8557608297598629,1.780518106369927,Western Asia,1,,2018.0,2018.0,True,0,0,0
Georgia,GEO,2017,party,2014,2017.0,2017.0,,1,1,1,0.0,0.0,1.037,,,4442.51,58.4,0,0,1,1,1,0,0,1,1,0,0,4411000,2022.0,0,0,1.0,0.0,1,1,1,0,0.83,0.45,retained_legacy_not_independently_reimported,2022.0,0,excluded_until_researcher_coding_rubric_is_documented,3716858.0,136.0,372.0,236.0,63.0,0.3659,0.0,GDP parsed from comma-formatted text to numeric.,3.90510924118634,2.39924552955963,,,,0.20982943706664622,-1.32595382834858,Western Asia,1,,2018.0,2018.0,True,0,0,1
Georgia,GEO,2018,party,2014,2017.0,2017.0,,1,1,1,1.0,1.0,1.085,10.672,2.53,4713.65,55.7,0,0,1,1,1,1,1,1,1,1,1,3723000,2022.0,0,0,1.0,0.0,1,1,1,0,0.89,0.47,retained_legacy_not_independently_reimported,2022.0,0,excluded_until_researcher_coding_rubric_is_documented,3716858.0,136.0,372.0,236.0,63.0,0.3659,0.0,GDP parsed from comma-formatted text to numeric.,3.96012381609977,2.34526705345127,0.345294414048945,0.169719592118562,0.0,0.21505914216368632,-1.2946953044770346,Western Asia,1,,2018.0,2018.0,True,1,1,1
Georgia,GEO,2019,party,2014,2017.0,2017.0,,1,1,1,2.0,2.0,0.937,11.089,3.134,4975.81,54.7,0,0,1,1,1,1,1,1,1,1,1,3717000,2022.0,0,0,1.0,0.0,1,1,1,0,1.32,0.43,retained_legacy_not_independently_reimported,2022.0,0,excluded_until_researcher_coding_rubric_is_documented,3716858.0,136.0,372.0,236.0,63.0,0.3659,0.0,GDP parsed from comma-formatted text to numeric.,,2.02806499553233,,,,,,Western Asia,1,,2018.0,2018.0,True,1,1,1
Georgia,GEO,2020,party,2014,2017.0,2017.0,,1,1,1,3.0,3.0,1.183,,,4659.61,55.2,0,0,1,1,1,0,0,1,1,0,0,3714000,2022.0,0,0,1.0,0.0,1,1,1,0,1.23,0.38,retained_legacy_not_independently_reimported,2022.0,0,excluded_until_researcher_coding_rubric_is_documented,3716858.0,136.0,372.0,236.0,63.0,0.3659,0.0,GDP parsed from comma-formatted text to numeric.,,,,,,,,Western Asia,1,,2018.0,2018.0,True,1,1,1
Georgia,GEO,2021,party,2014,2017.0,2017.0,,1,1,1,4.0,4.0,,,,5175.2,53.1,0,0,1,1,0,0,0,1,0,0,0,3729000,2022.0,0,0,1.0,0.0,1,1,1,0,1.06,0.25,retained_legacy_not_independently_reimported,2022.0,0,excluded_until_researcher_coding_rubric_is_documented,3716858.0,136.0,372.0,236.0,63.0,0.3659,0.0,GDP parsed from comma-formatted text to numeric.,,,,,,,,Western Asia,1,,2018.0,2018.0,True,1,1,1
Georgia,GEO,2022,party,2014,2017.0,2017.0,,1,1,1,5.0,5.0,,,,5736.3,55.8,0,0,1,1,0,0,0,1,0,0,0,3750000,2022.0,1,0,1.0,0.0,1,1,1,0,0.91,0.24,retained_legacy_not_independently_reimported,2022.0,1,excluded_until_researcher_coding_rubric_is_documented,3716858.0,136.0,372.0,236.0,63.0,0.3659,0.0,GDP parsed from comma-formatted text to numeric.,,,,,,,,Western Asia,1,,2018.0,2018.0,True,1,1,1
Georgia,GEO,2023,party,2014,2017.0,2017.0,,1,1,1,6.0,6.0,,,,6180.62,56.3,0,0,1,1,0,0,0,1,0,0,0,3760000,2022.0,1,0,1.0,1.0,1,1,1,0,0.55,0.12,retained_legacy_not_independently_reimported,2022.0,1,excluded_until_researcher_coding_rubric_is_documented,3716858.0,136.0,372.0,236.0,63.0,0.3659,0.0,GDP parsed from comma-formatted text to numeric. | UNODC outcome values preserved from source dataset; not silently imputed or replaced.,,,,,,,,Western Asia,1,,2018.0,2018.0,True,1,1,1
Greece,GRC,1990,party,2011,2018.0,2018.0,,0,0,0,-28.0,-28.0,0.633,,,15438.79,35.5,0,0,1,1,0,0,0,0,0,0,0,10161000,2023.0,0,0,0.0,0.0,1,1,1,0,,,retained_legacy_not_independently_reimported,2023.0,0,excluded_until_researcher_coding_rubric_is_documented,10718565.0,450.0,1072.0,622.0,58.0,0.419832,0.0,GDP parsed from comma-formatted text to numeric. | GREVIO baseline publication year corrected to 2023 from official CoE page.,1.40743354528241,1.01379472430973,,,,0.31022818727104806,-0.7990527220355947,Southern Europe,0,,2019.0,2019.0,True,0,0,0
Greece,GRC,1991,party,2011,2018.0,2018.0,,0,0,0,-27.0,-27.0,0.801,,,15727.47,33.3,0,0,1,1,0,0,0,0,0,0,0,10200000,2023.0,0,0,0.0,0.0,1,1,1,0,,,retained_legacy_not_independently_reimported,2023.0,0,excluded_until_researcher_coding_rubric_is_documented,10718565.0,450.0,1072.0,622.0,58.0,0.419832,0.0,GDP parsed from comma-formatted text to numeric. | GREVIO baseline publication year corrected to 2023 from official CoE page.,1.89595390711162,1.33894214256357,,,,0.2970017388461243,-0.8616164248559635,Southern Europe,0,,2019.0,2019.0,True,0,0,0
Greece,GRC,1992,party,2011,2018.0,2018.0,,0,0,0,-26.0,-26.0,0.574,,,15717.05,34.6,0,0,1,1,0,0,0,0,0,0,0,10259000,2023.0,0,0,0.0,0.0,1,1,1,0,,,retained_legacy_not_independently_reimported,2023.0,0,excluded_until_researcher_coding_rubric_is_documented,10718565.0,450.0,1072.0,622.0,58.0,0.419832,0.0,GDP parsed from comma-formatted text to numeric. | GREVIO baseline publication year corrected to 2023 from official CoE page.,2.0964764502679,1.32240728899315,,,,0.2149429177487848,-1.2953839373485527,Southern Europe,0,,2019.0,2019.0,True,0,0,0
Greece,GRC,1993,party,2011,2018.0,2018.0,,0,0,0,-25.0,-25.0,0.746,,,15374.86,34.8,0,0,1,1,0,0,0,0,0,0,0,10319000,2023.0,0,0,0.0,0.0,1,1,1,0,,,retained_legacy_not_independently_reimported,2023.0,0,excluded_until_researcher_coding_rubric_is_documented,10718565.0,450.0,1072.0,622.0,58.0,0.419832,0.0,GDP parsed from comma-formatted text to numeric. | GREVIO baseline publication year corrected to 2023 from official CoE page.,2.15767682689457,1.44054157448601,,,,0.25691564332861155,-1.0620617785585378,Southern Europe,0,,2019.0,2019.0,True,0,0,0
Greece,GRC,1994,party,2011,2018.0,2018.0,,0,0,0,-24.0,-24.0,0.568,,,15604.03,35.4,0,0,1,1,0,0,0,0,0,0,0,10397000,2023.0,0,0,0.0,0.0,1,1,1,0,,,retained_legacy_not_independently_reimported,2023.0,0,excluded_until_researcher_coding_rubric_is_documented,10718565.0,450.0,1072.0,622.0,58.0,0.419832,0.0,GDP parsed from comma-formatted text to numeric. | GREVIO baseline publication year corrected to 2023 from official CoE page.,1.99613113699984,1.27075007073922,,,,0.22151753153490736,-1.2568447358918338,Southern Europe,0,,2019.0,2019.0,True,0,0,0
Greece,GRC,1995,party,2011,2018.0,2018.0,,0,0,0,-23.0,-23.0,0.814,,,15857.42,36.0,0,0,1,1,0,0,0,0,0,0,0,10470000,2023.0,0,0,0.0,0.0,1,1,1,0,,,retained_legacy_not_independently_reimported,2023.0,0,excluded_until_researcher_coding_rubric_is_documented,10718565.0,450.0,1072.0,622.0,58.0,0.419832,0.0,GDP parsed from comma-formatted text to numeric. | GREVIO baseline publication year corrected to 2023 from official CoE page.,2.07634424584208,1.43546567005422,,,,0.28162735327149485,-0.9364036862329116,Southern Europe,0,,2019.0,2019.0,True,0,0,0
Greece,GRC,1996,party,2011,2018.0,2018.0,,0,0,0,-22.0,-22.0,1.006,,,16005.95,37.2,0,0,1,1,0,0,0,1,0,0,0,10530000,2023.0,0,0,0.0,0.0,1,1,1,0,1.42,1.79,retained_legacy_not_independently_reimported,2023.0,0,excluded_until_researcher_coding_rubric_is_documented,10718565.0,450.0,1072.0,622.0,58.0,0.419832,0.0,GDP parsed from comma-formatted text to numeric. | GREVIO baseline publication year corrected to 2023 from official CoE page.,2.20956364772988,1.59885261038705,,,,0.31285339374644777,-0.7868129798912716,Southern Europe,0,,2019.0,2019.0,True,0,0,0
Greece,GRC,1997,party,2011,2018.0,2018.0,,0,0,0,-21.0,-21.0,0.722,,,16501.03,37.2,0,0,1,1,0,0,0,0,0,0,0,10573000,2023.0,0,0,0.0,0.0,1,1,1,0,,,retained_legacy_not_independently_reimported,2023.0,0,excluded_until_researcher_coding_rubric_is_documented,10718565.0,450.0,1072.0,622.0,58.0,0.419832,0.0,GDP parsed from comma-formatted text to numeric. | GREVIO baseline publication year corrected to 2023 from official CoE page.,3.13525639194949,1.91106937511326,,,,0.1871796755608188,-1.4684410945460349,Southern Europe,0,,2019.0,2019.0,True,0,0,0
Greece,GRC,1998,party,2011,2018.0,2018.0,,0,0,0,-20.0,-20.0,0.79,,,16973.83,39.0,0,0,1,1,0,0,0,1,0,0,0,10599000,2023.0,0,0,0.0,0.0,1,1,1,0,1.25,1.32,retained_legacy_not_independently_reimported,2023.0,0,excluded_until_researcher_coding_rubric_is_documented,10718565.0,450.0,1072.0,622.0,58.0,0.419832,0.0,GDP parsed from comma-formatted text to numeric. | GREVIO baseline publication year corrected to 2023 from official CoE page.,2.53153289193872,1.6486487777658,,,,0.23784199214685212,-1.164547338927383,Southern Europe,0,,2019.0,2019.0,True,0,0,0
Greece,GRC,1999,party,2011,2018.0,2018.0,,0,0,0,-19.0,-19.0,0.746,,,17358.43,39.5,0,0,1,1,0,0,0,0,0,0,0,10609000,2023.0,0,0,0.0,0.0,1,1,1,0,,,retained_legacy_not_independently_reimported,2023.0,0,excluded_until_researcher_coding_rubric_is_documented,10718565.0,450.0,1072.0,622.0,58.0,0.419832,0.0,GDP parsed from comma-formatted text to numeric. | GREVIO baseline publication year corrected to 2023 from official CoE page.,2.16346406014028,1.44482396707554,,,,0.2564046108079546,-1.064740347416696,Southern Europe,0,,2019.0,2019.0,True,0,0,0
Greece,GRC,2000,party,2011,2018.0,2018.0,,0,0,0,-18.0,-18.0,,,,18002.91,39.5,0,0,1,1,0,0,0,1,0,0,0,10917000,2023.0,0,0,0.0,0.0,1,1,1,0,1.0,1.46,retained_legacy_not_independently_reimported,2023.0,0,excluded_until_researcher_coding_rubric_is_documented,10718565.0,450.0,1072.0,622.0,58.0,0.419832,0.0,GDP parsed from comma-formatted text to numeric. | GREVIO baseline publication year corrected to 2023 from official CoE page.,,,,,,,,Southern Europe,0,,2019.0,2019.0,True,0,0,0
Greece,GRC,2001,party,2011,2018.0,2018.0,,0,0,0,-17.0,-17.0,0.648,,,18742.42,38.7,0,0,1,1,1,0,0,0,0,0,0,10951000,2023.0,0,0,0.0,0.0,1,1,1,0,,,retained_legacy_not_independently_reimported,2023.0,0,excluded_until_researcher_coding_rubric_is_documented,10718565.0,450.0,1072.0,622.0,58.0,0.419832,0.0,GDP parsed from comma-formatted text to numeric. | GREVIO baseline publication year corrected to 2023 from official CoE page.,1.80187814351348,1.21735690880249,,,,0.26450295159198167,-1.0226941166179782,Southern Europe,0,,2019.0,2019.0,True,0,0,0
Greece,GRC,2002,party,2011,2018.0,2018.0,,0,0,0,-16.0,-16.0,0.426,,,19548.37,39.3,0,0,1,1,1,0,0,1,1,0,0,10994000,2023.0,0,0,0.0,0.0,1,1,1,0,1.32,1.23,retained_legacy_not_independently_reimported,2023.0,0,excluded_until_researcher_coding_rubric_is_documented,10718565.0,450.0,1072.0,622.0,58.0,0.419832,0.0,GDP parsed from comma-formatted text to numeric. | GREVIO baseline publication year corrected to 2023 from official CoE page.,1.31169928782171,0.863154597737589,,,,0.24515173769450732,-1.124639395608615,Southern Europe,0,,2019.0,2019.0,True,0,0,0
Greece,GRC,2003,party,2011,2018.0,2018.0,,0,0,0,-15.0,-15.0,0.597,8.234,2.116,20632.26,39.9,0,0,1,1,1,0,0,1,1,0,0,11017000,2023.0,0,0,0.0,0.0,1,1,1,0,1.2,1.34,retained_legacy_not_independently_reimported,2023.0,0,excluded_until_researcher_coding_rubric_is_documented,10718565.0,450.0,1072.0,622.0,58.0,0.419832,0.0,GDP parsed from comma-formatted text to numeric. | GREVIO baseline publication year corrected to 2023 from official CoE page.,1.65194563465478,,,,,0.2654577286354195,-1.0177919313422021,Southern Europe,0,,2019.0,2019.0,True,0,0,0
Greece,GRC,2004,party,2011,2018.0,2018.0,,0,0,0,-14.0,-14.0,0.535,5.718,2.192,21688.11,41.0,0,0,1,1,1,0,0,1,1,0,0,11041000,2023.0,0,0,0.0,0.0,1,1,1,0,1.34,1.53,retained_legacy_not_independently_reimported,2023.0,0,excluded_until_researcher_coding_rubric_is_documented,10718565.0,450.0,1072.0,622.0,58.0,0.419832,0.0,GDP parsed from comma-formatted text to numeric. | GREVIO baseline publication year corrected to 2023 from official CoE page.,1.50612507457808,1.01394257823949,,,,0.2621103462317661,-1.0350287088639603,Southern Europe,0,,2019.0,2019.0,True,0,0,0
Greece,GRC,2005,party,2011,2018.0,2018.0,,0,0,0,-13.0,-13.0,0.797,5.764,1.612,21880.53,41.3,0,0,1,1,1,1,1,1,1,1,1,11083000,2023.0,0,0,0.0,0.0,1,1,1,0,1.21,1.33,retained_legacy_not_independently_reimported,2023.0,0,excluded_until_researcher_coding_rubric_is_documented,10718565.0,450.0,1072.0,622.0,58.0,0.419832,0.0,GDP parsed from comma-formatted text to numeric. | GREVIO baseline publication year corrected to 2023 from official CoE page.,1.61868701827719,1.20203980691416,,,,0.3299268464705338,-0.7085159382727206,Southern Europe,0,,2019.0,2019.0,True,0,0,0
Greece,GRC,2006,party,2011,2018.0,2018.0,,0,0,0,-12.0,-12.0,0.394,6.309,1.652,23220.53,41.6,0,0,1,1,1,1,1,1,1,1,1,11125000,2023.0,0,0,0.0,0.0,1,1,1,0,1.07,1.47,retained_legacy_not_independently_reimported,2023.0,0,excluded_until_researcher_coding_rubric_is_documented,10718565.0,450.0,1072.0,622.0,58.0,0.419832,0.0,GDP parsed from comma-formatted text to numeric. | GREVIO baseline publication year corrected to 2023 from official CoE page.,1.62190022383145,0.99853818548455,,,,0.19544618098764716,-1.4150028092014035,Southern Europe,0,,2019.0,2019.0,True,0,0,0
Greece,GRC,2007,party,2011,2018.0,2018.0,,0,0,0,-11.0,-11.0,0.624,5.025,1.675,23973.69,41.5,0,0,1,1,1,1,1,1,1,1,1,11171000,2023.0,0,0,0.0,0.0,1,1,1,0,0.94,1.46,retained_legacy_not_independently_reimported,2023.0,0,excluded_until_researcher_coding_rubric_is_documented,10718565.0,450.0,1072.0,622.0,58.0,0.419832,0.0,GDP parsed from comma-formatted text to numeric. | GREVIO baseline publication year corrected to 2023 from official CoE page.,1.74855663551935,1.17692468944918,,,,0.26300742020575923,-1.0303955785269863,Southern Europe,0,,2019.0,2019.0,True,0,0,0
Greece,GRC,2008,party,2011,2018.0,2018.0,,0,0,0,-10.0,-10.0,0.585,6.157,2.094,23923.88,41.5,0,0,1,1,1,1,1,1,1,1,1,11215000,2023.0,0,0,1.0,0.0,1,1,1,0,0.98,1.45,retained_legacy_not_independently_reimported,2023.0,0,excluded_until_researcher_coding_rubric_is_documented,10718565.0,450.0,1072.0,622.0,58.0,0.419832,0.0,GDP parsed from comma-formatted text to numeric. | GREVIO baseline publication year corrected to 2023 from official CoE page.,2.04040235631546,1.30000599447209,,,,0.22282298886217203,-1.2492904536464091,Southern Europe,0,,2019.0,2019.0,True,0,0,0
Greece,GRC,2009,party,2011,2018.0,2018.0,,0,0,0,-9.0,-9.0,0.442,8.318,1.918,22878.13,42.6,0,0,1,1,1,1,1,1,1,1,1,11258000,2023.0,0,0,1.0,0.0,1,1,1,0,1.05,1.1,retained_legacy_not_independently_reimported,2023.0,0,excluded_until_researcher_coding_rubric_is_documented,10718565.0,450.0,1072.0,622.0,58.0,0.419832,0.0,GDP parsed from comma-formatted text to numeric. | GREVIO baseline publication year corrected to 2023 from official CoE page.,2.33165689650408,1.36837464729468,,,,0.15935640798149808,-1.6630245261394538,Southern Europe,0,,2019.0,2019.0,True,0,0,0
Greece,GRC,2010,party,2011,2018.0,2018.0,,0,0,0,-8.0,-8.0,0.599,4.593,1.933,21547.72,43.2,0,0,1,1,1,1,1,1,1,1,1,11254000,2023.0,0,0,1.0,0.0,1,1,1,0,0.84,0.99,retained_legacy_not_independently_reimported,2023.0,0,excluded_until_researcher_coding_rubric_is_documented,10718565.0,450.0,1072.0,622.0,58.0,0.419832,0.0,GDP parsed from comma-formatted text to numeric. | GREVIO baseline publication year corrected to 2023 from official CoE page.,2.60755402893265,1.58206940071031,,,,0.18680489852821416,-1.470906309132595,Southern Europe,0,,2019.0,2019.0,True,0,0,0
Greece,GRC,2011,party,2011,2018.0,2018.0,,0,0,0,-7.0,-7.0,0.563,3.916,1.548,19448.26,43.1,0,0,1,1,1,1,1,1,1,1,1,10816000,2023.0,0,0,1.0,0.0,1,1,1,0,0.77,0.91,retained_legacy_not_independently_reimported,2023.0,0,excluded_until_researcher_coding_rubric_is_documented,10718565.0,450.0,1072.0,622.0,58.0,0.419832,0.0,GDP parsed from comma-formatted text to numeric. | GREVIO baseline publication year corrected to 2023 from official CoE page.,2.80102314741573,1.65633803374762,,,,0.16735913378970094,-1.6044604110690388,Southern Europe,0,,2019.0,2019.0,True,0,0,0
Greece,GRC,2012,party,2011,2018.0,2018.0,,0,0,0,-6.0,-6.0,0.688,4.399,1.512,17924.66,43.4,0,0,1,1,1,1,1,1,1,1,1,10816000,2023.0,0,0,1.0,0.0,1,1,1,0,0.47,0.66,retained_legacy_not_independently_reimported,2023.0,0,excluded_until_researcher_coding_rubric_is_documented,10718565.0,450.0,1072.0,622.0,58.0,0.419832,0.0,GDP parsed from comma-formatted text to numeric. | GREVIO baseline publication year corrected to 2023 from official CoE page.,2.35993945175819,1.50249393628294,,,,0.22572626880863075,-1.2326024037225254,Southern Europe,0,,2019.0,2019.0,True,0,0,0
Greece,GRC,2013,party,2011,2018.0,2018.0,,0,0,0,-5.0,-5.0,0.886,4.267,1.359,17644.88,43.2,0,0,1,1,1,1,1,1,1,1,1,10815000,2023.0,0,0,1.0,0.0,1,1,1,0,0.61,0.79,retained_legacy_not_independently_reimported,2023.0,0,excluded_until_researcher_coding_rubric_is_documented,10718565.0,450.0,1072.0,622.0,58.0,0.419832,0.0,GDP parsed from comma-formatted text to numeric. | GREVIO baseline publication year corrected to 2023 from official CoE page.,1.93443740878916,1.39502562128674,,,,0.31413567173623896,-0.7808548677725305,Southern Europe,0,,2019.0,2019.0,True,0,0,0
Greece,GRC,2014,party,2011,2018.0,2018.0,,0,0,0,-4.0,-4.0,0.48,4.278,1.23,17903.53,43.5,0,0,1,1,1,1,1,1,1,1,1,10814000,2023.0,0,0,1.0,0.0,1,1,1,0,0.51,0.64,retained_legacy_not_independently_reimported,2023.0,0,excluded_until_researcher_coding_rubric_is_documented,10718565.0,450.0,1072.0,622.0,58.0,0.419832,0.0,GDP parsed from comma-formatted text to numeric. | GREVIO baseline publication year corrected to 2023 from official CoE page.,1.5169950376248,0.982267185579143,,,,0.24036113808820764,-1.150700604264449,Southern Europe,0,,2019.0,2019.0,True,0,0,0
Greece,GRC,2015,party,2011,2018.0,2018.0,,0,0,0,-3.0,-3.0,0.536,5.12,1.127,17980.73,44.0,0,0,1,1,1,1,1,1,1,1,1,10812000,2023.0,0,0,1.0,0.0,1,1,1,0,0.26,0.44,retained_legacy_not_independently_reimported,2023.0,0,excluded_until_researcher_coding_rubric_is_documented,10718565.0,450.0,1072.0,622.0,58.0,0.419832,0.0,GDP parsed from comma-formatted text to numeric. | GREVIO baseline publication year corrected to 2023 from official CoE page.,1.20523623491087,0.859447721666469,0.196649398167925,0.0956536694373709,,0.3078272719424752,-0.8102967112087187,Southern Europe,0,,2019.0,2019.0,True,0,0,0
Greece,GRC,2016,party,2011,2018.0,2018.0,,0,0,0,-2.0,-2.0,0.467,4.575,1.438,18049.93,44.1,0,0,1,1,1,1,1,1,1,1,1,10746000,2023.0,0,0,1.0,0.0,1,1,1,0,0.22,0.2,retained_legacy_not_independently_reimported,2023.0,0,excluded_until_researcher_coding_rubric_is_documented,10718565.0,450.0,1072.0,622.0,58.0,0.419832,0.0,GDP parsed from comma-formatted text to numeric. | GREVIO baseline publication year corrected to 2023 from official CoE page.,1.11488077503436,0.779545903374914,0.233261094166786,0.115332493969072,,0.2952182031479941,-0.8701734922877871,Southern Europe,0,,2019.0,2019.0,True,0,0,0
Greece,GRC,2017,party,2011,2018.0,2018.0,,0,0,0,-1.0,-1.0,0.414,4.213,1.451,18352.09,43.8,0,0,1,1,1,1,1,1,1,1,1,10768000,2023.0,0,0,1.0,0.0,1,1,1,0,0.42,0.09,retained_legacy_not_independently_reimported,2023.0,0,excluded_until_researcher_coding_rubric_is_documented,10718565.0,450.0,1072.0,622.0,58.0,0.419832,0.0,GDP parsed from comma-formatted text to numeric. | GREVIO baseline publication year corrected to 2023 from official CoE page.,1.21283596278095,0.799737128265793,0.125919742533701,0.0770054579543462,,0.2544817114150213,-1.0748506933119386,Southern Europe,0,,2019.0,2019.0,True,0,0,0
Greece,GRC,2018,party,2011,2018.0,2018.0,,1,1,1,0.0,0.0,0.523,3.942,1.463,18769.04,43.4,0,0,1,1,1,1,1,1,1,1,1,10730000,2023.0,0,0,1.0,0.0,1,1,1,0,0.45,0.2,retained_legacy_not_independently_reimported,2023.0,0,excluded_until_researcher_coding_rubric_is_documented,10718565.0,450.0,1072.0,622.0,58.0,0.419832,0.0,GDP parsed from comma-formatted text to numeric. | GREVIO baseline publication year corrected to 2023 from official CoE page.,1.34949111172138,0.922574259889262,0.234500297003645,0.212062888984788,,0.279307066787199,-0.9479013820219687,Southern Europe,0,,2019.0,2019.0,True,0,0,1
Greece,GRC,2019,party,2011,2018.0,2018.0,,1,1,1,1.0,1.0,0.344,2.827,1.698,19216.68,43.5,0,0,1,1,1,1,1,1,1,1,1,10718000,2023.0,0,0,1.0,0.0,1,1,1,0,0.54,0.27,retained_legacy_not_independently_reimported,2023.0,0,excluded_until_researcher_coding_rubric_is_documented,10718565.0,450.0,1072.0,622.0,58.0,0.419832,0.0,GDP parsed from comma-formatted text to numeric. | GREVIO baseline publication year corrected to 2023 from official CoE page.,1.13698490488736,0.727708640014711,0.198936143758492,0.134896514139178,,0.23227785702931505,-1.1954935600245922,Southern Europe,0,,2019.0,2019.0,True,1,1,1
Greece,GRC,2020,party,2011,2018.0,2018.0,,1,1,1,2.0,2.0,0.345,5.075,1.608,17486.95,42.7,0,0,1,1,1,1,1,1,1,1,1,10714000,2023.0,0,0,1.0,0.0,1,1,1,0,0.7,0.5,retained_legacy_not_independently_reimported,2023.0,0,excluded_until_researcher_coding_rubric_is_documented,10718565.0,450.0,1072.0,622.0,58.0,0.419832,0.0,GDP parsed from comma-formatted text to numeric. | GREVIO baseline publication year corrected to 2023 from official CoE page.,1.13785948766044,0.72901495405944,0.163215135048283,0.0771430161125725,0.090675075026824,0.23265859164061373,-1.1933597169738812,Southern Europe,0,,2019.0,2019.0,True,1,1,1
Greece,GRC,2021,party,2011,2018.0,2018.0,,1,1,1,3.0,3.0,0.605,9.131,2.448,19232.97,43.3,0,0,1,1,1,1,1,1,1,1,1,10678000,2023.0,0,0,1.0,0.0,1,1,1,0,0.7,0.55,retained_legacy_not_independently_reimported,2023.0,0,excluded_until_researcher_coding_rubric_is_documented,10718565.0,450.0,1072.0,622.0,58.0,0.419832,0.0,GDP parsed from comma-formatted text to numeric. | GREVIO baseline publication year corrected to 2023 from official CoE page.,1.09257015227111,0.841244735958326,0.421706363292331,0.214611994196111,0.275025889103694,0.35639175158127934,-0.5910596794824977,Southern Europe,0,,2019.0,2019.0,True,1,1,1
Greece,GRC,2022,party,2011,2018.0,2018.0,,1,1,1,4.0,4.0,0.838,10.564,3.198,20552.32,44.4,0,0,1,1,1,1,1,1,1,1,1,10433000,2023.0,0,0,1.0,0.0,1,1,1,0,0.63,0.46,retained_legacy_not_independently_reimported,2023.0,0,excluded_until_researcher_coding_rubric_is_documented,10718565.0,450.0,1072.0,622.0,58.0,0.419832,0.0,GDP parsed from comma-formatted text to numeric. | GREVIO baseline publication year corrected to 2023 from official CoE page.,1.42774339405936,1.12365161805833,0.446964246771195,0.237957232343226,0.242105633667731,0.36985653459133305,-0.5328323302333167,Southern Europe,0,,2019.0,2019.0,True,1,1,1
Greece,GRC,2023,party,2011,2018.0,2018.0,,1,1,1,5.0,5.0,0.341,10.222,2.861,21050.86,44.6,0,0,1,1,1,1,1,1,1,1,1,10394000,2023.0,1,1,1.0,0.0,1,1,1,0,0.1,0.15,retained_legacy_not_independently_reimported,2023.0,1,excluded_until_researcher_coding_rubric_is_documented,10718565.0,450.0,1072.0,622.0,58.0,0.419832,0.0,GDP parsed from comma-formatted text to numeric. | GREVIO baseline publication year corrected to 2023 from official CoE page. | UNODC outcome values preserved from source dataset; not silently imputed or replaced.,1.37063737963965,0.839605274224601,0.227199016682656,0.141095024374669,0.113599508341328,0.19922444091037,-1.3911486739606782,Southern Europe,0,,2019.0,2019.0,True,1,1,1
Croatia,HRV,1990,party,2013,2018.0,2018.0,,0,0,0,-28.0,-28.0,1.724,,,9754.65,47.3,0,0,1,1,0,0,0,0,0,0,0,4784000,2023.0,0,0,0.0,0.0,1,1,1,0,,,retained_legacy_not_independently_reimported,2023.0,0,excluded_until_researcher_coding_rubric_is_documented,4058165.0,301.0,406.0,105.0,26.0,0.741715,0.0,GDP parsed from comma-formatted text to numeric. | GREVIO baseline publication year corrected to 2023 from official CoE page.,4.03472545474564,2.83346730256291,,,,0.2993717991155993,-0.8502910862102881,Southern Europe,1,,2019.0,2019.0,True,0,0,0
Croatia,HRV,1991,party,2013,2018.0,2018.0,,0,0,0,-27.0,-27.0,4.951,,,7842.55,46.6,0,0,1,1,0,0,0,0,0,0,0,4760000,2023.0,0,0,0.0,0.0,1,1,1,0,,,retained_legacy_not_independently_reimported,2023.0,0,excluded_until_researcher_coding_rubric_is_documented,4058165.0,301.0,406.0,105.0,26.0,0.741715,0.0,GDP parsed from comma-formatted text to numeric. | GREVIO baseline publication year corrected to 2023 from official CoE page.,13.5017697685233,9.05670012395452,,,,0.2683066044884712,-1.0032311944377237,Southern Europe,1,,2019.0,2019.0,True,0,0,0
Croatia,HRV,1992,party,2013,2018.0,2018.0,,0,0,0,-26.0,-26.0,3.812,,,7095.23,46.3,0,0,1,1,0,0,0,0,0,0,0,4757000,2023.0,0,0,0.0,0.0,1,1,1,0,,,retained_legacy_not_independently_reimported,2023.0,0,excluded_until_researcher_coding_rubric_is_documented,4058165.0,301.0,406.0,105.0,26.0,0.741715,0.0,GDP parsed from comma-formatted text to numeric. | GREVIO baseline publication year corrected to 2023 from official CoE page.,12.7291164283715,8.09245472695023,,,,0.2304560285581218,-1.205738015756648,Southern Europe,1,,2019.0,2019.0,True,0,0,0
Croatia,HRV,1993,party,2013,2018.0,2018.0,,0,0,0,-25.0,-25.0,2.255,,,6490.83,46.0,0,0,1,1,0,0,0,0,0,0,0,4784000,2023.0,0,0,0.0,0.0,1,1,1,0,,,retained_legacy_not_independently_reimported,2023.0,0,excluded_until_researcher_coding_rubric_is_documented,4058165.0,301.0,406.0,105.0,26.0,0.741715,0.0,GDP parsed from comma-formatted text to numeric. | GREVIO baseline publication year corrected to 2023 from official CoE page.,7.15948479930103,4.60913041249074,,,,0.23952452503480814,-1.155288050024114,Southern Europe,1,,2019.0,2019.0,True,0,0,0
Croatia,HRV,1994,party,2013,2018.0,2018.0,,0,0,0,-24.0,-24.0,1.266,,,6795.71,45.7,0,0,1,1,0,0,0,0,0,0,0,4669000,2023.0,0,0,0.0,0.0,1,1,1,0,,,retained_legacy_not_independently_reimported,2023.0,0,excluded_until_researcher_coding_rubric_is_documented,4058165.0,301.0,406.0,105.0,26.0,0.741715,0.0,GDP parsed from comma-formatted text to numeric. | GREVIO baseline publication year corrected to 2023 from official CoE page.,5.00038420784255,3.0584872593687,,,,0.20203038275494928,-1.3736524273284636,Southern Europe,1,,2019.0,2019.0,True,0,0,0
Croatia,HRV,1995,party,2013,2018.0,2018.0,,0,0,0,-23.0,-23.0,1.881,,,7304.71,45.4,0,0,1,1,0,0,0,0,0,0,0,4640000,2023.0,0,0,0.0,0.0,1,1,1,0,,,retained_legacy_not_independently_reimported,2023.0,0,excluded_until_researcher_coding_rubric_is_documented,4058165.0,301.0,406.0,105.0,26.0,0.741715,0.0,GDP parsed from comma-formatted text to numeric. | GREVIO baseline publication year corrected to 2023 from official CoE page.,5.44837141371549,3.59357140383083,,,,0.25663865205139896,-1.063513190528249,Southern Europe,1,,2019.0,2019.0,True,0,0,0
Croatia,HRV,1996,party,2013,2018.0,2018.0,,0,0,0,-22.0,-22.0,1.624,,,7857.99,45.1,0,0,1,1,0,0,0,1,0,0,0,4619000,2023.0,0,0,0.0,0.0,1,1,1,0,0.17,-1.08,retained_legacy_not_independently_reimported,2023.0,0,excluded_until_researcher_coding_rubric_is_documented,4058165.0,301.0,406.0,105.0,26.0,0.741715,0.0,GDP parsed from comma-formatted text to numeric. | GREVIO baseline publication year corrected to 2023 from official CoE page.,3.81059021645618,2.67409040924323,,,,0.2988265785122963,-0.8528918478571181,Southern Europe,1,,2019.0,2019.0,True,0,0,0
Croatia,HRV,1997,party,2013,2018.0,2018.0,,0,0,0,-21.0,-21.0,1.341,,,8383.47,44.9,0,0,1,1,0,0,0,0,0,0,0,4571000,2023.0,0,0,0.0,0.0,1,1,1,0,,,retained_legacy_not_independently_reimported,2023.0,0,excluded_until_researcher_coding_rubric_is_documented,4058165.0,301.0,406.0,105.0,26.0,0.741715,0.0,GDP parsed from comma-formatted text to numeric. | GREVIO baseline publication year corrected to 2023 from official CoE page.,4.00286470615514,2.61953225365686,,,,0.25094198183113,-1.0935946770270955,Southern Europe,1,,2019.0,2019.0,True,0,0,0
Croatia,HRV,1998,party,2013,2018.0,2018.0,,0,0,0,-20.0,-20.0,1.494,,,8577.51,44.7,0,0,1,1,0,0,0,1,0,0,0,4501000,2023.0,0,0,0.0,0.0,1,1,1,0,0.06,-0.69,retained_legacy_not_independently_reimported,2023.0,0,excluded_until_researcher_coding_rubric_is_documented,4058165.0,301.0,406.0,105.0,26.0,0.741715,0.0,GDP parsed from comma-formatted text to numeric. | GREVIO baseline publication year corrected to 2023 from official CoE page.,3.30027114854564,2.36185004838981,,,,0.31162192410690215,-0.7925475446123011,Southern Europe,1,,2019.0,2019.0,True,0,0,0
Croatia,HRV,1999,party,2013,2018.0,2018.0,,0,0,0,-19.0,-19.0,1.256,,,8541.53,44.5,0,0,1,1,0,0,0,0,0,0,0,4471000,2023.0,0,0,0.0,0.0,1,1,1,0,,,retained_legacy_not_independently_reimported,2023.0,0,excluded_until_researcher_coding_rubric_is_documented,4058165.0,301.0,406.0,105.0,26.0,0.741715,0.0,GDP parsed from comma-formatted text to numeric. | GREVIO baseline publication year corrected to 2023 from official CoE page.,3.90925284001936,2.53088246627428,,,,0.24316331434325147,-1.1354141981822259,Southern Europe,1,,2019.0,2019.0,True,0,0,0
Croatia,HRV,2000,party,2013,2018.0,2018.0,,0,0,0,-18.0,-18.0,1.432,,,8880.27,44.4,0,0,1,1,1,0,0,1,1,0,0,4426000,2023.0,0,0,0.0,0.0,1,1,1,0,0.62,-0.05,retained_legacy_not_independently_reimported,2023.0,0,excluded_until_researcher_coding_rubric_is_documented,4058165.0,301.0,406.0,105.0,26.0,0.741715,0.0,GDP parsed from comma-formatted text to numeric. | GREVIO baseline publication year corrected to 2023 from official CoE page.,3.31017270148244,2.3346638991268,,,,0.301971288298367,-0.8379282951638676,Southern Europe,1,,2019.0,2019.0,True,0,0,0
Croatia,HRV,2001,party,2013,2018.0,2018.0,,0,0,0,-17.0,-17.0,1.25,,,9515.74,44.3,0,0,1,1,1,0,0,0,0,0,0,4440000,2023.0,0,0,0.0,0.0,1,1,1,0,,,retained_legacy_not_independently_reimported,2023.0,0,excluded_until_researcher_coding_rubric_is_documented,4058165.0,301.0,406.0,105.0,26.0,0.741715,0.0,GDP parsed from comma-formatted text to numeric. | GREVIO baseline publication year corrected to 2023 from official CoE page.,2.56703730776733,1.883250336631,,,,0.3274791151389487,-0.7196088840754653,Southern Europe,1,,2019.0,2019.0,True,0,0,0
Croatia,HRV,2002,party,2013,2018.0,2018.0,,0,0,0,-16.0,-16.0,1.413,,,10062.04,44.1,0,0,1,1,1,0,0,1,1,0,0,4443000,2023.0,0,0,0.0,0.0,1,1,1,0,0.56,-0.25,retained_legacy_not_independently_reimported,2023.0,0,excluded_until_researcher_coding_rubric_is_documented,4058165.0,301.0,406.0,105.0,26.0,0.741715,0.0,GDP parsed from comma-formatted text to numeric. | GREVIO baseline publication year corrected to 2023 from official CoE page.,2.00091799145645,1.69539490101855,,,,0.41389394927942724,-0.34789096727946295,Southern Europe,1,,2019.0,2019.0,True,0,0,0
Croatia,HRV,2003,party,2013,2018.0,2018.0,,0,0,0,-15.0,-15.0,0.985,12.748,4.946,10619.31,44.1,0,0,1,1,1,0,0,1,1,0,0,4442000,2023.0,0,0,0.0,0.0,1,1,1,0,0.54,-0.08,retained_legacy_not_independently_reimported,2023.0,0,excluded_until_researcher_coding_rubric_is_documented,4058165.0,301.0,406.0,105.0,26.0,0.741715,0.0,GDP parsed from comma-formatted text to numeric. | GREVIO baseline publication year corrected to 2023 from official CoE page.,2.26956613709049,1.60215999030345,,,,0.3026517079418052,-0.8347023220008513,Southern Europe,1,,2019.0,2019.0,True,0,0,0
Croatia,HRV,2004,party,2013,2018.0,2018.0,,0,0,0,-14.0,-14.0,1.652,11.253,3.828,11059.1,45.2,0,0,1,1,1,0,0,1,1,0,0,4436000,2023.0,0,0,0.0,0.0,1,1,1,0,0.76,0.07,retained_legacy_not_independently_reimported,2023.0,0,excluded_until_researcher_coding_rubric_is_documented,4058165.0,301.0,406.0,105.0,26.0,0.741715,0.0,GDP parsed from comma-formatted text to numeric. | GREVIO baseline publication year corrected to 2023 from official CoE page.,2.22136801500486,1.92572926265103,,,,0.4265022052127229,-0.29613655397315,Southern Europe,1,,2019.0,2019.0,True,0,0,0
Croatia,HRV,2005,party,2013,2018.0,2018.0,,0,0,0,-13.0,-13.0,1.205,14.418,3.292,11522.79,45.4,0,0,1,1,1,1,1,1,1,1,1,4431000,2023.0,0,0,1.0,0.0,1,1,1,0,0.77,0.14,retained_legacy_not_independently_reimported,2023.0,0,excluded_until_researcher_coding_rubric_is_documented,4058165.0,301.0,406.0,105.0,26.0,0.741715,0.0,GDP parsed from comma-formatted text to numeric. | GREVIO baseline publication year corrected to 2023 from official CoE page.,1.97775889527212,1.5762830596396,,,,0.3786023508692369,-0.4954847656393042,Southern Europe,1,,2019.0,2019.0,True,0,0,0
Croatia,HRV,2006,party,2013,2018.0,2018.0,,0,0,0,-12.0,-12.0,1.428,14.134,4.333,12104.04,45.4,0,0,1,1,1,1,1,1,1,1,1,4440000,2023.0,0,0,1.0,0.0,1,1,1,0,0.94,-0.08,retained_legacy_not_independently_reimported,2023.0,0,excluded_until_researcher_coding_rubric_is_documented,4058165.0,301.0,406.0,105.0,26.0,0.741715,0.0,GDP parsed from comma-formatted text to numeric. | GREVIO baseline publication year corrected to 2023 from official CoE page.,2.02436955348192,1.71462996431716,,,,0.4136289519063152,-0.34898345655349505,Southern Europe,1,,2019.0,2019.0,True,0,0,0
Croatia,HRV,2007,party,2013,2018.0,2018.0,,0,0,0,-11.0,-11.0,1.071,15.779,3.754,12717.99,45.1,0,0,1,1,1,1,1,1,1,1,1,4435000,2023.0,0,0,1.0,0.0,1,1,1,0,0.78,0.07,retained_legacy_not_independently_reimported,2023.0,0,excluded_until_researcher_coding_rubric_is_documented,4058165.0,301.0,406.0,105.0,26.0,0.741715,0.0,GDP parsed from comma-formatted text to numeric. | GREVIO baseline publication year corrected to 2023 from official CoE page.,1.83049474178343,1.43653043608314,,,,0.36912008992361645,-0.5359934895508802,Southern Europe,1,,2019.0,2019.0,True,0,0,0
Croatia,HRV,2008,party,2013,2018.0,2018.0,,0,0,0,-10.0,-10.0,1.072,17.638,4.357,12970.44,45.7,0,0,1,1,1,1,1,1,1,1,1,4434000,2023.0,0,0,1.0,0.0,1,1,1,0,0.97,0.04,retained_legacy_not_independently_reimported,2023.0,0,excluded_until_researcher_coding_rubric_is_documented,4058165.0,301.0,406.0,105.0,26.0,0.741715,0.0,GDP parsed from comma-formatted text to numeric. | GREVIO baseline publication year corrected to 2023 from official CoE page.,2.26395172291543,1.64556385535216,,,,0.32134757605638664,-0.7475857736643655,Southern Europe,1,,2019.0,2019.0,True,0,0,0
Croatia,HRV,2009,party,2013,2018.0,2018.0,,0,0,0,-9.0,-9.0,1.073,15.265,2.993,12099.55,46.6,0,0,1,1,1,1,1,1,1,1,1,4429000,2023.0,0,0,1.0,0.0,1,1,1,0,1.0,0.07,retained_legacy_not_independently_reimported,2023.0,0,excluded_until_researcher_coding_rubric_is_documented,4058165.0,301.0,406.0,105.0,26.0,0.741715,0.0,GDP parsed from comma-formatted text to numeric. | GREVIO baseline publication year corrected to 2023 from official CoE page.,1.20498274826199,1.13675103331249,,,,0.4710307840648294,-0.11600678639654155,Southern Europe,1,,2019.0,2019.0,True,0,0,0
Croatia,HRV,2010,party,2013,2018.0,2018.0,,0,0,0,-8.0,-8.0,1.435,9.23,3.278,11965.0,46.0,0,0,1,1,1,1,1,1,1,1,1,4418000,2023.0,0,0,1.0,0.0,1,1,1,0,0.99,0.14,retained_legacy_not_independently_reimported,2023.0,0,excluded_until_researcher_coding_rubric_is_documented,4058165.0,301.0,406.0,105.0,26.0,0.741715,0.0,GDP parsed from comma-formatted text to numeric. | GREVIO baseline publication year corrected to 2023 from official CoE page.,1.44879767902612,1.44147646249121,0.6276723711624,0.386346047740298,,0.49760772416066656,-0.00956917637676663,Southern Europe,1,,2019.0,2019.0,True,0,0,0
Croatia,HRV,2011,party,2013,2018.0,2018.0,,0,0,0,-7.0,-7.0,0.946,8.83,2.85,11993.07,44.5,0,0,1,1,1,1,1,1,1,1,1,4290000,2023.0,0,0,1.0,0.0,1,1,1,0,0.85,0.19,retained_legacy_not_independently_reimported,2023.0,0,excluded_until_researcher_coding_rubric_is_documented,4058165.0,301.0,406.0,105.0,26.0,0.741715,0.0,GDP parsed from comma-formatted text to numeric. | GREVIO baseline publication year corrected to 2023 from official CoE page.,1.35890072696336,1.14463944324737,0.450382487327363,0.436789519381079,,0.41042982412796913,-0.36218879383900465,Southern Europe,1,,2019.0,2019.0,True,0,0,0
Croatia,HRV,2012,party,2013,2018.0,2018.0,,0,0,0,-6.0,-6.0,0.815,8.053,2.958,11780.47,44.5,0,0,1,1,1,1,1,1,1,1,1,4268000,2023.0,0,0,1.0,0.0,1,1,1,0,1.15,0.25,retained_legacy_not_independently_reimported,2023.0,0,excluded_until_researcher_coding_rubric_is_documented,4058165.0,301.0,406.0,105.0,26.0,0.741715,0.0,GDP parsed from comma-formatted text to numeric. | GREVIO baseline publication year corrected to 2023 from official CoE page.,1.6098283435159,1.19739770261642,0.543151459821389,0.731740156143593,0.316838351562477,0.33610626590510895,-0.6806947201192198,Southern Europe,1,,2019.0,2019.0,True,0,0,0
Croatia,HRV,2013,party,2013,2018.0,2018.0,,0,0,0,-5.0,-5.0,0.954,13.577,6.459,11838.22,44.5,0,0,1,1,1,1,1,1,1,1,1,4256000,2023.0,0,0,1.0,0.0,1,1,1,0,1.15,0.3,retained_legacy_not_independently_reimported,2023.0,0,excluded_until_researcher_coding_rubric_is_documented,4058165.0,301.0,406.0,105.0,26.0,0.741715,0.0,GDP parsed from comma-formatted text to numeric. | GREVIO baseline publication year corrected to 2023 from official CoE page.,1.22412175996392,1.08429254920125,0.590877666960439,0.293789222391341,0.363617025821809,0.43799204320689705,-0.24931526377117275,Southern Europe,1,,2019.0,2019.0,True,0,0,0
Croatia,HRV,2014,party,2013,2018.0,2018.0,,0,0,0,-4.0,-4.0,0.777,14.315,7.939,11862.76,46.3,0,0,1,1,1,1,1,1,1,1,1,4238000,2023.0,0,0,1.0,0.0,1,1,1,0,1.15,0.37,retained_legacy_not_independently_reimported,2023.0,0,excluded_until_researcher_coding_rubric_is_documented,4058165.0,301.0,406.0,105.0,26.0,0.741715,0.0,GDP parsed from comma-formatted text to numeric. | GREVIO baseline publication year corrected to 2023 from official CoE page.,0.935186413414905,0.853185902809328,0.639912679344099,0.246101687740764,0.365664388196628,0.4538057269420195,-0.1853055316852188,Southern Europe,1,,2019.0,2019.0,True,0,0,0
Croatia,HRV,2015,party,2013,2018.0,2018.0,,0,0,0,-3.0,-3.0,0.692,14.461,6.167,12283.78,46.7,0,0,1,1,1,1,1,1,1,1,1,4203000,2023.0,0,0,1.0,0.0,1,1,1,0,0.79,0.22,retained_legacy_not_independently_reimported,2023.0,0,excluded_until_researcher_coding_rubric_is_documented,4058165.0,301.0,406.0,105.0,26.0,0.741715,0.0,GDP parsed from comma-formatted text to numeric. | GREVIO baseline publication year corrected to 2023 from official CoE page.,1.09194391081201,0.884378611088172,0.599362002201042,0.347436698894729,0.507152463400881,0.3879045724509453,-0.4561288356427539,Southern Europe,1,,2019.0,2019.0,True,0,0,0
Croatia,HRV,2016,party,2013,2018.0,2018.0,,0,0,0,-2.0,-2.0,0.933,17.334,7.688,12848.42,45.1,0,0,1,1,1,1,1,1,1,1,1,4174000,2023.0,0,0,1.0,0.0,1,1,1,0,0.73,0.58,retained_legacy_not_independently_reimported,2023.0,0,excluded_until_researcher_coding_rubric_is_documented,4058165.0,301.0,406.0,105.0,26.0,0.741715,0.0,GDP parsed from comma-formatted text to numeric. | GREVIO baseline publication year corrected to 2023 from official CoE page.,1.20474367823304,1.06371572584033,0.839427538399729,0.20079061303884,0.512983495688723,0.43644147308211184,-0.2556169072910303,Southern Europe,1,,2019.0,2019.0,True,0,0,0
Croatia,HRV,2017,party,2013,2018.0,2018.0,,0,0,0,-1.0,-1.0,0.851,12.135,6.031,13485.3,45.2,0,0,1,1,1,1,1,1,1,1,1,4154000,2023.0,0,0,1.0,0.0,1,1,1,0,0.92,0.53,retained_legacy_not_independently_reimported,2023.0,0,excluded_until_researcher_coding_rubric_is_documented,4058165.0,301.0,406.0,105.0,26.0,0.741715,0.0,GDP parsed from comma-formatted text to numeric. | GREVIO baseline publication year corrected to 2023 from official CoE page.,1.42517173955699,1.12767209256717,0.756671298913775,0.407191925587712,0.425627605638998,0.3738733704538611,-0.5156354758549085,Southern Europe,1,,2019.0,2019.0,True,0,0,0
Croatia,HRV,2018,party,2013,2018.0,2018.0,,1,1,1,0.0,0.0,0.383,14.634,7.379,14060.99,45.0,0,0,1,1,1,1,1,1,1,1,1,4089000,2023.0,0,0,1.0,0.0,1,1,1,0,0.88,0.52,retained_legacy_not_independently_reimported,2023.0,0,excluded_until_researcher_coding_rubric_is_documented,4058165.0,301.0,406.0,105.0,26.0,0.741715,0.0,GDP parsed from comma-formatted text to numeric. | GREVIO baseline publication year corrected to 2023 from official CoE page.,0.825373636327995,0.596292847367914,0.239652752747379,0.412686818163998,0.191722202197903,0.31695494546195174,-0.767801187147954,Southern Europe,1,,2019.0,2019.0,True,0,0,1
Croatia,HRV,2019,party,2013,2018.0,2018.0,,1,1,1,1.0,1.0,0.678,21.524,11.84,14641.66,44.8,0,0,1,1,1,1,1,1,1,1,1,4066000,2023.0,0,0,1.0,0.0,1,1,1,0,0.79,0.6,retained_legacy_not_independently_reimported,2023.0,0,excluded_until_researcher_coding_rubric_is_documented,4058165.0,301.0,406.0,105.0,26.0,0.741715,0.0,GDP parsed from comma-formatted text to numeric. | GREVIO baseline publication year corrected to 2023 from official CoE page.,0.989539783275163,0.827828171469303,0.43557168784029,0.260405206125043,0.241984271022384,0.4065870012818293,-0.3780926817262092,Southern Europe,1,,2019.0,2019.0,True,1,1,1
Croatia,HRV,2020,party,2013,2018.0,2018.0,,1,1,1,2.0,2.0,0.927,15.074,7.638,13545.49,44.4,0,0,1,1,1,1,1,1,1,1,1,4048000,2023.0,0,0,1.0,0.0,1,1,1,0,0.73,0.41,retained_legacy_not_independently_reimported,2023.0,0,excluded_until_researcher_coding_rubric_is_documented,4058165.0,301.0,406.0,105.0,26.0,0.741715,0.0,GDP parsed from comma-formatted text to numeric. | GREVIO baseline publication year corrected to 2023 from official CoE page.,1.10243772604895,1.01164453441337,0.683230616930406,0.104994069147519,0.439219682312404,0.4567767653579338,-0.17332555585050474,Southern Europe,1,,2019.0,2019.0,True,1,1,1
Croatia,HRV,2021,party,2013,2018.0,2018.0,,1,1,1,3.0,3.0,0.688,22.703,11.492,15395.13,45.9,0,0,1,1,1,1,1,1,1,1,1,3900000,2023.0,0,0,1.0,0.0,1,1,1,0,0.95,0.48,retained_legacy_not_independently_reimported,2023.0,0,excluded_until_researcher_coding_rubric_is_documented,4058165.0,301.0,406.0,105.0,26.0,0.741715,0.0,GDP parsed from comma-formatted text to numeric. | GREVIO baseline publication year corrected to 2023 from official CoE page.,1.0047168813588,0.840847880426335,0.540931286973883,0.370158851026926,0.196702286172321,0.40644717824738624,-0.37867223278134493,Southern Europe,1,,2019.0,2019.0,True,1,1,1
Croatia,HRV,2022,party,2013,2018.0,2018.0,,1,1,1,4.0,4.0,0.692,18.377,9.137,16618.11,47.0,0,0,1,1,1,1,1,1,1,1,1,3875000,2023.0,0,0,1.0,0.0,1,1,1,0,0.81,0.52,retained_legacy_not_independently_reimported,2023.0,0,excluded_until_researcher_coding_rubric_is_documented,4058165.0,301.0,406.0,105.0,26.0,0.741715,0.0,GDP parsed from comma-formatted text to numeric. | GREVIO baseline publication year corrected to 2023 from official CoE page.,0.902718297197166,0.79344217483012,0.642347711710394,0.424808610445725,0.296468174635567,0.43393243886161,-0.2658245858918588,Southern Europe,1,,2019.0,2019.0,True,1,1,1
Croatia,HRV,2023,party,2013,2018.0,2018.0,,1,1,1,5.0,5.0,,21.458,10.832,17225.15,47.1,0,0,1,1,0,1,1,1,0,1,1,3854000,2023.0,1,0,1.0,0.0,1,1,1,0,0.5,0.25,retained_legacy_not_independently_reimported,2023.0,1,excluded_until_researcher_coding_rubric_is_documented,4058165.0,301.0,406.0,105.0,26.0,0.741715,0.0,GDP parsed from comma-formatted text to numeric. | GREVIO baseline publication year corrected to 2023 from official CoE page. | UNODC outcome values preserved from source dataset; not silently imputed or replaced.,,,,,,,,Southern Europe,1,,2019.0,2019.0,True,1,1,1
Hungary,HUN,1990,signed_not_ratified,2014,,,,0,0,0,,,1.284,,,8646.45,46.1,0,0,1,1,0,0,0,0,0,0,0,10375000,,0,0,0.0,0.0,1,1,0,0,,,retained_legacy_not_independently_reimported,,0,excluded_until_researcher_coding_rubric_is_documented,9769526.0,348.0,977.0,629.0,64.0,0.35621,0.0,GDP parsed from comma-formatted text to numeric.,2.64257519713751,1.93617724055442,,,,0.32700252396440577,-0.7217736899060643,Eastern Europe,1,,,,False,0,0,0
Hungary,HUN,1991,signed_not_ratified,2014,,,,0,0,0,,,2.149,,,7618.64,45.6,0,0,1,1,0,0,0,0,0,0,0,10346000,,0,0,0.0,0.0,1,1,0,0,,,retained_legacy_not_independently_reimported,,0,excluded_until_researcher_coding_rubric_is_documented,9769526.0,348.0,977.0,629.0,64.0,0.35621,0.0,GDP parsed from comma-formatted text to numeric.,3.83546672136036,2.95813060021337,,,,0.3590963238762066,-0.5792885102390434,Eastern Europe,1,,,,False,0,0,0
Hungary,HUN,1992,signed_not_ratified,2014,,,,0,0,0,,,2.114,,,7388.08,45.5,0,0,1,1,0,0,0,0,0,0,0,10324000,,0,0,0.0,0.0,1,1,0,0,,,retained_legacy_not_independently_reimported,,0,excluded_until_researcher_coding_rubric_is_documented,9769526.0,348.0,977.0,629.0,64.0,0.35621,0.0,GDP parsed from comma-formatted text to numeric.,3.83842803301616,2.94075846885409,,,,0.3551491909308836,-0.5964810289362481,Eastern Europe,1,,,,False,0,0,0
Hungary,HUN,1993,signed_not_ratified,2014,,,,0,0,0,,,2.177,,,7353.9,45.4,0,0,1,1,0,0,0,0,0,0,0,10294000,,0,0,0.0,0.0,1,1,0,0,,,retained_legacy_not_independently_reimported,,0,excluded_until_researcher_coding_rubric_is_documented,9769526.0,348.0,977.0,629.0,64.0,0.35621,0.0,GDP parsed from comma-formatted text to numeric.,3.63991087405914,2.87731718173541,,,,0.37425362828034053,-0.5140114139478847,Eastern Europe,1,,,,False,0,0,0
Hungary,HUN,1994,signed_not_ratified,2014,,,,0,0,0,,,1.827,,,7581.0,45.3,0,0,1,1,0,0,0,0,0,0,0,10261000,,0,0,0.0,0.0,1,1,0,0,,,retained_legacy_not_independently_reimported,,0,excluded_until_researcher_coding_rubric_is_documented,9769526.0,348.0,977.0,629.0,64.0,0.35621,0.0,GDP parsed from comma-formatted text to numeric.,4.33580973771568,3.02709774730736,,,,0.29645568786895565,-0.8642331061006161,Eastern Europe,1,,,,False,0,0,0
Hungary,HUN,1995,signed_not_ratified,2014,,,,0,0,0,,,1.815,,,7704.64,45.3,0,0,1,1,0,0,0,0,0,0,0,10229000,,0,0,0.0,0.0,1,1,0,0,,,retained_legacy_not_independently_reimported,,0,excluded_until_researcher_coding_rubric_is_documented,9769526.0,348.0,977.0,629.0,64.0,0.35621,0.0,GDP parsed from comma-formatted text to numeric.,4.0173151373331,2.86744240025079,,,,0.3111971759519722,-0.7945283355000973,Eastern Europe,1,,,,False,0,0,0
Hungary,HUN,1996,signed_not_ratified,2014,,,,0,0,0,,,2.106,,,7725.7,45.2,0,0,1,1,0,0,0,1,0,0,0,10193000,,0,0,0.0,0.0,1,1,0,0,1.47,1.55,retained_legacy_not_independently_reimported,,0,excluded_until_researcher_coding_rubric_is_documented,9769526.0,348.0,977.0,629.0,64.0,0.35621,0.0,GDP parsed from comma-formatted text to numeric.,3.20401589509414,2.63049716881822,,,,0.3966089822717307,-0.41961457649767253,Eastern Europe,1,,,,False,0,0,0
Hungary,HUN,1997,signed_not_ratified,2014,,,,0,0,0,,,2.079,,,7971.81,45.2,0,0,1,1,0,0,0,0,0,0,0,10156000,,0,0,0.0,0.0,1,1,0,0,,,retained_legacy_not_independently_reimported,,0,excluded_until_researcher_coding_rubric_is_documented,9769526.0,348.0,977.0,629.0,64.0,0.35621,0.0,GDP parsed from comma-formatted text to numeric.,3.61467510933309,2.8116665482167,,,,0.36514201461760554,-0.5531149697591331,Eastern Europe,1,,,,False,0,0,0
Hungary,HUN,1998,signed_not_ratified,2014,,,,0,0,0,,,2.115,,,8297.85,45.2,0,0,1,1,0,0,0,1,0,0,0,10116000,,0,0,0.0,0.0,1,1,0,0,1.59,1.38,retained_legacy_not_independently_reimported,,0,excluded_until_researcher_coding_rubric_is_documented,9769526.0,348.0,977.0,629.0,64.0,0.35621,0.0,GDP parsed from comma-formatted text to numeric.,3.59153221996901,2.8190401090393,,,,0.37062789071775115,-0.5295241011675659,Eastern Europe,1,,,,False,0,0,0
Hungary,HUN,1999,signed_not_ratified,2014,,,,0,0,0,,,1.966,,,8578.2,45.3,0,0,1,1,0,0,0,0,0,0,0,10068000,,0,0,0.0,0.0,1,1,0,0,,,retained_legacy_not_independently_reimported,,0,excluded_until_researcher_coding_rubric_is_documented,9769526.0,348.0,977.0,629.0,64.0,0.35621,0.0,GDP parsed from comma-formatted text to numeric.,3.03611683049001,2.47558769644657,,,,0.3930336028971578,-0.4345783187840835,Eastern Europe,1,,,,False,0,0,0
Hungary,HUN,2000,signed_not_ratified,2014,,,,0,0,0,,,1.637,,,8979.74,45.6,0,0,1,1,1,0,0,1,1,0,0,10222000,,0,0,0.0,0.0,1,1,0,0,1.7,1.42,retained_legacy_not_independently_reimported,,0,excluded_until_researcher_coding_rubric_is_documented,9769526.0,348.0,977.0,629.0,64.0,0.35621,0.0,GDP parsed from comma-formatted text to numeric.,2.42434492462183,2.01165790099003,,,,0.4030684490932344,-0.3926960553310749,Eastern Europe,1,,,,False,0,0,0
Hungary,HUN,2001,signed_not_ratified,2014,,,,0,0,0,,,1.595,,,9365.95,45.9,0,0,1,1,1,0,0,0,0,0,0,10188000,,0,0,0.0,0.0,1,1,0,0,,,retained_legacy_not_independently_reimported,,0,excluded_until_researcher_coding_rubric_is_documented,9769526.0,348.0,977.0,629.0,64.0,0.35621,0.0,GDP parsed from comma-formatted text to numeric.,3.49421881788391,2.49835492180838,,,,0.313407628376097,-0.7842361002696387,Eastern Europe,1,,,,False,0,0,0
Hungary,HUN,2002,signed_not_ratified,2014,,,,0,0,0,,,1.638,,,9836.94,46.2,0,0,1,1,1,0,0,1,1,0,0,10158000,,0,0,0.0,0.0,1,1,0,0,1.69,1.48,retained_legacy_not_independently_reimported,,0,excluded_until_researcher_coding_rubric_is_documented,9769526.0,348.0,977.0,629.0,64.0,0.35621,0.0,GDP parsed from comma-formatted text to numeric.,2.40408221129576,2.00227539364808,,,,0.40523668603833524,-0.3836922283677378,Eastern Europe,1,,,,False,0,0,0
Hungary,HUN,2003,signed_not_ratified,2014,,,,0,0,0,,,1.715,5.54,5.292,10253.72,46.4,0,0,1,1,1,0,0,1,1,0,0,10129000,,0,0,0.0,0.0,1,1,0,0,1.41,1.37,retained_legacy_not_independently_reimported,,0,excluded_until_researcher_coding_rubric_is_documented,9769526.0,348.0,977.0,629.0,64.0,0.35621,0.0,GDP parsed from comma-formatted text to numeric.,2.852776074755,2.25542422106006,,,,0.37545623339077255,-0.5088795008903114,Eastern Europe,1,,,,False,0,0,0
Hungary,HUN,2004,signed_not_ratified,2014,,,,0,0,0,,,1.662,7.654,2.647,10786.49,46.7,0,0,1,1,1,0,0,1,1,0,0,10107000,,0,0,0.0,0.0,1,1,0,0,1.36,1.44,retained_legacy_not_independently_reimported,,0,excluded_until_researcher_coding_rubric_is_documented,9769526.0,348.0,977.0,629.0,64.0,0.35621,0.0,GDP parsed from comma-formatted text to numeric.,2.52590672223105,2.07222219853654,,,,0.39685697658389874,-0.4185783997471294,Eastern Europe,1,,,,False,0,0,0
Hungary,HUN,2005,signed_not_ratified,2014,,,,0,0,0,,,1.447,8.524,2.623,11272.73,46.8,0,0,1,1,1,1,1,1,1,1,1,10087000,,0,0,0.0,0.0,1,1,0,0,1.27,1.43,retained_legacy_not_independently_reimported,,0,excluded_until_researcher_coding_rubric_is_documented,9769526.0,348.0,977.0,629.0,64.0,0.35621,0.0,GDP parsed from comma-formatted text to numeric.,1.83102919671789,1.62929455718258,0.964971533339766,0.439277610062051,,0.44142376811310935,-0.23538576369300512,Eastern Europe,1,,,,False,0,0,0
Hungary,HUN,2006,signed_not_ratified,2014,,,,0,0,0,,,1.411,6.498,2.05,11734.45,46.9,0,0,1,1,1,1,1,1,1,1,1,10071000,,0,0,0.0,0.0,1,1,0,0,1.43,1.66,retained_legacy_not_independently_reimported,,0,excluded_until_researcher_coding_rubric_is_documented,9769526.0,348.0,977.0,629.0,64.0,0.35621,0.0,GDP parsed from comma-formatted text to numeric.,2.08595490579028,1.7313531031967,0.68227283654837,0.607525587039929,,0.40349390770342997,-0.39092806592403995,Eastern Europe,1,,,,False,0,0,0
Hungary,HUN,2007,signed_not_ratified,2014,,,,0,0,0,,,1.196,6.408,2.143,11791.71,46.8,0,0,1,1,1,1,1,1,1,1,1,10066000,,0,0,0.0,0.0,1,1,0,0,1.18,1.6,retained_legacy_not_independently_reimported,,0,excluded_until_researcher_coding_rubric_is_documented,9769526.0,348.0,977.0,629.0,64.0,0.35621,0.0,GDP parsed from comma-formatted text to numeric.,1.90947974860335,1.53476927609169,0.873132765246583,0.71343199398367,,0.3851256800299167,-0.46784816649694727,Eastern Europe,1,,,,False,0,0,0
Hungary,HUN,2008,signed_not_ratified,2014,,,,0,0,0,,,1.331,25.228,2.136,11929.72,46.6,0,0,1,1,1,1,1,1,1,1,1,10044000,,0,0,0.0,0.0,1,1,0,0,1.18,1.55,retained_legacy_not_independently_reimported,,0,excluded_until_researcher_coding_rubric_is_documented,9769526.0,348.0,977.0,629.0,64.0,0.35621,0.0,GDP parsed from comma-formatted text to numeric.,2.33310814986205,1.8069900965961,0.703548451195129,0.693626747256286,,0.3632534700292923,-0.5612708091151309,Eastern Europe,1,,,,False,0,0,0
Hungary,HUN,2009,signed_not_ratified,2014,,,,0,0,0,,,1.2,14.618,2.28,11142.89,45.8,0,0,1,1,1,1,1,1,1,1,1,10031000,,0,0,0.0,0.0,1,1,0,0,1.14,1.31,retained_legacy_not_independently_reimported,,0,excluded_until_researcher_coding_rubric_is_documented,9769526.0,348.0,977.0,629.0,64.0,0.35621,0.0,GDP parsed from comma-formatted text to numeric.,1.59956609664936,1.38980848439085,0.72379718479085,0.505126135784009,0.590466124434641,0.428637852643026,-0.2874108460790834,Eastern Europe,1,,,,False,0,0,0
Hungary,HUN,2010,signed_not_ratified,2014,,,,0,0,0,,,1.165,12.947,2.465,11287.37,46.6,0,0,1,1,1,1,1,1,1,1,1,10014000,,0,0,0.0,0.0,1,1,0,0,1.1,1.31,retained_legacy_not_independently_reimported,,0,excluded_until_researcher_coding_rubric_is_documented,9769526.0,348.0,977.0,629.0,64.0,0.35621,0.0,GDP parsed from comma-formatted text to numeric.,1.62385848811394,1.38288629112252,0.553716622343879,0.27415792656469,0.420060885916046,0.4177336372444881,-0.33208401306422386,Eastern Europe,1,,,,False,0,0,0
Hungary,HUN,2011,signed_not_ratified,2014,,,,0,0,0,,,0.805,8.133,1.971,11536.36,46.8,0,0,1,1,1,1,1,1,1,1,1,9986000,,0,0,1.0,0.0,1,1,0,0,1.11,1.29,retained_legacy_not_independently_reimported,,0,excluded_until_researcher_coding_rubric_is_documented,9769526.0,348.0,977.0,629.0,64.0,0.35621,0.0,GDP parsed from comma-formatted text to numeric.,2.178015785328,1.45777335776427,0.402483784934514,0.444061470795029,0.306654312331059,0.26986112643432947,-0.9953272736734229,Eastern Europe,1,,,,False,0,0,0
Hungary,HUN,2012,signed_not_ratified,2014,,,,0,0,0,,,1.116,13.664,1.936,11440.76,47.5,0,0,1,1,1,1,1,1,1,1,1,9932000,,0,0,1.0,0.0,1,1,0,0,1.04,1.04,retained_legacy_not_independently_reimported,,0,excluded_until_researcher_coding_rubric_is_documented,9769526.0,348.0,977.0,629.0,64.0,0.35621,0.0,GDP parsed from comma-formatted text to numeric.,1.39877939542847,1.2504256741433,0.692544289409642,0.296710780848464,0.500170875684741,0.4437765006460358,-0.22584913196251546,Eastern Europe,1,,,,False,0,0,0
Hungary,HUN,2013,signed_not_ratified,2014,,,,0,0,0,,,1.37,60.408,2.508,11729.57,47.7,0,0,1,1,1,1,1,1,1,1,1,9909000,,0,0,1.0,0.0,1,1,0,0,1.16,0.99,retained_legacy_not_independently_reimported,,0,excluded_until_researcher_coding_rubric_is_documented,9769526.0,348.0,977.0,629.0,64.0,0.35621,0.0,GDP parsed from comma-formatted text to numeric.,1.76307407045902,1.55723130947025,0.733355719981628,0.361111556600041,0.42457436419989,0.43727022380906694,-0.2522481765666639,Eastern Europe,1,,,,False,0,0,0
Hungary,HUN,2014,signed_not_ratified,2014,,,,0,0,0,,,1.297,7.837,3.224,12287.38,48.9,0,0,1,1,1,1,1,1,1,1,1,9878000,,0,0,1.0,0.0,1,1,0,0,0.99,0.87,retained_legacy_not_independently_reimported,,0,excluded_until_researcher_coding_rubric_is_documented,9769526.0,348.0,977.0,629.0,64.0,0.35621,0.0,GDP parsed from comma-formatted text to numeric.,1.68170461837599,1.48030354739537,0.696968332953389,0.447035404884756,0.445285323831332,0.43542417465587213,-0.25975402746286896,Eastern Europe,1,,,,False,0,0,0
Hungary,HUN,2015,signed_not_ratified,2014,,,,0,0,0,,,1.981,,,12782.94,49.9,0,0,1,1,1,0,0,1,1,0,0,9845000,,0,0,1.0,0.0,1,1,0,0,0.88,0.66,retained_legacy_not_independently_reimported,,0,excluded_until_researcher_coding_rubric_is_documented,9769526.0,348.0,977.0,629.0,64.0,0.35621,0.0,GDP parsed from comma-formatted text to numeric.,2.53722444063529,2.24611505942905,,,,0.4384465681216711,-0.24746897593111605,Eastern Europe,1,,,,False,0,0,0
Hungary,HUN,2016,signed_not_ratified,2014,,,,0,0,0,,,1.598,6.116,6.095,13145.66,50.8,0,0,1,1,1,1,1,1,1,1,1,9814000,,0,0,1.0,0.0,1,1,0,0,0.79,0.71,retained_legacy_not_independently_reimported,,0,excluded_until_researcher_coding_rubric_is_documented,9769526.0,348.0,977.0,629.0,64.0,0.35621,0.0,GDP parsed from comma-formatted text to numeric.,2.56404284601064,2.05901168254688,0.487289254706678,0.341872379468085,0.253390412447473,0.3839460714662511,-0.47283240218729394,Eastern Europe,1,,,,False,0,0,0
Hungary,HUN,2017,signed_not_ratified,2014,,,,0,0,0,,,0.86,6.009,6.009,13734.24,51.1,0,0,1,1,1,1,1,1,1,1,1,9788000,,0,0,1.0,0.0,1,1,0,0,0.83,0.92,retained_legacy_not_independently_reimported,,0,excluded_until_researcher_coding_rubric_is_documented,9769526.0,348.0,977.0,629.0,64.0,0.35621,0.0,GDP parsed from comma-formatted text to numeric.,2.48276989795602,1.63505483999481,0.469354706703666,0.385257397958692,0.21512090723918,0.2572716717731179,-1.0601977209861349,Eastern Europe,1,,,,False,0,0,0
Hungary,HUN,2018,signed_not_ratified,2014,,,,0,0,0,,,0.843,5.535,5.535,14533.78,51.5,0,0,1,1,1,1,1,1,1,1,1,9775000,,0,0,1.0,0.0,1,1,0,0,0.77,0.95,retained_legacy_not_independently_reimported,,0,excluded_until_researcher_coding_rubric_is_documented,9769526.0,348.0,977.0,629.0,64.0,0.35621,0.0,GDP parsed from comma-formatted text to numeric.,0.920145297362072,0.879849987623273,0.196031595196324,0.128392367073777,0.156825276157059,0.4781228190672961,-0.08756463148659416,Eastern Europe,1,,,,False,0,0,0
Hungary,HUN,2019,signed_not_ratified,2014,,,,0,0,0,,,0.609,3.94,3.9,15290.81,51.3,0,0,1,1,1,1,1,1,1,1,1,9773000,,0,0,1.0,0.0,1,1,0,0,0.78,0.85,retained_legacy_not_independently_reimported,,0,excluded_until_researcher_coding_rubric_is_documented,9769526.0,348.0,977.0,629.0,64.0,0.35621,0.0,GDP parsed from comma-formatted text to numeric.,0.726801511148601,0.66527835015882,0.451660938918651,0.406153785641865,0.294561481903468,0.45590605708803683,-0.17683514799075156,Eastern Europe,1,,,,False,0,0,0
Hungary,HUN,2020,signed_not_ratified,2014,,,,0,0,0,,,0.768,5.17,5.17,14664.3,51.3,0,0,1,1,1,1,1,1,1,1,1,9750000,,0,0,1.0,0.0,1,1,0,0,0.93,0.84,retained_legacy_not_independently_reimported,,0,excluded_until_researcher_coding_rubric_is_documented,9769526.0,348.0,977.0,629.0,64.0,0.35621,0.0,GDP parsed from comma-formatted text to numeric.,0.87755468744231,0.820558561392627,0.571160379274126,0.321056592966699,0.354513338859802,0.4667119275104156,-0.1333495421219999,Eastern Europe,1,,,,False,0,0,0
Hungary,HUN,2021,signed_not_ratified,2014,,,,0,0,0,,,0.514,4.872,4.872,15787.95,52.2,0,0,1,1,1,1,1,1,1,1,1,9710000,,0,0,1.0,0.0,1,1,0,0,1.03,0.87,retained_legacy_not_independently_reimported,,0,excluded_until_researcher_coding_rubric_is_documented,9769526.0,348.0,977.0,629.0,64.0,0.35621,0.0,GDP parsed from comma-formatted text to numeric.,1.05279532197919,0.772570691377117,0.375971577340272,0.322284282238526,0.178091799792761,0.3280581661111361,-0.7169808516971914,Eastern Europe,1,,,,False,0,0,0
Hungary,HUN,2022,signed_not_ratified,2014,,,,0,0,0,,,0.873,6.061,6.061,16487.8,53.1,0,0,1,1,1,1,1,1,1,1,1,9689000,,0,0,1.0,0.0,1,1,0,0,0.75,0.59,retained_legacy_not_independently_reimported,,0,excluded_until_researcher_coding_rubric_is_documented,9769526.0,348.0,977.0,629.0,64.0,0.35621,0.0,GDP parsed from comma-formatted text to numeric.,1.07639498098548,0.970642654757226,0.714403293161047,0.344446393915354,0.337357110659383,0.44783125457657186,-0.2094372002240169,Eastern Europe,1,,,,False,0,0,0
Hungary,HUN,2023,signed_not_ratified,2014,,,,0,0,0,,,0.615,5.544,5.544,16375.05,54.0,0,0,1,1,1,1,1,1,1,1,1,9676000,,0,0,1.0,0.0,1,1,0,0,0.26,0.3,retained_legacy_not_independently_reimported,,0,excluded_until_researcher_coding_rubric_is_documented,9769526.0,348.0,977.0,629.0,64.0,0.35621,0.0,GDP parsed from comma-formatted text to numeric. | UNODC outcome values preserved from source dataset; not silently imputed or replaced.,0.946627526487015,0.774276390965599,0.516038475828758,0.365742453415437,0.357257406342986,0.3938199023575637,-0.4312834285656899,Eastern Europe,1,,,,False,0,0,0
Ireland,IRL,1990,party,2015,2019.0,2019.0,,0,0,0,-29.0,-29.0,0.131,,,23457.0,41.7,0,0,1,1,0,0,0,0,0,0,0,3503000,2023.0,0,0,1.0,0.0,1,1,1,0,,,retained_legacy_not_independently_reimported,2023.0,0,excluded_until_researcher_coding_rubric_is_documented,4964440.0,139.0,496.0,357.0,72.0,0.279991,0.0,GDP parsed from comma-formatted text to numeric.,0.840341600161305,0.483776690956051,,,,0.13486501553958524,-1.8586111528283484,Northern Europe,0,,2020.0,2020.0,True,0,0,0
Ireland,IRL,1991,party,2015,2019.0,2019.0,,0,0,0,-28.0,-28.0,0.432,,,23772.57,42.5,0,0,1,1,0,0,0,0,0,0,0,3526000,2023.0,0,0,1.0,0.0,1,1,1,0,,,retained_legacy_not_independently_reimported,2023.0,0,excluded_until_researcher_coding_rubric_is_documented,4964440.0,139.0,496.0,357.0,72.0,0.279991,0.0,GDP parsed from comma-formatted text to numeric.,0.872259328007619,0.650772721871057,,,,0.3312224729570625,-0.7026611859560395,Northern Europe,0,,2020.0,2020.0,True,0,0,0
Ireland,IRL,1992,party,2015,2019.0,2019.0,,0,0,0,-27.0,-27.0,0.3,,,24400.31,42.9,0,0,1,1,0,0,0,0,0,0,0,3554000,2023.0,0,0,1.0,0.0,1,1,1,0,,,retained_legacy_not_independently_reimported,2023.0,0,excluded_until_researcher_coding_rubric_is_documented,4964440.0,139.0,496.0,357.0,72.0,0.279991,0.0,GDP parsed from comma-formatted text to numeric.,1.10960263434998,0.702558803469292,,,,0.2128259359690691,-1.3079747684854204,Northern Europe,0,,2020.0,2020.0,True,0,0,0
Ireland,IRL,1993,party,2015,2019.0,2019.0,,0,0,0,-26.0,-26.0,0.334,,,24932.38,44.3,0,0,1,1,0,0,0,0,0,0,0,3564000,2023.0,0,0,1.0,0.0,1,1,1,0,,,retained_legacy_not_independently_reimported,2023.0,0,excluded_until_researcher_coding_rubric_is_documented,4964440.0,139.0,496.0,357.0,72.0,0.279991,0.0,GDP parsed from comma-formatted text to numeric.,0.955656417907427,0.643154791698941,,,,0.2589837071038985,-1.051257459982339,Northern Europe,0,,2020.0,2020.0,True,0,0,0
Ireland,IRL,1994,party,2015,2019.0,2019.0,,0,0,0,-25.0,-25.0,0.277,,,26263.71,45.3,0,0,1,1,0,0,0,0,0,0,0,3571000,2023.0,0,0,1.0,0.0,1,1,1,0,,,retained_legacy_not_independently_reimported,2023.0,0,excluded_until_researcher_coding_rubric_is_documented,4964440.0,139.0,496.0,357.0,72.0,0.279991,0.0,GDP parsed from comma-formatted text to numeric.,1.12070905020188,0.696348473945356,,,,0.1981814455304494,-1.3976993383282486,Northern Europe,0,,2020.0,2020.0,True,0,0,0
Ireland,IRL,1995,party,2015,2019.0,2019.0,,0,0,0,-24.0,-24.0,0.351,,,28646.82,46.3,0,0,1,1,0,0,0,0,0,0,0,3600000,2023.0,0,0,1.0,0.0,1,1,1,0,,,retained_legacy_not_independently_reimported,2023.0,0,excluded_until_researcher_coding_rubric_is_documented,4964440.0,139.0,496.0,357.0,72.0,0.279991,0.0,GDP parsed from comma-formatted text to numeric.,2.04244797529798,1.19090580018207,,,,0.14665035698396625,-1.7611181318535583,Northern Europe,0,,2020.0,2020.0,True,0,0,0
Ireland,IRL,1996,party,2015,2019.0,2019.0,,0,0,0,-23.0,-23.0,0.973,,,30518.4,48.2,0,0,1,1,0,0,0,1,0,0,0,3627000,2023.0,0,0,1.0,0.0,1,1,1,0,2.84,2.55,retained_legacy_not_independently_reimported,2023.0,0,excluded_until_researcher_coding_rubric_is_documented,4964440.0,139.0,496.0,357.0,72.0,0.279991,0.0,GDP parsed from comma-formatted text to numeric.,1.3383993593998,1.15431898065939,,,,0.4209571124276241,-0.3188455888551438,Northern Europe,0,,2020.0,2020.0,True,0,0,0
Ireland,IRL,1997,party,2015,2019.0,2019.0,,0,0,0,-22.0,-22.0,0.617,,,33543.99,48.3,0,0,1,1,0,0,0,0,0,0,0,3677000,2023.0,0,0,1.0,0.0,1,1,1,0,,,retained_legacy_not_independently_reimported,2023.0,0,excluded_until_researcher_coding_rubric_is_documented,4964440.0,139.0,496.0,357.0,72.0,0.279991,0.0,GDP parsed from comma-formatted text to numeric.,1.45872400585354,1.03477596079288,,,,0.29724568307735544,-0.8604483400703129,Northern Europe,0,,2020.0,2020.0,True,0,0,0
Ireland,IRL,1998,party,2015,2019.0,2019.0,,0,0,0,-21.0,-21.0,0.347,,,36105.92,49.8,0,0,1,1,0,0,0,1,0,0,0,3740000,2023.0,0,0,1.0,0.0,1,1,1,0,2.95,2.71,retained_legacy_not_independently_reimported,2023.0,0,excluded_until_researcher_coding_rubric_is_documented,4964440.0,139.0,496.0,357.0,72.0,0.279991,0.0,GDP parsed from comma-formatted text to numeric.,1.7096729018605,1.02396247339213,,,,0.16871909951558078,-1.5947325657907532,Northern Europe,0,,2020.0,2020.0,True,0,0,0
Ireland,IRL,1999,party,2015,2019.0,2019.0,,0,0,0,-20.0,-20.0,0.326,,,39460.48,50.8,0,0,1,1,0,0,0,0,0,0,0,3800000,2023.0,0,0,1.0,0.0,1,1,1,0,,,retained_legacy_not_independently_reimported,2023.0,0,excluded_until_researcher_coding_rubric_is_documented,4964440.0,139.0,496.0,357.0,72.0,0.279991,0.0,GDP parsed from comma-formatted text to numeric.,1.70754429379682,1.01254017686146,,,,0.1603112363937385,-1.6559141504719843,Northern Europe,0,,2020.0,2020.0,True,0,0,0
Ireland,IRL,2000,party,2015,2019.0,2019.0,,0,0,0,-19.0,-19.0,0.407,,,42599.48,51.9,0,0,1,1,1,0,0,1,1,0,0,3805000,2023.0,0,0,1.0,0.0,1,1,1,0,2.71,2.62,retained_legacy_not_independently_reimported,2023.0,0,excluded_until_researcher_coding_rubric_is_documented,4964440.0,139.0,496.0,357.0,72.0,0.279991,0.0,GDP parsed from comma-formatted text to numeric.,1.54537145864034,0.973022299304289,,,,0.2084644283232048,-1.3342064012959058,Northern Europe,0,,2020.0,2020.0,True,0,0,0
Ireland,IRL,2001,party,2015,2019.0,2019.0,,0,0,0,-18.0,-18.0,0.402,,,44151.15,52.4,0,0,1,1,1,0,0,0,0,0,0,3866000,2023.0,0,0,1.0,0.0,1,1,1,0,,,retained_legacy_not_independently_reimported,2023.0,0,excluded_until_researcher_coding_rubric_is_documented,4964440.0,139.0,496.0,357.0,72.0,0.279991,0.0,GDP parsed from comma-formatted text to numeric.,2.30146421548578,1.34611068498654,,,,0.14869810286272475,-1.7448487261731793,Northern Europe,0,,2020.0,2020.0,True,0,0,0
Ireland,IRL,2002,party,2015,2019.0,2019.0,,0,0,0,-17.0,-17.0,0.551,,,45974.49,53.1,0,0,1,1,1,0,0,1,1,0,0,3958000,2023.0,0,0,1.0,0.0,1,1,1,0,2.67,2.71,retained_legacy_not_independently_reimported,2023.0,0,excluded_until_researcher_coding_rubric_is_documented,4964440.0,139.0,496.0,357.0,72.0,0.279991,0.0,GDP parsed from comma-formatted text to numeric.,2.10606034110649,1.32367963592701,,,,0.20737203121647774,-1.3408395351279294,Northern Europe,0,,2020.0,2020.0,True,0,0,0
Ireland,IRL,2003,party,2015,2019.0,2019.0,,0,0,0,-16.0,-16.0,0.409,,9.266,46594.86,53.2,0,0,1,1,1,0,0,1,1,0,0,4028000,2023.0,0,0,1.0,0.0,1,1,1,0,2.54,2.52,retained_legacy_not_independently_reimported,2023.0,0,excluded_until_researcher_coding_rubric_is_documented,4964440.0,139.0,496.0,357.0,72.0,0.279991,0.0,GDP parsed from comma-formatted text to numeric.,1.44997868839239,0.926636672021959,,,,0.22001328070828802,-1.2655889816033858,Northern Europe,0,,2020.0,2020.0,True,0,0,0
Ireland,IRL,2004,party,2015,2019.0,2019.0,,0,0,0,-15.0,-15.0,0.245,43.088,10.059,48856.32,53.3,0,0,1,1,1,0,0,1,1,0,0,4108000,2023.0,0,0,1.0,0.0,1,1,1,0,2.58,2.57,retained_legacy_not_independently_reimported,2023.0,0,excluded_until_researcher_coding_rubric_is_documented,4964440.0,139.0,496.0,357.0,72.0,0.279991,0.0,GDP parsed from comma-formatted text to numeric.,1.23506162092945,0.737814168958707,,,,0.16553364842076287,-1.6176179327620452,Northern Europe,0,,2020.0,2020.0,True,0,0,0
Ireland,IRL,2005,party,2015,2019.0,2019.0,,0,0,0,-14.0,-14.0,0.394,43.342,10.854,50547.21,55.0,0,0,1,1,1,1,1,1,1,1,1,4204000,2023.0,0,0,1.0,0.0,1,1,1,0,2.94,2.69,retained_legacy_not_independently_reimported,2023.0,0,excluded_until_researcher_coding_rubric_is_documented,4964440.0,139.0,496.0,357.0,72.0,0.279991,0.0,GDP parsed from comma-formatted text to numeric.,2.11142180987575,1.25141867559474,,,,0.15725894875144375,-1.6787659337845655,Northern Europe,0,,2020.0,2020.0,True,0,0,0
Ireland,IRL,2006,party,2015,2019.0,2019.0,,0,0,0,-13.0,-13.0,0.761,33.148,8.691,51656.82,55.7,0,0,1,1,1,1,1,1,1,1,1,4340000,2023.0,0,0,1.0,0.0,1,1,1,0,2.6,2.91,retained_legacy_not_independently_reimported,2023.0,0,excluded_until_researcher_coding_rubric_is_documented,4964440.0,139.0,496.0,357.0,72.0,0.279991,0.0,GDP parsed from comma-formatted text to numeric.,2.14308650440447,1.4524064559467,,,,0.26204453581042875,-1.035369002828222,Northern Europe,0,,2020.0,2020.0,True,0,0,0
Ireland,IRL,2007,party,2015,2019.0,2019.0,,0,0,0,-12.0,-12.0,0.507,31.091,8.126,52849.69,57.0,0,0,1,1,1,1,1,1,1,1,1,4467000,2023.0,0,0,1.0,0.0,1,1,1,0,2.64,2.94,retained_legacy_not_independently_reimported,2023.0,0,excluded_until_researcher_coding_rubric_is_documented,4964440.0,139.0,496.0,357.0,72.0,0.279991,0.0,GDP parsed from comma-formatted text to numeric.,3.04273056721602,1.77534469569112,,,,0.1428277415425446,-1.7919996005572765,Northern Europe,0,,2020.0,2020.0,True,0,0,0
Ireland,IRL,2008,party,2015,2019.0,2019.0,,0,0,0,-11.0,-11.0,0.443,31.342,7.757,49461.16,56.8,0,0,1,1,1,1,1,1,1,1,1,4548000,2023.0,0,0,1.0,0.0,1,1,1,0,2.54,2.9,retained_legacy_not_independently_reimported,2023.0,0,excluded_until_researcher_coding_rubric_is_documented,4964440.0,139.0,496.0,357.0,72.0,0.279991,0.0,GDP parsed from comma-formatted text to numeric.,1.83392789155713,1.13687038975372,,,,0.19456039940599268,-1.4206455644176912,Northern Europe,0,,2020.0,2020.0,True,0,0,0
Ireland,IRL,2009,party,2015,2019.0,2019.0,,0,0,0,-10.0,-10.0,0.427,32.644,7.257,46466.38,56.1,0,0,1,1,1,1,1,1,1,1,1,4535000,2023.0,0,0,1.0,0.0,1,1,1,0,2.26,2.96,retained_legacy_not_independently_reimported,2023.0,0,excluded_until_researcher_coding_rubric_is_documented,4964440.0,139.0,496.0,357.0,72.0,0.279991,0.0,GDP parsed from comma-formatted text to numeric.,1.91764728847297,1.1690096855761,,,,0.18211694445440363,-1.5020703298257945,Northern Europe,0,,2020.0,2020.0,True,0,0,0
Ireland,IRL,2010,party,2015,2019.0,2019.0,,0,0,0,-9.0,-9.0,0.479,51.896,10.485,46991.65,55.2,0,0,1,1,1,1,1,1,1,1,1,4554000,2023.0,0,0,1.0,0.0,1,1,1,0,2.29,2.99,retained_legacy_not_independently_reimported,2023.0,0,excluded_until_researcher_coding_rubric_is_documented,4964440.0,139.0,496.0,357.0,72.0,0.279991,0.0,GDP parsed from comma-formatted text to numeric.,1.89893471970288,1.1844494941962,,,,0.20143530267300627,-1.3773477366666746,Northern Europe,0,,2020.0,2020.0,True,0,0,0
Ireland,IRL,2011,party,2015,2019.0,2019.0,,0,0,0,-8.0,-8.0,0.347,43.978,9.848,47539.92,54.9,0,0,1,1,1,1,1,1,1,1,1,4571000,2023.0,0,0,1.0,0.0,1,1,1,0,2.47,2.97,retained_legacy_not_independently_reimported,2023.0,0,excluded_until_researcher_coding_rubric_is_documented,4964440.0,139.0,496.0,357.0,72.0,0.279991,0.0,GDP parsed from comma-formatted text to numeric.,1.49693579444254,0.917110164037163,,,,0.18818442651085107,-1.461850714069048,Northern Europe,0,,2020.0,2020.0,True,0,0,0
Ireland,IRL,2012,party,2015,2019.0,2019.0,,0,0,0,-7.0,-7.0,0.517,45.999,11.282,47147.16,54.7,0,0,1,1,1,1,1,1,1,1,1,4586000,2023.0,0,0,1.0,0.0,1,1,1,0,2.62,2.94,retained_legacy_not_independently_reimported,2023.0,0,excluded_until_researcher_coding_rubric_is_documented,4964440.0,139.0,496.0,357.0,72.0,0.279991,0.0,GDP parsed from comma-formatted text to numeric.,1.71117325936385,1.10866383834203,,,,0.2320286350387335,-1.1968916563049468,Northern Europe,0,,2020.0,2020.0,True,0,0,0
Ireland,IRL,2013,party,2015,2019.0,2019.0,,0,0,0,-6.0,-6.0,0.386,40.716,9.752,47928.03,55.2,0,0,1,1,1,1,1,1,1,1,1,4598000,2023.0,0,0,1.0,0.0,1,1,1,0,2.56,2.91,retained_legacy_not_independently_reimported,2023.0,0,excluded_until_researcher_coding_rubric_is_documented,4964440.0,139.0,496.0,357.0,72.0,0.279991,0.0,GDP parsed from comma-formatted text to numeric.,1.65926981648476,1.01628510386596,,,,0.18872815551711644,-1.4582955455272582,Northern Europe,0,,2020.0,2020.0,True,0,0,0
Ireland,IRL,2014,party,2015,2019.0,2019.0,,0,0,0,-5.0,-5.0,0.467,40.015,10.304,52044.62,54.9,0,0,1,1,1,1,1,1,1,1,1,4614000,2023.0,0,0,1.0,0.0,1,1,1,0,2.72,2.99,retained_legacy_not_independently_reimported,2023.0,0,excluded_until_researcher_coding_rubric_is_documented,4964440.0,139.0,496.0,357.0,72.0,0.279991,0.0,GDP parsed from comma-formatted text to numeric.,1.56189463024965,1.00896508411924,,,,0.23017459509099147,-1.2073256122284688,Northern Europe,0,,2020.0,2020.0,True,0,0,0
Ireland,IRL,2015,party,2015,2019.0,2019.0,,0,0,0,-4.0,-4.0,0.295,49.038,14.163,64250.14,54.8,0,0,1,1,1,1,1,1,1,1,1,4658000,2023.0,0,0,1.0,0.0,1,1,1,0,2.59,2.95,retained_legacy_not_independently_reimported,2023.0,0,excluded_until_researcher_coding_rubric_is_documented,4964440.0,139.0,496.0,357.0,72.0,0.279991,0.0,GDP parsed from comma-formatted text to numeric.,0.859688887188615,0.574164266695474,,,,0.2554800719683488,-1.0695952083741254,Northern Europe,0,,2020.0,2020.0,True,0,0,0
Ireland,IRL,2016,party,2015,2019.0,2019.0,,0,0,0,-3.0,-3.0,0.083,53.539,14.642,64205.98,55.5,0,0,1,1,1,1,1,1,1,1,1,4726000,2023.0,0,0,1.0,0.0,1,1,1,0,2.27,2.5,retained_legacy_not_independently_reimported,2023.0,0,excluded_until_researcher_coding_rubric_is_documented,4964440.0,139.0,496.0,357.0,72.0,0.279991,0.0,GDP parsed from comma-formatted text to numeric.,1.31767258216645,0.694224869533058,,,,0.05925724616642539,-2.7647816561968943,Northern Europe,0,,2020.0,2020.0,True,0,0,0
Ireland,IRL,2017,party,2015,2019.0,2019.0,,0,0,0,-2.0,-2.0,0.618,52.617,17.442,69748.62,55.6,0,0,1,1,1,1,1,1,1,1,1,4801000,2023.0,0,0,1.0,0.0,1,1,1,0,2.16,2.36,retained_legacy_not_independently_reimported,2023.0,0,excluded_until_researcher_coding_rubric_is_documented,4964440.0,139.0,496.0,357.0,72.0,0.279991,0.0,GDP parsed from comma-formatted text to numeric.,0.923844747890117,0.769189111483671,,,,0.4008185654526374,-0.40205557830281274,Northern Europe,0,,2020.0,2020.0,True,0,0,0
Ireland,IRL,2018,party,2015,2019.0,2019.0,,0,0,0,-1.0,-1.0,0.407,57.588,21.139,74029.06,56.0,0,0,1,1,1,1,1,1,1,1,1,4861000,2023.0,0,0,1.0,0.0,1,1,1,0,2.35,2.41,retained_legacy_not_independently_reimported,2023.0,0,excluded_until_researcher_coding_rubric_is_documented,4964440.0,139.0,496.0,357.0,72.0,0.279991,0.0,GDP parsed from comma-formatted text to numeric.,1.11894881803779,0.759355126893886,,,,0.2667192996180299,-1.0113317828043151,Northern Europe,0,,2020.0,2020.0,True,0,0,0
Ireland,IRL,2019,party,2015,2019.0,2019.0,,1,1,1,0.0,0.0,0.281,57.931,21.587,76485.64,56.2,0,0,1,1,1,1,1,1,1,1,1,4955000,2023.0,0,0,1.0,0.0,1,1,1,0,2.15,2.3,retained_legacy_not_independently_reimported,2023.0,0,excluded_until_researcher_coding_rubric_is_documented,4964440.0,139.0,496.0,357.0,72.0,0.279991,0.0,GDP parsed from comma-formatted text to numeric.,1.02316653672452,0.648627918850972,,,,0.21546328025387443,-1.292302875865707,Northern Europe,0,,2020.0,2020.0,True,0,0,1
Ireland,IRL,2020,party,2015,2019.0,2019.0,,1,1,1,1.0,1.0,0.239,52.683,20.993,80927.94,55.1,0,0,1,1,1,1,1,1,1,1,1,5006000,2023.0,0,0,1.0,0.0,1,1,1,0,2.45,2.49,retained_legacy_not_independently_reimported,2023.0,0,excluded_until_researcher_coding_rubric_is_documented,4964440.0,139.0,496.0,357.0,72.0,0.279991,0.0,GDP parsed from comma-formatted text to numeric.,1.05384221752722,0.642234139902479,,,,0.18486401260714397,-1.4837344672230441,Northern Europe,0,,2020.0,2020.0,True,1,1,1
Ireland,IRL,2021,party,2015,2019.0,2019.0,,1,1,1,2.0,2.0,0.276,59.482,22.075,92781.23,57.9,0,0,1,1,1,1,1,1,1,1,1,5033000,2023.0,0,0,1.0,0.0,1,1,1,0,2.5,2.55,retained_legacy_not_independently_reimported,2023.0,0,excluded_until_researcher_coding_rubric_is_documented,4964440.0,139.0,496.0,357.0,72.0,0.279991,0.0,GDP parsed from comma-formatted text to numeric.,0.602501102577018,0.437512696568737,,,,0.314171489586495,-0.780688629649335,Northern Europe,0,,2020.0,2020.0,True,1,1,1
Ireland,IRL,2022,party,2015,2019.0,2019.0,,1,1,1,3.0,3.0,0.426,62.407,21.546,97793.54,59.1,0,0,1,1,1,1,1,1,1,1,1,5123000,2023.0,0,0,1.0,0.0,1,1,1,0,2.17,2.14,retained_legacy_not_independently_reimported,2023.0,0,excluded_until_researcher_coding_rubric_is_documented,4964440.0,139.0,496.0,357.0,72.0,0.279991,0.0,GDP parsed from comma-formatted text to numeric.,1.30431070736327,0.861054139659655,0.34884484873409,0.474294802677552,0.155042154992929,0.24619855739617952,-1.118990640352685,Northern Europe,0,,2020.0,2020.0,True,1,1,1
Ireland,IRL,2023,party,2015,2019.0,2019.0,,1,1,1,4.0,4.0,0.419,56.614,19.32,93541.96,60.2,0,0,1,1,1,1,1,0,0,0,0,5280000,2023.0,1,1,1.0,0.0,1,1,1,0,,,excluded_legacy_flagged_for_manual_review,2023.0,1,excluded_until_researcher_coding_rubric_is_documented,4964440.0,139.0,496.0,357.0,72.0,0.279991,0.0,GDP parsed from comma-formatted text to numeric. | WGI legacy value excluded because source file flagged this country-year for manual review. | UNODC outcome values preserved from source dataset; not silently imputed or replaced.,0.894041504905081,0.654270171245596,0.304873110858532,0.194356848892409,0.228654833143899,0.3191064398457757,-0.7578812802420433,Northern Europe,0,,2020.0,2020.0,True,1,1,1
Iceland,ISL,1990,party,2011,2018.0,2018.0,,0,0,0,-28.0,-28.0,,,,37302.81,66.2,0,0,1,1,0,0,0,0,0,0,0,255000,2022.0,0,0,0.0,0.0,1,1,1,0,,,retained_legacy_not_independently_reimported,2022.0,0,excluded_until_researcher_coding_rubric_is_documented,364134.0,40.0,36.0,0.0,0.0,1.098497,1.0,GDP parsed from comma-formatted text to numeric.,,,,,,,,Northern Europe,0,,2019.0,2019.0,True,0,0,0
Iceland,ISL,1991,party,2011,2018.0,2018.0,,0,0,0,-27.0,-27.0,,,,36790.49,66.2,0,0,1,1,0,0,0,0,0,0,0,259000,2022.0,0,0,0.0,0.0,1,1,1,0,,,retained_legacy_not_independently_reimported,2022.0,0,excluded_until_researcher_coding_rubric_is_documented,364134.0,40.0,36.0,0.0,0.0,1.098497,1.0,GDP parsed from comma-formatted text to numeric.,,,,,,,,Northern Europe,0,,2019.0,2019.0,True,0,0,0
Iceland,ISL,1992,party,2011,2018.0,2018.0,,0,0,0,-26.0,-26.0,,,,35105.29,67.1,0,0,1,1,0,0,0,0,0,0,0,261000,2022.0,0,0,0.0,0.0,1,1,1,0,,,retained_legacy_not_independently_reimported,2022.0,0,excluded_until_researcher_coding_rubric_is_documented,364134.0,40.0,36.0,0.0,0.0,1.098497,1.0,GDP parsed from comma-formatted text to numeric.,,,,,,,,Northern Europe,0,,2019.0,2019.0,True,0,0,0
Iceland,ISL,1993,party,2011,2018.0,2018.0,,0,0,0,-25.0,-25.0,,,,35206.57,67.4,0,0,1,1,0,0,0,0,0,0,0,264000,2022.0,0,0,0.0,0.0,1,1,1,0,,,retained_legacy_not_independently_reimported,2022.0,0,excluded_until_researcher_coding_rubric_is_documented,364134.0,40.0,36.0,0.0,0.0,1.098497,1.0,GDP parsed from comma-formatted text to numeric.,,,,,,,,Northern Europe,0,,2019.0,2019.0,True,0,0,0
Iceland,ISL,1994,party,2011,2018.0,2018.0,,0,0,0,-24.0,-24.0,,,,36162.29,67.9,0,0,1,1,0,0,0,0,0,0,0,267000,2022.0,0,0,0.0,0.0,1,1,1,0,,,retained_legacy_not_independently_reimported,2022.0,0,excluded_until_researcher_coding_rubric_is_documented,364134.0,40.0,36.0,0.0,0.0,1.098497,1.0,GDP parsed from comma-formatted text to numeric.,,0.0,,,,,,Northern Europe,0,,2019.0,2019.0,True,0,0,0
Iceland,ISL,1995,party,2011,2018.0,2018.0,,0,0,0,-23.0,-23.0,,,,36008.58,70.1,0,0,1,1,0,0,0,0,0,0,0,269000,2022.0,0,0,0.0,0.0,1,1,1,0,,,retained_legacy_not_independently_reimported,2022.0,0,excluded_until_researcher_coding_rubric_is_documented,364134.0,40.0,36.0,0.0,0.0,1.098497,1.0,GDP parsed from comma-formatted text to numeric.,,0.0,,,,,,Northern Europe,0,,2019.0,2019.0,True,0,0,0
Iceland,ISL,1996,party,2011,2018.0,2018.0,,0,0,0,-22.0,-22.0,0.0,,,37425.51,68.7,0,0,1,1,0,0,0,1,0,0,0,272000,2022.0,0,0,0.0,0.0,1,1,1,0,3.16,2.72,retained_legacy_not_independently_reimported,2022.0,0,excluded_until_researcher_coding_rubric_is_documented,364134.0,40.0,36.0,0.0,0.0,1.098497,1.0,GDP parsed from comma-formatted text to numeric.,0.741936082206518,0.37180249851279,,,,0.0,,Northern Europe,0,,2019.0,2019.0,True,0,0,0
Iceland,ISL,1997,party,2011,2018.0,2018.0,,0,0,0,-21.0,-21.0,,,,38657.28,67.6,0,0,1,1,0,0,0,0,0,0,0,274000,2022.0,0,0,0.0,0.0,1,1,1,0,,,retained_legacy_not_independently_reimported,2022.0,0,excluded_until_researcher_coding_rubric_is_documented,364134.0,40.0,36.0,0.0,0.0,1.098497,1.0,GDP parsed from comma-formatted text to numeric.,,0.737505277772144,,,,,,Northern Europe,0,,2019.0,2019.0,True,0,0,0
Iceland,ISL,1998,party,2011,2018.0,2018.0,,0,0,0,-20.0,-20.0,,,,40926.72,69.4,0,0,1,1,0,0,0,1,0,0,0,275000,2022.0,0,0,0.0,0.0,1,1,1,0,3.14,2.82,retained_legacy_not_independently_reimported,2022.0,0,excluded_until_researcher_coding_rubric_is_documented,364134.0,40.0,36.0,0.0,0.0,1.098497,1.0,GDP parsed from comma-formatted text to numeric.,,0.0,,,,,,Northern Europe,0,,2019.0,2019.0,True,0,0,0
Iceland,ISL,1999,party,2011,2018.0,2018.0,,0,0,0,-19.0,-19.0,0.722,,,42010.94,71.2,0,0,1,1,0,0,0,0,0,0,0,277000,2022.0,0,0,0.0,0.0,1,1,1,0,,,retained_legacy_not_independently_reimported,2022.0,0,excluded_until_researcher_coding_rubric_is_documented,364134.0,40.0,36.0,0.0,0.0,1.098497,1.0,GDP parsed from comma-formatted text to numeric.,0.71994499620229,0.720855800005767,,,,0.500712580508661,0.0028503239643940526,Northern Europe,0,,2019.0,2019.0,True,0,0,0
Iceland,ISL,2000,party,2011,2018.0,2018.0,,0,0,0,-18.0,-18.0,,,,43472.34,73.5,0,0,1,1,0,0,0,1,0,0,0,281000,2022.0,0,0,0.0,0.0,1,1,1,0,3.31,3.05,retained_legacy_not_independently_reimported,2022.0,0,excluded_until_researcher_coding_rubric_is_documented,364134.0,40.0,36.0,0.0,0.0,1.098497,1.0,GDP parsed from comma-formatted text to numeric.,,1.77758816837315,,,,,,Northern Europe,0,,2019.0,2019.0,True,0,0,0
Iceland,ISL,2001,party,2011,2018.0,2018.0,,0,0,0,-17.0,-17.0,,,,44545.98,72.6,0,0,1,1,0,0,0,0,0,0,0,284000,2022.0,0,0,0.0,0.0,1,1,1,0,,,retained_legacy_not_independently_reimported,2022.0,0,excluded_until_researcher_coding_rubric_is_documented,364134.0,40.0,36.0,0.0,0.0,1.098497,1.0,GDP parsed from comma-formatted text to numeric.,,0.350812569614369,,,,,,Northern Europe,0,,2019.0,2019.0,True,0,0,0
Iceland,ISL,2002,party,2011,2018.0,2018.0,,0,0,0,-16.0,-16.0,,,,44389.56,71.7,0,0,1,1,0,0,0,1,0,0,0,288000,2022.0,0,0,0.0,0.0,1,1,1,0,3.33,3.16,retained_legacy_not_independently_reimported,2022.0,0,excluded_until_researcher_coding_rubric_is_documented,364134.0,40.0,36.0,0.0,0.0,1.098497,1.0,GDP parsed from comma-formatted text to numeric.,,1.39078673328535,,,,,,Northern Europe,0,,2019.0,2019.0,True,0,0,0
Iceland,ISL,2003,party,2011,2018.0,2018.0,,0,0,0,-15.0,-15.0,,,23.826,45088.92,72.1,0,0,1,1,0,0,0,1,0,0,0,291000,2022.0,0,0,0.0,0.0,1,1,1,0,3.47,3.26,retained_legacy_not_independently_reimported,2022.0,0,excluded_until_researcher_coding_rubric_is_documented,364134.0,40.0,36.0,0.0,0.0,1.098497,1.0,GDP parsed from comma-formatted text to numeric.,,,,,,,,Northern Europe,0,,2019.0,2019.0,True,0,0,0
Iceland,ISL,2004,party,2011,2018.0,2018.0,,0,0,0,-14.0,-14.0,,,17.456,48101.71,70.4,0,0,1,1,0,0,0,1,0,0,0,293000,2022.0,0,0,0.0,0.0,1,1,1,0,3.49,3.24,retained_legacy_not_independently_reimported,2022.0,0,excluded_until_researcher_coding_rubric_is_documented,364134.0,40.0,36.0,0.0,0.0,1.098497,1.0,GDP parsed from comma-formatted text to numeric.,,,,,,,,Northern Europe,0,,2019.0,2019.0,True,0,0,0
Iceland,ISL,2005,party,2011,2018.0,2018.0,,0,0,0,-13.0,-13.0,0.0,97.024,25.267,50674.44,70.9,0,0,1,1,1,1,1,1,1,1,1,297000,2022.0,0,0,0.0,0.0,1,1,1,0,3.35,3.3,retained_legacy_not_independently_reimported,2022.0,0,excluded_until_researcher_coding_rubric_is_documented,364134.0,40.0,36.0,0.0,0.0,1.098497,1.0,GDP parsed from comma-formatted text to numeric.,2.01044088968711,1.01066419166236,,,,0.0,,Northern Europe,0,,2019.0,2019.0,True,0,0,0
Iceland,ISL,2006,party,2011,2018.0,2018.0,,0,0,0,-12.0,-12.0,,92.473,23.694,52306.13,71.7,0,0,1,1,0,1,1,1,0,1,1,304000,2022.0,0,0,0.0,0.0,1,1,1,0,3.21,3.2,retained_legacy_not_independently_reimported,2022.0,0,excluded_until_researcher_coding_rubric_is_documented,364134.0,40.0,36.0,0.0,0.0,1.098497,1.0,GDP parsed from comma-formatted text to numeric.,,0.0,,,,,,Northern Europe,0,,2019.0,2019.0,True,0,0,0
Iceland,ISL,2007,party,2011,2018.0,2018.0,,0,0,0,-11.0,-11.0,0.0,111.984,27.916,55457.36,71.3,0,0,1,1,1,1,1,1,1,1,1,311000,2022.0,0,0,0.0,0.0,1,1,1,0,3.04,3.11,retained_legacy_not_independently_reimported,2022.0,0,excluded_until_researcher_coding_rubric_is_documented,364134.0,40.0,36.0,0.0,0.0,1.098497,1.0,GDP parsed from comma-formatted text to numeric.,1.25974729469268,0.641744518298543,,,,0.0,,Northern Europe,0,,2019.0,2019.0,True,0,0,0
Iceland,ISL,2008,party,2011,2018.0,2018.0,,0,0,0,-10.0,-10.0,,115.9,21.416,55360.81,70.7,0,0,1,1,0,1,1,1,0,1,1,317000,2022.0,0,0,0.0,0.0,1,1,1,0,3.1,3.15,retained_legacy_not_independently_reimported,2022.0,0,excluded_until_researcher_coding_rubric_is_documented,364134.0,40.0,36.0,0.0,0.0,1.098497,1.0,GDP parsed from comma-formatted text to numeric.,,0.0,,,,,,Northern Europe,0,,2019.0,2019.0,True,0,0,0
Iceland,ISL,2009,party,2011,2018.0,2018.0,,0,0,0,-9.0,-9.0,0.0,,24.481,50581.08,70.2,0,0,1,1,1,0,1,1,1,0,1,319000,2022.0,0,0,0.0,0.0,1,1,1,0,2.77,2.9,retained_legacy_not_independently_reimported,2022.0,0,excluded_until_researcher_coding_rubric_is_documented,364134.0,40.0,36.0,0.0,0.0,1.098497,1.0,GDP parsed from comma-formatted text to numeric.,0.620961807744015,0.31386137370846,,,,0.0,,Northern Europe,0,,2019.0,2019.0,True,0,0,0
Iceland,ISL,2010,party,2011,2018.0,2018.0,,0,0,0,-8.0,-8.0,0.0,68.205,30.802,49528.49,70.5,0,0,1,1,1,1,1,1,1,1,1,318000,2022.0,0,0,0.0,0.0,1,1,1,0,2.69,2.9,retained_legacy_not_independently_reimported,2022.0,0,excluded_until_researcher_coding_rubric_is_documented,364134.0,40.0,36.0,0.0,0.0,1.098497,1.0,GDP parsed from comma-formatted text to numeric.,1.24989844575128,0.628618485155174,0.0,0.0,0.0,0.0,,Northern Europe,0,,2019.0,2019.0,True,0,0,0
Iceland,ISL,2011,party,2011,2018.0,2018.0,,0,0,0,-7.0,-7.0,0.629,89.303,40.108,50058.83,70.0,0,0,1,1,1,1,1,1,1,1,1,319000,2022.0,0,0,0.0,0.0,1,1,1,0,2.68,2.87,retained_legacy_not_independently_reimported,2022.0,0,excluded_until_researcher_coding_rubric_is_documented,364134.0,40.0,36.0,0.0,0.0,1.098497,1.0,GDP parsed from comma-formatted text to numeric.,1.24823297020156,0.940035157314884,0.629285037804299,0.624116485100779,0.629285037804299,0.33506762878368995,-0.6853529496483459,Northern Europe,0,,2019.0,2019.0,True,0,0,0
Iceland,ISL,2012,party,2011,2018.0,2018.0,,0,0,0,-6.0,-6.0,0.625,85.089,38.025,50375.41,70.6,0,0,1,1,1,1,1,1,1,1,1,320000,2022.0,0,0,0.0,0.0,1,1,1,0,2.52,2.85,retained_legacy_not_independently_reimported,2022.0,0,excluded_until_researcher_coding_rubric_is_documented,364134.0,40.0,36.0,0.0,0.0,1.098497,1.0,GDP parsed from comma-formatted text to numeric.,0.0,0.311681349455571,0.625383047116359,0.0,0.625383047116359,1.0,,Northern Europe,0,,2019.0,2019.0,True,0,0,0
Iceland,ISL,2013,party,2011,2018.0,2018.0,,0,0,0,-5.0,-5.0,0.0,225.697,55.575,51696.09,71.1,0,0,1,1,1,1,1,1,1,1,1,321000,2022.0,0,0,1.0,0.0,1,1,1,0,2.52,2.81,retained_legacy_not_independently_reimported,2022.0,0,excluded_until_researcher_coding_rubric_is_documented,364134.0,40.0,36.0,0.0,0.0,1.098497,1.0,GDP parsed from comma-formatted text to numeric.,0.615714259326532,0.308751086417885,0.0,0.0,0.0,0.0,,Northern Europe,0,,2019.0,2019.0,True,0,0,0
Iceland,ISL,2014,party,2011,2018.0,2018.0,,0,0,0,-4.0,-4.0,0.613,127.934,39.388,52102.58,71.9,0,0,1,1,1,1,1,1,1,1,1,327000,2022.0,0,0,1.0,0.0,1,1,1,0,2.53,2.9,retained_legacy_not_independently_reimported,2022.0,0,excluded_until_researcher_coding_rubric_is_documented,364134.0,40.0,36.0,0.0,0.0,1.098497,1.0,GDP parsed from comma-formatted text to numeric.,0.0,0.305331857562688,0.612662508730441,0.0,0.612662508730441,1.0,,Northern Europe,0,,2019.0,2019.0,True,0,0,0
Iceland,ISL,2015,party,2011,2018.0,2018.0,,0,0,0,-3.0,-3.0,0.0,133.554,53.784,53505.7,72.8,0,0,1,1,1,1,1,1,1,1,1,332000,2022.0,0,0,1.0,0.0,1,1,1,0,2.49,2.79,retained_legacy_not_independently_reimported,2022.0,0,excluded_until_researcher_coding_rubric_is_documented,364134.0,40.0,36.0,0.0,0.0,1.098497,1.0,GDP parsed from comma-formatted text to numeric.,1.80428336871733,0.906477233068894,0.0,0.601427789572445,0.607236436615143,0.0,,Northern Europe,0,,2019.0,2019.0,True,0,0,0
Iceland,ISL,2016,party,2011,2018.0,2018.0,,0,0,0,-2.0,-2.0,0.601,148.403,55.13,56049.29,73.0,0,0,1,1,1,1,1,1,1,1,1,338000,2022.0,0,0,1.0,0.0,1,1,1,0,2.3,2.53,retained_legacy_not_independently_reimported,2022.0,0,excluded_until_researcher_coding_rubric_is_documented,364134.0,40.0,36.0,0.0,0.0,1.098497,1.0,GDP parsed from comma-formatted text to numeric.,0.0,0.297997309084299,0.601019328781614,0.0,0.601019328781614,1.0,,Northern Europe,0,,2019.0,2019.0,True,0,0,0
Iceland,ISL,2017,party,2011,2018.0,2018.0,,0,0,0,-1.0,-1.0,1.182,138.561,62.003,56657.98,72.6,0,0,1,1,1,1,1,1,1,1,1,348000,2022.0,0,0,1.0,0.0,1,1,1,0,2.41,2.68,retained_legacy_not_independently_reimported,2022.0,0,excluded_until_researcher_coding_rubric_is_documented,364134.0,40.0,36.0,0.0,0.0,1.098497,1.0,GDP parsed from comma-formatted text to numeric.,0.573547419466773,0.873282362752761,0.0,0.0,0.0,0.6732942596099276,0.7231225804786451,Northern Europe,0,,2019.0,2019.0,True,0,0,0
Iceland,ISL,2018,party,2011,2018.0,2018.0,,1,1,1,0.0,0.0,0.579,156.155,74.535,57731.65,71.6,0,0,1,1,1,1,1,1,1,1,1,354000,2022.0,0,0,1.0,0.0,1,1,1,0,2.43,2.86,retained_legacy_not_independently_reimported,2022.0,0,excluded_until_researcher_coding_rubric_is_documented,364134.0,40.0,36.0,0.0,0.0,1.098497,1.0,GDP parsed from comma-formatted text to numeric.,1.10951772038489,0.850210001870462,0.0,0.554758860192446,0.0,0.34290430773093666,-0.6503782361771937,Northern Europe,0,,2019.0,2019.0,True,0,0,1
Iceland,ISL,2019,party,2011,2018.0,2018.0,,1,1,1,1.0,1.0,0.0,182.423,59.606,57118.85,71.5,0,0,1,1,1,1,1,1,1,1,1,361000,2022.0,0,0,1.0,0.0,1,1,1,0,2.53,2.94,retained_legacy_not_independently_reimported,2022.0,0,excluded_until_researcher_coding_rubric_is_documented,364134.0,40.0,36.0,0.0,0.0,1.098497,1.0,GDP parsed from comma-formatted text to numeric.,0.540740760768176,0.277239086829896,0.0,0.0,0.0,0.0,,Northern Europe,0,,2019.0,2019.0,True,1,1,1
Iceland,ISL,2020,party,2011,2018.0,2018.0,,1,1,1,2.0,2.0,2.24,141.839,43.097,52464.31,69.3,0,0,1,1,1,1,1,1,1,1,1,366000,2022.0,0,0,1.0,0.0,1,1,1,0,2.52,2.99,retained_legacy_not_independently_reimported,2022.0,0,excluded_until_researcher_coding_rubric_is_documented,364134.0,40.0,36.0,0.0,0.0,1.098497,1.0,GDP parsed from comma-formatted text to numeric.,0.531800330248005,1.36383225954273,1.11998700815071,0.0,0.559993504075353,0.8081390190900142,1.4379630450399734,Northern Europe,0,,2019.0,2019.0,True,1,1,1
Iceland,ISL,2021,party,2011,2018.0,2018.0,,1,1,1,3.0,3.0,0.55,173.356,56.622,54285.02,69.1,0,0,1,1,1,1,1,1,1,1,1,372000,2022.0,0,0,1.0,0.0,1,1,1,0,2.72,2.92,retained_legacy_not_independently_reimported,2022.0,0,excluded_until_researcher_coding_rubric_is_documented,364134.0,40.0,36.0,0.0,0.0,1.098497,1.0,GDP parsed from comma-formatted text to numeric.,0.523638343941373,0.536705993798362,0.0,0.0,0.0,0.5122767858503694,0.04911701550961822,Northern Europe,0,,2019.0,2019.0,True,1,1,1
Iceland,ISL,2022,party,2011,2018.0,2018.0,,1,1,1,4.0,4.0,0.539,163.531,67.305,57606.88,70.6,0,0,1,1,1,1,1,1,1,1,1,376000,2022.0,1,1,1.0,0.0,1,1,1,0,2.19,2.38,retained_legacy_not_independently_reimported,2022.0,1,excluded_until_researcher_coding_rubric_is_documented,364134.0,40.0,36.0,0.0,0.0,1.098497,1.0,GDP parsed from comma-formatted text to numeric.,1.53966958690665,1.05164773481651,0.0,0.0,0.0,0.2593004695864662,-1.0496075475219637,Northern Europe,0,,2019.0,2019.0,True,1,1,1
Iceland,ISL,2023,party,2011,2018.0,2018.0,,1,1,1,5.0,5.0,,130.045,45.413,60019.41,70.4,0,0,1,1,0,1,1,0,0,0,0,383000,2022.0,1,0,1.0,0.0,1,1,1,0,,,excluded_legacy_flagged_for_manual_review,2022.0,1,excluded_until_researcher_coding_rubric_is_documented,364134.0,40.0,36.0,0.0,0.0,1.098497,1.0,GDP parsed from comma-formatted text to numeric. | WGI legacy value excluded because source file flagged this country-year for manual review. | UNODC outcome values preserved from source dataset; not silently imputed or replaced.,,,,,,,,Northern Europe,0,,2019.0,2019.0,True,1,1,1
Italy,ITA,1990,party,2012,2013.0,2014.0,,0,0,0,-23.0,-24.0,0.705,,,27625.18,35.0,0,0,1,1,0,0,0,0,0,0,0,56760000,2020.0,0,0,0.0,0.0,1,1,1,0,,,retained_legacy_not_independently_reimported,2020.0,0,excluded_until_researcher_coding_rubric_is_documented,59641488.0,2421.0,5964.0,3543.0,59.0,0.405925,0.0,GDP parsed from comma-formatted text to numeric.,5.73129409384072,3.14563261130983,,,,0.10953508179103517,-2.095498826744716,Southern Europe,0,,2014.0,2015.0,True,0,0,0
Italy,ITA,1991,party,2012,2013.0,2014.0,,0,0,0,-22.0,-23.0,0.787,,,28030.77,35.5,0,0,1,1,0,0,0,0,0,0,0,56817000,2020.0,0,0,0.0,0.0,1,1,1,0,,,retained_legacy_not_independently_reimported,2020.0,0,excluded_until_researcher_coding_rubric_is_documented,59641488.0,2421.0,5964.0,3543.0,59.0,0.405925,0.0,GDP parsed from comma-formatted text to numeric.,6.16039494273667,3.39550878435906,,,,0.11327987058268353,-2.0576679201355708,Southern Europe,0,,2014.0,2015.0,True,0,0,0
Italy,ITA,1992,party,2012,2013.0,2014.0,,0,0,0,-21.0,-22.0,0.732,,,28245.43,33.9,0,0,1,1,0,0,0,0,0,0,0,56861000,2020.0,0,0,0.0,0.0,1,1,1,0,,,retained_legacy_not_independently_reimported,2020.0,0,excluded_until_researcher_coding_rubric_is_documented,59641488.0,2421.0,5964.0,3543.0,59.0,0.405925,0.0,GDP parsed from comma-formatted text to numeric.,4.54710030041194,2.58380791474806,,,,0.13865999097287096,-1.826464498211118,Southern Europe,0,,2014.0,2015.0,True,0,0,0
Italy,ITA,1993,party,2012,2013.0,2014.0,,0,0,0,-20.0,-21.0,0.664,,,27987.43,33.3,0,0,1,1,0,0,0,0,0,0,0,56961000,2020.0,0,0,0.0,0.0,1,1,1,0,,,retained_legacy_not_independently_reimported,2020.0,0,excluded_until_researcher_coding_rubric_is_documented,59641488.0,2421.0,5964.0,3543.0,59.0,0.405925,0.0,GDP parsed from comma-formatted text to numeric.,3.15588883374684,1.87333513571146,,,,0.17382704808943297,-1.5587433080878563,Southern Europe,0,,2014.0,2015.0,True,0,0,0
Italy,ITA,1994,party,2012,2013.0,2014.0,,0,0,0,-19.0,-20.0,0.526,,,28583.63,33.1,0,0,1,1,0,0,0,0,0,0,0,57057000,2020.0,0,0,0.0,0.0,1,1,1,0,,,retained_legacy_not_independently_reimported,2020.0,0,excluded_until_researcher_coding_rubric_is_documented,59641488.0,2421.0,5964.0,3543.0,59.0,0.405925,0.0,GDP parsed from comma-formatted text to numeric.,2.923464674372,1.68756125246512,,,,0.15248742910978272,-1.7152235114706518,Southern Europe,0,,2014.0,2015.0,True,0,0,0
Italy,ITA,1995,party,2012,2013.0,2014.0,,0,0,0,-18.0,-19.0,0.675,,,29408.32,33.1,0,0,1,1,0,0,0,0,0,0,0,57269000,2020.0,0,0,0.0,0.0,1,1,1,0,,,retained_legacy_not_independently_reimported,2020.0,0,excluded_until_researcher_coding_rubric_is_documented,59641488.0,2421.0,5964.0,3543.0,59.0,0.405925,0.0,GDP parsed from comma-formatted text to numeric.,2.92081852756831,1.76296351100176,,,,0.18771803827833103,-1.464906482768523,Southern Europe,0,,2014.0,2015.0,True,0,0,0
Italy,ITA,1996,party,2012,2013.0,2014.0,,0,0,0,-17.0,-18.0,0.733,,,29795.66,33.8,0,0,1,1,0,0,0,1,0,0,0,57461000,2020.0,0,0,0.0,0.0,1,1,1,0,1.43,1.8,retained_legacy_not_independently_reimported,2020.0,0,excluded_until_researcher_coding_rubric_is_documented,59641488.0,2421.0,5964.0,3543.0,59.0,0.405925,0.0,GDP parsed from comma-formatted text to numeric.,2.65936826902041,1.66718882215848,,,,0.21607323906837012,-1.2886981788337308,Southern Europe,0,,2014.0,2015.0,True,0,0,0
Italy,ITA,1997,party,2012,2013.0,2014.0,,0,0,0,-16.0,-17.0,0.654,,,30353.38,34.0,0,0,1,1,0,0,0,0,0,0,0,57563000,2020.0,0,0,0.0,0.0,1,1,1,0,,,retained_legacy_not_independently_reimported,2020.0,0,excluded_until_researcher_coding_rubric_is_documented,59641488.0,2421.0,5964.0,3543.0,59.0,0.405925,0.0,GDP parsed from comma-formatted text to numeric.,2.45374844039502,1.52651001019431,,,,0.21044174344975983,-1.322264758532667,Southern Europe,0,,2014.0,2015.0,True,0,0,0
Italy,ITA,1998,party,2012,2013.0,2014.0,,0,0,0,-15.0,-16.0,0.659,,,30892.18,34.5,0,0,1,1,0,0,0,1,0,0,0,57612000,2020.0,0,0,0.0,0.0,1,1,1,0,1.41,1.36,retained_legacy_not_independently_reimported,2020.0,0,excluded_until_researcher_coding_rubric_is_documented,59641488.0,2421.0,5964.0,3543.0,59.0,0.405925,0.0,GDP parsed from comma-formatted text to numeric.,2.50573090397859,1.55378306019741,,,,0.20823255436079194,-1.3356122144928904,Southern Europe,0,,2014.0,2015.0,True,0,0,0
Italy,ITA,1999,party,2012,2013.0,2014.0,,0,0,0,-14.0,-15.0,0.614,,,31405.26,35.2,0,0,1,1,0,0,0,0,0,0,0,57613000,2020.0,0,0,0.0,0.0,1,1,1,0,,,retained_legacy_not_independently_reimported,2020.0,0,excluded_until_researcher_coding_rubric_is_documented,59641488.0,2421.0,5964.0,3543.0,59.0,0.405925,0.0,GDP parsed from comma-formatted text to numeric.,2.30035785408744,1.43079765038568,,,,0.21068105934171874,-1.3208250504010963,Southern Europe,0,,2014.0,2015.0,True,0,0,0
Italy,ITA,2000,party,2012,2013.0,2014.0,,0,0,0,-13.0,-14.0,0.645,,,32609.67,35.4,0,0,1,1,1,0,0,1,1,0,0,56942000,2020.0,0,0,0.0,0.0,1,1,1,0,1.23,1.42,retained_legacy_not_independently_reimported,2020.0,0,excluded_until_researcher_coding_rubric_is_documented,59641488.0,2421.0,5964.0,3543.0,59.0,0.405925,0.0,GDP parsed from comma-formatted text to numeric.,2.07487072554587,1.33747271243561,,,,0.23714362375459977,-1.1684038129864924,Southern Europe,0,,2014.0,2015.0,True,0,0,0
Italy,ITA,2001,party,2012,2013.0,2014.0,,0,0,0,-12.0,-13.0,0.579,,,33243.6,35.9,0,0,1,1,1,0,0,0,0,0,0,57032000,2020.0,0,0,0.0,0.0,1,1,1,0,,,retained_legacy_not_independently_reimported,2020.0,0,excluded_until_researcher_coding_rubric_is_documented,59641488.0,2421.0,5964.0,3543.0,59.0,0.405925,0.0,GDP parsed from comma-formatted text to numeric.,1.93827972215713,1.23722291409081,,,,0.23001019509418608,-1.2082536399407486,Southern Europe,0,,2014.0,2015.0,True,0,0,0
Italy,ITA,2002,party,2012,2013.0,2014.0,,0,0,0,-11.0,-12.0,0.617,,,33267.45,36.3,0,0,1,1,1,0,0,1,1,0,0,57157000,2020.0,0,0,0.0,0.0,1,1,1,0,1.28,1.26,retained_legacy_not_independently_reimported,2020.0,0,excluded_until_researcher_coding_rubric_is_documented,59641488.0,2421.0,5964.0,3543.0,59.0,0.405925,0.0,GDP parsed from comma-formatted text to numeric.,1.65826566232188,1.12154817534866,,,,0.2711771245957974,-0.9886585295465098,Southern Europe,0,,2014.0,2015.0,True,0,0,0
Italy,ITA,2003,party,2012,2013.0,2014.0,,0,0,0,-10.0,-11.0,0.664,4.752,,33110.17,36.8,0,0,1,1,1,0,0,1,1,0,0,57321000,2020.0,0,0,0.0,0.0,1,1,1,0,1.26,1.17,retained_legacy_not_independently_reimported,2020.0,0,excluded_until_researcher_coding_rubric_is_documented,59641488.0,2421.0,5964.0,3543.0,59.0,0.405925,0.0,GDP parsed from comma-formatted text to numeric.,1.86418995053485,,,,,0.26263849354338575,-1.0322997453705365,Southern Europe,0,,2014.0,2015.0,True,0,0,0
Italy,ITA,2004,party,2012,2013.0,2014.0,,0,0,0,-9.0,-10.0,,6.418,,33348.97,38.1,0,0,1,1,0,0,0,1,0,0,0,57888000,2020.0,0,0,0.0,0.0,1,1,1,0,1.07,1.0,retained_legacy_not_independently_reimported,2020.0,0,excluded_until_researcher_coding_rubric_is_documented,59641488.0,2421.0,5964.0,3543.0,59.0,0.405925,0.0,GDP parsed from comma-formatted text to numeric.,,,,,,,,Southern Europe,0,,2014.0,2015.0,True,0,0,0
Italy,ITA,2005,party,2012,2013.0,2014.0,,0,0,0,-8.0,-9.0,0.452,6.869,,33407.68,37.8,0,0,1,1,1,1,0,1,1,1,0,58462000,2020.0,0,0,0.0,0.0,1,1,1,0,0.95,0.87,retained_legacy_not_independently_reimported,2020.0,0,excluded_until_researcher_coding_rubric_is_documented,59641488.0,2421.0,5964.0,3543.0,59.0,0.405925,0.0,GDP parsed from comma-formatted text to numeric.,1.66977263090122,1.04238414237751,0.278694294008048,0.257231187110829,,0.21302942333081826,-1.3067605671484852,Southern Europe,0,,2014.0,2015.0,True,0,0,0
Italy,ITA,2006,party,2012,2013.0,2014.0,,0,0,0,-7.0,-8.0,0.589,7.681,,33873.05,37.9,0,0,1,1,1,1,0,1,1,1,0,58751000,2020.0,0,0,0.0,0.0,1,1,1,0,0.61,0.64,retained_legacy_not_independently_reimported,2020.0,0,excluded_until_researcher_coding_rubric_is_documented,59641488.0,2421.0,5964.0,3543.0,59.0,0.405925,0.0,GDP parsed from comma-formatted text to numeric.,1.56770707084407,1.06374952167439,0.416396105586023,0.235130752351027,,0.2731015296247363,-0.9789431827425543,Southern Europe,0,,2014.0,2015.0,True,0,0,0
Italy,ITA,2007,party,2012,2013.0,2014.0,,0,0,0,-6.0,-7.0,0.492,8.285,,34159.91,37.7,0,0,1,1,1,1,0,1,1,1,0,59131000,2020.0,0,0,0.0,0.0,1,1,1,0,0.33,0.79,retained_legacy_not_independently_reimported,2020.0,0,excluded_until_researcher_coding_rubric_is_documented,59641488.0,2421.0,5964.0,3543.0,59.0,0.405925,0.0,GDP parsed from comma-formatted text to numeric.,1.67918491896805,1.06752438557289,0.338296037673172,0.261670376687416,0.0492664132533746,0.22660437427588817,-1.2275850708923475,Southern Europe,0,,2014.0,2015.0,True,0,0,0
Italy,ITA,2008,party,2012,2013.0,2014.0,,0,0,0,-5.0,-6.0,0.481,8.215,,33550.63,38.4,0,0,1,1,1,1,0,1,1,1,0,59619000,2020.0,0,0,0.0,0.0,1,1,1,0,0.46,0.76,retained_legacy_not_independently_reimported,2020.0,0,excluded_until_researcher_coding_rubric_is_documented,59641488.0,2421.0,5964.0,3543.0,59.0,0.405925,0.0,GDP parsed from comma-formatted text to numeric.,1.61828656340186,1.03254300197422,0.35520233163935,0.273593561560811,0.0651747397503394,0.2291254602328075,-1.213255921473297,Southern Europe,0,,2014.0,2015.0,True,0,0,0
Italy,ITA,2009,party,2012,2013.0,2014.0,,0,0,0,-4.0,-5.0,0.56,8.285,,31587.06,38.0,0,0,1,1,1,1,0,1,1,1,0,60045000,2020.0,0,0,0.0,0.0,1,1,1,0,0.71,0.68,retained_legacy_not_independently_reimported,2020.0,0,excluded_until_researcher_coding_rubric_is_documented,59641488.0,2421.0,5964.0,3543.0,59.0,0.405925,0.0,GDP parsed from comma-formatted text to numeric.,1.43626424982084,0.984909015398894,0.421115972877022,0.237655235581866,0.0421115972877022,0.2805239837612975,-0.941863966930829,Southern Europe,0,,2014.0,2015.0,True,0,0,0
Italy,ITA,2010,party,2012,2013.0,2014.0,,0,0,0,-3.0,-4.0,0.498,8.0,,31928.55,37.9,0,0,1,1,1,1,0,1,1,1,0,60483000,2020.0,0,0,0.0,0.0,1,1,1,0,0.79,0.77,retained_legacy_not_independently_reimported,2020.0,0,excluded_until_researcher_coding_rubric_is_documented,59641488.0,2421.0,5964.0,3543.0,59.0,0.405925,0.0,GDP parsed from comma-formatted text to numeric.,1.28492312405689,0.879260233986606,0.361111147383436,0.240146847738991,0.0386904800767967,0.2793165859371678,-0.947854092878381,Southern Europe,0,,2014.0,2015.0,True,0,0,0
Italy,ITA,2011,party,2012,2013.0,2014.0,,0,0,0,-2.0,-3.0,0.534,7.648,,32039.5,38.1,0,0,1,1,1,1,0,1,1,1,0,59379000,2020.0,0,0,0.0,0.0,1,1,1,0,0.69,0.82,retained_legacy_not_independently_reimported,2020.0,0,excluded_until_researcher_coding_rubric_is_documented,59641488.0,2421.0,5964.0,3543.0,59.0,0.405925,0.0,GDP parsed from comma-formatted text to numeric.,1.31966889874374,0.914393555930683,0.379093324423569,0.270168788292472,0.0289138976255265,0.2880773369839134,-0.9047403108709952,Southern Europe,0,,2014.0,2015.0,True,0,0,0
Italy,ITA,2012,party,2012,2013.0,2014.0,,0,0,0,-1.0,-2.0,0.521,7.746,,30953.41,39.4,0,0,1,1,1,1,0,1,1,1,0,59539000,2020.0,0,0,0.0,0.0,1,1,1,0,0.76,0.72,retained_legacy_not_independently_reimported,2020.0,0,excluded_until_researcher_coding_rubric_is_documented,59641488.0,2421.0,5964.0,3543.0,59.0,0.405925,0.0,GDP parsed from comma-formatted text to numeric.,1.25270261071152,0.87557696185202,0.355757087137891,0.214793840530916,0.0320501880304406,0.2937358251905606,-0.8773085431622376,Southern Europe,0,,2014.0,2015.0,True,0,0,0
Italy,ITA,2013,party,2012,2013.0,2014.0,,1,0,0,0.0,-1.0,0.573,7.399,,30330.02,39.3,0,0,1,1,1,1,0,1,1,1,0,60233000,2020.0,0,0,0.0,0.0,1,1,1,0,0.91,0.74,retained_legacy_not_independently_reimported,2020.0,0,excluded_until_researcher_coding_rubric_is_documented,59641488.0,2421.0,5964.0,3543.0,59.0,0.405925,0.0,GDP parsed from comma-formatted text to numeric.,1.09835584461244,0.827647126909968,0.400047660078031,0.18702653700831,0.259230883730564,0.34283543019701423,-0.6506839371972326,Southern Europe,0,,2014.0,2015.0,True,0,0,1
Italy,ITA,2014,party,2012,2013.0,2014.0,,1,1,1,1.0,0.0,0.471,7.837,,30325.03,39.7,0,0,1,1,1,1,0,1,1,1,0,60782000,2020.0,0,0,0.0,0.0,1,1,1,0,0.8,0.72,retained_legacy_not_independently_reimported,2020.0,0,excluded_until_researcher_coding_rubric_is_documented,59641488.0,2421.0,5964.0,3543.0,59.0,0.405925,0.0,GDP parsed from comma-formatted text to numeric.,1.11466114827838,0.782999237037301,0.374541564726136,0.251478429794512,0.262499216303788,0.2970369807643864,-0.861447640800615,Southern Europe,0,,2014.0,2015.0,True,1,0,1
Italy,ITA,2015,party,2012,2013.0,2014.0,,1,1,1,2.0,1.0,0.436,7.447,,30639.88,39.4,0,0,1,1,1,1,0,1,1,1,0,60802000,2020.0,0,0,1.0,0.0,1,1,1,0,0.84,0.5,retained_legacy_not_independently_reimported,2020.0,0,excluded_until_researcher_coding_rubric_is_documented,59641488.0,2421.0,5964.0,3543.0,59.0,0.405925,0.0,GDP parsed from comma-formatted text to numeric.,1.13278526089046,0.774242762514025,0.356085347819356,0.200659701076903,0.23418225577309,0.2779220399817637,-0.9547924682861947,Southern Europe,0,,2014.0,2015.0,True,1,1,1
Italy,ITA,2016,party,2012,2013.0,2014.0,,1,1,1,3.0,2.0,0.486,7.462,,31077.68,40.1,0,0,1,1,1,1,0,1,1,1,0,60627000,2020.0,0,0,1.0,0.0,1,1,1,0,0.94,0.63,retained_legacy_not_independently_reimported,2020.0,0,excluded_until_researcher_coding_rubric_is_documented,59641488.0,2421.0,5964.0,3543.0,59.0,0.405925,0.0,GDP parsed from comma-formatted text to numeric.,0.860789850219334,0.668010320924807,0.360285045947763,0.149702582646841,0.247695969089087,0.36085808036112804,-0.5716417743354357,Southern Europe,0,,2014.0,2015.0,True,1,1,1
Italy,ITA,2017,party,2012,2013.0,2014.0,,1,1,1,4.0,3.0,0.426,8.47,,31635.52,40.6,0,0,1,1,1,1,0,1,1,1,0,60484000,2020.0,0,0,1.0,0.0,1,1,1,0,0.85,0.55,retained_legacy_not_independently_reimported,2020.0,0,excluded_until_researcher_coding_rubric_is_documented,59641488.0,2421.0,5964.0,3543.0,59.0,0.405925,0.0,GDP parsed from comma-formatted text to numeric.,0.83011043241456,0.622616360456986,0.309711003017311,0.163300412934012,0.183890908041528,0.33914215582233553,-0.6671193967726399,Southern Europe,0,,2014.0,2015.0,True,1,1,1
Italy,ITA,2018,party,2012,2013.0,2014.0,,1,1,1,5.0,4.0,0.456,8.927,,31819.4,40.8,0,0,1,1,1,1,0,1,1,1,0,60359000,2020.0,0,0,1.0,0.0,1,1,1,0,0.7,0.42,retained_legacy_not_independently_reimported,2020.0,0,excluded_until_researcher_coding_rubric_is_documented,59641488.0,2421.0,5964.0,3543.0,59.0,0.405925,0.0,GDP parsed from comma-formatted text to numeric.,0.742022601804225,0.595578796289962,0.359242605901201,0.170188670138584,0.242731490473784,0.38062720963132324,-0.48688689384167233,Southern Europe,0,,2014.0,2015.0,True,1,1,1
Italy,ITA,2019,party,2012,2013.0,2014.0,,1,1,1,6.0,5.0,0.36,8.984,,32180.43,40.9,0,0,1,1,1,1,0,1,1,1,0,60244000,2020.0,0,0,1.0,0.0,1,1,1,0,0.77,0.47,retained_legacy_not_independently_reimported,2020.0,0,excluded_until_researcher_coding_rubric_is_documented,59641488.0,2421.0,5964.0,3543.0,59.0,0.405925,0.0,GDP parsed from comma-formatted text to numeric.,0.702436746252977,0.527189893600108,0.305158622101042,0.201183339946241,0.220753045775222,0.3388437017729809,-0.668451324782789,Southern Europe,0,,2014.0,2015.0,True,1,1,1
Italy,ITA,2020,party,2012,2013.0,2014.0,,1,1,1,7.0,6.0,0.378,8.209,,29469.8,39.5,0,0,1,1,1,1,0,1,1,1,0,59641000,2020.0,1,1,1.0,0.0,1,1,1,0,0.62,0.36,retained_legacy_not_independently_reimported,2020.0,1,excluded_until_researcher_coding_rubric_is_documented,59641488.0,2421.0,5964.0,3543.0,59.0,0.405925,0.0,GDP parsed from comma-formatted text to numeric.,0.578180903293736,0.475691584209703,0.322652524448017,0.160795872513642,0.218360799373911,0.3953226828708997,-0.4249926055613563,Southern Europe,0,,2014.0,2015.0,True,1,1,1
Italy,ITA,2021,party,2012,2013.0,2014.0,,1,1,1,8.0,7.0,0.389,9.654,,32267.71,39.9,0,0,1,1,1,1,0,1,1,1,0,59236000,2020.0,1,1,1.0,0.0,1,1,1,0,0.56,0.42,retained_legacy_not_independently_reimported,2020.0,1,excluded_until_researcher_coding_rubric_is_documented,59641488.0,2421.0,5964.0,3543.0,59.0,0.405925,0.0,GDP parsed from comma-formatted text to numeric.,0.631143790334033,0.50728829294141,0.33686628665097,0.154355818288215,0.228938253063766,0.3813187941600144,-0.48395436987882473,Southern Europe,0,,2014.0,2015.0,True,1,1,1
Italy,ITA,2022,party,2012,2013.0,2014.0,,1,1,1,9.0,8.0,0.413,11.429,,33891.89,40.5,0,0,1,1,1,1,0,1,1,1,0,58851000,2020.0,1,1,1.0,0.0,1,1,1,0,0.63,0.42,retained_legacy_not_independently_reimported,2020.0,1,excluded_until_researcher_coding_rubric_is_documented,59641488.0,2421.0,5964.0,3543.0,59.0,0.405925,0.0,GDP parsed from comma-formatted text to numeric.,0.673318792968195,0.540095240763765,0.340876593659531,0.130541398636691,0.199937232819533,0.38018305738000036,-0.4887713139312506,Southern Europe,0,,2014.0,2015.0,True,1,1,1
Italy,ITA,2023,party,2012,2013.0,2014.0,,1,1,1,10.0,9.0,,11.331,,34239.66,41.3,0,0,1,1,0,1,0,1,0,1,0,58997000,2020.0,1,0,1.0,0.0,1,1,1,0,0.43,0.27,retained_legacy_not_independently_reimported,2020.0,1,excluded_until_researcher_coding_rubric_is_documented,59641488.0,2421.0,5964.0,3543.0,59.0,0.405925,0.0,GDP parsed from comma-formatted text to numeric. | UNODC outcome values preserved from source dataset; not silently imputed or replaced.,,,,,,,,Southern Europe,0,,2014.0,2015.0,True,1,1,1
Liechtenstein,LIE,1990,party,2016,2021.0,2021.0,,0,0,0,-31.0,-31.0,,,,,,0,1,1,0,0,0,0,0,0,0,0,28000,,0,0,,,0,0,1,0,,,retained_legacy_not_independently_reimported,,0,excluded_until_researcher_coding_rubric_is_documented,38747.0,10.0,4.0,0.0,0.0,2.580845,1.0,,,,,,,,,Western Europe,0,,2022.0,2022.0,True,0,0,0
Liechtenstein,LIE,1991,party,2016,2021.0,2021.0,,0,0,0,-30.0,-30.0,,,,,,0,1,1,0,0,0,0,0,0,0,0,29000,,0,0,,,0,0,1,0,,,retained_legacy_not_independently_reimported,,0,excluded_until_researcher_coding_rubric_is_documented,38747.0,10.0,4.0,0.0,0.0,2.580845,1.0,,,,,,,,,Western Europe,0,,2022.0,2022.0,True,0,0,0
Liechtenstein,LIE,1992,party,2016,2021.0,2021.0,,0,0,0,-29.0,-29.0,,,,,,0,1,1,0,0,0,0,0,0,0,0,29000,,0,0,,,0,0,1,0,,,retained_legacy_not_independently_reimported,,0,excluded_until_researcher_coding_rubric_is_documented,38747.0,10.0,4.0,0.0,0.0,2.580845,1.0,,,,,,,,,Western Europe,0,,2022.0,2022.0,True,0,0,0
Liechtenstein,LIE,1993,party,2016,2021.0,2021.0,,0,0,0,-28.0,-28.0,,,,,,0,1,1,0,0,0,0,0,0,0,0,30000,,0,0,,,0,0,1,0,,,retained_legacy_not_independently_reimported,,0,excluded_until_researcher_coding_rubric_is_documented,38747.0,10.0,4.0,0.0,0.0,2.580845,1.0,,,,,,,,,Western Europe,0,,2022.0,2022.0,True,0,0,0
Liechtenstein,LIE,1994,party,2016,2021.0,2021.0,,0,0,0,-27.0,-27.0,,,,,,0,1,1,0,0,0,0,0,0,0,0,30000,,0,0,,,0,0,1,0,,,retained_legacy_not_independently_reimported,,0,excluded_until_researcher_coding_rubric_is_documented,38747.0,10.0,4.0,0.0,0.0,2.580845,1.0,,,0.0,,,,,,Western Europe,0,,2022.0,2022.0,True,0,0,0
Liechtenstein,LIE,1995,party,2016,2021.0,2021.0,,0,0,0,-26.0,-26.0,,,,,,0,1,1,0,0,0,0,0,0,0,0,31000,,0,0,,,0,0,1,0,,,retained_legacy_not_independently_reimported,,0,excluded_until_researcher_coding_rubric_is_documented,38747.0,10.0,4.0,0.0,0.0,2.580845,1.0,,,0.0,,,,,,Western Europe,0,,2022.0,2022.0,True,0,0,0
Liechtenstein,LIE,1996,party,2016,2021.0,2021.0,,0,0,0,-25.0,-25.0,,,,,,0,1,1,0,0,0,0,0,0,0,0,31000,,0,0,,,0,0,1,0,2.84,2.5,retained_legacy_not_independently_reimported,,0,excluded_until_researcher_coding_rubric_is_documented,38747.0,10.0,4.0,0.0,0.0,2.580845,1.0,,,0.0,,,,,,Western Europe,0,,2022.0,2022.0,True,0,0,0
Liechtenstein,LIE,1997,party,2016,2021.0,2021.0,,0,0,0,-24.0,-24.0,,,,,,0,1,1,0,0,0,0,0,0,0,0,31000,,0,0,,,0,0,1,0,,,retained_legacy_not_independently_reimported,,0,excluded_until_researcher_coding_rubric_is_documented,38747.0,10.0,4.0,0.0,0.0,2.580845,1.0,,,0.0,,,,,,Western Europe,0,,2022.0,2022.0,True,0,0,0
Liechtenstein,LIE,1998,party,2016,2021.0,2021.0,,0,0,0,-23.0,-23.0,,,,,,0,1,1,0,0,0,0,0,0,0,0,32000,,0,0,,,0,0,1,0,2.81,2.51,retained_legacy_not_independently_reimported,,0,excluded_until_researcher_coding_rubric_is_documented,38747.0,10.0,4.0,0.0,0.0,2.580845,1.0,,,0.0,,,,,,Western Europe,0,,2022.0,2022.0,True,0,0,0
Liechtenstein,LIE,1999,party,2016,2021.0,2021.0,,0,0,0,-22.0,-22.0,,,,,,0,1,1,0,0,0,0,0,0,0,0,32000,,0,0,,,0,0,1,0,,,retained_legacy_not_independently_reimported,,0,excluded_until_researcher_coding_rubric_is_documented,38747.0,10.0,4.0,0.0,0.0,2.580845,1.0,,,3.05558101873071,,,,,,Western Europe,0,,2022.0,2022.0,True,0,0,0
Liechtenstein,LIE,2000,party,2016,2021.0,2021.0,,0,0,0,-21.0,-21.0,,,,,,0,1,1,0,0,0,0,0,0,0,0,33000,,0,0,,,0,0,1,0,2.78,2.55,retained_legacy_not_independently_reimported,,0,excluded_until_researcher_coding_rubric_is_documented,38747.0,10.0,4.0,0.0,0.0,2.580845,1.0,,,0.0,,,,,,Western Europe,0,,2022.0,2022.0,True,0,0,0
Liechtenstein,LIE,2001,party,2016,2021.0,2021.0,,0,0,0,-20.0,-20.0,,,,,,0,1,1,0,0,0,0,0,0,0,0,33000,,0,0,,,0,0,1,0,,,retained_legacy_not_independently_reimported,,0,excluded_until_researcher_coding_rubric_is_documented,38747.0,10.0,4.0,0.0,0.0,2.580845,1.0,,,0.0,,,,,,Western Europe,0,,2022.0,2022.0,True,0,0,0
Liechtenstein,LIE,2002,party,2016,2021.0,2021.0,,0,0,0,-19.0,-19.0,,,,,,0,1,1,0,0,0,0,0,0,0,0,33000,,0,0,,,0,0,1,0,2.78,2.52,retained_legacy_not_independently_reimported,,0,excluded_until_researcher_coding_rubric_is_documented,38747.0,10.0,4.0,0.0,0.0,2.580845,1.0,,,0.0,,,,,,Western Europe,0,,2022.0,2022.0,True,0,0,0
Liechtenstein,LIE,2003,party,2016,2021.0,2021.0,,0,0,0,-18.0,-18.0,,49.912,0.0,,,0,1,1,0,0,0,0,0,0,0,0,34000,,0,0,,,0,0,1,0,2.73,2.16,retained_legacy_not_independently_reimported,,0,excluded_until_researcher_coding_rubric_is_documented,38747.0,10.0,4.0,0.0,0.0,2.580845,1.0,,,0.0,,,,,,Western Europe,0,,2022.0,2022.0,True,0,0,0
Liechtenstein,LIE,2004,party,2016,2021.0,2021.0,,0,0,0,-17.0,-17.0,,20.356,2.908,,,0,1,1,0,0,0,0,0,0,0,0,35000,,0,0,,,0,0,1,0,2.89,1.84,retained_legacy_not_independently_reimported,,0,excluded_until_researcher_coding_rubric_is_documented,38747.0,10.0,4.0,0.0,0.0,2.580845,1.0,,,2.90794887825872,,,,,,Western Europe,0,,2022.0,2022.0,True,0,0,0
Liechtenstein,LIE,2005,party,2016,2021.0,2021.0,,0,0,0,-16.0,-16.0,,51.887,11.531,,,0,1,1,0,0,1,1,0,0,0,0,35000,,0,0,,,0,0,1,0,2.64,1.64,retained_legacy_not_independently_reimported,,0,excluded_until_researcher_coding_rubric_is_documented,38747.0,10.0,4.0,0.0,0.0,2.580845,1.0,,,,,,,,,Western Europe,0,,2022.0,2022.0,True,0,0,0
Liechtenstein,LIE,2006,party,2016,2021.0,2021.0,,0,0,0,-15.0,-15.0,,34.31,5.718,,,0,1,1,0,0,1,1,0,0,0,0,36000,,0,0,,,0,0,1,0,3.05,1.8,retained_legacy_not_independently_reimported,,0,excluded_until_researcher_coding_rubric_is_documented,38747.0,10.0,4.0,0.0,0.0,2.580845,1.0,,,,,,,,,Western Europe,0,,2022.0,2022.0,True,0,0,0
Liechtenstein,LIE,2007,party,2016,2021.0,2021.0,,0,0,0,-14.0,-14.0,,51.099,2.839,,,0,1,1,0,0,1,1,0,0,0,0,36000,,0,0,,,0,0,1,0,2.99,2.37,retained_legacy_not_independently_reimported,,0,excluded_until_researcher_coding_rubric_is_documented,38747.0,10.0,4.0,0.0,0.0,2.580845,1.0,,,0.0,,,,,,Western Europe,0,,2022.0,2022.0,True,0,0,0
Liechtenstein,LIE,2008,party,2016,2021.0,2021.0,,0,0,0,-13.0,-13.0,,31.035,8.464,,,0,1,1,0,0,1,1,0,0,0,0,36000,,0,0,,,0,0,1,0,3.04,2.41,retained_legacy_not_independently_reimported,,0,excluded_until_researcher_coding_rubric_is_documented,38747.0,10.0,4.0,0.0,0.0,2.580845,1.0,,,2.82139179257128,,,,,,Western Europe,0,,2022.0,2022.0,True,0,0,0
Liechtenstein,LIE,2009,party,2016,2021.0,2021.0,,0,0,0,-12.0,-12.0,0.0,8.399,0.0,,,0,1,1,0,1,1,1,0,0,0,0,36000,,0,0,,,0,0,1,0,3.06,2.74,retained_legacy_not_independently_reimported,,0,excluded_until_researcher_coding_rubric_is_documented,38747.0,10.0,4.0,0.0,0.0,2.580845,1.0,,0.0,0.0,,,,,,Western Europe,0,,2022.0,2022.0,True,0,0,0
Liechtenstein,LIE,2010,party,2016,2021.0,2021.0,,0,0,0,-11.0,-11.0,0.0,16.667,0.0,,,0,1,1,0,1,1,1,0,0,0,0,36000,,0,0,,,0,0,1,0,3.02,2.75,retained_legacy_not_independently_reimported,,0,excluded_until_researcher_coding_rubric_is_documented,38747.0,10.0,4.0,0.0,0.0,2.580845,1.0,,5.60915413955575,2.77789352334125,0.0,5.60915413955575,,0.0,,Western Europe,0,,2022.0,2022.0,True,0,0,0
Liechtenstein,LIE,2011,party,2016,2021.0,2021.0,,0,0,0,-10.0,-10.0,0.0,13.786,5.514,,,0,1,1,0,1,1,1,0,0,0,0,36000,,0,0,,,0,0,1,0,3.0,2.74,retained_legacy_not_independently_reimported,,0,excluded_until_researcher_coding_rubric_is_documented,38747.0,10.0,4.0,0.0,0.0,2.580845,1.0,,0.0,0.0,0.0,0.0,,,,Western Europe,0,,2022.0,2022.0,True,0,0,0
Liechtenstein,LIE,2012,party,2016,2021.0,2021.0,,0,0,0,-9.0,-9.0,0.0,32.791,10.93,,,0,1,1,0,1,1,1,0,0,0,0,37000,,0,0,,,0,0,1,0,3.03,2.71,retained_legacy_not_independently_reimported,,0,excluded_until_researcher_coding_rubric_is_documented,38747.0,10.0,4.0,0.0,0.0,2.580845,1.0,,0.0,0.0,0.0,0.0,,,,Western Europe,0,,2022.0,2022.0,True,0,0,0
Liechtenstein,LIE,2013,party,2016,2021.0,2021.0,,0,0,0,-8.0,-8.0,0.0,16.256,8.128,,,0,1,1,0,1,1,1,0,0,0,0,37000,,0,0,,,0,0,1,0,2.97,2.68,retained_legacy_not_independently_reimported,,0,excluded_until_researcher_coding_rubric_is_documented,38747.0,10.0,4.0,0.0,0.0,2.580845,1.0,,0.0,0.0,,,,,,Western Europe,0,,2022.0,2022.0,True,0,0,0
Liechtenstein,LIE,2014,party,2016,2021.0,2021.0,,0,0,0,-7.0,-7.0,0.0,21.527,13.454,,,0,1,1,0,1,1,1,0,0,0,0,37000,,0,0,,,0,0,1,0,2.89,2.96,retained_legacy_not_independently_reimported,,0,excluded_until_researcher_coding_rubric_is_documented,38747.0,10.0,4.0,0.0,0.0,2.580845,1.0,,5.42255239541252,2.69088462832156,,,,0.0,,Western Europe,0,,2022.0,2022.0,True,0,0,0
Liechtenstein,LIE,2015,party,2016,2021.0,2021.0,,0,0,0,-6.0,-6.0,0.0,24.064,5.348,167187.16,,0,1,1,0,1,1,1,0,0,0,0,38000,,0,0,,,0,0,1,0,2.82,2.81,retained_legacy_not_independently_reimported,,0,excluded_until_researcher_coding_rubric_is_documented,38747.0,10.0,4.0,0.0,0.0,2.580845,1.0,GDP parsed from comma-formatted text to numeric.,0.0,0.0,0.0,0.0,0.0,,,Western Europe,0,,2022.0,2022.0,True,0,0,0
Liechtenstein,LIE,2016,party,2016,2021.0,2021.0,,0,0,0,-5.0,-5.0,0.0,23.927,5.317,,,0,1,1,0,1,1,1,0,0,0,0,38000,,0,0,,,0,0,1,0,2.84,2.81,retained_legacy_not_independently_reimported,,0,excluded_until_researcher_coding_rubric_is_documented,38747.0,10.0,4.0,0.0,0.0,2.580845,1.0,,0.0,0.0,0.0,0.0,0.0,,,Western Europe,0,,2022.0,2022.0,True,0,0,0
Liechtenstein,LIE,2017,party,2016,2021.0,2021.0,,0,0,0,-4.0,-4.0,5.241,21.136,13.21,,,0,1,1,0,1,1,1,0,0,0,0,38000,,0,0,,,0,0,1,0,2.93,2.79,retained_legacy_not_independently_reimported,,0,excluded_until_researcher_coding_rubric_is_documented,38747.0,10.0,4.0,0.0,0.0,2.580845,1.0,,0.0,2.64197302545541,,,,1.0,,Western Europe,0,,2022.0,2022.0,True,0,0,0
Liechtenstein,LIE,2018,party,2016,2021.0,2021.0,,0,0,0,-3.0,-3.0,5.202,23.604,13.114,,,0,1,1,0,1,1,1,0,0,0,0,38000,,0,0,,,0,0,1,0,2.88,2.79,retained_legacy_not_independently_reimported,,0,excluded_until_researcher_coding_rubric_is_documented,38747.0,10.0,4.0,0.0,0.0,2.580845,1.0,,0.0,2.62271004629083,,,,1.0,,Western Europe,0,,2022.0,2022.0,True,0,0,0
Liechtenstein,LIE,2019,party,2016,2021.0,2021.0,,0,0,0,-2.0,-2.0,,15.609,2.601,,,0,1,1,0,0,1,1,0,0,0,0,38000,,0,0,,,0,0,1,0,2.82,2.79,retained_legacy_not_independently_reimported,,0,excluded_until_researcher_coding_rubric_is_documented,38747.0,10.0,4.0,0.0,0.0,2.580845,1.0,,,2.60145681581686,,,,,,Western Europe,0,,2022.0,2022.0,True,0,0,0
Liechtenstein,LIE,2020,party,2016,2021.0,2021.0,,0,0,0,-1.0,-1.0,5.12,28.375,7.739,,,0,1,1,0,1,1,1,0,0,0,0,38000,,0,0,,,0,0,1,0,3.01,2.93,retained_legacy_not_independently_reimported,,0,excluded_until_researcher_coding_rubric_is_documented,38747.0,10.0,4.0,0.0,0.0,2.580845,1.0,,0.0,2.57951350375319,5.1195412891005,,,1.0,,Western Europe,0,,2022.0,2022.0,True,0,0,0
Liechtenstein,LIE,2021,party,2016,2021.0,2021.0,,1,1,1,0.0,0.0,5.085,15.367,5.122,,,0,1,1,0,1,1,1,0,0,0,0,39000,,0,0,,,0,0,1,0,2.51,2.91,retained_legacy_not_independently_reimported,,0,excluded_until_researcher_coding_rubric_is_documented,38747.0,10.0,4.0,0.0,0.0,2.580845,1.0,,5.16075759921556,5.12242598094458,5.08465958204098,,,0.4963029771843636,-0.014788360769121933,Western Europe,0,,2022.0,2022.0,True,0,0,1
Liechtenstein,LIE,2022,party,2016,2021.0,2021.0,,1,1,1,1.0,1.0,,35.608,10.174,,,0,1,1,0,0,1,1,0,0,0,0,39000,,0,0,,,0,0,1,0,2.08,2.41,retained_legacy_not_independently_reimported,,0,excluded_until_researcher_coding_rubric_is_documented,38747.0,10.0,4.0,0.0,0.0,2.580845,1.0,,,,,,,,,Western Europe,0,,2022.0,2022.0,True,1,1,1
Liechtenstein,LIE,2023,party,2016,2021.0,2021.0,,1,1,1,2.0,2.0,,50.508,12.627,,,0,1,1,0,0,1,1,0,0,0,0,39000,,0,0,,,0,0,1,0,,,excluded_legacy_flagged_for_manual_review,,0,excluded_until_researcher_coding_rubric_is_documented,38747.0,10.0,4.0,0.0,0.0,2.580845,1.0,WGI legacy value excluded because source file flagged this country-year for manual review. | UNODC outcome values preserved from source dataset; not silently imputed or replaced.,,,,,,,,Western Europe,0,,2022.0,2022.0,True,1,1,1
Lithuania,LTU,1990,signed_not_ratified,2013,,,,0,0,0,,,,,,8333.35,60.0,0,0,1,1,0,0,0,0,0,0,0,3695000,,0,0,0.0,0.0,1,1,0,0,,,retained_legacy_not_independently_reimported,,0,excluded_until_researcher_coding_rubric_is_documented,2794090.0,0.0,279.0,279.0,100.0,0.0,0.0,GDP parsed from comma-formatted text to numeric.,,4.87143142276244,,,,,,Northern Europe,1,,,,False,0,0,0
Lithuania,LTU,1991,signed_not_ratified,2013,,,,0,0,0,,,,,,7847.02,59.1,0,0,1,1,0,0,0,0,0,0,0,3741000,,0,0,0.0,0.0,1,1,0,0,,,retained_legacy_not_independently_reimported,,0,excluded_until_researcher_coding_rubric_is_documented,2794090.0,0.0,279.0,279.0,100.0,0.0,0.0,GDP parsed from comma-formatted text to numeric.,,5.78158443781183,,,,,,Northern Europe,1,,,,False,0,0,0
Lithuania,LTU,1992,signed_not_ratified,2013,,,,0,0,0,,,,,,6185.54,58.2,0,0,1,1,0,0,0,0,0,0,0,3672000,,0,0,0.0,0.0,1,1,0,0,,,retained_legacy_not_independently_reimported,,0,excluded_until_researcher_coding_rubric_is_documented,2794090.0,0.0,279.0,279.0,100.0,0.0,0.0,GDP parsed from comma-formatted text to numeric.,,7.19396345331341,,,,,,Northern Europe,1,,,,False,0,0,0
Lithuania,LTU,1993,signed_not_ratified,2013,,,,0,0,0,,,5.162,,,5206.44,57.3,0,0,1,1,0,0,0,0,0,0,0,3596000,,0,0,0.0,0.0,1,1,0,0,,,retained_legacy_not_independently_reimported,,0,excluded_until_researcher_coding_rubric_is_documented,2794090.0,0.0,279.0,279.0,100.0,0.0,0.0,GDP parsed from comma-formatted text to numeric.,18.1593121208347,11.3037442430044,,,,0.22134260599292754,-1.2578593923506431,Northern Europe,1,,,,False,0,0,0
Lithuania,LTU,1994,signed_not_ratified,2013,,,,0,0,0,,,6.35,,,4730.7,56.5,0,0,1,1,0,0,0,0,0,0,0,3560000,,0,0,0.0,0.0,1,1,0,0,,,retained_legacy_not_independently_reimported,,0,excluded_until_researcher_coding_rubric_is_documented,2794090.0,0.0,279.0,279.0,100.0,0.0,0.0,GDP parsed from comma-formatted text to numeric.,19.8544237810317,12.7226776393605,,,,0.24232549637655082,-1.1399720299042613,Northern Europe,1,,,,False,0,0,0
Lithuania,LTU,1995,signed_not_ratified,2013,,,,0,0,0,,,7.96,,,4924.1,55.8,0,0,1,1,0,0,0,0,0,0,0,3535000,,0,0,0.0,0.0,1,1,0,0,,,retained_legacy_not_independently_reimported,,0,excluded_until_researcher_coding_rubric_is_documented,2794090.0,0.0,279.0,279.0,100.0,0.0,0.0,GDP parsed from comma-formatted text to numeric.,20.4410829032703,13.8404946405304,,,,0.2802710032962662,-0.9431177436878917,Northern Europe,1,,,,False,0,0,0
Lithuania,LTU,1996,signed_not_ratified,2013,,,,0,0,0,,,6.114,,,5211.1,55.0,0,0,1,1,0,0,0,1,0,0,0,3503000,,0,0,0.0,0.0,1,1,0,0,0.9,0.76,retained_legacy_not_independently_reimported,,0,excluded_until_researcher_coding_rubric_is_documented,2794090.0,0.0,279.0,279.0,100.0,0.0,0.0,GDP parsed from comma-formatted text to numeric.,17.0347719069021,11.250901634756,,,,0.2641176829850327,-1.024675437880568,Northern Europe,1,,,,False,0,0,0
Lithuania,LTU,1997,signed_not_ratified,2013,,,,0,0,0,,,6.079,,,5685.45,54.2,0,0,1,1,0,0,0,0,0,0,0,3469000,,0,0,0.0,0.0,1,1,0,0,,,retained_legacy_not_independently_reimported,,0,excluded_until_researcher_coding_rubric_is_documented,2794090.0,0.0,279.0,279.0,100.0,0.0,0.0,GDP parsed from comma-formatted text to numeric.,16.4324623615804,10.9419324796014,,,,0.27004020895483166,-0.9944185818998741,Northern Europe,1,,,,False,0,0,0
Lithuania,LTU,1998,signed_not_ratified,2013,,,,0,0,0,,,4.85,,,6154.17,53.4,0,0,1,1,0,0,0,1,0,0,0,3441000,,0,0,0.0,0.0,1,1,0,0,0.53,0.94,retained_legacy_not_independently_reimported,,0,excluded_until_researcher_coding_rubric_is_documented,2794090.0,0.0,279.0,279.0,100.0,0.0,0.0,GDP parsed from comma-formatted text to numeric.,13.1981630752449,8.76606871836834,,,,0.2687254087731689,-1.0010989539928523,Northern Europe,1,,,,False,0,0,0
Lithuania,LTU,1999,signed_not_ratified,2013,,,,0,0,0,,,4.89,,,6130.0,55.2,0,0,1,1,0,0,0,0,0,0,0,3421000,,0,0,0.0,0.0,1,1,0,0,,,retained_legacy_not_independently_reimported,,0,excluded_until_researcher_coding_rubric_is_documented,2794090.0,0.0,279.0,279.0,100.0,0.0,0.0,GDP parsed from comma-formatted text to numeric.,13.1734452692488,8.77117909768411,,,,0.27071247633610257,-0.9910107778482513,Northern Europe,1,,,,False,0,0,0
Lithuania,LTU,2000,signed_not_ratified,2013,,,,0,0,0,,,5.47,,,6384.31,54.9,0,0,1,1,1,0,0,1,1,0,0,3512000,,0,0,0.0,0.0,1,1,0,0,0.17,0.37,retained_legacy_not_independently_reimported,,0,excluded_until_researcher_coding_rubric_is_documented,2794090.0,0.0,279.0,279.0,100.0,0.0,0.0,GDP parsed from comma-formatted text to numeric.,16.3696488994789,10.5702145067909,,,,0.25046190189122114,-1.096150326917002,Northern Europe,1,,,,False,0,0,0
Lithuania,LTU,2001,signed_not_ratified,2013,,,,0,0,0,,,4.823,,,6854.53,53.3,0,0,1,1,1,0,0,0,0,0,0,3484000,,0,0,0.0,0.0,1,1,0,0,,,retained_legacy_not_independently_reimported,,0,excluded_until_researcher_coding_rubric_is_documented,2794090.0,0.0,279.0,279.0,100.0,0.0,0.0,GDP parsed from comma-formatted text to numeric.,16.2540434741741,10.1641115299608,,,,0.2288271600288564,-1.2149455659160102,Northern Europe,1,,,,False,0,0,0
Lithuania,LTU,2002,signed_not_ratified,2013,,,,0,0,0,,,3.795,,,7374.1,52.2,0,0,1,1,1,0,0,1,1,0,0,3430000,,0,0,0.0,0.0,1,1,0,0,0.84,0.68,retained_legacy_not_independently_reimported,,0,excluded_until_researcher_coding_rubric_is_documented,2794090.0,0.0,279.0,279.0,100.0,0.0,0.0,GDP parsed from comma-formatted text to numeric.,13.8909223879497,8.50742461528947,,,,0.21457744282456662,-1.2975511503336863,Northern Europe,1,,,,False,0,0,0
Lithuania,LTU,2003,signed_not_ratified,2013,,,,0,0,0,,,5.685,12.151,8.14,8218.69,54.8,0,0,1,1,1,0,0,1,1,0,0,3371000,,0,0,0.0,0.0,1,1,0,0,1.24,0.82,retained_legacy_not_independently_reimported,,0,excluded_until_researcher_coding_rubric_is_documented,2794090.0,0.0,279.0,279.0,100.0,0.0,0.0,GDP parsed from comma-formatted text to numeric.,15.092844291289,,,,,0.2736087497962147,-0.9763896163038714,Northern Europe,1,,,,False,0,0,0
Lithuania,LTU,2004,signed_not_ratified,2013,,,,0,0,0,,,7.209,13.149,7.7,8851.93,51.3,0,0,1,1,1,0,0,1,1,0,0,3446000,,0,0,0.0,0.0,1,1,0,0,1.18,0.95,retained_legacy_not_independently_reimported,,0,excluded_until_researcher_coding_rubric_is_documented,2794090.0,0.0,279.0,279.0,100.0,0.0,0.0,GDP parsed from comma-formatted text to numeric.,13.5385902259642,10.1578494263184,,,,0.34746203879515736,-0.6302138974358993,Northern Europe,1,,,,False,0,0,0
Lithuania,LTU,2005,signed_not_ratified,2013,,,,0,0,0,,,5.628,16.796,7.976,9692.87,50.6,0,0,1,1,1,1,1,1,1,1,1,3414000,,0,0,0.0,0.0,1,1,0,0,1.28,0.98,retained_legacy_not_independently_reimported,,0,excluded_until_researcher_coding_rubric_is_documented,2794090.0,0.0,279.0,279.0,100.0,0.0,0.0,GDP parsed from comma-formatted text to numeric.,17.5993115563421,11.1971869776715,,,,0.24230096480809907,-1.140105645909982,Northern Europe,1,,,,False,0,0,0
Lithuania,LTU,2006,signed_not_ratified,2013,,,,0,0,0,,,4.281,15.934,7.737,10577.21,50.1,0,0,1,1,1,1,1,1,1,1,1,3382000,,0,0,0.0,0.0,1,1,0,0,1.22,1.2,retained_legacy_not_independently_reimported,,0,excluded_until_researcher_coding_rubric_is_documented,2794090.0,0.0,279.0,279.0,100.0,0.0,0.0,GDP parsed from comma-formatted text to numeric.,14.0333123163069,8.80785660809442,1.94064923849495,2.10829105221512,,0.23375161054713672,-1.187247327205956,Northern Europe,1,,,,False,0,0,0
Lithuania,LTU,2007,signed_not_ratified,2013,,,,0,0,0,,,4.152,12.533,6.189,11889.35,50.1,0,0,1,1,1,1,1,1,1,1,1,3348000,,0,0,0.0,0.0,1,1,0,0,1.12,1.17,retained_legacy_not_independently_reimported,,0,excluded_until_researcher_coding_rubric_is_documented,2794090.0,0.0,279.0,279.0,100.0,0.0,0.0,GDP parsed from comma-formatted text to numeric.,13.6911281489595,8.57220488869441,1.38403994339277,1.06857585552854,1.03802995754457,0.23269462424626025,-1.1931578968318381,Northern Europe,1,,,,False,0,0,0
Lithuania,LTU,2008,signed_not_ratified,2013,,,,0,0,0,,,4.715,12.756,5.127,12324.52,50.5,0,0,1,1,1,1,1,1,1,1,1,3310000,,0,0,0.0,0.0,1,1,0,0,0.95,1.16,retained_legacy_not_independently_reimported,,0,excluded_until_researcher_coding_rubric_is_documented,2794090.0,0.0,279.0,279.0,100.0,0.0,0.0,GDP parsed from comma-formatted text to numeric.,14.6560373249422,9.31692408317012,1.57172112777394,2.02618027533764,1.04781408518263,0.2434046210797887,-1.134103438577704,Northern Europe,1,,,,False,0,0,0
Lithuania,LTU,2009,signed_not_ratified,2013,,,,0,0,0,,,3.762,12.55,4.71,10612.92,52.0,0,0,1,1,1,1,1,1,1,1,1,3244000,,0,0,0.0,0.0,1,1,0,0,1.17,1.23,retained_legacy_not_independently_reimported,,0,excluded_until_researcher_coding_rubric_is_documented,2794090.0,0.0,279.0,279.0,100.0,0.0,0.0,GDP parsed from comma-formatted text to numeric.,12.859022365465,7.96648008664495,1.52829206601869,1.23118299243814,1.1168288174752,0.22633986750518112,-1.2290949636928872,Northern Europe,1,,,,False,0,0,0
Lithuania,LTU,2010,signed_not_ratified,2013,,,,0,0,0,,,4.494,16.593,6.715,10884.12,52.3,0,0,1,1,1,1,1,1,1,1,1,3140000,,0,0,0.0,0.0,1,1,0,0,1.25,1.32,retained_legacy_not_independently_reimported,,0,excluded_until_researcher_coding_rubric_is_documented,2794090.0,0.0,279.0,279.0,100.0,0.0,0.0,GDP parsed from comma-formatted text to numeric.,10.0773823999216,7.06971693208504,1.91757197037112,1.2596727999902,1.25840660555604,0.3084127419526221,-0.8075503726092736,Northern Europe,1,,,,False,0,0,0
Lithuania,LTU,2011,signed_not_ratified,2013,,,,0,0,0,,,4.042,17.467,6.306,11836.72,52.7,0,0,1,1,1,1,1,1,1,1,1,2988000,,0,0,0.0,0.0,1,1,0,0,1.19,1.31,retained_legacy_not_independently_reimported,,0,excluded_until_researcher_coding_rubric_is_documented,2794090.0,0.0,279.0,279.0,100.0,0.0,0.0,GDP parsed from comma-formatted text to numeric.,10.3897778916275,6.96681994220841,1.40841706781038,1.43307281263827,0.979768394998527,0.28007637245754313,-0.9440828087720019,Northern Europe,1,,,,False,0,0,0
Lithuania,LTU,2012,signed_not_ratified,2013,,,,0,0,0,,,3.288,14.757,5.957,12516.62,53.2,0,0,1,1,1,1,1,1,1,1,1,2987000,,0,0,0.0,0.0,1,1,0,0,1.41,1.44,retained_legacy_not_independently_reimported,,0,excluded_until_researcher_coding_rubric_is_documented,2794090.0,0.0,279.0,279.0,100.0,0.0,0.0,GDP parsed from comma-formatted text to numeric.,10.8251409175433,6.75962941837572,1.05465337886127,1.3077351444012,0.682422774557294,0.23297436192342277,-1.1915918143967994,Northern Europe,1,,,,False,0,0,0
Lithuania,LTU,2013,signed_not_ratified,2013,,,,0,0,0,,,3.76,8.62,4.496,13145.81,52.9,0,0,1,1,1,1,1,1,1,1,1,2957000,,0,0,1.0,0.0,1,1,0,0,1.4,1.41,retained_legacy_not_independently_reimported,,0,excluded_until_researcher_coding_rubric_is_documented,2794090.0,0.0,279.0,279.0,100.0,0.0,0.0,GDP parsed from comma-formatted text to numeric.,10.1271767926204,6.69289628495243,1.37871347858498,1.17416542523135,1.12803830066044,0.27075337602082317,-0.9908036243471041,Northern Europe,1,,,,False,0,0,0
Lithuania,LTU,2014,signed_not_ratified,2013,,,,0,0,0,,,3.351,10.807,5.387,13753.19,53.9,0,0,1,1,1,1,1,1,1,1,1,2930000,,0,0,1.0,0.0,1,1,0,0,1.66,1.59,retained_legacy_not_independently_reimported,,0,excluded_until_researcher_coding_rubric_is_documented,2794090.0,0.0,279.0,279.0,100.0,0.0,0.0,GDP parsed from comma-formatted text to numeric.,7.8438453193703,5.42076007920446,1.20117082545724,0.813983948236541,0.948292756939922,0.2993341939438687,-0.8504703797733628,Northern Europe,1,,,,False,0,0,0
Lithuania,LTU,2015,signed_not_ratified,2013,,,,0,0,0,,,3.126,9.051,5.334,14269.8,54.4,0,0,1,1,1,1,1,1,1,1,1,2904000,,0,0,1.0,0.0,1,1,0,0,1.97,1.67,retained_legacy_not_independently_reimported,,0,excluded_until_researcher_coding_rubric_is_documented,2794090.0,0.0,279.0,279.0,100.0,0.0,0.0,GDP parsed from comma-formatted text to numeric.,9.1915576663756,5.91926942449559,0.89309664996257,1.27037788884866,0.8293040321081,0.25378407673571013,-1.0785311858026485,Northern Europe,1,,,,False,0,0,0
Lithuania,LTU,2016,signed_not_ratified,2013,,,,0,0,0,,,2.972,7.25,3.834,14823.11,55.6,0,0,1,1,1,1,1,1,1,1,1,2872000,,0,0,1.0,0.0,1,1,0,0,1.77,1.7,retained_legacy_not_independently_reimported,,0,excluded_until_researcher_coding_rubric_is_documented,2794090.0,0.0,279.0,279.0,100.0,0.0,0.0,GDP parsed from comma-formatted text to numeric.,8.09913032749628,5.33266506558917,0.969004767503456,0.908313681588368,0.51680254266851,0.26844594111756914,-1.0025215620828662,Northern Europe,1,,,,False,0,0,0
Lithuania,LTU,2017,signed_not_ratified,2013,,,,0,0,0,,,1.706,7.988,4.383,15696.0,55.8,0,0,1,1,1,1,1,1,1,1,1,2848000,,0,0,1.0,0.0,1,1,0,0,1.59,1.64,retained_legacy_not_independently_reimported,,0,excluded_until_researcher_coding_rubric_is_documented,2794090.0,0.0,279.0,279.0,100.0,0.0,0.0,GDP parsed from comma-formatted text to numeric.,5.67067624346819,3.53442753319048,0.656015812605147,0.689676840421806,0.196804743781544,0.23126946929663728,-1.2011569284840458,Northern Europe,1,,,,False,0,0,0
Lithuania,LTU,2018,signed_not_ratified,2013,,,,0,0,0,,,1.129,7.815,4.139,16604.9,56.5,0,0,1,1,1,1,1,1,1,1,1,2801000,,0,0,1.0,0.0,1,1,0,0,1.76,1.58,retained_legacy_not_independently_reimported,,0,excluded_until_researcher_coding_rubric_is_documented,2794090.0,0.0,279.0,279.0,100.0,0.0,0.0,GDP parsed from comma-formatted text to numeric.,5.78412712123222,3.28280899974951,0.398452410836312,0.539851864648341,0.265634940557541,0.1633124894423702,-1.6337851775304497,Northern Europe,1,,,,False,0,0,0
Lithuania,LTU,2019,signed_not_ratified,2013,,,,0,0,0,,,1.472,6.798,3.363,17431.72,57.2,0,0,1,1,1,1,1,1,1,1,1,2794000,,0,0,1.0,0.0,1,1,0,0,1.72,1.69,retained_legacy_not_independently_reimported,,0,excluded_until_researcher_coding_rubric_is_documented,2794090.0,0.0,279.0,279.0,100.0,0.0,0.0,GDP parsed from comma-formatted text to numeric.,5.53777570623946,3.36307869103253,0.735836649615325,0.76913551475548,0.602048167867084,0.20999245363724842,-1.3249709027622902,Northern Europe,1,,,,False,0,0,0
Lithuania,LTU,2020,signed_not_ratified,2013,,,,0,0,0,,,1.951,4.507,2.575,17443.66,57.4,0,0,1,1,1,1,1,1,1,1,1,2795000,,0,0,1.0,0.0,1,1,0,0,1.74,1.62,retained_legacy_not_independently_reimported,,0,excluded_until_researcher_coding_rubric_is_documented,2794090.0,0.0,279.0,279.0,100.0,0.0,0.0,GDP parsed from comma-formatted text to numeric.,5.499858875149,3.6126075712028,0.874455147177528,1.14580393232271,0.403594683312705,0.2618490073013206,-1.0363803712044333,Northern Europe,1,,,,False,0,0,0
Lithuania,LTU,2021,signed_not_ratified,2013,,,,0,0,0,,,1.486,5.26,2.433,18569.71,57.4,0,0,1,1,1,1,1,1,1,1,1,2787000,,0,0,1.0,0.0,1,1,0,0,1.74,1.84,retained_legacy_not_independently_reimported,,0,excluded_until_researcher_coding_rubric_is_documented,2794090.0,0.0,279.0,279.0,100.0,0.0,0.0,GDP parsed from comma-formatted text to numeric.,3.80637140897405,2.57650105788629,1.0804237016599,0.532891997256367,0.742791294891183,0.2807815032558472,-0.9405884029391981,Northern Europe,1,,,,False,0,0,0
Lithuania,LTU,2022,signed_not_ratified,2013,,,,0,0,0,,,1.945,5.005,2.378,18884.52,58.0,0,0,1,1,1,1,1,1,1,1,1,2857000,,0,0,1.0,0.0,1,1,0,0,1.39,1.48,retained_legacy_not_independently_reimported,,0,excluded_until_researcher_coding_rubric_is_documented,2794090.0,0.0,279.0,279.0,100.0,0.0,0.0,GDP parsed from comma-formatted text to numeric.,2.86534031571526,2.37848472418186,1.20746657078488,0.603229540150581,0.536651809237723,0.4043372968115653,-0.38742514988681875,Northern Europe,1,,,,False,0,0,0
Lithuania,LTU,2023,signed_not_ratified,2013,,,,0,0,0,,,1.79,6.342,3.223,18685.55,57.9,0,0,1,1,1,1,1,1,1,1,1,2862000,,0,0,1.0,0.0,1,1,0,0,0.74,0.89,retained_legacy_not_independently_reimported,,0,excluded_until_researcher_coding_rubric_is_documented,2794090.0,0.0,279.0,279.0,100.0,0.0,0.0,GDP parsed from comma-formatted text to numeric. | UNODC outcome values preserved from source dataset; not silently imputed or replaced.,3.56664252990871,2.62779952622526,1.12710009411286,0.817355579770747,0.729300060896555,0.3341645424359699,-0.6894090656088737,Northern Europe,1,,,,False,0,0,0
Luxembourg,LUX,1990,party,2011,2018.0,2018.0,,0,0,0,-28.0,-28.0,,,,66027.08,34.3,0,0,1,1,0,0,0,0,0,0,0,379000,2023.0,0,0,0.0,0.0,1,1,1,0,,,retained_legacy_not_independently_reimported,2023.0,0,excluded_until_researcher_coding_rubric_is_documented,626108.0,216.0,63.0,0.0,0.0,3.449884,1.0,GDP parsed from comma-formatted text to numeric. | GREVIO baseline publication year corrected to 2023 from official CoE page.,,,,,,,,Western Europe,0,,2019.0,2019.0,True,0,0,0
Luxembourg,LUX,1991,party,2011,2018.0,2018.0,,0,0,0,-27.0,-27.0,,,,70779.97,36.0,0,0,1,1,0,0,0,0,0,0,0,385000,2023.0,0,0,0.0,0.0,1,1,1,0,,,retained_legacy_not_independently_reimported,2023.0,0,excluded_until_researcher_coding_rubric_is_documented,626108.0,216.0,63.0,0.0,0.0,3.449884,1.0,GDP parsed from comma-formatted text to numeric. | GREVIO baseline publication year corrected to 2023 from official CoE page.,,,,,,,,Western Europe,0,,2019.0,2019.0,True,0,0,0
Luxembourg,LUX,1992,party,2011,2018.0,2018.0,,0,0,0,-26.0,-26.0,,,,71116.94,38.4,0,0,1,1,0,0,0,0,0,0,0,390000,2023.0,0,0,0.0,0.0,1,1,1,0,,,retained_legacy_not_independently_reimported,2023.0,0,excluded_until_researcher_coding_rubric_is_documented,626108.0,216.0,63.0,0.0,0.0,3.449884,1.0,GDP parsed from comma-formatted text to numeric. | GREVIO baseline publication year corrected to 2023 from official CoE page.,,,,,,,,Western Europe,0,,2019.0,2019.0,True,0,0,0
Luxembourg,LUX,1993,party,2011,2018.0,2018.0,,0,0,0,-25.0,-25.0,,,,73116.19,37.0,0,0,1,1,0,0,0,0,0,0,0,394000,2023.0,0,0,0.0,0.0,1,1,1,0,,,retained_legacy_not_independently_reimported,2023.0,0,excluded_until_researcher_coding_rubric_is_documented,626108.0,216.0,63.0,0.0,0.0,3.449884,1.0,GDP parsed from comma-formatted text to numeric. | GREVIO baseline publication year corrected to 2023 from official CoE page.,,,,,,,,Western Europe,0,,2019.0,2019.0,True,0,0,0
Luxembourg,LUX,1994,party,2011,2018.0,2018.0,,0,0,0,-24.0,-24.0,,,,74883.14,37.8,0,0,1,1,0,0,0,0,0,0,0,398000,2023.0,0,0,0.0,0.0,1,1,1,0,,,retained_legacy_not_independently_reimported,2023.0,0,excluded_until_researcher_coding_rubric_is_documented,626108.0,216.0,63.0,0.0,0.0,3.449884,1.0,GDP parsed from comma-formatted text to numeric. | GREVIO baseline publication year corrected to 2023 from official CoE page.,,1.49034998385454,,,,,,Western Europe,0,,2019.0,2019.0,True,0,0,0
Luxembourg,LUX,1995,party,2011,2018.0,2018.0,,0,0,0,-23.0,-23.0,,,,74896.1,35.4,0,0,1,1,0,0,0,0,0,0,0,406000,2023.0,0,0,0.0,0.0,1,1,1,0,,,retained_legacy_not_independently_reimported,2023.0,0,excluded_until_researcher_coding_rubric_is_documented,626108.0,216.0,63.0,0.0,0.0,3.449884,1.0,GDP parsed from comma-formatted text to numeric. | GREVIO baseline publication year corrected to 2023 from official CoE page.,,0.489923498445718,,,,,,Western Europe,0,,2019.0,2019.0,True,0,0,0
Luxembourg,LUX,1996,party,2011,2018.0,2018.0,,0,0,0,-22.0,-22.0,0.95,,,74916.51,36.5,0,0,1,1,0,0,0,1,0,0,0,414000,2023.0,0,0,0.0,0.0,1,1,1,0,3.33,2.91,retained_legacy_not_independently_reimported,2023.0,0,excluded_until_researcher_coding_rubric_is_documented,626108.0,216.0,63.0,0.0,0.0,3.449884,1.0,GDP parsed from comma-formatted text to numeric. | GREVIO baseline publication year corrected to 2023 from official CoE page.,0.983697670357992,0.966705455723078,,,,0.4912867272701028,-0.03485661967692996,Western Europe,0,,2019.0,2019.0,True,0,0,0
Luxembourg,LUX,1997,party,2011,2018.0,2018.0,,0,0,0,-21.0,-21.0,,,,77993.06,37.6,0,0,1,1,0,0,0,0,0,0,0,420000,2023.0,0,0,0.0,0.0,1,1,1,0,,,retained_legacy_not_independently_reimported,2023.0,0,excluded_until_researcher_coding_rubric_is_documented,626108.0,216.0,63.0,0.0,0.0,3.449884,1.0,GDP parsed from comma-formatted text to numeric. | GREVIO baseline publication year corrected to 2023 from official CoE page.,,0.954725713269613,,,,,,Western Europe,0,,2019.0,2019.0,True,0,0,0
Luxembourg,LUX,1998,party,2011,2018.0,2018.0,,0,0,0,-20.0,-20.0,,,,82170.24,37.9,0,0,1,1,0,0,0,1,0,0,0,427000,2023.0,0,0,0.0,0.0,1,1,1,0,3.34,3.0,retained_legacy_not_independently_reimported,2023.0,0,excluded_until_researcher_coding_rubric_is_documented,626108.0,216.0,63.0,0.0,0.0,3.449884,1.0,GDP parsed from comma-formatted text to numeric. | GREVIO baseline publication year corrected to 2023 from official CoE page.,,0.943052590506525,,,,,,Western Europe,0,,2019.0,2019.0,True,0,0,0
Luxembourg,LUX,1999,party,2011,2018.0,2018.0,,0,0,0,-19.0,-19.0,,,,87695.34,39.9,0,0,1,1,0,0,0,0,0,0,0,435000,2023.0,0,0,0.0,0.0,1,1,1,0,,,retained_legacy_not_independently_reimported,2023.0,0,excluded_until_researcher_coding_rubric_is_documented,626108.0,216.0,63.0,0.0,0.0,3.449884,1.0,GDP parsed from comma-formatted text to numeric. | GREVIO baseline publication year corrected to 2023 from official CoE page.,,1.39568315201083,,,,,,Western Europe,0,,2019.0,2019.0,True,0,0,0
Luxembourg,LUX,2000,party,2011,2018.0,2018.0,,0,0,0,-18.0,-18.0,,,,92527.71,41.5,0,0,1,1,0,0,0,1,0,0,0,436000,2023.0,0,0,0.0,0.0,1,1,1,0,3.21,3.09,retained_legacy_not_independently_reimported,2023.0,0,excluded_until_researcher_coding_rubric_is_documented,626108.0,216.0,63.0,0.0,0.0,3.449884,1.0,GDP parsed from comma-formatted text to numeric. | GREVIO baseline publication year corrected to 2023 from official CoE page.,,0.917152470866079,,,,,,Western Europe,0,,2019.0,2019.0,True,0,0,0
Luxembourg,LUX,2001,party,2011,2018.0,2018.0,,0,0,0,-17.0,-17.0,1.785,,,94243.71,41.6,0,0,1,1,1,0,0,0,0,0,0,442000,2023.0,0,0,0.0,0.0,1,1,1,0,,,retained_legacy_not_independently_reimported,2023.0,0,excluded_until_researcher_coding_rubric_is_documented,626108.0,216.0,63.0,0.0,0.0,3.449884,1.0,GDP parsed from comma-formatted text to numeric. | GREVIO baseline publication year corrected to 2023 from official CoE page.,2.29775187956104,2.03734452514592,,,,0.43720511377044924,-0.2525127860248151,Western Europe,0,,2019.0,2019.0,True,0,0,0
Luxembourg,LUX,2002,party,2011,2018.0,2018.0,,0,0,0,-16.0,-16.0,,,,96269.58,42.8,0,0,1,1,0,0,0,1,0,0,0,449000,2023.0,0,0,0.0,0.0,1,1,1,0,3.36,3.18,retained_legacy_not_independently_reimported,2023.0,0,excluded_until_researcher_coding_rubric_is_documented,626108.0,216.0,63.0,0.0,0.0,3.449884,1.0,GDP parsed from comma-formatted text to numeric. | GREVIO baseline publication year corrected to 2023 from official CoE page.,,1.34412064826939,,,,,,Western Europe,0,,2019.0,2019.0,True,0,0,0
Luxembourg,LUX,2003,party,2011,2018.0,2018.0,,0,0,0,-15.0,-15.0,,,,97598.0,42.9,0,0,1,1,0,0,0,1,0,0,0,455000,2023.0,0,0,0.0,0.0,1,1,1,0,3.15,3.11,retained_legacy_not_independently_reimported,2023.0,0,excluded_until_researcher_coding_rubric_is_documented,626108.0,216.0,63.0,0.0,0.0,3.449884,1.0,GDP parsed from comma-formatted text to numeric. | GREVIO baseline publication year corrected to 2023 from official CoE page.,,0.6639547802531,,,,,,Western Europe,0,,2019.0,2019.0,True,0,0,0
Luxembourg,LUX,2004,party,2011,2018.0,2018.0,,0,0,0,-14.0,-14.0,0.431,,,100292.57,44.6,0,0,1,1,1,0,0,1,1,0,0,461000,2023.0,0,0,0.0,0.0,1,1,1,0,3.19,3.14,retained_legacy_not_independently_reimported,2023.0,0,excluded_until_researcher_coding_rubric_is_documented,626108.0,216.0,63.0,0.0,0.0,3.449884,1.0,GDP parsed from comma-formatted text to numeric. | GREVIO baseline publication year corrected to 2023 from official CoE page.,0.441457250383516,0.436399659171866,,,,0.49400701273390807,-0.023973097128715093,Western Europe,0,,2019.0,2019.0,True,0,0,0
Luxembourg,LUX,2005,party,2011,2018.0,2018.0,,0,0,0,-13.0,-13.0,,,,101222.04,45.7,0,0,1,1,0,0,0,1,0,0,0,469000,2023.0,0,0,1.0,0.0,1,1,1,0,3.01,3.09,retained_legacy_not_independently_reimported,2023.0,0,excluded_until_researcher_coding_rubric_is_documented,626108.0,216.0,63.0,0.0,0.0,3.449884,1.0,GDP parsed from comma-formatted text to numeric. | GREVIO baseline publication year corrected to 2023 from official CoE page.,,0.859543131337116,,,,,,Western Europe,0,,2019.0,2019.0,True,0,0,0
Luxembourg,LUX,2006,party,2011,2018.0,2018.0,,0,0,0,-12.0,-12.0,0.838,43.353,8.459,105614.18,46.1,0,0,1,1,1,1,1,1,1,1,1,477000,2023.0,0,0,1.0,0.0,1,1,1,0,2.66,2.87,retained_legacy_not_independently_reimported,2023.0,0,excluded_until_researcher_coding_rubric_is_documented,626108.0,216.0,63.0,0.0,0.0,3.449884,1.0,GDP parsed from comma-formatted text to numeric. | GREVIO baseline publication year corrected to 2023 from official CoE page.,2.13598993521543,1.48033480943861,,,,0.28177634028855475,-0.9356673876091062,Western Europe,0,,2019.0,2019.0,True,0,0,0
Luxembourg,LUX,2007,party,2011,2018.0,2018.0,,0,0,0,-11.0,-11.0,1.238,123.264,9.162,112417.88,46.7,0,0,1,1,1,1,1,1,1,1,1,487000,2023.0,0,0,1.0,0.0,1,1,1,0,2.7,2.97,retained_legacy_not_independently_reimported,2023.0,0,excluded_until_researcher_coding_rubric_is_documented,626108.0,216.0,63.0,0.0,0.0,3.449884,1.0,GDP parsed from comma-formatted text to numeric. | GREVIO baseline publication year corrected to 2023 from official CoE page.,1.68153069739384,1.45751348199971,0.825111441614083,0.420382674348459,,0.4240407545997437,-0.30620733372742026,Western Europe,0,,2019.0,2019.0,True,0,0,0
Luxembourg,LUX,2008,party,2011,2018.0,2018.0,,0,0,0,-10.0,-10.0,,72.19,11.657,110094.79,47.2,0,0,1,1,0,1,1,1,0,1,1,494000,2023.0,0,0,1.0,0.0,1,1,1,0,2.75,3.04,retained_legacy_not_independently_reimported,2023.0,0,excluded_until_researcher_coding_rubric_is_documented,626108.0,216.0,63.0,0.0,0.0,3.449884,1.0,GDP parsed from comma-formatted text to numeric. | GREVIO baseline publication year corrected to 2023 from official CoE page.,,1.63602360373054,0.811205999679574,0.0,,,,Western Europe,0,,2019.0,2019.0,True,0,0,0
Luxembourg,LUX,2009,party,2011,2018.0,2018.0,,0,0,0,-9.0,-9.0,0.0,41.751,11.241,104574.35,49.1,0,0,1,1,1,1,1,1,1,1,1,494000,2023.0,0,0,1.0,0.0,1,1,1,0,2.96,3.09,retained_legacy_not_independently_reimported,2023.0,0,excluded_until_researcher_coding_rubric_is_documented,626108.0,216.0,63.0,0.0,0.0,3.449884,1.0,GDP parsed from comma-formatted text to numeric. | GREVIO baseline publication year corrected to 2023 from official CoE page.,2.02113705128231,1.00364020301634,0.0,0.404227410256462,,0.0,,Western Europe,0,,2019.0,2019.0,True,0,0,0
Luxembourg,LUX,2010,party,2011,2018.0,2018.0,,0,0,0,-8.0,-8.0,1.96,41.584,13.007,106544.06,48.8,0,0,1,1,1,1,1,1,1,1,1,502000,2023.0,0,0,1.0,0.0,1,1,1,0,2.92,3.13,retained_legacy_not_independently_reimported,2023.0,0,excluded_until_researcher_coding_rubric_is_documented,626108.0,216.0,63.0,0.0,0.0,3.449884,1.0,GDP parsed from comma-formatted text to numeric. | GREVIO baseline publication year corrected to 2023 from official CoE page.,1.98166955660144,1.97079284996354,1.56802791089681,0.396333911320287,,0.4972512210510965,-0.010995226566608007,Western Europe,0,,2019.0,2019.0,True,0,0,0
Luxembourg,LUX,2011,party,2011,2018.0,2018.0,,0,0,0,-7.0,-7.0,0.0,41.845,13.498,105290.25,49.5,0,0,1,1,1,1,1,1,1,1,1,512000,2023.0,0,0,1.0,0.0,1,1,1,0,2.96,3.1,retained_legacy_not_independently_reimported,2023.0,0,excluded_until_researcher_coding_rubric_is_documented,626108.0,216.0,63.0,0.0,0.0,3.449884,1.0,GDP parsed from comma-formatted text to numeric. | GREVIO baseline publication year corrected to 2023 from official CoE page.,1.54819731774815,0.771331163321661,0.0,0.0,,0.0,,Western Europe,0,,2019.0,2019.0,True,0,0,0
Luxembourg,LUX,2012,party,2011,2018.0,2018.0,,0,0,0,-6.0,-6.0,0.0,52.359,14.314,104487.74,51.2,0,0,1,1,1,1,1,1,1,1,1,524000,2023.0,0,0,1.0,0.0,1,1,1,0,2.83,3.05,retained_legacy_not_independently_reimported,2023.0,0,excluded_until_researcher_coding_rubric_is_documented,626108.0,216.0,63.0,0.0,0.0,3.449884,1.0,GDP parsed from comma-formatted text to numeric. | GREVIO baseline publication year corrected to 2023 from official CoE page.,0.0,0.0,,,,,,Western Europe,0,,2019.0,2019.0,True,0,0,0
Luxembourg,LUX,2013,party,2011,2018.0,2018.0,,0,0,0,-5.0,-5.0,0.0,49.323,16.38,105338.96,51.5,0,0,1,1,1,1,1,1,1,1,1,537000,2023.0,0,0,1.0,0.0,1,1,1,0,2.76,3.07,retained_legacy_not_independently_reimported,2023.0,0,excluded_until_researcher_coding_rubric_is_documented,626108.0,216.0,63.0,0.0,0.0,3.449884,1.0,GDP parsed from comma-formatted text to numeric. | GREVIO baseline publication year corrected to 2023 from official CoE page.,0.0,0.18404224873862,,,,,,Western Europe,0,,2019.0,2019.0,True,0,0,0
Luxembourg,LUX,2014,party,2011,2018.0,2018.0,,0,0,0,-4.0,-4.0,0.72,64.536,13.123,105583.94,52.2,0,0,1,1,1,1,1,1,1,1,1,549000,2023.0,0,0,1.0,0.0,1,1,1,0,2.8,3.23,retained_legacy_not_independently_reimported,2023.0,0,excluded_until_researcher_coding_rubric_is_documented,626108.0,216.0,63.0,0.0,0.0,3.449884,1.0,GDP parsed from comma-formatted text to numeric. | GREVIO baseline publication year corrected to 2023 from official CoE page.,0.718086443246038,0.719063635334068,0.720043490626834,0.359043221623019,,0.5006653135362443,0.002661255715622979,Western Europe,0,,2019.0,2019.0,True,0,0,0
Luxembourg,LUX,2015,party,2011,2018.0,2018.0,,0,0,0,-3.0,-3.0,,57.591,11.94,105462.01,54.2,0,0,1,1,0,1,1,1,0,1,1,563000,2023.0,0,0,1.0,0.0,1,1,1,0,2.89,3.13,retained_legacy_not_independently_reimported,2023.0,0,excluded_until_researcher_coding_rubric_is_documented,626108.0,216.0,63.0,0.0,0.0,3.449884,1.0,GDP parsed from comma-formatted text to numeric. | GREVIO baseline publication year corrected to 2023 from official CoE page.,,0.877907630070794,,,,,,Western Europe,0,,2019.0,2019.0,True,0,0,0
Luxembourg,LUX,2016,party,2011,2018.0,2018.0,,0,0,0,-2.0,-2.0,,71.807,18.166,108351.45,53.6,0,0,1,1,0,1,1,1,0,1,1,576000,2023.0,0,0,1.0,0.0,1,1,1,0,2.82,2.93,retained_legacy_not_independently_reimported,2023.0,0,excluded_until_researcher_coding_rubric_is_documented,626108.0,216.0,63.0,0.0,0.0,3.449884,1.0,GDP parsed from comma-formatted text to numeric. | GREVIO baseline publication year corrected to 2023 from official CoE page.,,0.856889217934349,,,,,,Western Europe,0,,2019.0,2019.0,True,0,0,0
Luxembourg,LUX,2017,party,2011,2018.0,2018.0,,0,0,0,-1.0,-1.0,,60.688,14.082,107142.13,54.0,0,0,1,1,0,1,1,1,0,1,1,590000,2023.0,0,0,1.0,0.0,1,1,1,0,2.81,2.9,retained_legacy_not_independently_reimported,2023.0,0,excluded_until_researcher_coding_rubric_is_documented,626108.0,216.0,63.0,0.0,0.0,3.449884,1.0,GDP parsed from comma-formatted text to numeric. | GREVIO baseline publication year corrected to 2023 from official CoE page.,,0.335291716366678,,,,,,Western Europe,0,,2019.0,2019.0,True,0,0,0
Luxembourg,LUX,2018,party,2011,2018.0,2018.0,,1,1,1,0.0,0.0,,58.872,12.498,106788.73,54.8,0,0,1,1,0,1,1,1,0,1,1,602000,2023.0,0,0,1.0,0.0,1,1,1,0,2.96,3.02,retained_legacy_not_independently_reimported,2023.0,0,excluded_until_researcher_coding_rubric_is_documented,626108.0,216.0,63.0,0.0,0.0,3.449884,1.0,GDP parsed from comma-formatted text to numeric. | GREVIO baseline publication year corrected to 2023 from official CoE page.,,0.493339099919257,,,,,,Western Europe,0,,2019.0,2019.0,True,0,0,1
Luxembourg,LUX,2019,party,2011,2018.0,2018.0,,1,1,1,1.0,1.0,0.324,47.729,18.705,107591.97,54.9,0,0,1,1,1,1,1,1,1,1,1,619000,2023.0,0,0,1.0,0.0,1,1,1,0,2.89,2.99,retained_legacy_not_independently_reimported,2023.0,0,excluded_until_researcher_coding_rubric_is_documented,626108.0,216.0,63.0,0.0,0.0,3.449884,1.0,GDP parsed from comma-formatted text to numeric. | GREVIO baseline publication year corrected to 2023 from official CoE page.,0.961752698117049,0.644991719918795,0.324430421840656,0.961752698117049,,0.2519924713939854,-1.0880138312606773,Western Europe,0,,2019.0,2019.0,True,1,1,1
Luxembourg,LUX,2020,party,2011,2018.0,2018.0,,1,1,1,2.0,2.0,0.0,45.83,16.492,105274.25,55.9,0,0,1,1,1,1,1,1,1,1,1,632000,2023.0,0,0,1.0,0.0,1,1,1,0,3.06,2.97,retained_legacy_not_independently_reimported,2023.0,0,excluded_until_researcher_coding_rubric_is_documented,626108.0,216.0,63.0,0.0,0.0,3.449884,1.0,GDP parsed from comma-formatted text to numeric. | GREVIO baseline publication year corrected to 2023 from official CoE page.,0.31515319596856,0.475739656230524,0.0,0.0,,0.0,,Western Europe,0,,2019.0,2019.0,True,1,1,1
Luxembourg,LUX,2021,party,2011,2018.0,2018.0,,1,1,1,3.0,3.0,,54.352,17.18,110873.19,56.9,0,0,1,1,0,1,1,1,0,1,1,643000,2023.0,0,0,1.0,0.0,1,1,1,0,2.87,2.98,retained_legacy_not_independently_reimported,2023.0,0,excluded_until_researcher_coding_rubric_is_documented,626108.0,216.0,63.0,0.0,0.0,3.449884,1.0,GDP parsed from comma-formatted text to numeric. | GREVIO baseline publication year corrected to 2023 from official CoE page.,,0.624732536382861,,,,,,Western Europe,0,,2019.0,2019.0,True,1,1,1
Luxembourg,LUX,2022,party,2011,2018.0,2018.0,,1,1,1,4.0,4.0,1.541,60.002,20.052,107467.19,57.0,0,0,1,1,1,1,1,1,1,1,1,658000,2023.0,0,0,1.0,0.0,1,1,1,0,2.48,2.48,retained_legacy_not_independently_reimported,2023.0,0,excluded_until_researcher_coding_rubric_is_documented,626108.0,216.0,63.0,0.0,0.0,3.449884,1.0,GDP parsed from comma-formatted text to numeric. | GREVIO baseline publication year corrected to 2023 from official CoE page.,1.52027437911994,1.5306610542428,,,,0.5033851295756798,0.01354072519132088,Western Europe,0,,2019.0,2019.0,True,1,1,1
Luxembourg,LUX,2023,party,2011,2018.0,2018.0,,1,1,1,5.0,5.0,,45.858,21.952,105422.83,57.2,0,0,1,1,0,1,1,0,0,0,0,672000,2023.0,1,0,1.0,0.0,1,1,1,0,,,excluded_legacy_flagged_for_manual_review,2023.0,1,excluded_until_researcher_coding_rubric_is_documented,626108.0,216.0,63.0,0.0,0.0,3.449884,1.0,GDP parsed from comma-formatted text to numeric. | WGI legacy value excluded because source file flagged this country-year for manual review. | GREVIO baseline publication year corrected to 2023 from official CoE page. | UNODC outcome values preserved from source dataset; not silently imputed or replaced.,,,,,,,,Western Europe,0,,2019.0,2019.0,True,1,1,1
Latvia,LVA,1990,party,2016,2024.0,2024.0,,0,0,0,-34.0,-34.0,,,,7622.7,53.8,0,0,1,1,0,0,0,0,0,0,0,2667000,,0,0,0.0,0.0,1,1,0,1,,,retained_legacy_not_independently_reimported,,0,excluded_until_researcher_coding_rubric_is_documented,1907675.0,140.0,191.0,51.0,27.0,0.733878,0.0,GDP parsed from comma-formatted text to numeric.,,,,,,,,Northern Europe,1,,2025.0,2025.0,True,0,0,0
Latvia,LVA,1991,party,2016,2024.0,2024.0,,0,0,0,-33.0,-33.0,,,,6694.2,53.4,0,0,1,1,0,0,0,0,0,0,0,2620000,,0,0,0.0,0.0,1,1,0,1,,,retained_legacy_not_independently_reimported,,0,excluded_until_researcher_coding_rubric_is_documented,1907675.0,140.0,191.0,51.0,27.0,0.733878,0.0,GDP parsed from comma-formatted text to numeric.,,,,,,,,Northern Europe,1,,2025.0,2025.0,True,0,0,0
Latvia,LVA,1992,party,2016,2024.0,2024.0,,0,0,0,-32.0,-32.0,,,,4607.11,53.8,0,0,1,1,0,0,0,0,0,0,0,2567000,,0,0,0.0,0.0,1,1,0,1,,,retained_legacy_not_independently_reimported,,0,excluded_until_researcher_coding_rubric_is_documented,1907675.0,140.0,191.0,51.0,27.0,0.733878,0.0,GDP parsed from comma-formatted text to numeric.,,9.90505488605076,,,,,,Northern Europe,1,,2025.0,2025.0,True,0,0,0
Latvia,LVA,1993,party,2016,2024.0,2024.0,,0,0,0,-31.0,-31.0,,,,4464.72,53.6,0,0,1,1,0,0,0,0,0,0,0,2515000,,0,0,0.0,0.0,1,1,0,1,,,retained_legacy_not_independently_reimported,,0,excluded_until_researcher_coding_rubric_is_documented,1907675.0,140.0,191.0,51.0,27.0,0.733878,0.0,GDP parsed from comma-formatted text to numeric.,,15.0946634319102,,,,,,Northern Europe,1,,2025.0,2025.0,True,0,0,0
Latvia,LVA,1994,party,2016,2024.0,2024.0,,0,0,0,-30.0,-30.0,,,,4639.51,53.0,0,0,1,1,0,0,0,0,0,0,0,2454000,,0,0,0.0,0.0,1,1,0,1,,,retained_legacy_not_independently_reimported,,0,excluded_until_researcher_coding_rubric_is_documented,1907675.0,140.0,191.0,51.0,27.0,0.733878,0.0,GDP parsed from comma-formatted text to numeric.,,13.8027675738879,,,,,,Northern Europe,1,,2025.0,2025.0,True,0,0,0
Latvia,LVA,1995,party,2016,2024.0,2024.0,,0,0,0,-29.0,-29.0,,,,4661.67,52.8,0,0,1,1,0,0,0,0,0,0,0,2421000,,0,0,0.0,0.0,1,1,0,1,,,retained_legacy_not_independently_reimported,,0,excluded_until_researcher_coding_rubric_is_documented,1907675.0,140.0,191.0,51.0,27.0,0.733878,0.0,GDP parsed from comma-formatted text to numeric.,,11.5851129689306,,,,,,Northern Europe,1,,2025.0,2025.0,True,0,0,0
Latvia,LVA,1996,party,2016,2024.0,2024.0,,0,0,0,-28.0,-28.0,,,,4822.9,52.4,0,0,1,1,0,0,0,1,0,0,0,2382000,,0,0,0.0,0.0,1,1,0,1,0.83,0.23,retained_legacy_not_independently_reimported,,0,excluded_until_researcher_coding_rubric_is_documented,1907675.0,140.0,191.0,51.0,27.0,0.733878,0.0,GDP parsed from comma-formatted text to numeric.,,10.9035925099643,,,,,,Northern Europe,1,,2025.0,2025.0,True,0,0,0
Latvia,LVA,1997,party,2016,2024.0,2024.0,,0,0,0,-27.0,-27.0,,,,5317.98,51.9,0,0,1,1,0,0,0,0,0,0,0,2363000,,0,0,0.0,0.0,1,1,0,1,,,retained_legacy_not_independently_reimported,,0,excluded_until_researcher_coding_rubric_is_documented,1907675.0,140.0,191.0,51.0,27.0,0.733878,0.0,GDP parsed from comma-formatted text to numeric.,,11.178552303501,,,,,,Northern Europe,1,,2025.0,2025.0,True,0,0,0
Latvia,LVA,1998,party,2016,2024.0,2024.0,,0,0,0,-26.0,-26.0,,,,5719.99,51.6,0,0,1,1,0,0,0,1,0,0,0,2347000,,0,0,0.0,0.0,1,1,0,1,0.32,0.4,retained_legacy_not_independently_reimported,,0,excluded_until_researcher_coding_rubric_is_documented,1907675.0,140.0,191.0,51.0,27.0,0.733878,0.0,GDP parsed from comma-formatted text to numeric.,,10.3725444556883,,,,,,Northern Europe,1,,2025.0,2025.0,True,0,0,0
Latvia,LVA,1999,party,2016,2024.0,2024.0,,0,0,0,-25.0,-25.0,,,,5929.27,49.8,0,0,1,1,0,0,0,0,0,0,0,2338000,,0,0,0.0,0.0,1,1,0,1,,,retained_legacy_not_independently_reimported,,0,excluded_until_researcher_coding_rubric_is_documented,1907675.0,140.0,191.0,51.0,27.0,0.733878,0.0,GDP parsed from comma-formatted text to numeric.,,9.57829566567482,,,,,,Northern Europe,1,,2025.0,2025.0,True,0,0,0
Latvia,LVA,2000,party,2016,2024.0,2024.0,,0,0,0,-24.0,-24.0,,,,6336.38,49.0,0,0,1,1,0,0,0,1,0,0,0,2317000,,0,0,0.0,0.0,1,1,0,1,0.36,0.25,retained_legacy_not_independently_reimported,,0,excluded_until_researcher_coding_rubric_is_documented,1907675.0,140.0,191.0,51.0,27.0,0.733878,0.0,GDP parsed from comma-formatted text to numeric.,,10.0493494840736,,,,,,Northern Europe,1,,2025.0,2025.0,True,0,0,0
Latvia,LVA,2001,party,2016,2024.0,2024.0,,0,0,0,-23.0,-23.0,,,,6833.44,49.9,0,0,1,1,0,0,0,0,0,0,0,2309000,,0,0,0.0,0.0,1,1,0,1,,,retained_legacy_not_independently_reimported,,0,excluded_until_researcher_coding_rubric_is_documented,1907675.0,140.0,191.0,51.0,27.0,0.733878,0.0,GDP parsed from comma-formatted text to numeric.,,9.36577455169373,,,,,,Northern Europe,1,,2025.0,2025.0,True,0,0,0
Latvia,LVA,2002,party,2016,2024.0,2024.0,,0,0,0,-22.0,-22.0,,,,7443.23,51.1,0,0,1,1,0,0,0,1,0,0,0,2307000,,0,0,0.0,0.0,1,1,0,1,0.83,0.53,retained_legacy_not_independently_reimported,,0,excluded_until_researcher_coding_rubric_is_documented,1907675.0,140.0,191.0,51.0,27.0,0.733878,0.0,GDP parsed from comma-formatted text to numeric.,,9.25865435409853,,,,,,Northern Europe,1,,2025.0,2025.0,True,0,0,0
Latvia,LVA,2003,party,2016,2024.0,2024.0,,0,0,0,-21.0,-21.0,,13.325,5.374,8149.0,50.5,0,0,1,1,0,0,0,1,0,0,0,2305000,,0,0,0.0,0.0,1,1,0,1,1.02,0.99,retained_legacy_not_independently_reimported,,0,excluded_until_researcher_coding_rubric_is_documented,1907675.0,140.0,191.0,51.0,27.0,0.733878,0.0,GDP parsed from comma-formatted text to numeric.,,,,,,,,Northern Europe,1,,2025.0,2025.0,True,0,0,0
Latvia,LVA,2004,party,2016,2024.0,2024.0,,0,0,0,-20.0,-20.0,,28.62,14.089,8957.23,50.4,0,0,1,1,0,0,0,1,0,0,0,2254000,,0,0,0.0,0.0,1,1,0,1,0.98,0.92,retained_legacy_not_independently_reimported,,0,excluded_until_researcher_coding_rubric_is_documented,1907675.0,140.0,191.0,51.0,27.0,0.733878,0.0,GDP parsed from comma-formatted text to numeric.,,,,,,,,Northern Europe,1,,2025.0,2025.0,True,0,0,0
Latvia,LVA,2005,party,2016,2024.0,2024.0,,0,0,0,-19.0,-19.0,,32.191,11.206,10106.26,50.4,0,0,1,1,0,1,1,1,0,1,1,2231000,,0,0,0.0,0.0,1,1,0,1,0.9,0.96,retained_legacy_not_independently_reimported,,0,excluded_until_researcher_coding_rubric_is_documented,1907675.0,140.0,191.0,51.0,27.0,0.733878,0.0,GDP parsed from comma-formatted text to numeric.,,,,,,,,Northern Europe,1,,2025.0,2025.0,True,0,0,0
Latvia,LVA,2006,party,2016,2024.0,2024.0,,0,0,0,-18.0,-18.0,,14.781,5.813,11507.46,51.9,0,0,1,1,0,1,1,1,0,1,1,2214000,,0,0,0.0,0.0,1,1,0,1,1.11,1.05,retained_legacy_not_independently_reimported,,0,excluded_until_researcher_coding_rubric_is_documented,1907675.0,140.0,191.0,51.0,27.0,0.733878,0.0,GDP parsed from comma-formatted text to numeric.,,,,,,,,Northern Europe,1,,2025.0,2025.0,True,0,0,0
Latvia,LVA,2007,party,2016,2024.0,2024.0,,0,0,0,-17.0,-17.0,,20.902,4.226,12810.04,52.9,0,0,1,1,0,1,1,1,0,1,1,2199000,,0,0,0.0,0.0,1,1,0,1,0.72,1.22,retained_legacy_not_independently_reimported,,0,excluded_until_researcher_coding_rubric_is_documented,1907675.0,140.0,191.0,51.0,27.0,0.733878,0.0,GDP parsed from comma-formatted text to numeric.,,,,,,,,Northern Europe,1,,2025.0,2025.0,True,0,0,0
Latvia,LVA,2008,party,2016,2024.0,2024.0,,0,0,0,-16.0,-16.0,,19.103,4.592,12506.69,54.8,0,0,1,1,0,1,1,1,0,1,1,2187000,,0,0,0.0,0.0,1,1,0,1,0.89,1.32,retained_legacy_not_independently_reimported,,0,excluded_until_researcher_coding_rubric_is_documented,1907675.0,140.0,191.0,51.0,27.0,0.733878,0.0,GDP parsed from comma-formatted text to numeric.,,,,,,,,Northern Europe,1,,2025.0,2025.0,True,0,0,0
Latvia,LVA,2009,party,2016,2024.0,2024.0,,0,0,0,-15.0,-15.0,,14.706,3.221,10675.43,54.4,0,0,1,1,0,1,1,1,0,1,1,2143000,,0,0,0.0,0.0,1,1,0,1,1.05,1.34,retained_legacy_not_independently_reimported,,0,excluded_until_researcher_coding_rubric_is_documented,1907675.0,140.0,191.0,51.0,27.0,0.733878,0.0,GDP parsed from comma-formatted text to numeric.,,,,,,,,Northern Europe,1,,2025.0,2025.0,True,0,0,0
Latvia,LVA,2010,party,2016,2024.0,2024.0,,0,0,0,-14.0,-14.0,,11.011,3.718,10500.87,53.7,0,0,1,1,0,1,1,1,0,1,1,2097000,,0,0,0.0,0.0,1,1,0,1,1.23,1.29,retained_legacy_not_independently_reimported,,0,excluded_until_researcher_coding_rubric_is_documented,1907675.0,140.0,191.0,51.0,27.0,0.733878,0.0,GDP parsed from comma-formatted text to numeric.,,,,,,,,Northern Europe,1,,2025.0,2025.0,True,0,0,0
Latvia,LVA,2011,party,2016,2024.0,2024.0,,0,0,0,-13.0,-13.0,,9.612,2.427,11018.52,52.9,0,0,1,1,0,1,1,1,0,1,1,2060000,,0,0,0.0,0.0,1,1,0,1,1.17,1.26,retained_legacy_not_independently_reimported,,0,excluded_until_researcher_coding_rubric_is_documented,1907675.0,140.0,191.0,51.0,27.0,0.733878,0.0,GDP parsed from comma-formatted text to numeric.,,,,,,,,Northern Europe,1,,2025.0,2025.0,True,0,0,0
Latvia,LVA,2012,party,2016,2024.0,2024.0,,0,0,0,-12.0,-12.0,3.352,16.023,3.146,11971.01,54.1,0,0,1,1,1,1,1,1,1,1,1,2034000,,0,0,0.0,0.0,1,1,0,1,1.41,1.33,retained_legacy_not_independently_reimported,,0,excluded_until_researcher_coding_rubric_is_documented,1907675.0,140.0,191.0,51.0,27.0,0.733878,0.0,GDP parsed from comma-formatted text to numeric.,3.54556970321433,3.44042305407829,0.45294183456843,0.32232451847403,0.181176733827372,0.4859682676983949,-0.05614167057774799,Northern Europe,1,,2025.0,2025.0,True,0,0,0
Latvia,LVA,2013,party,2016,2024.0,2024.0,,0,0,0,-11.0,-11.0,2.2,22.454,3.626,12353.54,53.8,0,0,1,1,1,1,1,1,1,1,1,2023000,,0,0,0.0,0.0,1,1,0,1,1.5,1.3,retained_legacy_not_independently_reimported,,0,excluded_until_researcher_coding_rubric_is_documented,1907675.0,140.0,191.0,51.0,27.0,0.733878,0.0,GDP parsed from comma-formatted text to numeric.,2.82036498777209,2.48384260386188,0.458234870115617,0.433902305811091,0.27494092206937,0.43821515076263484,-0.24840894449860895,Northern Europe,1,,2025.0,2025.0,True,0,0,0
Latvia,LVA,2014,party,2016,2024.0,2024.0,,0,0,0,-10.0,-10.0,3.386,27.731,3.761,12731.68,53.3,0,0,1,1,1,1,1,1,1,1,1,1993000,,0,0,0.0,0.0,1,1,0,1,1.62,1.48,retained_legacy_not_independently_reimported,,0,excluded_until_researcher_coding_rubric_is_documented,1907675.0,140.0,191.0,51.0,27.0,0.733878,0.0,GDP parsed from comma-formatted text to numeric.,3.0003058905615,3.20938906771761,1.57413747683356,0.765703065820383,0.18519264433336,0.5301969648845453,0.1209350367202604,Northern Europe,1,,2025.0,2025.0,True,0,0,0
Latvia,LVA,2015,party,2016,2024.0,2024.0,,0,0,0,-9.0,-9.0,2.751,23.561,3.034,13321.98,54.0,0,0,1,1,1,1,1,1,1,1,1,1978000,,0,0,1.0,0.0,1,1,0,1,1.8,1.31,retained_legacy_not_independently_reimported,,0,excluded_until_researcher_coding_rubric_is_documented,1907675.0,140.0,191.0,51.0,27.0,0.733878,0.0,GDP parsed from comma-formatted text to numeric.,4.13751462984449,3.38748763187818,0.841073546274465,1.32186832869578,0.467263081263592,0.39936040609992934,-0.4081307946685686,Northern Europe,1,,2025.0,2025.0,True,0,0,0
Latvia,LVA,2016,party,2016,2024.0,2024.0,,0,0,0,-8.0,-8.0,3.208,11.225,7.245,13787.34,54.9,0,0,1,1,1,1,1,1,1,1,1,1960000,,0,0,1.0,0.0,1,1,0,1,1.65,1.58,retained_legacy_not_independently_reimported,,0,excluded_until_researcher_coding_rubric_is_documented,1907675.0,140.0,191.0,51.0,27.0,0.733878,0.0,GDP parsed from comma-formatted text to numeric.,3.8887398205291,3.52065424981236,1.50967821680583,1.33328222418141,0.0943548885503645,0.4520385530719409,-0.19243746155029595,Northern Europe,1,,2025.0,2025.0,True,0,0,0
Latvia,LVA,2017,party,2016,2024.0,2024.0,,0,0,0,-7.0,-7.0,4.001,13.487,8.288,14382.86,55.1,0,0,1,1,1,1,1,1,1,1,1,1951000,,0,0,1.0,0.0,1,1,0,1,1.48,1.54,retained_legacy_not_independently_reimported,,0,excluded_until_researcher_coding_rubric_is_documented,1907675.0,140.0,191.0,51.0,27.0,0.733878,0.0,GDP parsed from comma-formatted text to numeric.,4.9286659613447,4.16968239374774,1.33351431027544,1.90425730324681,0.476255110812658,0.44805707372703313,-0.20852402548565085,Northern Europe,1,,2025.0,2025.0,True,0,0,0
Latvia,LVA,2018,party,2016,2024.0,2024.0,,0,0,0,-6.0,-6.0,4.134,15.304,9.131,15120.07,55.6,0,0,1,1,1,1,1,1,1,1,1,1927000,,0,0,1.0,0.0,1,1,0,1,1.71,1.58,retained_legacy_not_independently_reimported,,0,excluded_until_researcher_coding_rubric_is_documented,1907675.0,140.0,191.0,51.0,27.0,0.733878,0.0,GDP parsed from comma-formatted text to numeric.,4.62030398219493,4.35777769938389,1.44202968562311,1.46497443337888,0.288405937124622,0.47222486315394085,-0.1112150386814319,Northern Europe,1,,2025.0,2025.0,True,0,0,0
Latvia,LVA,2019,party,2016,2024.0,2024.0,,0,0,0,-5.0,-5.0,4.073,15.829,8.933,15328.39,55.5,0,0,1,1,1,1,1,1,1,1,1,1919000,,0,0,1.0,0.0,1,1,0,1,1.82,1.67,retained_legacy_not_independently_reimported,,0,excluded_until_researcher_coding_rubric_is_documented,1907675.0,140.0,191.0,51.0,27.0,0.733878,0.0,GDP parsed from comma-formatted text to numeric.,2.6046031264297,3.39556267869149,2.03644065084643,0.905948913540765,0.290920092978062,0.6099493969444247,0.4470995157662635,Northern Europe,1,,2025.0,2025.0,True,0,0,0
Latvia,LVA,2020,party,2016,2024.0,2024.0,,0,0,0,-4.0,-4.0,4.106,16.254,10.625,14900.73,55.8,0,0,1,1,1,1,1,1,1,1,1,1908000,,0,0,1.0,0.0,1,1,0,1,1.44,1.58,retained_legacy_not_independently_reimported,,0,excluded_until_researcher_coding_rubric_is_documented,1907675.0,140.0,191.0,51.0,27.0,0.733878,0.0,GDP parsed from comma-formatted text to numeric.,3.18814374884714,3.68203328189884,2.15081200485497,1.25248504418995,0.586585092233173,0.5629173404553434,0.25301046808082583,Northern Europe,1,,2025.0,2025.0,True,0,0,0
Latvia,LVA,2021,party,2016,2024.0,2024.0,,0,0,0,-3.0,-3.0,3.551,17.766,9.122,16070.17,54.2,0,0,1,1,1,1,1,1,1,1,1,1848000,,0,0,1.0,0.0,1,1,0,1,1.43,1.62,retained_legacy_not_independently_reimported,,0,excluded_until_researcher_coding_rubric_is_documented,1907675.0,140.0,191.0,51.0,27.0,0.733878,0.0,GDP parsed from comma-formatted text to numeric.,2.40856900034064,3.02293132059141,1.87432179145704,1.03224385728885,0.295945546019532,0.5958484581346454,0.38819645860531216,Northern Europe,1,,2025.0,2025.0,True,0,0,0
Latvia,LVA,2022,party,2016,2024.0,2024.0,,0,0,0,-2.0,-2.0,3.958,,12.865,16421.37,55.3,0,0,1,1,1,0,1,1,1,0,1,1831000,,0,0,1.0,0.0,1,1,0,1,0.97,1.29,retained_legacy_not_independently_reimported,,0,excluded_until_researcher_coding_rubric_is_documented,1907675.0,140.0,191.0,51.0,27.0,0.733878,0.0,GDP parsed from comma-formatted text to numeric.,2.98651816779408,3.56181584561495,2.17717450251563,1.49325908389704,0.395849909548296,0.5699459493612723,0.28163063070241545,Northern Europe,1,,2025.0,2025.0,True,0,0,0
Latvia,LVA,2023,party,2016,2024.0,2024.0,,0,0,0,-1.0,-1.0,2.87,29.271,15.034,16229.38,55.4,0,0,1,1,1,1,1,1,1,1,1,1830000,,0,0,1.0,0.0,1,1,0,1,0.49,0.73,retained_legacy_not_independently_reimported,,0,excluded_until_researcher_coding_rubric_is_documented,1907675.0,140.0,191.0,51.0,27.0,0.733878,0.0,GDP parsed from comma-formatted text to numeric. | UNODC outcome values preserved from source dataset; not silently imputed or replaced.,2.06444391049259,2.49681788529087,1.88027497537087,1.3762959403284,0.197923681617987,0.5816258229011863,0.32945113236400025,Northern Europe,1,,2025.0,2025.0,True,0,0,0
Monaco,MCO,1990,party,2012,2014.0,2015.0,,0,0,0,-24.0,-25.0,,,,105878.37,,0,1,1,0,0,0,0,0,0,0,0,29000,2017.0,0,0,,,0,0,1,0,,,retained_legacy_not_independently_reimported,2017.0,0,excluded_until_researcher_coding_rubric_is_documented,,,,,,,,GDP parsed from comma-formatted text to numeric. | GREVIO baseline publication year corrected to 2017 from official CoE page.,,,,,,,,Western Europe,0,,2015.0,2016.0,True,0,0,0
Monaco,MCO,1991,party,2012,2014.0,2015.0,,0,0,0,-23.0,-24.0,,,,106020.72,,0,1,1,0,0,0,0,0,0,0,0,30000,2017.0,0,0,,,0,0,1,0,,,retained_legacy_not_independently_reimported,2017.0,0,excluded_until_researcher_coding_rubric_is_documented,,,,,,,,GDP parsed from comma-formatted text to numeric. | GREVIO baseline publication year corrected to 2017 from official CoE page.,,,,,,,,Western Europe,0,,2015.0,2016.0,True,0,0,0
Monaco,MCO,1992,party,2012,2014.0,2015.0,,0,0,0,-22.0,-23.0,,,,106558.02,,0,1,1,0,0,0,0,0,0,0,0,30000,2017.0,0,0,,,0,0,1,0,,,retained_legacy_not_independently_reimported,2017.0,0,excluded_until_researcher_coding_rubric_is_documented,,,,,,,,GDP parsed from comma-formatted text to numeric. | GREVIO baseline publication year corrected to 2017 from official CoE page.,,,,,,,,Western Europe,0,,2015.0,2016.0,True,0,0,0
Monaco,MCO,1993,party,2012,2014.0,2015.0,,0,0,0,-21.0,-22.0,,,,104739.79,,0,1,1,0,0,0,0,0,0,0,0,30000,2017.0,0,0,,,0,0,1,0,,,retained_legacy_not_independently_reimported,2017.0,0,excluded_until_researcher_coding_rubric_is_documented,,,,,,,,GDP parsed from comma-formatted text to numeric. | GREVIO baseline publication year corrected to 2017 from official CoE page.,,,,,,,,Western Europe,0,,2015.0,2016.0,True,0,0,0
Monaco,MCO,1994,party,2012,2014.0,2015.0,,0,0,0,-20.0,-21.0,,,,106244.9,,0,1,1,0,0,0,0,0,0,0,0,30000,2017.0,0,0,,,0,0,1,0,,,retained_legacy_not_independently_reimported,2017.0,0,excluded_until_researcher_coding_rubric_is_documented,,,,,,,,GDP parsed from comma-formatted text to numeric. | GREVIO baseline publication year corrected to 2017 from official CoE page.,,,,,,,,Western Europe,0,,2015.0,2016.0,True,0,0,0
Monaco,MCO,1995,party,2012,2014.0,2015.0,,0,0,0,-19.0,-20.0,,,,107691.09,,0,1,1,0,0,0,0,0,0,0,0,31000,2017.0,0,0,,,0,0,1,0,,,retained_legacy_not_independently_reimported,2017.0,0,excluded_until_researcher_coding_rubric_is_documented,,,,,,,,GDP parsed from comma-formatted text to numeric. | GREVIO baseline publication year corrected to 2017 from official CoE page.,,,,,,,,Western Europe,0,,2015.0,2016.0,True,0,0,0
Monaco,MCO,1996,party,2012,2014.0,2015.0,,0,0,0,-18.0,-19.0,,,,108107.45,,0,1,1,0,0,0,0,0,0,0,0,31000,2017.0,0,0,,,0,0,1,0,,1.38,retained_legacy_not_independently_reimported,2017.0,0,excluded_until_researcher_coding_rubric_is_documented,,,,,,,,GDP parsed from comma-formatted text to numeric. | GREVIO baseline publication year corrected to 2017 from official CoE page.,,,,,,,,Western Europe,0,,2015.0,2016.0,True,0,0,0
Monaco,MCO,1997,party,2012,2014.0,2015.0,,0,0,0,-17.0,-18.0,,,,109747.03,,0,1,1,0,0,0,0,0,0,0,0,32000,2017.0,0,0,,,0,0,1,0,,,retained_legacy_not_independently_reimported,2017.0,0,excluded_until_researcher_coding_rubric_is_documented,,,,,,,,GDP parsed from comma-formatted text to numeric. | GREVIO baseline publication year corrected to 2017 from official CoE page.,,,,,,,,Western Europe,0,,2015.0,2016.0,True,0,0,0
Monaco,MCO,1998,party,2012,2014.0,2015.0,,0,0,0,-16.0,-17.0,,,,112873.6,,0,1,1,0,0,0,0,0,0,0,0,32000,2017.0,0,0,,,0,0,1,0,,1.49,retained_legacy_not_independently_reimported,2017.0,0,excluded_until_researcher_coding_rubric_is_documented,,,,,,,,GDP parsed from comma-formatted text to numeric. | GREVIO baseline publication year corrected to 2017 from official CoE page.,,,,,,,,Western Europe,0,,2015.0,2016.0,True,0,0,0
Monaco,MCO,1999,party,2012,2014.0,2015.0,,0,0,0,-15.0,-16.0,,,,116084.58,,0,1,1,0,0,0,0,0,0,0,0,32000,2017.0,0,0,,,0,0,1,0,,,retained_legacy_not_independently_reimported,2017.0,0,excluded_until_researcher_coding_rubric_is_documented,,,,,,,,GDP parsed from comma-formatted text to numeric. | GREVIO baseline publication year corrected to 2017 from official CoE page.,,,,,,,,Western Europe,0,,2015.0,2016.0,True,0,0,0
Monaco,MCO,2000,party,2012,2014.0,2015.0,,0,0,0,-14.0,-15.0,,,,120456.51,,0,1,1,0,0,0,0,0,0,0,0,32000,2017.0,0,0,,,0,0,1,0,,1.43,retained_legacy_not_independently_reimported,2017.0,0,excluded_until_researcher_coding_rubric_is_documented,,,,,,,,GDP parsed from comma-formatted text to numeric. | GREVIO baseline publication year corrected to 2017 from official CoE page.,,,,,,,,Western Europe,0,,2015.0,2016.0,True,0,0,0
Monaco,MCO,2001,party,2012,2014.0,2015.0,,0,0,0,-13.0,-14.0,,,,123122.12,,0,1,1,0,0,0,0,0,0,0,0,32000,2017.0,0,0,,,0,0,1,0,,,retained_legacy_not_independently_reimported,2017.0,0,excluded_until_researcher_coding_rubric_is_documented,,,,,,,,GDP parsed from comma-formatted text to numeric. | GREVIO baseline publication year corrected to 2017 from official CoE page.,,3.08194902456313,,,,,,Western Europe,0,,2015.0,2016.0,True,0,0,0
Monaco,MCO,2002,party,2012,2014.0,2015.0,,0,0,0,-12.0,-13.0,,,,124481.88,,0,1,1,0,0,0,0,0,0,0,0,33000,2017.0,0,0,,,0,0,1,0,,1.42,retained_legacy_not_independently_reimported,2017.0,0,excluded_until_researcher_coding_rubric_is_documented,,,,,,,,GDP parsed from comma-formatted text to numeric. | GREVIO baseline publication year corrected to 2017 from official CoE page.,,,,,,,,Western Europe,0,,2015.0,2016.0,True,0,0,0
Monaco,MCO,2003,party,2012,2014.0,2015.0,,0,0,0,-11.0,-12.0,,,3.089,126022.24,,0,1,1,0,0,0,0,0,0,0,0,33000,2017.0,0,0,,,0,0,1,0,,1.42,retained_legacy_not_independently_reimported,2017.0,0,excluded_until_researcher_coding_rubric_is_documented,,,,,,,,GDP parsed from comma-formatted text to numeric. | GREVIO baseline publication year corrected to 2017 from official CoE page.,,,,,,,,Western Europe,0,,2015.0,2016.0,True,0,0,0
Monaco,MCO,2004,party,2012,2014.0,2015.0,,0,0,0,-10.0,-11.0,,,,129403.4,,0,1,1,0,0,0,0,0,0,0,0,33000,2017.0,0,0,,,0,0,1,0,,1.4,retained_legacy_not_independently_reimported,2017.0,0,excluded_until_researcher_coding_rubric_is_documented,,,,,,,,GDP parsed from comma-formatted text to numeric. | GREVIO baseline publication year corrected to 2017 from official CoE page.,,,,,,,,Western Europe,0,,2015.0,2016.0,True,0,0,0
Monaco,MCO,2005,party,2012,2014.0,2015.0,,0,0,0,-9.0,-10.0,,,9.314,132253.22,,0,1,1,0,0,0,1,0,0,0,0,33000,2017.0,0,0,,,0,0,1,0,,1.32,retained_legacy_not_independently_reimported,2017.0,0,excluded_until_researcher_coding_rubric_is_documented,,,,,,,,GDP parsed from comma-formatted text to numeric. | GREVIO baseline publication year corrected to 2017 from official CoE page.,,,,,,,,Western Europe,0,,2015.0,2016.0,True,0,0,0
Monaco,MCO,2006,party,2012,2014.0,2015.0,,0,0,0,-8.0,-9.0,,,6.239,140615.18,,0,1,1,0,0,0,1,0,0,0,0,33000,2017.0,0,0,,,0,0,1,0,,1.67,retained_legacy_not_independently_reimported,2017.0,0,excluded_until_researcher_coding_rubric_is_documented,,,,,,,,GDP parsed from comma-formatted text to numeric. | GREVIO baseline publication year corrected to 2017 from official CoE page.,,,,,,,,Western Europe,0,,2015.0,2016.0,True,0,0,0
Monaco,MCO,2007,party,2012,2014.0,2015.0,,0,0,0,-7.0,-8.0,,,,162028.48,,0,1,1,0,0,0,0,0,0,0,0,33000,2017.0,0,0,,,0,0,1,0,,1.49,retained_legacy_not_independently_reimported,2017.0,0,excluded_until_researcher_coding_rubric_is_documented,,,,,,,,GDP parsed from comma-formatted text to numeric. | GREVIO baseline publication year corrected to 2017 from official CoE page.,,0.0,,,,,,Western Europe,0,,2015.0,2016.0,True,0,0,0
Monaco,MCO,2008,party,2012,2014.0,2015.0,,0,0,0,-6.0,-7.0,,,,163243.75,,0,1,1,0,0,0,0,0,0,0,0,33000,2017.0,0,0,,,0,0,1,0,,1.53,retained_legacy_not_independently_reimported,2017.0,0,excluded_until_researcher_coding_rubric_is_documented,,,,,,,,GDP parsed from comma-formatted text to numeric. | GREVIO baseline publication year corrected to 2017 from official CoE page.,,0.0,,,,,,Western Europe,0,,2015.0,2016.0,True,0,0,0
Monaco,MCO,2009,party,2012,2014.0,2015.0,,0,0,0,-5.0,-6.0,,,,142375.53,,0,1,1,0,0,0,0,0,0,0,0,33000,2017.0,0,0,,,0,0,1,0,,1.6,retained_legacy_not_independently_reimported,2017.0,0,excluded_until_researcher_coding_rubric_is_documented,,,,,,,,GDP parsed from comma-formatted text to numeric. | GREVIO baseline publication year corrected to 2017 from official CoE page.,,,,,,,,Western Europe,0,,2015.0,2016.0,True,0,0,0
Monaco,MCO,2010,party,2012,2014.0,2015.0,,0,0,0,-4.0,-5.0,,,,141814.79,,0,1,1,0,0,0,0,0,0,0,0,36000,2017.0,0,0,,,0,0,1,0,,1.5,retained_legacy_not_independently_reimported,2017.0,0,excluded_until_researcher_coding_rubric_is_documented,,,,,,,,GDP parsed from comma-formatted text to numeric. | GREVIO baseline publication year corrected to 2017 from official CoE page.,,,,,,,,Western Europe,0,,2015.0,2016.0,True,0,0,0
Monaco,MCO,2011,party,2012,2014.0,2015.0,,0,0,0,-3.0,-4.0,,,,148272.71,,0,1,1,0,0,0,0,0,0,0,0,37000,2017.0,0,0,,,0,0,1,0,,1.6,retained_legacy_not_independently_reimported,2017.0,0,excluded_until_researcher_coding_rubric_is_documented,,,,,,,,GDP parsed from comma-formatted text to numeric. | GREVIO baseline publication year corrected to 2017 from official CoE page.,,,,,,,,Western Europe,0,,2015.0,2016.0,True,0,0,0
Monaco,MCO,2012,party,2012,2014.0,2015.0,,0,0,0,-2.0,-3.0,,,,146472.68,,0,1,1,0,0,0,0,0,0,0,0,38000,2017.0,0,0,,,0,0,1,0,,1.58,retained_legacy_not_independently_reimported,2017.0,0,excluded_until_researcher_coding_rubric_is_documented,,,,,,,,GDP parsed from comma-formatted text to numeric. | GREVIO baseline publication year corrected to 2017 from official CoE page.,,,,,,,,Western Europe,0,,2015.0,2016.0,True,0,0,0
Monaco,MCO,2013,party,2012,2014.0,2015.0,,0,0,0,-1.0,-2.0,0.0,,,157167.98,,0,1,1,0,1,0,0,0,0,0,0,37000,2017.0,0,0,,,0,0,1,0,,1.58,retained_legacy_not_independently_reimported,2017.0,0,excluded_until_researcher_coding_rubric_is_documented,,,,,,,,GDP parsed from comma-formatted text to numeric. | GREVIO baseline publication year corrected to 2017 from official CoE page.,0.0,,0.0,0.0,0.0,,,Western Europe,0,,2015.0,2016.0,True,0,0,0
Monaco,MCO,2014,party,2012,2014.0,2015.0,,1,0,0,0.0,-1.0,,41.519,27.679,165288.2,,0,1,1,0,0,1,1,0,0,0,0,37000,2017.0,0,0,,,0,0,1,0,,,retained_legacy_not_independently_reimported,2017.0,0,excluded_until_researcher_coding_rubric_is_documented,,,,,,,,GDP parsed from comma-formatted text to numeric. | GREVIO baseline publication year corrected to 2017 from official CoE page.,,,,,,,,Western Europe,0,,2015.0,2016.0,True,0,0,1
Monaco,MCO,2015,party,2012,2014.0,2015.0,,1,1,1,1.0,0.0,0.0,16.323,16.323,170437.1,,0,1,1,0,1,1,1,0,0,0,0,37000,2017.0,0,0,,,0,0,1,0,2.44,2.12,retained_legacy_not_independently_reimported,2017.0,0,excluded_until_researcher_coding_rubric_is_documented,,,,,,,,GDP parsed from comma-formatted text to numeric. | GREVIO baseline publication year corrected to 2017 from official CoE page.,0.0,,0.0,0.0,0.0,,,Western Europe,0,,2015.0,2016.0,True,1,0,1
Monaco,MCO,2016,party,2012,2014.0,2015.0,,1,1,1,2.0,1.0,,13.413,13.413,173120.19,,0,1,1,0,0,1,1,0,0,0,0,38000,2017.0,0,0,,,0,0,1,0,2.53,2.12,retained_legacy_not_independently_reimported,2017.0,0,excluded_until_researcher_coding_rubric_is_documented,,,,,,,,GDP parsed from comma-formatted text to numeric. | GREVIO baseline publication year corrected to 2017 from official CoE page.,,,,,,,,Western Europe,0,,2015.0,2016.0,True,1,1,1
Monaco,MCO,2017,party,2012,2014.0,2015.0,,1,1,1,3.0,2.0,,,,165781.78,,0,1,1,0,0,0,0,0,0,0,0,38000,2017.0,1,0,,,0,0,1,0,2.63,2.15,retained_legacy_not_independently_reimported,2017.0,1,excluded_until_researcher_coding_rubric_is_documented,,,,,,,,GDP parsed from comma-formatted text to numeric. | GREVIO baseline publication year corrected to 2017 from official CoE page.,,,,,,,,Western Europe,0,,2015.0,2016.0,True,1,1,1
Monaco,MCO,2018,party,2012,2014.0,2015.0,,1,1,1,4.0,3.0,,,,173041.76,,0,1,1,0,0,0,0,0,0,0,0,39000,2017.0,1,0,,,0,0,1,0,2.63,2.15,retained_legacy_not_independently_reimported,2017.0,1,excluded_until_researcher_coding_rubric_is_documented,,,,,,,,GDP parsed from comma-formatted text to numeric. | GREVIO baseline publication year corrected to 2017 from official CoE page.,,,,,,,,Western Europe,0,,2015.0,2016.0,True,1,1,1
Monaco,MCO,2019,party,2012,2014.0,2015.0,,1,1,1,5.0,4.0,,,,185582.76,,0,1,1,0,0,0,0,0,0,0,0,39000,2017.0,1,0,,,0,0,1,0,2.59,2.11,retained_legacy_not_independently_reimported,2017.0,1,excluded_until_researcher_coding_rubric_is_documented,,,,,,,,GDP parsed from comma-formatted text to numeric. | GREVIO baseline publication year corrected to 2017 from official CoE page.,,,,,,,,Western Europe,0,,2015.0,2016.0,True,1,1,1
Monaco,MCO,2020,party,2012,2014.0,2015.0,,1,1,1,6.0,5.0,,,,161262.93,,0,1,1,0,0,0,0,0,0,0,0,39000,2017.0,1,0,,,0,0,1,0,2.84,1.91,retained_legacy_not_independently_reimported,2017.0,1,excluded_until_researcher_coding_rubric_is_documented,,,,,,,,GDP parsed from comma-formatted text to numeric. | GREVIO baseline publication year corrected to 2017 from official CoE page.,,,,,,,,Western Europe,0,,2015.0,2016.0,True,1,1,1
Monaco,MCO,2021,party,2012,2014.0,2015.0,,1,1,1,7.0,6.0,,,,194674.78,,0,1,1,0,0,0,0,0,0,0,0,36000,2017.0,1,0,,,0,0,1,0,2.84,1.95,retained_legacy_not_independently_reimported,2017.0,1,excluded_until_researcher_coding_rubric_is_documented,,,,,,,,GDP parsed from comma-formatted text to numeric. | GREVIO baseline publication year corrected to 2017 from official CoE page.,,,,,,,,Western Europe,0,,2015.0,2016.0,True,1,1,1
Monaco,MCO,2022,party,2012,2014.0,2015.0,,1,1,1,8.0,7.0,,,,214359.61,,0,1,1,0,0,0,0,0,0,0,0,36000,2017.0,1,0,,,0,0,1,0,2.87,2.08,retained_legacy_not_independently_reimported,2017.0,1,excluded_until_researcher_coding_rubric_is_documented,,,,,,,,GDP parsed from comma-formatted text to numeric. | GREVIO baseline publication year corrected to 2017 from official CoE page.,,,,,,,,Western Europe,0,,2015.0,2016.0,True,1,1,1
Monaco,MCO,2023,party,2012,2014.0,2015.0,,1,1,1,9.0,8.0,,,,225884.18,,0,1,1,0,0,0,0,0,0,0,0,36000,2017.0,1,0,,,0,0,1,0,,,excluded_legacy_flagged_for_manual_review,2017.0,1,excluded_until_researcher_coding_rubric_is_documented,,,,,,,,GDP parsed from comma-formatted text to numeric. | WGI legacy value excluded because source file flagged this country-year for manual review. | GREVIO baseline publication year corrected to 2017 from official CoE page. | UNODC outcome values preserved from source dataset; not silently imputed or replaced.,,,,,,,,Western Europe,0,,2015.0,2016.0,True,1,1,1
Moldova,MDA,1990,party,2017,2022.0,2022.0,,0,0,0,-32.0,-32.0,,,,3740.1,54.8,0,0,1,1,0,0,0,0,0,0,0,3650000,,0,0,0.0,0.0,1,1,1,0,,,retained_legacy_not_independently_reimported,,0,excluded_until_researcher_coding_rubric_is_documented,3542708.0,184.0,354.0,170.0,48.0,0.519377,0.0,GDP parsed from comma-formatted text to numeric.,,6.51517316431626,,,,,,Eastern Europe,1,,2023.0,2023.0,True,0,0,0
Moldova,MDA,1991,party,2017,2022.0,2022.0,,0,0,0,-31.0,-31.0,4.062,,,3137.84,55.2,0,0,1,1,0,0,0,0,0,0,0,3654000,,0,0,0.0,0.0,1,1,1,0,,,retained_legacy_not_independently_reimported,,0,excluded_until_researcher_coding_rubric_is_documented,3542708.0,184.0,354.0,170.0,48.0,0.519377,0.0,GDP parsed from comma-formatted text to numeric.,9.32531448989923,6.50719038928369,,,,0.3034215714484628,-0.8310572272613583,Eastern Europe,1,,2023.0,2023.0,True,0,0,0
Moldova,MDA,1992,party,2017,2022.0,2022.0,,0,0,0,-30.0,-30.0,5.293,,,2225.17,55.6,0,0,1,1,0,0,0,0,0,0,0,3656000,,0,0,0.0,0.0,1,1,1,0,,,retained_legacy_not_independently_reimported,,0,excluded_until_researcher_coding_rubric_is_documented,3542708.0,184.0,354.0,170.0,48.0,0.519377,0.0,GDP parsed from comma-formatted text to numeric.,17.9986875042906,11.1991117914865,,,,0.22724845501318733,-1.223913645933482,Eastern Europe,1,,2023.0,2023.0,True,0,0,0
Moldova,MDA,1993,party,2017,2022.0,2022.0,,0,0,0,-29.0,-29.0,4.748,,,2202.16,55.7,0,0,1,1,0,0,0,0,0,0,0,3637000,,0,0,0.0,0.0,1,1,1,0,,,retained_legacy_not_independently_reimported,,0,excluded_until_researcher_coding_rubric_is_documented,3542708.0,184.0,354.0,170.0,48.0,0.519377,0.0,GDP parsed from comma-formatted text to numeric.,13.2474992032409,8.70007307386958,,,,0.26384375039426017,-1.0260853184932461,Eastern Europe,1,,2023.0,2023.0,True,0,0,0
Moldova,MDA,1994,party,2017,2022.0,2022.0,,0,0,0,-28.0,-28.0,4.374,,,1526.43,55.8,0,0,1,1,0,0,0,0,0,0,0,3608000,,0,0,0.0,0.0,1,1,1,0,,,retained_legacy_not_independently_reimported,,0,excluded_until_researcher_coding_rubric_is_documented,3542708.0,184.0,354.0,170.0,48.0,0.519377,0.0,GDP parsed from comma-formatted text to numeric.,14.4132099330978,9.04282284005073,,,,0.2328179658169592,-1.1924672202782167,Eastern Europe,1,,2023.0,2023.0,True,0,0,0
Moldova,MDA,1995,party,2017,2022.0,2022.0,,0,0,0,-27.0,-27.0,3.977,,,1511.96,55.8,0,0,1,1,0,0,0,0,0,0,0,3582000,,0,0,0.0,0.0,1,1,1,0,,,retained_legacy_not_independently_reimported,,0,excluded_until_researcher_coding_rubric_is_documented,3542708.0,184.0,354.0,170.0,48.0,0.519377,0.0,GDP parsed from comma-formatted text to numeric.,15.0087250690566,9.10695025679561,,,,0.2094731692118418,-1.3281039370419356,Eastern Europe,1,,2023.0,2023.0,True,0,0,0
Moldova,MDA,1996,party,2017,2022.0,2022.0,,0,0,0,-26.0,-26.0,4.801,,,1425.95,56.1,0,0,1,1,0,0,0,1,0,0,0,3601000,,0,0,0.0,0.0,1,1,1,0,-0.37,-0.21,retained_legacy_not_independently_reimported,,0,excluded_until_researcher_coding_rubric_is_documented,3542708.0,184.0,354.0,170.0,48.0,0.519377,0.0,GDP parsed from comma-formatted text to numeric.,14.0840722112374,9.11648601399996,,,,0.2542219561725163,-1.076220298913293,Eastern Europe,1,,2023.0,2023.0,True,0,0,0
Moldova,MDA,1997,party,2017,2022.0,2022.0,,0,0,0,-25.0,-25.0,4.559,,,1454.81,56.0,0,0,1,1,0,0,0,0,0,0,0,3617000,,0,0,0.0,0.0,1,1,1,0,,,retained_legacy_not_independently_reimported,,0,excluded_until_researcher_coding_rubric_is_documented,3542708.0,184.0,354.0,170.0,48.0,0.519377,0.0,GDP parsed from comma-formatted text to numeric.,15.2039284779079,9.50514035235142,,,,0.23068443551249523,-1.204450545721775,Eastern Europe,1,,2023.0,2023.0,True,0,0,0
Moldova,MDA,1998,party,2017,2022.0,2022.0,,0,0,0,-24.0,-24.0,3.916,,,1360.18,56.4,0,0,1,1,0,0,0,1,0,0,0,3629000,,0,0,0.0,0.0,1,1,1,0,-0.58,-0.11,retained_legacy_not_independently_reimported,,0,excluded_until_researcher_coding_rubric_is_documented,3542708.0,184.0,354.0,170.0,48.0,0.519377,0.0,GDP parsed from comma-formatted text to numeric.,14.1826574955569,8.68313939252062,,,,0.21636963962445016,-1.286949190410707,Eastern Europe,1,,2023.0,2023.0,True,0,0,0
Moldova,MDA,1999,party,2017,2022.0,2022.0,,0,0,0,-23.0,-23.0,4.284,,,1316.43,56.6,0,0,1,1,0,0,0,0,0,0,0,3638000,,0,0,0.0,0.0,1,1,1,0,,,retained_legacy_not_independently_reimported,,0,excluded_until_researcher_coding_rubric_is_documented,3542708.0,184.0,354.0,170.0,48.0,0.519377,0.0,GDP parsed from comma-formatted text to numeric.,14.7486985766659,9.13932456184126,,,,0.22508631567633747,-1.236267694217199,Eastern Europe,1,,2023.0,2023.0,True,0,0,0
Moldova,MDA,2000,party,2017,2022.0,2022.0,,0,0,0,-22.0,-22.0,5.294,,,1346.92,56.4,0,0,1,1,1,0,0,1,1,0,0,3639000,,0,0,0.0,0.0,1,1,1,0,-0.91,-0.8,retained_legacy_not_independently_reimported,,0,excluded_until_researcher_coding_rubric_is_documented,3542708.0,184.0,354.0,170.0,48.0,0.519377,0.0,GDP parsed from comma-formatted text to numeric.,15.9292491180052,10.2244020112084,,,,0.24944342737364944,-1.1015828826599054,Eastern Europe,1,,2023.0,2023.0,True,0,0,0
Moldova,MDA,2001,party,2017,2022.0,2022.0,,0,0,0,-21.0,-21.0,5.343,,,1432.28,54.8,0,0,1,1,1,0,0,0,0,0,0,3629000,,0,0,0.0,0.0,1,1,1,0,,,retained_legacy_not_independently_reimported,,0,excluded_until_researcher_coding_rubric_is_documented,3542708.0,184.0,354.0,170.0,48.0,0.519377,0.0,GDP parsed from comma-formatted text to numeric.,14.9877228381375,9.80960768729548,,,,0.26280423192712576,-1.0314440955335218,Eastern Europe,1,,2023.0,2023.0,True,0,0,0
Moldova,MDA,2002,party,2017,2022.0,2022.0,,0,0,0,-20.0,-20.0,5.684,,,1547.57,54.8,0,0,1,1,1,0,0,1,1,0,0,3617000,,0,0,0.0,0.0,1,1,1,0,-1.0,-1.06,retained_legacy_not_independently_reimported,,0,excluded_until_researcher_coding_rubric_is_documented,3542708.0,184.0,354.0,170.0,48.0,0.519377,0.0,GDP parsed from comma-formatted text to numeric.,14.3181081605981,9.67914129361844,,,,0.28417004619527253,-0.9238698308800508,Eastern Europe,1,,2023.0,2023.0,True,0,0,0
Moldova,MDA,2003,party,2017,2022.0,2022.0,,0,0,0,-19.0,-19.0,4.871,,6.642,1654.37,56.1,0,0,1,1,1,0,0,1,1,0,0,3604000,,0,0,0.0,0.0,1,1,1,0,-1.13,-0.92,retained_legacy_not_independently_reimported,,0,excluded_until_researcher_coding_rubric_is_documented,3542708.0,184.0,354.0,170.0,48.0,0.519377,0.0,GDP parsed from comma-formatted text to numeric.,11.1832351726466,7.78918984978218,,,,0.30340903491305954,-0.8311165424780043,Eastern Europe,1,,2023.0,2023.0,True,0,0,0
Moldova,MDA,2004,party,2017,2022.0,2022.0,,0,0,0,-18.0,-18.0,4.24,11.639,7.339,1781.19,54.6,0,0,1,1,1,0,0,1,1,0,0,3594000,,0,0,0.0,0.0,1,1,1,0,-1.44,-0.62,retained_legacy_not_independently_reimported,,0,excluded_until_researcher_coding_rubric_is_documented,3542708.0,184.0,354.0,170.0,48.0,0.519377,0.0,GDP parsed from comma-formatted text to numeric.,9.87930397271959,6.84513524022656,,,,0.3002980889279142,-0.8458787919290209,Eastern Europe,1,,2023.0,2023.0,True,0,0,0
Moldova,MDA,2005,party,2017,2022.0,2022.0,,0,0,0,-17.0,-17.0,4.661,9.853,7.02,1919.45,55.0,0,0,1,1,1,1,1,1,1,1,1,3581000,,0,0,0.0,0.0,1,1,1,0,-1.28,-0.6,retained_legacy_not_independently_reimported,,0,excluded_until_researcher_coding_rubric_is_documented,3542708.0,184.0,354.0,170.0,48.0,0.519377,0.0,GDP parsed from comma-formatted text to numeric.,10.633810362811,7.42102283004968,,,,0.30474388955701737,-0.8248085644321927,Eastern Europe,1,,2023.0,2023.0,True,0,0,0
Moldova,MDA,2006,party,2017,2022.0,2022.0,,0,0,0,-16.0,-16.0,3.607,9.92,6.834,2017.18,57.3,0,0,1,1,1,1,1,1,1,1,1,3562000,,0,0,0.0,0.0,1,1,1,0,-1.36,-0.88,retained_legacy_not_independently_reimported,,0,excluded_until_researcher_coding_rubric_is_documented,3542708.0,184.0,354.0,170.0,48.0,0.519377,0.0,GDP parsed from comma-formatted text to numeric.,10.252091206131,6.68142956581036,0.379677298026509,0.275593849627177,,0.26026237553039056,-1.044605302964084,Eastern Europe,1,,2023.0,2023.0,True,0,0,0
Moldova,MDA,2007,party,2017,2022.0,2022.0,,0,0,0,-15.0,-15.0,3.289,10.983,7.296,2082.51,58.9,0,0,1,1,1,1,1,1,1,1,1,3544000,,0,0,0.0,0.0,1,1,1,0,-1.42,-0.86,retained_legacy_not_independently_reimported,,0,excluded_until_researcher_coding_rubric_is_documented,3542708.0,184.0,354.0,170.0,48.0,0.519377,0.0,GDP parsed from comma-formatted text to numeric.,8.35294734307601,5.6343213777967,0.241826973767577,0.616660542106283,,0.2825128737552757,-0.9320308845934309,Eastern Europe,1,,2023.0,2023.0,True,0,0,0
Moldova,MDA,2008,party,2017,2022.0,2022.0,,0,0,0,-14.0,-14.0,4.488,12.541,8.096,2249.23,59.2,0,0,1,1,1,1,1,1,1,1,1,3524000,,0,0,1.0,0.0,1,1,1,0,-1.33,-0.72,retained_legacy_not_independently_reimported,,0,excluded_until_researcher_coding_rubric_is_documented,3542708.0,184.0,354.0,170.0,48.0,0.519377,0.0,GDP parsed from comma-formatted text to numeric.,8.27588489899282,6.2442055888815,0.739854559390715,0.856126024033741,,0.35161708488566373,-0.6119386837596159,Eastern Europe,1,,2023.0,2023.0,True,0,0,0
Moldova,MDA,2009,party,2017,2022.0,2022.0,,0,0,0,-13.0,-13.0,3.574,10.847,7.123,2116.94,59.9,0,0,1,1,1,1,1,1,1,1,1,3503000,,0,0,1.0,0.0,1,1,1,0,-0.95,-0.74,retained_legacy_not_independently_reimported,,0,excluded_until_researcher_coding_rubric_is_documented,3542708.0,184.0,354.0,170.0,48.0,0.519377,0.0,GDP parsed from comma-formatted text to numeric.,10.1781288876817,6.63750839806703,0.301987530934848,0.639768101511423,,0.2598870348867488,-1.0465557747095806,Eastern Europe,1,,2023.0,2023.0,True,0,0,0
Moldova,MDA,2010,party,2017,2022.0,2022.0,,0,0,0,-12.0,-12.0,5.241,15.336,10.132,2269.51,62.7,0,0,1,1,1,1,1,1,1,1,1,3483000,,0,0,1.0,0.0,1,1,1,0,-1.12,-0.61,retained_legacy_not_independently_reimported,,0,excluded_until_researcher_coding_rubric_is_documented,3542708.0,184.0,354.0,170.0,48.0,0.519377,0.0,GDP parsed from comma-formatted text to numeric.,9.66800773203367,7.29627258213572,0.924965512917786,0.889693963070583,,0.3515324489864691,-0.6123099427761287,Eastern Europe,1,,2023.0,2023.0,True,0,0,0
Moldova,MDA,2011,party,2017,2022.0,2022.0,,0,0,0,-11.0,-11.0,4.567,12.959,8.18,2402.94,64.4,0,0,1,1,1,1,1,1,1,1,1,3561000,,0,0,1.0,0.0,1,1,1,0,-1.03,-0.56,retained_legacy_not_independently_reimported,,0,excluded_until_researcher_coding_rubric_is_documented,3542708.0,184.0,354.0,170.0,48.0,0.519377,0.0,GDP parsed from comma-formatted text to numeric.,7.80770529725568,6.07207895051986,0.839872087481077,0.363149083593288,,0.3690592939625655,-0.5362545705039792,Eastern Europe,1,,2023.0,2023.0,True,0,0,0
Moldova,MDA,2012,party,2017,2022.0,2022.0,,0,0,0,-10.0,-10.0,3.38,17.717,10.337,2389.09,65.3,0,0,1,1,1,1,1,1,1,1,1,3560000,,0,0,1.0,0.0,1,1,1,0,-0.95,-0.55,retained_legacy_not_independently_reimported,,0,excluded_until_researcher_coding_rubric_is_documented,3542708.0,184.0,354.0,170.0,48.0,0.519377,0.0,GDP parsed from comma-formatted text to numeric.,10.2563532238622,6.57549697046181,,,,0.24786685593369281,-1.110021630794512,Eastern Europe,1,,2023.0,2023.0,True,0,0,0
Moldova,MDA,2013,party,2017,2022.0,2022.0,,0,0,0,-9.0,-9.0,3.784,17.837,10.238,2605.85,65.6,0,0,1,1,1,1,1,1,1,1,1,3559000,,0,0,1.0,0.0,1,1,1,0,-0.68,-0.63,retained_legacy_not_independently_reimported,,0,excluded_until_researcher_coding_rubric_is_documented,3542708.0,184.0,354.0,170.0,48.0,0.519377,0.0,GDP parsed from comma-formatted text to numeric.,10.0935832883065,6.71802976908606,0.71288657645544,0.820103642174902,0.438699431664886,0.27266995422671797,-0.9811182527681341,Eastern Europe,1,,2023.0,2023.0,True,0,0,0
Moldova,MDA,2014,party,2017,2022.0,2022.0,,0,0,0,-8.0,-8.0,0.95,19.385,10.53,2737.8,69.2,0,0,1,1,1,1,1,1,1,1,1,3556000,,0,0,1.0,0.0,1,1,1,0,-0.7,-0.42,retained_legacy_not_independently_reimported,,0,excluded_until_researcher_coding_rubric_is_documented,3542708.0,184.0,354.0,170.0,48.0,0.519377,0.0,GDP parsed from comma-formatted text to numeric.,9.26766761767524,4.81645276331263,0.950294032153478,0.386152817403135,0.0558996489502046,0.09297620900846522,-2.2778250368785815,Eastern Europe,1,,2023.0,2023.0,True,0,0,0
Moldova,MDA,2015,party,2017,2022.0,2022.0,,0,0,0,-7.0,-7.0,2.668,19.439,9.218,2749.55,69.4,0,0,1,1,1,1,1,1,1,1,1,3551000,,0,0,1.0,0.0,1,1,1,0,-1.19,-0.64,retained_legacy_not_independently_reimported,,0,excluded_until_researcher_coding_rubric_is_documented,3542708.0,184.0,354.0,170.0,48.0,0.519377,0.0,GDP parsed from comma-formatted text to numeric.,9.30715749906191,5.74963619861434,0.397398290165471,0.0,,0.22279456451483007,-1.2494545996525357,Eastern Europe,1,,2023.0,2023.0,True,0,0,0
Moldova,MDA,2016,party,2017,2022.0,2022.0,,0,0,0,-6.0,-6.0,2.763,19.828,10.532,2910.95,68.9,0,0,1,1,1,1,1,1,1,1,1,3546000,,0,0,1.0,0.0,1,1,1,0,-1.15,-0.88,retained_legacy_not_independently_reimported,,0,excluded_until_researcher_coding_rubric_is_documented,3542708.0,184.0,354.0,170.0,48.0,0.519377,0.0,GDP parsed from comma-formatted text to numeric.,10.1286876419349,6.17704523511996,0.402969076153096,0.133272205814933,,0.21432415031623464,-1.2990547122915228,Eastern Europe,1,,2023.0,2023.0,True,0,0,0
Moldova,MDA,2017,party,2017,2022.0,2022.0,,0,0,0,-5.0,-5.0,2.099,18.538,9.425,3085.33,67.4,0,0,1,1,1,1,1,1,1,1,1,3540000,,0,0,1.0,0.0,1,1,1,0,-0.96,-0.75,retained_legacy_not_independently_reimported,,0,excluded_until_researcher_coding_rubric_is_documented,3542708.0,184.0,354.0,170.0,48.0,0.519377,0.0,GDP parsed from comma-formatted text to numeric.,7.10335620050271,4.41522186881311,0.932768930399697,0.744161125766951,0.116596116299962,0.2280937571059611,-1.2191063358154504,Eastern Europe,1,,2023.0,2023.0,True,0,0,0
Moldova,MDA,2018,party,2017,2022.0,2022.0,,0,0,0,-4.0,-4.0,2.418,19.405,8.434,3268.0,66.4,0,0,1,1,1,1,1,1,1,1,1,3534000,,0,0,1.0,0.0,1,1,1,0,-0.84,-0.74,retained_legacy_not_independently_reimported,,0,excluded_until_researcher_coding_rubric_is_documented,3542708.0,184.0,354.0,170.0,48.0,0.519377,0.0,GDP parsed from comma-formatted text to numeric.,8.57302658358375,5.26353672252251,0.471778365600516,0.96017897736138,,0.21999764822801327,-1.2656800783488253,Eastern Europe,1,,2023.0,2023.0,True,0,0,0
Moldova,MDA,2019,party,2017,2022.0,2022.0,,0,0,0,-3.0,-3.0,1.791,20.722,10.634,3438.68,68.3,0,0,1,1,1,1,1,1,1,1,1,3547000,,0,0,1.0,0.0,1,1,1,0,-0.74,-0.76,retained_legacy_not_independently_reimported,,0,excluded_until_researcher_coding_rubric_is_documented,3542708.0,184.0,354.0,170.0,48.0,0.519377,0.0,GDP parsed from comma-formatted text to numeric.,6.3310293488432,3.88747276359475,0.537250245791987,1.18271976846521,0.0596944717546653,0.2205113922981684,-1.262688714208446,Eastern Europe,1,,2023.0,2023.0,True,0,0,0
Moldova,MDA,2020,party,2017,2022.0,2022.0,,0,0,0,-2.0,-2.0,1.572,17.106,8.276,3188.92,68.1,0,0,1,1,1,1,1,1,1,1,1,3480000,,0,0,1.0,0.0,1,1,1,0,-0.91,-0.85,retained_legacy_not_independently_reimported,,0,excluded_until_researcher_coding_rubric_is_documented,3542708.0,184.0,354.0,170.0,48.0,0.519377,0.0,GDP parsed from comma-formatted text to numeric.,4.73319609419484,3.03017368760082,0.423319587541584,0.918381331709447,0.12094845358331,0.2493181776610139,-1.1022519873275622,Eastern Europe,1,,2023.0,2023.0,True,0,0,0
Moldova,MDA,2021,party,2017,2022.0,2022.0,,0,0,0,-1.0,-1.0,0.736,18.553,7.507,3688.17,70.7,0,0,1,1,1,1,1,1,1,1,1,2617000,,0,0,1.0,0.0,1,1,1,0,-0.73,-0.6,retained_legacy_not_independently_reimported,,0,excluded_until_researcher_coding_rubric_is_documented,3542708.0,184.0,354.0,170.0,48.0,0.519377,0.0,GDP parsed from comma-formatted text to numeric.,3.87616791990114,2.18269955950808,0.42927666881305,0.502466211839037,0.122650476803729,0.15957788458313024,-1.6613721763312772,Eastern Europe,1,,2023.0,2023.0,True,0,0,0
Moldova,MDA,2022,party,2017,2022.0,2022.0,,1,1,1,0.0,0.0,1.463,18.553,8.191,3611.95,71.5,0,0,1,1,1,1,1,1,1,1,1,2512000,,0,0,1.0,0.0,1,1,1,0,-0.43,-0.4,retained_legacy_not_independently_reimported,,0,excluded_until_researcher_coding_rubric_is_documented,3542708.0,184.0,354.0,170.0,48.0,0.519377,0.0,GDP parsed from comma-formatted text to numeric.,3.64391257610687,2.46711784221268,0.487688903248618,0.571594129585391,0.0609611129060772,0.28647445559275314,-0.9125688658828177,Eastern Europe,1,,2023.0,2023.0,True,0,0,1
Moldova,MDA,2023,party,2017,2022.0,2022.0,,1,1,1,1.0,1.0,1.269,17.965,9.423,3760.7,70.1,0,0,1,1,1,1,1,1,1,1,1,2512000,,0,0,1.0,0.0,1,1,1,0,-0.12,-0.11,retained_legacy_not_independently_reimported,,0,excluded_until_researcher_coding_rubric_is_documented,3542708.0,184.0,354.0,170.0,48.0,0.519377,0.0,GDP parsed from comma-formatted text to numeric. | UNODC outcome values preserved from source dataset; not silently imputed or replaced.,4.03793247939326,2.54314378217647,0.664469286870419,0.637568286219989,0.0604062988064017,0.23912118816802513,-1.1575036097192515,Eastern Europe,1,,2023.0,2023.0,True,1,1,1
North Macedonia,MKD,1990,party,2011,2018.0,2018.0,,0,0,0,-28.0,-28.0,,,,3534.32,45.5,0,0,1,1,0,0,0,0,0,0,0,1902000,2023.0,0,0,0.0,0.0,1,1,1,0,,,retained_legacy_not_independently_reimported,2023.0,0,excluded_until_researcher_coding_rubric_is_documented,2076255.0,50.0,208.0,158.0,76.0,0.240818,0.0,GDP parsed from comma-formatted text to numeric. | GREVIO baseline publication year corrected to 2023 from official CoE page.,,,,,,,,Southern Europe,1,,2019.0,2019.0,True,0,0,0
North Macedonia,MKD,1991,party,2011,2018.0,2018.0,,0,0,0,-27.0,-27.0,,,,3328.64,45.7,0,0,1,1,0,0,0,0,0,0,0,1919000,2023.0,0,0,0.0,0.0,1,1,1,0,,,retained_legacy_not_independently_reimported,2023.0,0,excluded_until_researcher_coding_rubric_is_documented,2076255.0,50.0,208.0,158.0,76.0,0.240818,0.0,GDP parsed from comma-formatted text to numeric. | GREVIO baseline publication year corrected to 2023 from official CoE page.,,,,,,,,Southern Europe,1,,2019.0,2019.0,True,0,0,0
North Macedonia,MKD,1992,party,2011,2018.0,2018.0,,0,0,0,-26.0,-26.0,,,,3146.02,44.9,0,0,1,1,0,0,0,0,0,0,0,1936000,2023.0,0,0,0.0,0.0,1,1,1,0,,,retained_legacy_not_independently_reimported,2023.0,0,excluded_until_researcher_coding_rubric_is_documented,2076255.0,50.0,208.0,158.0,76.0,0.240818,0.0,GDP parsed from comma-formatted text to numeric. | GREVIO baseline publication year corrected to 2023 from official CoE page.,,,,,,,,Southern Europe,1,,2019.0,2019.0,True,0,0,0
North Macedonia,MKD,1993,party,2011,2018.0,2018.0,,0,0,0,-25.0,-25.0,,,,2948.27,44.1,0,0,1,1,0,0,0,0,0,0,0,1952000,2023.0,0,0,0.0,0.0,1,1,1,0,,,retained_legacy_not_independently_reimported,2023.0,0,excluded_until_researcher_coding_rubric_is_documented,2076255.0,50.0,208.0,158.0,76.0,0.240818,0.0,GDP parsed from comma-formatted text to numeric. | GREVIO baseline publication year corrected to 2023 from official CoE page.,,,,,,,,Southern Europe,1,,2019.0,2019.0,True,0,0,0
North Macedonia,MKD,1994,party,2011,2018.0,2018.0,,0,0,0,-24.0,-24.0,,,,2917.06,43.4,0,0,1,1,0,0,0,0,0,0,0,1967000,2023.0,0,0,0.0,0.0,1,1,1,0,,,retained_legacy_not_independently_reimported,2023.0,0,excluded_until_researcher_coding_rubric_is_documented,2076255.0,50.0,208.0,158.0,76.0,0.240818,0.0,GDP parsed from comma-formatted text to numeric. | GREVIO baseline publication year corrected to 2023 from official CoE page.,,,,,,,,Southern Europe,1,,2019.0,2019.0,True,0,0,0
North Macedonia,MKD,1995,party,2011,2018.0,2018.0,,0,0,0,-23.0,-23.0,,,,2876.07,42.7,0,0,1,1,0,0,0,0,0,0,0,1980000,2023.0,0,0,0.0,0.0,1,1,1,0,,,retained_legacy_not_independently_reimported,2023.0,0,excluded_until_researcher_coding_rubric_is_documented,2076255.0,50.0,208.0,158.0,76.0,0.240818,0.0,GDP parsed from comma-formatted text to numeric. | GREVIO baseline publication year corrected to 2023 from official CoE page.,,,,,,,,Southern Europe,1,,2019.0,2019.0,True,0,0,0
North Macedonia,MKD,1996,party,2011,2018.0,2018.0,,0,0,0,-22.0,-22.0,,,,2889.89,42.2,0,0,1,1,0,0,0,1,0,0,0,1993000,2023.0,0,0,0.0,0.0,1,1,1,0,-1.09,-0.52,retained_legacy_not_independently_reimported,2023.0,0,excluded_until_researcher_coding_rubric_is_documented,2076255.0,50.0,208.0,158.0,76.0,0.240818,0.0,GDP parsed from comma-formatted text to numeric. | GREVIO baseline publication year corrected to 2023 from official CoE page.,,,,,,,,Southern Europe,1,,2019.0,2019.0,True,0,0,0
North Macedonia,MKD,1997,party,2011,2018.0,2018.0,,0,0,0,-21.0,-21.0,,,,2954.52,41.5,0,0,1,1,0,0,0,0,0,0,0,2005000,2023.0,0,0,0.0,0.0,1,1,1,0,,,retained_legacy_not_independently_reimported,2023.0,0,excluded_until_researcher_coding_rubric_is_documented,2076255.0,50.0,208.0,158.0,76.0,0.240818,0.0,GDP parsed from comma-formatted text to numeric. | GREVIO baseline publication year corrected to 2023 from official CoE page.,,,,,,,,Southern Europe,1,,2019.0,2019.0,True,0,0,0
North Macedonia,MKD,1998,party,2011,2018.0,2018.0,,0,0,0,-20.0,-20.0,0.917,,,3038.14,40.9,0,0,1,1,0,0,0,1,0,0,0,2017000,2023.0,0,0,0.0,0.0,1,1,1,0,-1.23,-0.56,retained_legacy_not_independently_reimported,2023.0,0,excluded_until_researcher_coding_rubric_is_documented,2076255.0,50.0,208.0,158.0,76.0,0.240818,0.0,GDP parsed from comma-formatted text to numeric. | GREVIO baseline publication year corrected to 2023 from official CoE page.,3.87494424722144,2.35574959952257,,,,0.19136282742265068,-1.441179081613655,Southern Europe,1,,2019.0,2019.0,True,0,0,0
North Macedonia,MKD,1999,party,2011,2018.0,2018.0,,0,0,0,-19.0,-19.0,0.819,,,3154.85,40.3,0,0,1,1,0,0,0,0,0,0,0,2029000,2023.0,0,0,0.0,0.0,1,1,1,0,,,retained_legacy_not_independently_reimported,2023.0,0,excluded_until_researcher_coding_rubric_is_documented,2076255.0,50.0,208.0,158.0,76.0,0.240818,0.0,GDP parsed from comma-formatted text to numeric. | GREVIO baseline publication year corrected to 2023 from official CoE page.,2.94710238736857,1.85538993216597,,,,0.2174662066402945,-1.2804936411954477,Southern Europe,1,,2019.0,2019.0,True,0,0,0
North Macedonia,MKD,2000,party,2011,2018.0,2018.0,,0,0,0,-18.0,-18.0,1.098,,,3283.38,40.9,0,0,1,1,1,0,0,1,1,0,0,2034000,2023.0,0,0,0.0,0.0,1,1,1,0,-1.43,-1.01,retained_legacy_not_independently_reimported,2023.0,0,excluded_until_researcher_coding_rubric_is_documented,2076255.0,50.0,208.0,158.0,76.0,0.240818,0.0,GDP parsed from comma-formatted text to numeric. | GREVIO baseline publication year corrected to 2023 from official CoE page.,3.52916628629235,2.28460045619096,,,,0.2372942600426414,-1.1675713204425104,Southern Europe,1,,2019.0,2019.0,True,0,0,0
North Macedonia,MKD,2001,party,2011,2018.0,2018.0,,0,0,0,-17.0,-17.0,,,,3169.33,41.2,0,0,1,1,0,0,0,0,0,0,0,2037000,2023.0,0,0,0.0,0.0,1,1,1,0,,,retained_legacy_not_independently_reimported,2023.0,0,excluded_until_researcher_coding_rubric_is_documented,2076255.0,50.0,208.0,158.0,76.0,0.240818,0.0,GDP parsed from comma-formatted text to numeric. | GREVIO baseline publication year corrected to 2023 from official CoE page.,,2.66176128260113,,,,,,Southern Europe,1,,2019.0,2019.0,True,0,0,0
North Macedonia,MKD,2002,party,2011,2018.0,2018.0,,0,0,0,-16.0,-16.0,0.822,,,3240.11,41.4,0,0,1,1,1,0,0,1,1,0,0,2018000,2023.0,0,0,0.0,0.0,1,1,1,0,-0.97,-0.98,retained_legacy_not_independently_reimported,2023.0,0,excluded_until_researcher_coding_rubric_is_documented,2076255.0,50.0,208.0,158.0,76.0,0.240818,0.0,GDP parsed from comma-formatted text to numeric. | GREVIO baseline publication year corrected to 2023 from official CoE page.,5.04922556326198,2.8922855032866,,,,0.1400048407513928,-1.815249761643819,Southern Europe,1,,2019.0,2019.0,True,0,0,0
North Macedonia,MKD,2003,party,2011,2018.0,2018.0,,0,0,0,-15.0,-15.0,1.598,,,3307.92,42.4,0,0,1,1,1,0,0,1,1,0,0,2022000,2023.0,0,0,0.0,0.0,1,1,1,0,-0.7,-0.86,retained_legacy_not_independently_reimported,2023.0,0,excluded_until_researcher_coding_rubric_is_documented,2076255.0,50.0,208.0,158.0,76.0,0.240818,0.0,GDP parsed from comma-formatted text to numeric. | GREVIO baseline publication year corrected to 2023 from official CoE page.,5.20036470306244,3.36310320258709,,,,0.2350565275322981,-1.1799759109882557,Southern Europe,1,,2019.0,2019.0,True,0,0,0
North Macedonia,MKD,2004,party,2011,2018.0,2018.0,,0,0,0,-14.0,-14.0,1.151,,,3473.77,42.5,0,0,1,1,1,0,0,1,1,0,0,2026000,2023.0,0,0,0.0,0.0,1,1,1,0,-0.31,-0.33,retained_legacy_not_independently_reimported,2023.0,0,excluded_until_researcher_coding_rubric_is_documented,2076255.0,50.0,208.0,158.0,76.0,0.240818,0.0,GDP parsed from comma-formatted text to numeric. | GREVIO baseline publication year corrected to 2023 from official CoE page.,3.5937243305405,2.34833978367957,,,,0.24258522093503435,-1.1385579529921461,Southern Europe,1,,2019.0,2019.0,True,0,0,0
North Macedonia,MKD,2005,party,2011,2018.0,2018.0,,0,0,0,-13.0,-13.0,0.874,,4.45,3657.56,42.6,0,0,1,1,1,0,1,1,1,0,1,2031000,2023.0,0,0,0.0,0.0,1,1,1,0,-0.57,-0.51,retained_legacy_not_independently_reimported,2023.0,0,excluded_until_researcher_coding_rubric_is_documented,2076255.0,50.0,208.0,158.0,76.0,0.240818,0.0,GDP parsed from comma-formatted text to numeric. | GREVIO baseline publication year corrected to 2023 from official CoE page.,3.38618293954691,,,,,0.20515550914181022,-1.3543782137962985,Southern Europe,1,,2019.0,2019.0,True,0,0,0
North Macedonia,MKD,2006,party,2011,2018.0,2018.0,,0,0,0,-12.0,-12.0,0.845,6.988,2.345,3866.75,41.6,0,0,1,1,1,1,1,1,1,1,1,2037000,2023.0,0,0,0.0,0.0,1,1,1,0,-0.22,-0.91,retained_legacy_not_independently_reimported,2023.0,0,excluded_until_researcher_coding_rubric_is_documented,2076255.0,50.0,208.0,158.0,76.0,0.240818,0.0,GDP parsed from comma-formatted text to numeric. | GREVIO baseline publication year corrected to 2023 from official CoE page.,3.61146141202285,2.20176495393285,0.469608356023244,0.780856521518454,,0.18961232284438043,-1.4525311653259463,Southern Europe,1,,2019.0,2019.0,True,0,0,0
North Macedonia,MKD,2007,party,2011,2018.0,2018.0,,0,0,0,-11.0,-11.0,1.037,6.965,2.017,4140.63,42.7,0,0,1,1,1,1,1,1,1,1,1,2041000,2023.0,0,0,0.0,0.0,1,1,1,0,-0.4,-0.72,retained_legacy_not_independently_reimported,2023.0,0,excluded_until_researcher_coding_rubric_is_documented,2076255.0,50.0,208.0,158.0,76.0,0.240818,0.0,GDP parsed from comma-formatted text to numeric. | GREVIO baseline publication year corrected to 2023 from official CoE page.,3.03559975127667,2.01731819640226,0.659906085936741,0.391690290487312,,0.25462850840545365,-1.0740770873647514,Southern Europe,1,,2019.0,2019.0,True,0,0,0
North Macedonia,MKD,2008,party,2011,2018.0,2018.0,,0,0,0,-10.0,-10.0,0.853,7.485,1.98,4392.55,42.3,0,0,1,1,1,1,1,1,1,1,1,2047000,2023.0,0,0,0.0,0.0,1,1,1,0,-0.15,-0.54,retained_legacy_not_independently_reimported,2023.0,0,excluded_until_researcher_coding_rubric_is_documented,2076255.0,50.0,208.0,158.0,76.0,0.240818,0.0,GDP parsed from comma-formatted text to numeric. | GREVIO baseline publication year corrected to 2023 from official CoE page.,2.55893926062403,1.69014030096087,0.663640466141063,0.590524444759391,,0.25000445050243647,-1.0985885527959627,Southern Europe,1,,2019.0,2019.0,True,0,0,0
North Macedonia,MKD,2009,party,2011,2018.0,2018.0,,0,0,0,-9.0,-9.0,1.144,6.6,1.796,4405.2,42.2,0,0,1,1,1,1,1,1,1,1,1,2053000,2023.0,0,0,0.0,0.0,1,1,1,0,-0.22,-0.5,retained_legacy_not_independently_reimported,2023.0,0,excluded_until_researcher_coding_rubric_is_documented,2076255.0,50.0,208.0,158.0,76.0,0.240818,0.0,GDP parsed from comma-formatted text to numeric. | GREVIO baseline publication year corrected to 2023 from official CoE page.,2.2743071521027,1.69853564389181,0.857713440798474,0.791063357253112,,0.3346685798250436,-0.6871445645347019,Southern Europe,1,,2019.0,2019.0,True,0,0,0
North Macedonia,MKD,2010,party,2011,2018.0,2018.0,,0,0,0,-8.0,-8.0,1.436,6.044,1.365,4582.37,40.7,0,0,1,1,1,1,1,1,1,1,1,2059000,2023.0,0,0,0.0,0.0,1,1,1,0,-0.31,-0.51,retained_legacy_not_independently_reimported,2023.0,0,excluded_until_researcher_coding_rubric_is_documented,2076255.0,50.0,208.0,158.0,76.0,0.240818,0.0,GDP parsed from comma-formatted text to numeric. | GREVIO baseline publication year corrected to 2023 from official CoE page.,2.78029742231675,2.09602218858838,0.95747059248759,0.297889009533938,,0.3405831838141423,-0.6606964377987459,Southern Europe,1,,2019.0,2019.0,True,0,0,0
North Macedonia,MKD,2011,party,2011,2018.0,2018.0,,0,0,0,-7.0,-7.0,0.385,6.175,2.009,4711.13,42.8,0,0,1,1,1,1,1,1,1,1,1,2058000,2023.0,0,0,0.0,0.0,1,1,1,0,-0.38,-0.46,retained_legacy_not_independently_reimported,2023.0,0,excluded_until_researcher_coding_rubric_is_documented,2076255.0,50.0,208.0,158.0,76.0,0.240818,0.0,GDP parsed from comma-formatted text to numeric. | GREVIO baseline publication year corrected to 2023 from official CoE page.,2.59505900764944,1.47026715489338,0.288866646157135,0.499049809163353,,0.1291920727112292,-1.9081212000322678,Southern Europe,1,,2019.0,2019.0,True,0,0,0
North Macedonia,MKD,2012,party,2011,2018.0,2018.0,,0,0,0,-6.0,-6.0,1.066,5.919,2.121,4708.05,42.4,0,0,1,1,1,1,1,1,1,1,1,2062000,2023.0,0,0,0.0,0.0,1,1,1,0,-0.36,-0.43,retained_legacy_not_independently_reimported,2023.0,0,excluded_until_researcher_coding_rubric_is_documented,2076255.0,50.0,208.0,158.0,76.0,0.240818,0.0,GDP parsed from comma-formatted text to numeric. | GREVIO baseline publication year corrected to 2023 from official CoE page.,1.80772077543187,1.43048214400664,0.387762412153637,0.803431455747498,0.193881206076819,0.3709476609952819,-0.5281534859321708,Southern Europe,1,,2019.0,2019.0,True,0,0,0
North Macedonia,MKD,2013,party,2011,2018.0,2018.0,,0,0,0,-5.0,-5.0,0.683,7.5,1.887,4863.68,43.6,0,0,1,1,1,1,1,1,1,1,1,2066000,2023.0,0,0,0.0,0.0,1,1,1,0,-0.29,-0.39,retained_legacy_not_independently_reimported,2023.0,0,excluded_until_researcher_coding_rubric_is_documented,2076255.0,50.0,208.0,158.0,76.0,0.240818,0.0,GDP parsed from comma-formatted text to numeric. | GREVIO baseline publication year corrected to 2023 from official CoE page.,1.51652941232969,1.09274417865374,0.488195672731196,0.303305882465937,,0.31052096697201353,-0.7976848622459232,Southern Europe,1,,2019.0,2019.0,True,0,0,0
North Macedonia,MKD,2014,party,2011,2018.0,2018.0,,0,0,0,-4.0,-4.0,0.984,6.757,2.252,5053.75,43.0,0,0,1,1,1,1,1,1,1,1,1,2069000,2023.0,0,0,0.0,0.0,1,1,1,0,0.03,-0.09,retained_legacy_not_independently_reimported,2023.0,0,excluded_until_researcher_coding_rubric_is_documented,2076255.0,50.0,208.0,158.0,76.0,0.240818,0.0,GDP parsed from comma-formatted text to numeric. | GREVIO baseline publication year corrected to 2023 from official CoE page.,2.5480797161643,1.75189774323035,0.786857512399153,0.917308697819149,0.590143134299365,0.2785894088111311,-0.9514694049291784,Southern Europe,1,,2019.0,2019.0,True,0,0,0
North Macedonia,MKD,2015,party,2011,2018.0,2018.0,,0,0,0,-3.0,-3.0,0.198,6.059,2.07,5262.69,42.3,0,0,1,1,1,1,1,1,1,1,1,2071000,2023.0,0,0,0.0,0.0,1,1,1,0,-0.04,-0.4,retained_legacy_not_independently_reimported,2023.0,0,excluded_until_researcher_coding_rubric_is_documented,2076255.0,50.0,208.0,158.0,76.0,0.240818,0.0,GDP parsed from comma-formatted text to numeric. | GREVIO baseline publication year corrected to 2023 from official CoE page.,2.36732311850562,1.26239291120934,0.594763405595435,0.10292709210894,0.297381702797718,0.07718325951677431,-2.4812480792221603,Southern Europe,1,,2019.0,2019.0,True,0,0,0
North Macedonia,MKD,2016,party,2011,2018.0,2018.0,,0,0,0,-2.0,-2.0,0.6,5.813,1.836,5429.95,41.1,0,0,1,1,1,1,1,1,1,1,1,2072000,2023.0,0,0,1.0,0.0,1,1,1,0,-0.05,-0.58,retained_legacy_not_independently_reimported,2023.0,0,excluded_until_researcher_coding_rubric_is_documented,2076255.0,50.0,208.0,158.0,76.0,0.240818,0.0,GDP parsed from comma-formatted text to numeric. | GREVIO baseline publication year corrected to 2023 from official CoE page.,1.35269842525093,0.968765224591646,0.499891273647982,0.416214900077208,0.299934764188789,0.3072671090636525,-0.8129270547258366,Southern Europe,1,,2019.0,2019.0,True,0,0,0
North Macedonia,MKD,2017,party,2011,2018.0,2018.0,,0,0,0,-1.0,-1.0,0.404,5.255,1.803,5510.82,41.2,0,0,1,1,1,1,1,1,1,1,1,2073000,2023.0,0,0,1.0,0.0,1,1,1,0,-0.02,-0.52,retained_legacy_not_independently_reimported,2023.0,0,excluded_until_researcher_coding_rubric_is_documented,2076255.0,50.0,208.0,158.0,76.0,0.240818,0.0,GDP parsed from comma-formatted text to numeric. | GREVIO baseline publication year corrected to 2023 from official CoE page.,2.84276358735707,1.59721486945216,0.60538886901756,0.526437701362421,0.0,0.1244316036970416,-1.9511170741847335,Southern Europe,1,,2019.0,2019.0,True,0,0,0
North Macedonia,MKD,2018,party,2011,2018.0,2018.0,,1,1,1,0.0,0.0,0.917,,,5698.39,41.3,0,0,1,1,1,0,0,1,1,0,0,2075000,2023.0,0,0,1.0,0.0,1,1,1,0,0.1,-0.52,retained_legacy_not_independently_reimported,2023.0,0,excluded_until_researcher_coding_rubric_is_documented,2076255.0,50.0,208.0,158.0,76.0,0.240818,0.0,GDP parsed from comma-formatted text to numeric. | GREVIO baseline publication year corrected to 2023 from official CoE page.,1.70560509805364,1.30226748209447,,,,0.3496523364041919,-0.6205677507195286,Southern Europe,1,,2019.0,2019.0,True,0,0,1
North Macedonia,MKD,2019,party,2011,2018.0,2018.0,,1,1,1,1.0,1.0,0.515,4.585,1.844,5961.58,42.9,0,0,1,1,1,1,1,1,1,1,1,2083000,2023.0,0,0,1.0,0.0,1,1,1,0,-0.2,-0.51,retained_legacy_not_independently_reimported,2023.0,0,excluded_until_researcher_coding_rubric_is_documented,2076255.0,50.0,208.0,158.0,76.0,0.240818,0.0,GDP parsed from comma-formatted text to numeric. | GREVIO baseline publication year corrected to 2023 from official CoE page.,1.94403763656864,1.21203114814657,0.41163570651609,0.324006272761441,0.308726779887068,0.20943152408136176,-1.3283554445440533,Southern Europe,1,,2019.0,2019.0,True,1,1,1
North Macedonia,MKD,2020,party,2011,2018.0,2018.0,,1,1,1,2.0,2.0,0.625,6.036,2.03,5743.73,41.9,0,0,1,1,1,1,1,1,1,1,1,2083000,2023.0,0,0,1.0,0.0,1,1,1,0,0.06,-0.17,retained_legacy_not_independently_reimported,2023.0,0,excluded_until_researcher_coding_rubric_is_documented,2076255.0,50.0,208.0,158.0,76.0,0.240818,0.0,GDP parsed from comma-formatted text to numeric. | GREVIO baseline publication year corrected to 2023 from official CoE page.,0.548394137447313,0.587601972312729,0.520690956899806,0.329036482468388,0.312414574139884,0.5326428520937307,0.1307573923911003,Southern Europe,1,,2019.0,2019.0,True,1,1,1
North Macedonia,MKD,2021,party,2011,2018.0,2018.0,,1,1,1,3.0,3.0,0.316,5.024,1.351,6064.92,40.9,0,0,1,1,1,1,1,1,1,1,1,2069000,2023.0,0,0,1.0,0.0,1,1,1,0,-0.2,-0.16,retained_legacy_not_independently_reimported,2023.0,0,excluded_until_researcher_coding_rubric_is_documented,2076255.0,50.0,208.0,158.0,76.0,0.240818,0.0,GDP parsed from comma-formatted text to numeric. | GREVIO baseline publication year corrected to 2023 from official CoE page.,1.22151849184664,0.756303996391349,0.210395870349857,0.55523567811211,0.105197935174928,0.20552598337888445,-1.3521078156345594,Southern Europe,1,,2019.0,2019.0,True,1,1,1
North Macedonia,MKD,2022,party,2011,2018.0,2018.0,,1,1,1,4.0,4.0,0.317,4.836,0.978,6250.63,42.2,0,0,1,1,1,1,1,1,1,1,1,2063000,2023.0,0,0,1.0,0.0,1,1,1,0,-0.11,-0.14,retained_legacy_not_independently_reimported,2023.0,0,excluded_until_researcher_coding_rubric_is_documented,2076255.0,50.0,208.0,158.0,76.0,0.240818,0.0,GDP parsed from comma-formatted text to numeric. | GREVIO baseline publication year corrected to 2023 from official CoE page.,1.67595424644907,0.978137007650662,0.211590840444108,0.670381698579629,0.105795420222054,0.15906035001295799,-1.6652362075373848,Southern Europe,1,,2019.0,2019.0,True,1,1,1
North Macedonia,MKD,2023,party,2011,2018.0,2018.0,,1,1,1,5.0,5.0,0.957,7.097,1.802,6423.99,42.2,0,0,1,1,1,1,1,1,1,1,1,2060000,2023.0,1,1,1.0,0.0,1,1,1,0,-0.04,-0.12,retained_legacy_not_independently_reimported,2023.0,1,excluded_until_researcher_coding_rubric_is_documented,2076255.0,50.0,208.0,158.0,76.0,0.240818,0.0,GDP parsed from comma-formatted text to numeric. | GREVIO baseline publication year corrected to 2023 from official CoE page. | UNODC outcome values preserved from source dataset; not silently imputed or replaced.,2.13271312539006,1.52854990019388,0.85023394718453,0.336744177693168,0.212558486796133,0.3097374937937592,-0.8013468244853192,Southern Europe,1,,2019.0,2019.0,True,1,1,1
Malta,MLT,1990,party,2012,2014.0,2014.0,,0,0,0,-24.0,-24.0,,,,10067.75,26.8,0,0,1,1,0,0,0,0,0,0,0,360000,2020.0,0,0,0.0,0.0,1,1,1,0,,,retained_legacy_not_independently_reimported,2020.0,0,excluded_until_researcher_coding_rubric_is_documented,514564.0,113.0,51.0,0.0,0.0,2.196034,1.0,GDP parsed from comma-formatted text to numeric.,,1.08722832882134,,,,,,Southern Europe,0,,2015.0,2015.0,True,0,0,0
Malta,MLT,1991,party,2012,2014.0,2014.0,,0,0,0,-23.0,-23.0,,,,10413.18,27.0,0,0,1,1,0,0,0,0,0,0,0,362000,2020.0,0,0,0.0,0.0,1,1,1,0,,,retained_legacy_not_independently_reimported,2020.0,0,excluded_until_researcher_coding_rubric_is_documented,514564.0,113.0,51.0,0.0,0.0,2.196034,1.0,GDP parsed from comma-formatted text to numeric.,,0.807903450151684,,,,,,Southern Europe,0,,2015.0,2015.0,True,0,0,0
Malta,MLT,1992,party,2012,2014.0,2014.0,,0,0,0,-22.0,-22.0,,,,10789.77,27.5,0,0,1,1,0,0,0,0,0,0,0,364000,2020.0,0,0,0.0,0.0,1,1,1,0,,,retained_legacy_not_independently_reimported,2020.0,0,excluded_until_researcher_coding_rubric_is_documented,514564.0,113.0,51.0,0.0,0.0,2.196034,1.0,GDP parsed from comma-formatted text to numeric.,,1.60087728074985,,,,,,Southern Europe,0,,2015.0,2015.0,True,0,0,0
Malta,MLT,1993,party,2012,2014.0,2014.0,,0,0,0,-21.0,-21.0,,,,11161.2,27.9,0,0,1,1,0,0,0,0,0,0,0,368000,2020.0,0,0,0.0,0.0,1,1,1,0,,,retained_legacy_not_independently_reimported,2020.0,0,excluded_until_researcher_coding_rubric_is_documented,514564.0,113.0,51.0,0.0,0.0,2.196034,1.0,GDP parsed from comma-formatted text to numeric.,,1.85078936166275,,,,,,Southern Europe,0,,2015.0,2015.0,True,0,0,0
Malta,MLT,1994,party,2012,2014.0,2014.0,,0,0,0,-20.0,-20.0,,,,11682.16,28.2,0,0,1,1,0,0,0,0,0,0,0,372000,2020.0,0,0,0.0,0.0,1,1,1,0,,,retained_legacy_not_independently_reimported,2020.0,0,excluded_until_researcher_coding_rubric_is_documented,514564.0,113.0,51.0,0.0,0.0,2.196034,1.0,GDP parsed from comma-formatted text to numeric.,,0.786464422971053,,,,,,Southern Europe,0,,2015.0,2015.0,True,0,0,0
Malta,MLT,1995,party,2012,2014.0,2014.0,,0,0,0,-19.0,-19.0,,,,12336.79,28.4,0,0,1,1,0,0,0,0,0,0,0,375000,2020.0,0,0,0.0,0.0,1,1,1,0,,,retained_legacy_not_independently_reimported,2020.0,0,excluded_until_researcher_coding_rubric_is_documented,514564.0,113.0,51.0,0.0,0.0,2.196034,1.0,GDP parsed from comma-formatted text to numeric.,,,,,,,,Southern Europe,0,,2015.0,2015.0,True,0,0,0
Malta,MLT,1996,party,2012,2014.0,2014.0,,0,0,0,-18.0,-18.0,,,,12719.02,28.9,0,0,1,1,0,0,0,1,0,0,0,378000,2020.0,0,0,0.0,0.0,1,1,1,0,1.58,1.79,retained_legacy_not_independently_reimported,2020.0,0,excluded_until_researcher_coding_rubric_is_documented,514564.0,113.0,51.0,0.0,0.0,2.196034,1.0,GDP parsed from comma-formatted text to numeric.,,,,,,,,Southern Europe,0,,2015.0,2015.0,True,0,0,0
Malta,MLT,1997,party,2012,2014.0,2014.0,,0,0,0,-17.0,-17.0,,,,13286.72,29.5,0,0,1,1,0,0,0,0,0,0,0,381000,2020.0,0,0,0.0,0.0,1,1,1,0,,,retained_legacy_not_independently_reimported,2020.0,0,excluded_until_researcher_coding_rubric_is_documented,514564.0,113.0,51.0,0.0,0.0,2.196034,1.0,GDP parsed from comma-formatted text to numeric.,,,,,,,,Southern Europe,0,,2015.0,2015.0,True,0,0,0
Malta,MLT,1998,party,2012,2014.0,2014.0,,0,0,0,-16.0,-16.0,,,,13877.25,29.7,0,0,1,1,0,0,0,1,0,0,0,383000,2020.0,0,0,0.0,0.0,1,1,1,0,1.52,2.14,retained_legacy_not_independently_reimported,2020.0,0,excluded_until_researcher_coding_rubric_is_documented,514564.0,113.0,51.0,0.0,0.0,2.196034,1.0,GDP parsed from comma-formatted text to numeric.,,1.26976226241161,,,,,,Southern Europe,0,,2015.0,2015.0,True,0,0,0
Malta,MLT,1999,party,2012,2014.0,2014.0,,0,0,0,-15.0,-15.0,,,,14446.36,30.1,0,0,1,1,0,0,0,0,0,0,0,385000,2020.0,0,0,0.0,0.0,1,1,1,0,,,retained_legacy_not_independently_reimported,2020.0,0,excluded_until_researcher_coding_rubric_is_documented,514564.0,113.0,51.0,0.0,0.0,2.196034,1.0,GDP parsed from comma-formatted text to numeric.,,2.51959933331402,,,,,,Southern Europe,0,,2015.0,2015.0,True,0,0,0
Malta,MLT,2000,party,2012,2014.0,2014.0,,0,0,0,-14.0,-14.0,,,,17178.38,29.8,0,0,1,1,0,0,0,1,0,0,0,390000,2020.0,0,0,0.0,0.0,1,1,1,0,1.79,2.32,retained_legacy_not_independently_reimported,2020.0,0,excluded_until_researcher_coding_rubric_is_documented,514564.0,113.0,51.0,0.0,0.0,2.196034,1.0,GDP parsed from comma-formatted text to numeric.,,1.00026256892434,,,,,,Southern Europe,0,,2015.0,2015.0,True,0,0,0
Malta,MLT,2001,party,2012,2014.0,2014.0,,0,0,0,-13.0,-13.0,,,,16920.73,29.4,0,0,1,1,0,0,0,0,0,0,0,394000,2020.0,0,0,0.0,0.0,1,1,1,0,,,retained_legacy_not_independently_reimported,2020.0,0,excluded_until_researcher_coding_rubric_is_documented,514564.0,113.0,51.0,0.0,0.0,2.196034,1.0,GDP parsed from comma-formatted text to numeric.,,1.48963031099757,,,,,,Southern Europe,0,,2015.0,2015.0,True,0,0,0
Malta,MLT,2002,party,2012,2014.0,2014.0,,0,0,0,-12.0,-12.0,,,,17255.43,30.6,0,0,1,1,0,0,0,1,0,0,0,397000,2020.0,0,0,0.0,0.0,1,1,1,0,1.79,2.51,retained_legacy_not_independently_reimported,2020.0,0,excluded_until_researcher_coding_rubric_is_documented,514564.0,113.0,51.0,0.0,0.0,2.196034,1.0,GDP parsed from comma-formatted text to numeric.,,1.47941942650306,,,,,,Southern Europe,0,,2015.0,2015.0,True,0,0,0
Malta,MLT,2003,party,2012,2014.0,2014.0,,0,0,0,-11.0,-11.0,,,2.695,17775.43,30.1,0,0,1,1,0,0,0,1,0,0,0,400000,2020.0,0,0,0.0,0.0,1,1,1,0,1.49,2.62,retained_legacy_not_independently_reimported,2020.0,0,excluded_until_researcher_coding_rubric_is_documented,514564.0,113.0,51.0,0.0,0.0,2.196034,1.0,GDP parsed from comma-formatted text to numeric.,,,,,,,,Southern Europe,0,,2015.0,2015.0,True,0,0,0
Malta,MLT,2004,party,2012,2014.0,2014.0,,0,0,0,-10.0,-10.0,1.932,,3.165,17728.37,27.8,0,0,1,1,1,0,0,1,1,0,0,404000,2020.0,0,0,0.0,0.0,1,1,1,0,1.32,2.23,retained_legacy_not_independently_reimported,2020.0,0,excluded_until_researcher_coding_rubric_is_documented,514564.0,113.0,51.0,0.0,0.0,2.196034,1.0,GDP parsed from comma-formatted text to numeric.,1.47208196552384,1.70400258034676,,,,0.5675539013358312,0.2718780339334533,Southern Europe,0,,2015.0,2015.0,True,0,0,0
Malta,MLT,2005,party,2012,2014.0,2014.0,,0,0,0,-9.0,-9.0,0.961,,1.694,18123.27,29.9,0,0,1,1,1,0,1,1,1,0,1,407000,2020.0,0,0,0.0,0.0,1,1,1,0,1.39,2.41,retained_legacy_not_independently_reimported,2020.0,0,excluded_until_researcher_coding_rubric_is_documented,514564.0,113.0,51.0,0.0,0.0,2.196034,1.0,GDP parsed from comma-formatted text to numeric.,0.974791881933207,0.967774324705222,0.480428542259696,0.0,,0.4964376640738276,-0.01424958481543602,Southern Europe,0,,2015.0,2015.0,True,0,0,0
Malta,MLT,2006,party,2012,2014.0,2014.0,,0,0,0,-8.0,-8.0,0.0,,4.092,18479.21,30.2,0,0,1,1,1,0,1,1,1,0,1,411000,2020.0,0,0,0.0,0.0,1,1,1,0,1.73,2.64,retained_legacy_not_independently_reimported,2020.0,0,excluded_until_researcher_coding_rubric_is_documented,514564.0,113.0,51.0,0.0,0.0,2.196034,1.0,GDP parsed from comma-formatted text to numeric.,0.0,0.0,0.0,0.0,,,,Southern Europe,0,,2015.0,2015.0,True,0,0,0
Malta,MLT,2007,party,2012,2014.0,2014.0,,0,0,0,-7.0,-7.0,0.476,16.779,2.397,19342.33,32.1,0,0,1,1,1,1,1,1,1,1,1,413000,2020.0,0,0,1.0,0.0,1,1,1,0,2.04,2.74,retained_legacy_not_independently_reimported,2020.0,0,excluded_until_researcher_coding_rubric_is_documented,514564.0,113.0,51.0,0.0,0.0,2.196034,1.0,GDP parsed from comma-formatted text to numeric.,1.44787994179523,0.958780814316515,0.0,0.0,0.0,0.24741668628024166,-1.1124378021519172,Southern Europe,0,,2015.0,2015.0,True,0,0,0
Malta,MLT,2008,party,2012,2014.0,2014.0,,0,0,0,-6.0,-6.0,0.474,19.094,4.535,20064.46,33.1,0,0,1,1,1,1,1,1,1,1,1,416000,2020.0,0,0,1.0,0.0,1,1,1,0,2.16,2.74,retained_legacy_not_independently_reimported,2020.0,0,excluded_until_researcher_coding_rubric_is_documented,514564.0,113.0,51.0,0.0,0.0,2.196034,1.0,GDP parsed from comma-formatted text to numeric.,2.402310061355,1.43208686084173,0.474302301314766,0.0,,0.16479447274078074,-1.622978757274844,Southern Europe,0,,2015.0,2015.0,True,0,0,0
Malta,MLT,2009,party,2012,2014.0,2014.0,,0,0,0,-5.0,-5.0,1.417,19.487,2.852,19635.92,33.6,0,0,1,1,1,1,1,1,1,1,1,416000,2020.0,0,0,1.0,0.0,1,1,1,0,1.99,2.51,retained_legacy_not_independently_reimported,2020.0,0,excluded_until_researcher_coding_rubric_is_documented,514564.0,113.0,51.0,0.0,0.0,2.196034,1.0,GDP parsed from comma-formatted text to numeric.,0.478233215209729,0.950582766647378,0.944771046546508,0.0,,0.7476652417381746,1.0861987282544157,Southern Europe,0,,2015.0,2015.0,True,0,0,0
Malta,MLT,2010,party,2012,2014.0,2014.0,,0,0,0,-4.0,-4.0,0.47,21.531,2.603,20750.65,34.3,0,0,1,1,1,1,1,1,1,1,1,417000,2020.0,0,0,1.0,0.0,1,1,1,0,2.02,2.4,retained_legacy_not_independently_reimported,2020.0,0,excluded_until_researcher_coding_rubric_is_documented,514564.0,113.0,51.0,0.0,0.0,2.196034,1.0,GDP parsed from comma-formatted text to numeric.,1.42797643838877,0.946408439124052,0.470448761073188,0.0,,0.247632157330147,-1.1112809483315513,Southern Europe,0,,2015.0,2015.0,True,0,0,0
Malta,MLT,2011,party,2012,2014.0,2014.0,,0,0,0,-3.0,-3.0,1.405,16.249,4.239,20867.93,35.6,0,0,1,1,1,1,1,1,1,1,1,417000,2020.0,0,0,1.0,0.0,1,1,1,0,2.02,2.17,retained_legacy_not_independently_reimported,2020.0,0,excluded_until_researcher_coding_rubric_is_documented,514564.0,113.0,51.0,0.0,0.0,2.196034,1.0,GDP parsed from comma-formatted text to numeric.,0.0,0.70649991698626,1.40523449850694,0.0,,1.0,,Southern Europe,0,,2015.0,2015.0,True,0,0,0
Malta,MLT,2012,party,2012,2014.0,2014.0,,0,0,0,-2.0,-2.0,1.401,19.221,3.047,21529.4,38.7,0,0,1,1,1,1,1,1,1,1,1,423000,2020.0,0,0,1.0,0.0,1,1,1,0,2.11,2.28,retained_legacy_not_independently_reimported,2020.0,0,excluded_until_researcher_coding_rubric_is_documented,514564.0,113.0,51.0,0.0,0.0,2.196034,1.0,GDP parsed from comma-formatted text to numeric.,4.23709862317834,2.81287028800276,0.933702457038016,0.0,0.933702457038016,0.24848802648475501,-1.1066924806715557,Southern Europe,0,,2015.0,2015.0,True,0,0,0
Malta,MLT,2013,party,2012,2014.0,2014.0,,0,0,0,-1.0,-1.0,0.0,21.939,3.501,22626.5,40.7,0,0,1,1,1,1,1,1,1,1,1,430000,2020.0,0,0,1.0,0.0,1,1,1,0,2.13,2.25,retained_legacy_not_independently_reimported,2020.0,0,excluded_until_researcher_coding_rubric_is_documented,514564.0,113.0,51.0,0.0,0.0,2.196034,1.0,GDP parsed from comma-formatted text to numeric.,3.27369747761609,1.63378670914512,0.0,0.46767106823087,0.0,0.0,,Southern Europe,0,,2015.0,2015.0,True,0,0,0
Malta,MLT,2014,party,2012,2014.0,2014.0,,1,1,1,0.0,0.0,0.461,17.722,2.532,23866.07,42.3,0,0,1,1,1,1,1,1,1,1,1,444000,2020.0,0,0,1.0,0.0,1,1,1,0,1.74,2.02,retained_legacy_not_independently_reimported,2020.0,0,excluded_until_researcher_coding_rubric_is_documented,514564.0,113.0,51.0,0.0,0.0,2.196034,1.0,GDP parsed from comma-formatted text to numeric.,2.29880829777843,1.3809468462051,0.460870907754383,0.0,0.460870907754383,0.16704058769991104,-1.6067480932434517,Southern Europe,0,,2015.0,2015.0,True,0,0,1
Malta,MLT,2015,party,2012,2014.0,2014.0,,1,1,1,1.0,1.0,0.903,23.372,5.169,25529.68,43.0,0,0,1,1,1,1,1,1,1,1,1,459000,2020.0,0,0,1.0,0.0,1,1,1,0,1.4,1.89,retained_legacy_not_independently_reimported,2020.0,0,excluded_until_researcher_coding_rubric_is_documented,514564.0,113.0,51.0,0.0,0.0,2.196034,1.0,GDP parsed from comma-formatted text to numeric.,0.895114910376619,0.898915795186531,0.451374548343343,0.0,0.451374548343343,0.5021925989206467,0.008770451901355086,Southern Europe,0,,2015.0,2015.0,True,1,1,1
Malta,MLT,2016,party,2012,2014.0,2014.0,,1,1,1,2.0,2.0,0.884,19.329,5.931,25969.51,44.7,0,0,1,1,1,1,1,1,1,1,1,475000,2020.0,0,0,1.0,0.0,1,1,1,0,1.58,1.65,retained_legacy_not_independently_reimported,2020.0,0,excluded_until_researcher_coding_rubric_is_documented,514564.0,113.0,51.0,0.0,0.0,2.196034,1.0,GDP parsed from comma-formatted text to numeric.,1.30995214308171,1.09825180278033,0.883966179453974,0.0,0.883966179453974,0.4029258353640747,-0.39328882089154943,Southern Europe,0,,2015.0,2015.0,True,1,1,1
Malta,MLT,2017,party,2012,2014.0,2014.0,,1,1,1,3.0,3.0,0.431,16.67,4.061,28546.66,46.2,0,0,1,1,1,1,1,1,1,1,1,484000,2020.0,0,0,1.0,0.0,1,1,1,0,1.66,1.9,retained_legacy_not_independently_reimported,2020.0,0,excluded_until_researcher_coding_rubric_is_documented,514564.0,113.0,51.0,0.0,0.0,2.196034,1.0,GDP parsed from comma-formatted text to numeric.,3.38825123882936,1.92347764758684,0.0,0.0,0.0,0.11284934481872576,-2.061961118417445,Southern Europe,0,,2015.0,2015.0,True,1,1,1
Malta,MLT,2018,party,2012,2014.0,2014.0,,1,1,1,4.0,4.0,1.678,19.193,3.715,29536.81,48.2,0,0,1,1,1,1,1,1,1,1,1,493000,2020.0,0,0,1.0,0.0,1,1,1,0,1.59,1.74,retained_legacy_not_independently_reimported,2020.0,0,excluded_until_researcher_coding_rubric_is_documented,514564.0,113.0,51.0,0.0,0.0,2.196034,1.0,GDP parsed from comma-formatted text to numeric.,1.62470526830992,1.65099085247881,1.67814095544955,0.0,0.839070477724776,0.5080683450929535,0.03227618206118987,Southern Europe,0,,2015.0,2015.0,True,1,1,1
Malta,MLT,2019,party,2012,2014.0,2014.0,,1,1,1,5.0,5.0,1.223,23.61,6.151,29522.66,49.3,0,0,1,1,1,1,1,1,1,1,1,514000,2020.0,0,0,1.0,0.0,1,1,1,0,1.41,1.57,retained_legacy_not_independently_reimported,2020.0,0,excluded_until_researcher_coding_rubric_is_documented,514564.0,113.0,51.0,0.0,0.0,2.196034,1.0,GDP parsed from comma-formatted text to numeric.,0.772846800510852,0.992032983112623,0.0,0.0,0.0,0.6127724831820579,0.4589812949552753,Southern Europe,0,,2015.0,2015.0,True,1,1,1
Malta,MLT,2020,party,2012,2014.0,2014.0,,1,1,1,6.0,6.0,0.4,17.175,3.281,27861.82,51.3,0,0,1,1,1,1,1,1,1,1,1,516000,2020.0,1,1,1.0,0.0,1,1,1,0,1.7,1.51,retained_legacy_not_independently_reimported,2020.0,1,excluded_until_researcher_coding_rubric_is_documented,514564.0,113.0,51.0,0.0,0.0,2.196034,1.0,GDP parsed from comma-formatted text to numeric.,2.23588180383491,1.35081285163347,0.0,0.0,0.0,0.151751872719803,-1.7209264252308913,Southern Europe,0,,2015.0,2015.0,True,1,1,1
Malta,MLT,2021,party,2012,2014.0,2014.0,,1,1,1,7.0,7.0,0.0,26.317,6.102,31436.35,52.2,0,0,1,1,1,1,1,1,1,1,1,519000,2020.0,1,1,1.0,0.0,1,1,1,0,1.46,1.43,retained_legacy_not_independently_reimported,2020.0,1,excluded_until_researcher_coding_rubric_is_documented,514564.0,113.0,51.0,0.0,0.0,2.196034,1.0,GDP parsed from comma-formatted text to numeric.,0.734609472421842,0.38140534520521,0.0,0.0,0.0,0.0,,Southern Europe,0,,2015.0,2015.0,True,1,1,1
Malta,MLT,2022,party,2012,2014.0,2014.0,,1,1,1,8.0,8.0,1.181,26.695,7.384,31430.62,55.3,0,0,1,1,1,1,1,1,1,1,1,535000,2020.0,1,1,1.0,0.0,1,1,1,0,1.13,1.1,retained_legacy_not_independently_reimported,2020.0,1,excluded_until_researcher_coding_rubric_is_documented,514564.0,113.0,51.0,0.0,0.0,2.196034,1.0,GDP parsed from comma-formatted text to numeric.,1.8235496853465,1.51460075124197,0.78739692482131,0.0,0.78739692482131,0.3930705508914894,-0.43442344092256424,Southern Europe,0,,2015.0,2015.0,True,1,1,1
Malta,MLT,2023,party,2012,2014.0,2014.0,,1,1,1,9.0,9.0,0.78,29.458,11.821,33408.2,55.5,0,0,1,1,1,1,1,0,0,0,0,542000,2020.0,1,1,1.0,1.0,1,1,1,0,,,excluded_legacy_flagged_for_manual_review,2020.0,1,excluded_until_researcher_coding_rubric_is_documented,514564.0,113.0,51.0,0.0,0.0,2.196034,1.0,GDP parsed from comma-formatted text to numeric. | WGI legacy value excluded because source file flagged this country-year for manual review. | UNODC outcome values preserved from source dataset; not silently imputed or replaced.,0.361575383947861,0.562898250512237,,,,0.683266309845049,0.7688233688482775,Southern Europe,0,,2015.0,2015.0,True,1,1,1
Montenegro,MNE,1990,party,2011,2013.0,2014.0,,0,0,0,-23.0,-24.0,,,,,43.8,0,0,1,1,0,0,0,0,0,0,0,620000,2018.0,0,0,0.0,0.0,1,1,1,0,,,retained_legacy_not_independently_reimported,2018.0,0,excluded_until_researcher_coding_rubric_is_documented,621873.0,39.0,62.0,23.0,37.0,0.627138,0.0,,,,,,,,,Southern Europe,1,,2014.0,2015.0,True,0,0,0
Montenegro,MNE,1991,party,2011,2013.0,2014.0,,0,0,0,-22.0,-23.0,,,,,43.8,0,0,1,1,0,0,0,0,0,0,0,621000,2018.0,0,0,0.0,0.0,1,1,1,0,,,retained_legacy_not_independently_reimported,2018.0,0,excluded_until_researcher_coding_rubric_is_documented,621873.0,39.0,62.0,23.0,37.0,0.627138,0.0,,,,,,,,,Southern Europe,1,,2014.0,2015.0,True,0,0,0
Montenegro,MNE,1992,party,2011,2013.0,2014.0,,0,0,0,-21.0,-22.0,,,,,43.7,0,0,1,1,0,0,0,0,0,0,0,621000,2018.0,0,0,0.0,0.0,1,1,1,0,,,retained_legacy_not_independently_reimported,2018.0,0,excluded_until_researcher_coding_rubric_is_documented,621873.0,39.0,62.0,23.0,37.0,0.627138,0.0,,,,,,,,,Southern Europe,1,,2014.0,2015.0,True,0,0,0
Montenegro,MNE,1993,party,2011,2013.0,2014.0,,0,0,0,-20.0,-21.0,,,,,43.6,0,0,1,1,0,0,0,0,0,0,0,621000,2018.0,0,0,0.0,0.0,1,1,1,0,,,retained_legacy_not_independently_reimported,2018.0,0,excluded_until_researcher_coding_rubric_is_documented,621873.0,39.0,62.0,23.0,37.0,0.627138,0.0,,,,,,,,,Southern Europe,1,,2014.0,2015.0,True,0,0,0
Montenegro,MNE,1994,party,2011,2013.0,2014.0,,0,0,0,-19.0,-20.0,,,,,43.2,0,0,1,1,0,0,0,0,0,0,0,621000,2018.0,0,0,0.0,0.0,1,1,1,0,,,retained_legacy_not_independently_reimported,2018.0,0,excluded_until_researcher_coding_rubric_is_documented,621873.0,39.0,62.0,23.0,37.0,0.627138,0.0,,,,,,,,,Southern Europe,1,,2014.0,2015.0,True,0,0,0
Montenegro,MNE,1995,party,2011,2013.0,2014.0,,0,0,0,-18.0,-19.0,,,,,42.9,0,0,1,1,0,0,0,0,0,0,0,620000,2018.0,0,0,0.0,0.0,1,1,1,0,,,retained_legacy_not_independently_reimported,2018.0,0,excluded_until_researcher_coding_rubric_is_documented,621873.0,39.0,62.0,23.0,37.0,0.627138,0.0,,,,,,,,,Southern Europe,1,,2014.0,2015.0,True,0,0,0
Montenegro,MNE,1996,party,2011,2013.0,2014.0,,0,0,0,-17.0,-18.0,,,,,42.7,0,0,1,1,0,0,0,0,0,0,0,621000,2018.0,0,0,0.0,0.0,1,1,1,0,,,retained_legacy_not_independently_reimported,2018.0,0,excluded_until_researcher_coding_rubric_is_documented,621873.0,39.0,62.0,23.0,37.0,0.627138,0.0,,,,,,,,,Southern Europe,1,,2014.0,2015.0,True,0,0,0
Montenegro,MNE,1997,party,2011,2013.0,2014.0,,0,0,0,-16.0,-17.0,,,,4448.04,42.5,0,0,1,1,0,0,0,0,0,0,0,623000,2018.0,0,0,0.0,0.0,1,1,1,0,,,retained_legacy_not_independently_reimported,2018.0,0,excluded_until_researcher_coding_rubric_is_documented,621873.0,39.0,62.0,23.0,37.0,0.627138,0.0,GDP parsed from comma-formatted text to numeric.,,,,,,,,Southern Europe,1,,2014.0,2015.0,True,0,0,0
Montenegro,MNE,1998,party,2011,2013.0,2014.0,,0,0,0,-15.0,-16.0,,,,4680.27,42.3,0,0,1,1,0,0,0,0,0,0,0,624000,2018.0,0,0,0.0,0.0,1,1,1,0,,-1.35,retained_legacy_not_independently_reimported,2018.0,0,excluded_until_researcher_coding_rubric_is_documented,621873.0,39.0,62.0,23.0,37.0,0.627138,0.0,GDP parsed from comma-formatted text to numeric.,,,,,,,,Southern Europe,1,,2014.0,2015.0,True,0,0,0
Montenegro,MNE,1999,party,2011,2013.0,2014.0,,0,0,0,-14.0,-15.0,,,,4251.94,42.5,0,0,1,1,0,0,0,0,0,0,0,625000,2018.0,0,0,0.0,0.0,1,1,1,0,,,retained_legacy_not_independently_reimported,2018.0,0,excluded_until_researcher_coding_rubric_is_documented,621873.0,39.0,62.0,23.0,37.0,0.627138,0.0,GDP parsed from comma-formatted text to numeric.,,,,,,,,Southern Europe,1,,2014.0,2015.0,True,0,0,0
Montenegro,MNE,2000,party,2011,2013.0,2014.0,,0,0,0,-13.0,-14.0,,,,4391.37,42.4,0,0,1,1,0,0,0,0,0,0,0,626000,2018.0,0,0,0.0,0.0,1,1,1,0,,0.54,retained_legacy_not_independently_reimported,2018.0,0,excluded_until_researcher_coding_rubric_is_documented,621873.0,39.0,62.0,23.0,37.0,0.627138,0.0,GDP parsed from comma-formatted text to numeric.,,,,,,,,Southern Europe,1,,2014.0,2015.0,True,0,0,0
Montenegro,MNE,2001,party,2011,2013.0,2014.0,,0,0,0,-12.0,-13.0,,,,4421.84,42.4,0,0,1,1,0,0,0,0,0,0,0,622000,2018.0,0,0,0.0,0.0,1,1,1,0,,,retained_legacy_not_independently_reimported,2018.0,0,excluded_until_researcher_coding_rubric_is_documented,621873.0,39.0,62.0,23.0,37.0,0.627138,0.0,GDP parsed from comma-formatted text to numeric.,,,,,,,,Southern Europe,1,,2014.0,2015.0,True,0,0,0
Montenegro,MNE,2002,party,2011,2013.0,2014.0,,0,0,0,-11.0,-12.0,,,,4488.01,42.3,0,0,1,1,0,0,0,0,0,0,0,622000,2018.0,0,0,0.0,0.0,1,1,1,0,,0.47,retained_legacy_not_independently_reimported,2018.0,0,excluded_until_researcher_coding_rubric_is_documented,621873.0,39.0,62.0,23.0,37.0,0.627138,0.0,GDP parsed from comma-formatted text to numeric.,,4.26024411198762,,,,,,Southern Europe,1,,2014.0,2015.0,True,0,0,0
Montenegro,MNE,2003,party,2011,2013.0,2014.0,,0,0,0,-10.0,-11.0,,5.051,,4581.11,42.1,0,0,1,1,0,0,0,0,0,0,0,622000,2018.0,0,0,0.0,0.0,1,1,1,0,,,excluded_legacy_flagged_for_manual_review,2018.0,0,excluded_until_researcher_coding_rubric_is_documented,621873.0,39.0,62.0,23.0,37.0,0.627138,0.0,GDP parsed from comma-formatted text to numeric. | WGI legacy value excluded because source file flagged this country-year for manual review.,,,,,,,,Southern Europe,1,,2014.0,2015.0,True,0,0,0
Montenegro,MNE,2004,party,2011,2013.0,2014.0,,0,0,0,-9.0,-10.0,,6.627,,4775.4,41.9,0,0,1,1,0,0,0,0,0,0,0,621000,2018.0,0,0,0.0,0.0,1,1,1,0,,-0.37,retained_legacy_not_independently_reimported,2018.0,0,excluded_until_researcher_coding_rubric_is_documented,621873.0,39.0,62.0,23.0,37.0,0.627138,0.0,GDP parsed from comma-formatted text to numeric.,,,,,,,,Southern Europe,1,,2014.0,2015.0,True,0,0,0
Montenegro,MNE,2005,party,2011,2013.0,2014.0,,0,0,0,-8.0,-9.0,,5.52,1.262,4967.69,41.7,0,0,1,1,0,1,1,1,0,1,1,620000,2018.0,0,0,0.0,0.0,1,1,1,0,0.57,-0.24,retained_legacy_not_independently_reimported,2018.0,0,excluded_until_researcher_coding_rubric_is_documented,621873.0,39.0,62.0,23.0,37.0,0.627138,0.0,GDP parsed from comma-formatted text to numeric.,,,,,,,,Southern Europe,1,,2014.0,2015.0,True,0,0,0
Montenegro,MNE,2006,party,2011,2013.0,2014.0,,0,0,0,-7.0,-8.0,,6.784,1.735,5386.54,41.6,0,0,1,1,0,1,1,1,0,1,1,619000,2018.0,0,0,0.0,0.0,1,1,1,0,0.27,-0.36,retained_legacy_not_independently_reimported,2018.0,0,excluded_until_researcher_coding_rubric_is_documented,621873.0,39.0,62.0,23.0,37.0,0.627138,0.0,GDP parsed from comma-formatted text to numeric.,,,,,,,,Southern Europe,1,,2014.0,2015.0,True,0,0,0
Montenegro,MNE,2007,party,2011,2013.0,2014.0,,0,0,0,-6.0,-7.0,0.91,4.737,1.105,5763.04,41.7,0,0,1,1,1,1,1,0,0,0,0,618000,2018.0,0,0,0.0,0.0,1,1,1,0,,,excluded_legacy_flagged_for_manual_review,2018.0,0,excluded_until_researcher_coding_rubric_is_documented,621873.0,39.0,62.0,23.0,37.0,0.627138,0.0,GDP parsed from comma-formatted text to numeric. | WGI legacy value excluded because source file flagged this country-year for manual review.,2.96474424963147,1.89460172708736,,,,0.23485421007762017,-1.181101451752558,Southern Europe,1,,2014.0,2015.0,True,0,0,0
Montenegro,MNE,2008,party,2011,2013.0,2014.0,,0,0,0,-5.0,-6.0,1.519,5.531,2.686,6149.69,41.8,0,0,1,1,1,1,1,1,1,1,1,620000,2018.0,0,0,0.0,0.0,1,1,1,0,-0.02,-0.15,retained_legacy_not_independently_reimported,2018.0,0,excluded_until_researcher_coding_rubric_is_documented,621873.0,39.0,62.0,23.0,37.0,0.627138,0.0,GDP parsed from comma-formatted text to numeric.,6.25663738670135,3.79240081884254,,,,0.19535376001431615,-1.4155906585030604,Southern Europe,1,,2014.0,2015.0,True,0,0,0
Montenegro,MNE,2009,party,2011,2013.0,2014.0,,0,0,0,-4.0,-5.0,2.033,6.641,1.423,5768.66,41.6,0,0,1,1,1,1,1,1,1,1,1,621000,2018.0,0,0,0.0,0.0,1,1,1,0,-0.01,-0.03,retained_legacy_not_independently_reimported,2018.0,0,excluded_until_researcher_coding_rubric_is_documented,621873.0,39.0,62.0,23.0,37.0,0.627138,0.0,GDP parsed from comma-formatted text to numeric.,4.71267212099867,3.32048621405277,,,,0.3013784191602574,-0.8407425418107722,Southern Europe,1,,2014.0,2015.0,True,0,0,0
Montenegro,MNE,2010,party,2011,2013.0,2014.0,,0,0,0,-3.0,-4.0,2.133,5.695,0.791,5917.92,41.6,0,0,1,1,1,1,1,1,1,1,1,621000,2018.0,0,0,0.0,0.0,1,1,1,0,0.23,-0.11,retained_legacy_not_independently_reimported,2018.0,0,excluded_until_researcher_coding_rubric_is_documented,621873.0,39.0,62.0,23.0,37.0,0.627138,0.0,GDP parsed from comma-formatted text to numeric.,2.63212442052136,2.37308541446332,,,,0.44762734647894564,-0.21026184509111978,Southern Europe,1,,2014.0,2015.0,True,0,0,0
Montenegro,MNE,2011,party,2011,2013.0,2014.0,,0,0,0,-2.0,-3.0,0.914,3.951,0.474,6110.66,41.6,0,0,1,1,1,1,1,1,1,1,1,621000,2018.0,0,0,0.0,0.0,1,1,1,0,0.13,-0.1,retained_legacy_not_independently_reimported,2018.0,0,excluded_until_researcher_coding_rubric_is_documented,621873.0,39.0,62.0,23.0,37.0,0.627138,0.0,GDP parsed from comma-formatted text to numeric.,5.91286409281883,3.31917415785834,0.913891609408819,1.31396979840418,,0.13388284687861818,-1.8670550396308314,Southern Europe,1,,2014.0,2015.0,True,0,0,0
Montenegro,MNE,2012,party,2011,2013.0,2014.0,,0,0,0,-1.0,-2.0,0.913,3.788,0.474,5948.38,42.8,0,0,1,1,1,1,1,1,1,1,1,621000,2018.0,0,0,1.0,0.0,1,1,1,0,0.2,-0.1,retained_legacy_not_independently_reimported,2018.0,0,excluded_until_researcher_coding_rubric_is_documented,621873.0,39.0,62.0,23.0,37.0,0.627138,0.0,GDP parsed from comma-formatted text to numeric.,4.59073589496396,2.68333491176563,,,,0.1658873204354546,-1.61505973530904,Southern Europe,1,,2014.0,2015.0,True,0,0,0
Montenegro,MNE,2013,party,2011,2013.0,2014.0,,1,0,0,0.0,-1.0,0.305,3.948,0.632,6138.25,42.9,0,0,1,1,1,1,1,1,1,1,1,621000,2018.0,0,0,1.0,0.0,1,1,1,0,0.26,-0.06,retained_legacy_not_independently_reimported,2018.0,0,excluded_until_researcher_coding_rubric_is_documented,621873.0,39.0,62.0,23.0,37.0,0.627138,0.0,GDP parsed from comma-formatted text to numeric.,2.9517342258503,1.57927361310165,0.304602235171202,0.0,,0.0936521001864583,-2.2698363731663074,Southern Europe,1,,2014.0,2015.0,True,0,0,1
Montenegro,MNE,2014,party,2011,2013.0,2014.0,,1,1,1,1.0,0.0,1.222,4.91,0.792,6272.09,45.0,0,0,1,1,1,1,1,1,1,1,1,622000,2018.0,0,0,1.0,0.0,1,1,1,0,0.5,0.02,retained_legacy_not_independently_reimported,2018.0,0,excluded_until_researcher_coding_rubric_is_documented,621873.0,39.0,62.0,23.0,37.0,0.627138,0.0,GDP parsed from comma-formatted text to numeric.,5.26118495038045,3.16768705786018,1.22226415267302,0.657648118797556,,0.18848760437233708,-1.4598674163671743,Southern Europe,1,,2014.0,2015.0,True,1,0,1
Montenegro,MNE,2015,party,2011,2013.0,2014.0,,1,1,1,2.0,1.0,0.922,4.139,0.796,6421.0,46.1,0,0,1,1,1,1,1,1,1,1,1,622000,2018.0,0,0,1.0,0.0,1,1,1,0,0.29,-0.07,retained_legacy_not_independently_reimported,2018.0,0,excluded_until_researcher_coding_rubric_is_documented,621873.0,39.0,62.0,23.0,37.0,0.627138,0.0,GDP parsed from comma-formatted text to numeric.,4.62628689257266,2.70638148835062,0.921583957066475,0.99134719126557,0.614389304710984,0.16617741977875303,-1.61296463472914,Southern Europe,1,,2014.0,2015.0,True,1,1,1
Montenegro,MNE,2016,party,2011,2013.0,2014.0,,1,1,1,3.0,2.0,0.927,3.524,0.32,6634.39,45.7,0,0,1,1,1,1,1,1,1,1,1,622000,2018.0,0,0,1.0,0.0,1,1,1,0,0.24,-0.22,retained_legacy_not_independently_reimported,2018.0,0,excluded_until_researcher_coding_rubric_is_documented,621873.0,39.0,62.0,23.0,37.0,0.627138,0.0,GDP parsed from comma-formatted text to numeric.,8.31187484311336,4.48539323682796,0.927431571007252,0.997424981173603,0.309143857002417,0.10033689337083987,-2.1934869097265723,Southern Europe,1,,2014.0,2015.0,True,1,1,1
Montenegro,MNE,2017,party,2011,2013.0,2014.0,,1,1,1,4.0,3.0,1.245,3.709,1.613,6840.91,45.3,0,0,1,1,1,1,1,1,1,1,1,622000,2018.0,0,0,1.0,0.0,1,1,1,0,0.3,-0.18,retained_legacy_not_independently_reimported,2018.0,0,excluded_until_researcher_coding_rubric_is_documented,621873.0,39.0,62.0,23.0,37.0,0.627138,0.0,GDP parsed from comma-formatted text to numeric.,3.68173724445397,2.41891202175086,0.622390820980172,0.0,0.311195410490086,0.2527027398105099,-1.0842491881680119,Southern Europe,1,,2014.0,2015.0,True,1,1,1
Montenegro,MNE,2018,party,2011,2013.0,2014.0,,1,1,1,5.0,4.0,0.627,3.735,1.299,7159.47,45.5,0,0,1,1,1,1,1,1,1,1,1,622000,2018.0,1,1,1.0,0.0,1,1,1,0,0.16,0.01,retained_legacy_not_independently_reimported,2018.0,1,excluded_until_researcher_coding_rubric_is_documented,621873.0,39.0,62.0,23.0,37.0,0.627138,0.0,GDP parsed from comma-formatted text to numeric.,4.04480975068804,2.2734838704439,0.62672643547773,1.68533739612002,0.62672643547773,0.13420923228041526,-1.8642432545491354,Southern Europe,1,,2014.0,2015.0,True,1,1,1
Montenegro,MNE,2019,party,2011,2013.0,2014.0,,1,1,1,6.0,5.0,1.577,6.049,0.654,7470.3,46.9,0,0,1,1,1,1,1,1,1,1,1,622000,2018.0,1,1,1.0,0.0,1,1,1,0,0.19,0.0,retained_legacy_not_independently_reimported,2018.0,1,excluded_until_researcher_coding_rubric_is_documented,621873.0,39.0,62.0,23.0,37.0,0.627138,0.0,GDP parsed from comma-formatted text to numeric.,6.10894281350755,3.76021900823406,0.946322983188572,2.37569998303071,0.315440994396191,0.20517977277016997,-1.3542294246194322,Southern Europe,1,,2014.0,2015.0,True,1,1,1
Montenegro,MNE,2020,party,2011,2013.0,2014.0,,1,1,1,7.0,6.0,0.952,4.441,1.48,6351.95,43.3,0,0,1,1,1,1,1,1,1,1,1,619000,2018.0,1,1,1.0,0.0,1,1,1,0,-0.17,-0.06,retained_legacy_not_independently_reimported,2018.0,1,excluded_until_researcher_coding_rubric_is_documented,621873.0,39.0,62.0,23.0,37.0,0.627138,0.0,GDP parsed from comma-formatted text to numeric.,5.12460476485751,2.96084285326556,0.951687580001237,1.70820158828584,0.634458386667492,0.15666643410900252,-1.6832436471892236,Southern Europe,1,,2014.0,2015.0,True,1,1,1
Montenegro,MNE,2021,party,2011,2013.0,2014.0,,1,1,1,8.0,7.0,0.638,5.962,1.325,7198.3,41.4,0,0,1,1,1,1,1,1,1,1,1,620000,2018.0,1,1,1.0,0.0,1,1,1,0,-0.04,-0.14,retained_legacy_not_independently_reimported,2018.0,1,excluded_until_researcher_coding_rubric_is_documented,621873.0,39.0,62.0,23.0,37.0,0.627138,0.0,GDP parsed from comma-formatted text to numeric.,4.47392647273916,2.48405855422824,0.638410612938029,0.344148190210705,0.319205306469015,0.12480617696720037,-1.9476834242249468,Southern Europe,1,,2014.0,2015.0,True,1,1,1
Montenegro,MNE,2022,party,2011,2013.0,2014.0,,1,1,1,9.0,8.0,1.881,6.508,2.603,7773.6,48.5,0,0,1,1,1,1,1,1,1,1,1,618000,2018.0,1,1,1.0,0.0,1,1,1,0,-0.04,-0.18,retained_legacy_not_independently_reimported,2018.0,1,excluded_until_researcher_coding_rubric_is_documented,621873.0,39.0,62.0,23.0,37.0,0.627138,0.0,GDP parsed from comma-formatted text to numeric.,3.38153714534016,2.60311804733607,0.627108652845192,0.338153714534016,0.313554326422596,0.35743215640113374,-0.5865268325242979,Southern Europe,1,,2014.0,2015.0,True,1,1,1
Montenegro,MNE,2023,party,2011,2013.0,2014.0,,1,1,1,10.0,9.0,0.304,6.314,2.368,8278.03,51.8,0,0,1,1,1,1,1,1,1,1,1,616000,2018.0,1,1,1.0,0.0,1,1,1,0,0.17,-0.03,retained_legacy_not_independently_reimported,2018.0,1,excluded_until_researcher_coding_rubric_is_documented,621873.0,39.0,62.0,23.0,37.0,0.627138,0.0,GDP parsed from comma-formatted text to numeric. | UNODC outcome values preserved from source dataset; not silently imputed or replaced.,1.31204109312704,0.789201202111271,0.0,0.328010273281759,0.0,0.18811402834550442,-1.4623115885882967,Southern Europe,1,,2014.0,2015.0,True,1,1,1
Netherlands,NLD,1990,party,2012,2015.0,2016.0,,0,0,0,-25.0,-26.0,0.564,,,31308.91,55.2,0,0,1,1,0,0,0,0,0,0,0,14952000,2020.0,0,0,0.0,0.0,1,1,1,0,,,retained_legacy_not_independently_reimported,2020.0,0,excluded_until_researcher_coding_rubric_is_documented,17407585.0,800.0,1741.0,941.0,54.0,0.45957,0.0,GDP parsed from comma-formatted text to numeric.,1.24127674217744,0.898151125968822,,,,0.312417474187215,-0.7888415081830717,Western Europe,0,,2016.0,2017.0,True,0,0,0
Netherlands,NLD,1991,party,2012,2015.0,2016.0,,0,0,0,-24.0,-25.0,0.768,,,31820.83,55.6,0,0,1,1,0,0,0,0,0,0,0,15070000,2020.0,0,0,0.0,0.0,1,1,1,0,,,retained_legacy_not_independently_reimported,2020.0,0,excluded_until_researcher_coding_rubric_is_documented,17407585.0,800.0,1741.0,941.0,54.0,0.45957,0.0,GDP parsed from comma-formatted text to numeric.,1.57843451800863,1.16792443990765,,,,0.3273051065800828,-0.720399090308325,Western Europe,0,,2016.0,2017.0,True,0,0,0
Netherlands,NLD,1992,party,2012,2015.0,2016.0,,0,0,0,-23.0,-24.0,0.685,,,32119.95,56.1,0,0,1,1,0,0,0,0,0,0,0,15184000,2020.0,0,0,0.0,0.0,1,1,1,0,,,retained_legacy_not_independently_reimported,2020.0,0,excluded_until_researcher_coding_rubric_is_documented,17407585.0,800.0,1741.0,941.0,54.0,0.45957,0.0,GDP parsed from comma-formatted text to numeric.,1.85745098551706,1.26335482236609,,,,0.26942505633424874,-0.9975415506421345,Western Europe,0,,2016.0,2017.0,True,0,0,0
Netherlands,NLD,1993,party,2012,2015.0,2016.0,,0,0,0,-22.0,-23.0,0.705,,,32297.98,56.3,0,0,1,1,0,0,0,0,0,0,0,15303000,2020.0,0,0,0.0,0.0,1,1,1,0,,,retained_legacy_not_independently_reimported,2020.0,0,excluded_until_researcher_coding_rubric_is_documented,17407585.0,800.0,1741.0,941.0,54.0,0.45957,0.0,GDP parsed from comma-formatted text to numeric.,1.80421050053145,1.2475860509483,,,,0.28096486916927904,-0.9396805764418036,Western Europe,0,,2016.0,2017.0,True,0,0,0
Netherlands,NLD,1994,party,2012,2015.0,2016.0,,0,0,0,-21.0,-22.0,0.65,,,33054.45,56.5,0,0,1,1,0,0,0,0,0,0,0,15406000,2020.0,0,0,0.0,0.0,1,1,1,0,,,retained_legacy_not_independently_reimported,2020.0,0,excluded_until_researcher_coding_rubric_is_documented,17407585.0,800.0,1741.0,941.0,54.0,0.45957,0.0,GDP parsed from comma-formatted text to numeric.,1.57040364935635,1.10426245955154,,,,0.29273956570393034,-0.8821156039086038,Western Europe,0,,2016.0,2017.0,True,0,0,0
Netherlands,NLD,1995,party,2012,2015.0,2016.0,,0,0,0,-20.0,-21.0,0.951,,,33916.5,56.4,0,0,1,1,0,0,0,0,0,0,0,15484000,2020.0,0,0,0.0,0.0,1,1,1,0,,,retained_legacy_not_independently_reimported,2020.0,0,excluded_until_researcher_coding_rubric_is_documented,17407585.0,800.0,1741.0,941.0,54.0,0.45957,0.0,GDP parsed from comma-formatted text to numeric.,1.53615320290221,1.23995886291917,,,,0.38236486553795596,-0.47952258766117023,Western Europe,0,,2016.0,2017.0,True,0,0,0
Netherlands,NLD,1996,party,2012,2015.0,2016.0,,0,0,0,-19.0,-20.0,0.833,,,34915.17,56.8,0,0,1,1,0,0,0,1,0,0,0,15568000,2020.0,0,0,0.0,0.0,1,1,1,0,3.3,2.88,retained_legacy_not_independently_reimported,2020.0,0,excluded_until_researcher_coding_rubric_is_documented,17407585.0,800.0,1741.0,941.0,54.0,0.45957,0.0,GDP parsed from comma-formatted text to numeric.,1.87871495637851,1.34910253032172,,,,0.30718567895221177,-0.8133096461001702,Western Europe,0,,2016.0,2017.0,True,0,0,0
Netherlands,NLD,1997,party,2012,2015.0,2016.0,,0,0,0,-18.0,-19.0,0.791,,,36211.65,57.2,0,0,1,1,0,0,0,0,0,0,0,15654000,2020.0,0,0,0.0,0.0,1,1,1,0,,,retained_legacy_not_independently_reimported,2020.0,0,excluded_until_researcher_coding_rubric_is_documented,17407585.0,800.0,1741.0,941.0,54.0,0.45957,0.0,GDP parsed from comma-formatted text to numeric.,1.86885460994233,1.32285042212284,,,,0.2973846754793677,-0.8597830463690588,Western Europe,0,,2016.0,2017.0,True,0,0,0
Netherlands,NLD,1998,party,2012,2015.0,2016.0,,0,0,0,-17.0,-18.0,0.586,,,37661.73,57.7,0,0,1,1,0,0,0,1,0,0,0,15760000,2020.0,0,0,0.0,0.0,1,1,1,0,3.41,2.96,retained_legacy_not_independently_reimported,2020.0,0,excluded_until_researcher_coding_rubric_is_documented,17407585.0,800.0,1741.0,941.0,54.0,0.45957,0.0,GDP parsed from comma-formatted text to numeric.,1.6516519976923,1.11201623897532,,,,0.2618816512149093,-1.036211487163059,Western Europe,0,,2016.0,2017.0,True,0,0,0
Netherlands,NLD,1999,party,2012,2015.0,2016.0,,0,0,0,-16.0,-17.0,0.731,,,39298.73,58.3,0,0,1,1,0,0,0,0,0,0,0,15863000,2020.0,0,0,0.0,0.0,1,1,1,0,,,retained_legacy_not_independently_reimported,2020.0,0,excluded_until_researcher_coding_rubric_is_documented,17407585.0,800.0,1741.0,941.0,54.0,0.45957,0.0,GDP parsed from comma-formatted text to numeric.,1.83034296814008,1.27351102095183,,,,0.285397156527935,-0.9178451828100219,Western Europe,0,,2016.0,2017.0,True,0,0,0
Netherlands,NLD,2000,party,2012,2015.0,2016.0,,0,0,0,-15.0,-16.0,0.738,,,40665.34,59.0,0,0,1,1,1,0,0,1,1,0,0,15926000,2020.0,0,0,0.0,0.0,1,1,1,0,3.37,2.97,retained_legacy_not_independently_reimported,2020.0,0,excluded_until_researcher_coding_rubric_is_documented,17407585.0,800.0,1741.0,941.0,54.0,0.45957,0.0,GDP parsed from comma-formatted text to numeric.,1.51356933831415,1.12088359004318,,,,0.3277713848033538,-0.7182821160356601,Western Europe,0,,2016.0,2017.0,True,0,0,0
Netherlands,NLD,2001,party,2012,2015.0,2016.0,,0,0,0,-14.0,-15.0,0.83,,,41297.32,59.5,0,0,1,1,1,0,0,0,0,0,0,16046000,2020.0,0,0,0.0,0.0,1,1,1,0,,,retained_legacy_not_independently_reimported,2020.0,0,excluded_until_researcher_coding_rubric_is_documented,17407585.0,800.0,1741.0,941.0,54.0,0.45957,0.0,GDP parsed from comma-formatted text to numeric.,1.67648599527406,1.24824619864232,,,,0.33114088870432623,-0.7030295115311274,Western Europe,0,,2016.0,2017.0,True,0,0,0
Netherlands,NLD,2002,party,2012,2015.0,2016.0,,0,0,0,-13.0,-14.0,0.74,,,41135.42,59.8,0,0,1,1,1,0,0,1,1,0,0,16148000,2020.0,0,0,0.0,0.0,1,1,1,0,3.29,2.9,retained_legacy_not_independently_reimported,2020.0,0,excluded_until_researcher_coding_rubric_is_documented,17407585.0,800.0,1741.0,941.0,54.0,0.45957,0.0,GDP parsed from comma-formatted text to numeric.,1.66517587861017,1.19719664433762,,,,0.3076698076764385,-0.8110358434364784,Western Europe,0,,2016.0,2017.0,True,0,0,0
Netherlands,NLD,2003,party,2012,2015.0,2016.0,,0,0,0,-12.0,-13.0,0.882,,10.387,40981.85,59.9,0,0,1,1,1,0,0,1,1,0,0,16225000,2020.0,0,0,0.0,0.0,1,1,1,0,3.32,2.91,retained_legacy_not_independently_reimported,2020.0,0,excluded_until_researcher_coding_rubric_is_documented,17407585.0,800.0,1741.0,941.0,54.0,0.45957,0.0,GDP parsed from comma-formatted text to numeric.,1.59543285701211,1.23419738555447,,,,0.356013684691229,-0.5927083061009085,Western Europe,0,,2016.0,2017.0,True,0,0,0
Netherlands,NLD,2004,party,2012,2015.0,2016.0,,0,0,0,-11.0,-12.0,0.638,,10.959,41663.15,59.8,0,0,1,1,1,0,0,1,1,0,0,16281000,2020.0,0,0,0.0,0.0,1,1,1,0,3.52,2.95,retained_legacy_not_independently_reimported,2020.0,0,excluded_until_researcher_coding_rubric_is_documented,17407585.0,800.0,1741.0,941.0,54.0,0.45957,0.0,GDP parsed from comma-formatted text to numeric.,1.70117011534735,1.16282145658851,,,,0.27274630255151905,-0.9807333130730486,Western Europe,0,,2016.0,2017.0,True,0,0,0
Netherlands,NLD,2005,party,2012,2015.0,2016.0,,0,0,0,-10.0,-11.0,0.684,44.243,15.213,42411.35,59.5,0,0,1,1,1,1,1,1,1,1,1,16320000,2020.0,0,0,0.0,0.0,1,1,1,0,3.29,2.98,retained_legacy_not_independently_reimported,2020.0,0,excluded_until_researcher_coding_rubric_is_documented,17407585.0,800.0,1741.0,941.0,54.0,0.45957,0.0,GDP parsed from comma-formatted text to numeric.,1.43929478983897,1.05674155563289,,,,0.3221408554635385,-0.743950625712454,Western Europe,0,,2016.0,2017.0,True,0,0,0
Netherlands,NLD,2006,party,2012,2015.0,2016.0,,0,0,0,-9.0,-10.0,0.587,43.289,14.581,43841.12,59.8,0,0,1,1,1,1,1,1,1,1,1,16358000,2020.0,0,0,0.0,0.0,1,1,1,0,3.03,3.01,retained_legacy_not_independently_reimported,2020.0,0,excluded_until_researcher_coding_rubric_is_documented,17407585.0,800.0,1741.0,941.0,54.0,0.45957,0.0,GDP parsed from comma-formatted text to numeric.,0.970355814123308,0.776046758999861,,,,0.376920928844025,-0.5026380030916294,Western Europe,0,,2016.0,2017.0,True,0,0,0
Netherlands,NLD,2007,party,2012,2015.0,2016.0,,0,0,0,-8.0,-9.0,0.561,39.44,12.915,45445.52,60.0,0,0,1,1,1,1,1,1,1,1,1,16382000,2020.0,0,0,0.0,0.0,1,1,1,0,2.93,3.01,retained_legacy_not_independently_reimported,2020.0,0,excluded_until_researcher_coding_rubric_is_documented,17407585.0,800.0,1741.0,941.0,54.0,0.45957,0.0,GDP parsed from comma-formatted text to numeric.,1.17652566578484,0.86502275645006,0.35834848649725,0.232854038019917,0.262788890097983,0.3228729284678488,-0.7406001177784987,Western Europe,0,,2016.0,2017.0,True,0,0,0
Netherlands,NLD,2008,party,2012,2015.0,2016.0,,0,0,0,-7.0,-8.0,0.559,63.233,11.719,46227.21,60.2,0,0,1,1,1,1,1,1,1,1,1,16446000,2020.0,0,0,0.0,0.0,1,1,1,0,2.87,2.97,retained_legacy_not_independently_reimported,2020.0,0,excluded_until_researcher_coding_rubric_is_documented,17407585.0,800.0,1741.0,941.0,54.0,0.45957,0.0,GDP parsed from comma-formatted text to numeric.,1.25693081413483,0.903763742179582,0.345127407947975,0.0854224825140178,0.202316066728123,0.3078311109921477,-0.8102786934548372,Western Europe,0,,2016.0,2017.0,True,0,0,0
Netherlands,NLD,2009,party,2012,2015.0,2016.0,,0,0,0,-6.0,-7.0,0.592,61.406,11.508,44304.41,60.1,0,0,1,1,1,1,1,1,1,1,1,16530000,2020.0,0,0,0.0,0.0,1,1,1,0,2.95,3.07,retained_legacy_not_independently_reimported,2020.0,0,excluded_until_researcher_coding_rubric_is_documented,17407585.0,800.0,1741.0,941.0,54.0,0.45957,0.0,GDP parsed from comma-formatted text to numeric.,1.26190773755717,0.923031739705049,0.414561287556292,0.169872195440388,0.201358339670199,0.3193254917745032,-0.7568732974282771,Western Europe,0,,2016.0,2017.0,True,0,0,0
Netherlands,NLD,2010,party,2012,2015.0,2016.0,,0,0,0,-5.0,-6.0,0.636,57.3,9.898,44659.27,60.3,0,0,1,1,1,1,1,1,1,1,1,16616000,2020.0,0,0,0.0,0.0,1,1,1,0,3.01,3.08,retained_legacy_not_independently_reimported,2020.0,0,excluded_until_researcher_coding_rubric_is_documented,17407585.0,800.0,1741.0,941.0,54.0,0.45957,0.0,GDP parsed from comma-formatted text to numeric.,1.08613326420698,0.858612976325238,0.471422431151406,0.241362947601552,0.353566823363554,0.3693093985341893,-0.5351806406815239,Western Europe,0,,2016.0,2017.0,True,0,0,0
Netherlands,NLD,2011,party,2012,2015.0,2016.0,,0,0,0,-4.0,-5.0,0.587,54.566,9.525,45239.73,60.5,0,0,1,1,1,1,1,1,1,1,1,16694000,2020.0,0,0,0.0,0.0,1,1,1,0,3.1,3.08,retained_legacy_not_independently_reimported,2020.0,0,excluded_until_researcher_coding_rubric_is_documented,17407585.0,800.0,1741.0,941.0,54.0,0.45957,0.0,GDP parsed from comma-formatted text to numeric.,1.11681212343992,0.848611455055905,0.410615778779459,0.168122255141494,0.29329698484247,0.3445215537114934,-0.6432087676367787,Western Europe,0,,2016.0,2017.0,True,0,0,0
Netherlands,NLD,2012,party,2012,2015.0,2016.0,,0,0,0,-3.0,-4.0,0.584,52.497,8.336,44631.87,61.1,0,0,1,1,1,1,1,1,1,1,1,16755000,2020.0,0,0,0.0,0.0,1,1,1,0,3.13,3.15,retained_legacy_not_independently_reimported,2020.0,0,excluded_until_researcher_coding_rubric_is_documented,17407585.0,800.0,1741.0,941.0,54.0,0.45957,0.0,GDP parsed from comma-formatted text to numeric.,1.13628996780352,0.857217506852641,0.303928219635832,0.179414205442662,0.24548048509048,0.3394776525643847,-0.6656228372294454,Western Europe,0,,2016.0,2017.0,True,0,0,0
Netherlands,NLD,2013,party,2012,2015.0,2016.0,,0,0,0,-2.0,-3.0,0.653,26.045,7.332,44487.03,61.0,0,0,1,1,1,1,1,1,1,1,1,16800000,2020.0,0,0,0.0,0.0,1,1,1,0,3.08,3.1,retained_legacy_not_independently_reimported,2020.0,0,excluded_until_researcher_coding_rubric_is_documented,17407585.0,800.0,1741.0,941.0,54.0,0.45957,0.0,GDP parsed from comma-formatted text to numeric.,0.822633827919071,0.736721493873159,0.407955362689801,0.190755670242104,0.314708422646418,0.4425217067033874,-0.23093404884366414,Western Europe,0,,2016.0,2017.0,True,0,0,0
Netherlands,NLD,2014,party,2012,2015.0,2016.0,,0,0,0,-1.0,-2.0,0.349,25.202,7.17,45042.07,60.3,0,0,1,1,1,1,1,1,1,1,1,16865000,2020.0,0,0,0.0,0.0,1,1,1,0,3.12,3.35,retained_legacy_not_independently_reimported,2020.0,0,excluded_until_researcher_coding_rubric_is_documented,17407585.0,800.0,1741.0,941.0,54.0,0.45957,0.0,GDP parsed from comma-formatted text to numeric.,1.10426539130742,0.722251091061564,0.2439534397435,0.189981142590525,0.185869287423619,0.24014884142119738,-1.1518636664224156,Western Europe,0,,2016.0,2017.0,True,0,0,0
Netherlands,NLD,2015,party,2012,2015.0,2016.0,,1,0,0,0.0,-1.0,0.486,24.317,7.394,45793.81,60.8,0,0,1,1,1,1,1,1,1,1,1,16901000,2020.0,0,0,0.0,0.0,1,1,1,0,3.12,3.25,retained_legacy_not_independently_reimported,2020.0,0,excluded_until_researcher_coding_rubric_is_documented,17407585.0,800.0,1741.0,941.0,54.0,0.45957,0.0,GDP parsed from comma-formatted text to numeric.,0.732450226758321,0.607922883579319,0.38182538916685,0.141764560017739,0.254550259444567,0.3988673392863981,-0.41018676486404343,Western Europe,0,,2016.0,2017.0,True,0,0,1
Netherlands,NLD,2016,party,2012,2015.0,2016.0,,1,1,1,1.0,0.0,0.368,27.522,8.922,46655.04,60.8,0,0,1,1,1,1,1,1,1,1,1,16980000,2020.0,0,0,1.0,0.0,1,1,1,0,3.1,3.15,retained_legacy_not_independently_reimported,2020.0,0,excluded_until_researcher_coding_rubric_is_documented,17407585.0,800.0,1741.0,941.0,54.0,0.45957,0.0,GDP parsed from comma-formatted text to numeric.,0.727726179644137,0.546362553519554,0.299366551890298,0.0939001522121467,0.21876786484291,0.33585033089153415,-0.6818419124118554,Western Europe,0,,2016.0,2017.0,True,1,0,1
Netherlands,NLD,2017,party,2012,2015.0,2016.0,,1,1,1,2.0,1.0,0.492,27.75,10.164,47670.11,60.9,0,0,1,1,1,1,1,1,1,1,1,17082000,2020.0,0,0,1.0,0.0,1,1,1,0,3.09,3.0,retained_legacy_not_independently_reimported,2020.0,0,excluded_until_researcher_coding_rubric_is_documented,17407585.0,800.0,1741.0,941.0,54.0,0.45957,0.0,GDP parsed from comma-formatted text to numeric.,1.0373142930604,0.762328497745067,0.297635367140666,0.128207384535555,0.194607740053513,0.3217128109196116,-0.7459115249505144,Western Europe,0,,2016.0,2017.0,True,1,1,1
Netherlands,NLD,2018,party,2012,2015.0,2016.0,,1,1,1,3.0,2.0,0.41,29.59,11.136,48463.03,61.1,0,0,1,1,1,1,1,1,1,1,1,17181000,2020.0,0,0,1.0,0.0,1,1,1,0,3.09,2.98,retained_legacy_not_independently_reimported,2020.0,0,excluded_until_researcher_coding_rubric_is_documented,17407585.0,800.0,1741.0,941.0,54.0,0.45957,0.0,GDP parsed from comma-formatted text to numeric.,0.741092716893955,0.574010651743461,0.352858833815213,0.0926365896117444,0.318711204736322,0.35618329782011077,-0.5919685817838115,Western Europe,0,,2016.0,2017.0,True,1,1,1
Netherlands,NLD,2019,party,2012,2015.0,2016.0,,1,1,1,4.0,3.0,0.498,24.519,11.718,49254.02,61.7,0,0,1,1,1,1,1,1,1,1,1,17282000,2020.0,0,0,1.0,0.0,1,1,1,0,3.01,2.96,retained_legacy_not_independently_reimported,2020.0,0,excluded_until_researcher_coding_rubric_is_documented,17407585.0,800.0,1741.0,941.0,54.0,0.45957,0.0,GDP parsed from comma-formatted text to numeric.,0.931224099251934,0.712758090417298,0.362020497487436,0.137959125815101,0.260202232569095,0.3484408080304949,-0.6258998793985017,Western Europe,0,,2016.0,2017.0,True,1,1,1
Netherlands,NLD,2020,party,2012,2015.0,2016.0,,1,1,1,5.0,4.0,0.495,22.793,11.709,47086.58,61.8,0,0,1,1,1,1,1,1,1,1,1,17407000,2020.0,1,1,1.0,0.0,1,1,1,0,3.08,2.91,retained_legacy_not_independently_reimported,2020.0,1,excluded_until_researcher_coding_rubric_is_documented,17407585.0,800.0,1741.0,941.0,54.0,0.45957,0.0,GDP parsed from comma-formatted text to numeric.,0.879859926299733,0.686068183497271,0.438925339700077,0.159974532054497,0.270107901353893,0.36003667757793467,-0.5752049575745369,Western Europe,0,,2016.0,2017.0,True,1,1,1
Netherlands,NLD,2021,party,2012,2015.0,2016.0,,1,1,1,6.0,5.0,0.426,26.339,13.564,49780.84,61.9,0,0,1,1,1,1,1,1,1,1,1,17475000,2020.0,1,1,1.0,0.0,1,1,1,0,2.95,2.9,retained_legacy_not_independently_reimported,2020.0,1,excluded_until_researcher_coding_rubric_is_documented,17407585.0,800.0,1741.0,941.0,54.0,0.45957,0.0,GDP parsed from comma-formatted text to numeric.,0.999916881909191,0.710637312796065,0.302357311985265,0.193165761277912,0.257563636135596,0.29875514162481853,-0.8532328111674577,Western Europe,0,,2016.0,2017.0,True,1,1,1
Netherlands,NLD,2022,party,2012,2015.0,2016.0,,1,1,1,7.0,6.0,0.532,32.925,16.225,51777.54,62.6,0,0,1,1,1,1,1,1,1,1,1,17591000,2020.0,1,1,1.0,0.0,1,1,1,0,2.21,2.32,retained_legacy_not_independently_reimported,2020.0,1,excluded_until_researcher_coding_rubric_is_documented,17407585.0,800.0,1741.0,941.0,54.0,0.45957,0.0,GDP parsed from comma-formatted text to numeric.,1.06861486029323,0.798685419651381,0.399360667944029,0.123734352244479,0.266240445296019,0.3323722734290612,-0.6974750764050333,Western Europe,0,,2016.0,2017.0,True,1,1,1
Netherlands,NLD,2023,party,2012,2015.0,2016.0,,1,1,1,8.0,7.0,0.45,27.47,13.348,50960.77,63.1,0,0,1,1,1,1,1,0,0,0,0,17890000,2020.0,1,1,1.0,0.0,1,1,1,0,,,excluded_legacy_flagged_for_manual_review,2020.0,1,excluded_until_researcher_coding_rubric_is_documented,17407585.0,800.0,1741.0,941.0,54.0,0.45957,0.0,GDP parsed from comma-formatted text to numeric. | WGI legacy value excluded because source file flagged this country-year for manual review. | UNODC outcome values preserved from source dataset; not silently imputed or replaced.,0.934760868973734,0.690893081283378,0.263554700613391,0.189177794911351,0.208647471318934,0.32496585517577586,-0.7310431587051005,Western Europe,0,,2016.0,2017.0,True,1,1,1
Norway,NOR,1990,party,2011,2017.0,2017.0,,0,0,0,-27.0,-27.0,0.537,,,49937.46,52.8,0,0,1,1,0,0,0,0,0,0,0,4241000,2022.0,0,0,0.0,0.0,1,1,1,0,,,retained_legacy_not_independently_reimported,2022.0,0,excluded_until_researcher_coding_rubric_is_documented,5367580.0,969.0,537.0,0.0,0.0,1.805283,1.0,GDP parsed from comma-formatted text to numeric.,1.69228816740289,1.10811435598692,,,,0.2408840668748547,-1.1478387428597479,Northern Europe,0,,2018.0,2018.0,True,0,0,0
Norway,NOR,1991,party,2011,2017.0,2017.0,,0,0,0,-26.0,-26.0,0.703,,,51233.04,53.3,0,0,1,1,0,0,0,0,0,0,0,4261000,2022.0,0,0,0.0,0.0,1,1,1,0,,,retained_legacy_not_independently_reimported,2022.0,0,excluded_until_researcher_coding_rubric_is_documented,5367580.0,969.0,537.0,0.0,0.0,1.805283,1.0,GDP parsed from comma-formatted text to numeric.,1.65381922369553,1.17326206157397,,,,0.29828337826338874,-0.8554856813640886,Northern Europe,0,,2018.0,2018.0,True,0,0,0
Norway,NOR,1992,party,2011,2017.0,2017.0,,0,0,0,-25.0,-25.0,0.587,,,52758.95,53.8,0,0,1,1,0,0,0,0,0,0,0,4286000,2022.0,0,0,0.0,0.0,1,1,1,0,,,retained_legacy_not_independently_reimported,2022.0,0,excluded_until_researcher_coding_rubric_is_documented,5367580.0,969.0,537.0,0.0,0.0,1.805283,1.0,GDP parsed from comma-formatted text to numeric.,1.56976403224765,1.07319655443247,,,,0.272167001685513,-0.9836557692869583,Northern Europe,0,,2018.0,2018.0,True,0,0,0
Norway,NOR,1993,party,2011,2017.0,2017.0,,0,0,0,-24.0,-24.0,0.789,,,53938.02,54.5,0,0,1,1,0,0,0,0,0,0,0,4312000,2022.0,0,0,0.0,0.0,1,1,1,0,,,retained_legacy_not_independently_reimported,2022.0,0,excluded_until_researcher_coding_rubric_is_documented,5367580.0,969.0,537.0,0.0,0.0,1.805283,1.0,GDP parsed from comma-formatted text to numeric.,0.975836305670428,0.881289800091005,,,,0.4470669588249851,-0.21252853190074195,Northern Europe,0,,2018.0,2018.0,True,0,0,0
Norway,NOR,1994,party,2011,2017.0,2017.0,,0,0,0,-23.0,-23.0,0.708,,,56343.01,55.4,0,0,1,1,0,0,0,0,0,0,0,4337000,2022.0,0,0,0.0,0.0,1,1,1,0,,,retained_legacy_not_independently_reimported,2022.0,0,excluded_until_researcher_coding_rubric_is_documented,5367580.0,969.0,537.0,0.0,0.0,1.805283,1.0,GDP parsed from comma-formatted text to numeric.,0.814712467259599,0.760988150030889,,,,0.46495974468126355,-0.14039115638979363,Northern Europe,0,,2018.0,2018.0,True,0,0,0
Norway,NOR,1995,party,2011,2017.0,2017.0,,0,0,0,-22.0,-22.0,0.72,,,58380.57,56.2,0,0,1,1,0,0,0,0,0,0,0,4358000,2022.0,0,0,0.0,0.0,1,1,1,0,,,retained_legacy_not_independently_reimported,2022.0,0,excluded_until_researcher_coding_rubric_is_documented,5367580.0,969.0,537.0,0.0,0.0,1.805283,1.0,GDP parsed from comma-formatted text to numeric.,1.2124496307596,0.963525401798696,,,,0.3725840966509358,-0.5211468682970924,Northern Europe,0,,2018.0,2018.0,True,0,0,0
Norway,NOR,1996,party,2011,2017.0,2017.0,,0,0,0,-21.0,-21.0,0.909,,,61005.88,57.4,0,0,1,1,0,0,0,1,0,0,0,4381000,2022.0,0,0,0.0,0.0,1,1,1,0,3.32,3.27,retained_legacy_not_independently_reimported,2022.0,0,excluded_until_researcher_coding_rubric_is_documented,5367580.0,969.0,537.0,0.0,0.0,1.805283,1.0,GDP parsed from comma-formatted text to numeric.,1.05579884107269,0.981480938327732,,,,0.4626427810308193,-0.14970786053449758,Northern Europe,0,,2018.0,2018.0,True,0,0,0
Norway,NOR,1997,party,2011,2017.0,2017.0,,0,0,0,-20.0,-20.0,0.541,,,63882.48,58.5,0,0,1,1,0,0,0,0,0,0,0,4405000,2022.0,0,0,0.0,0.0,1,1,1,0,,,retained_legacy_not_independently_reimported,2022.0,0,excluded_until_researcher_coding_rubric_is_documented,5367580.0,969.0,537.0,0.0,0.0,1.805283,1.0,GDP parsed from comma-formatted text to numeric.,1.19121004095574,0.862658716434205,,,,0.3123177831837907,-0.7893056317656122,Northern Europe,0,,2018.0,2018.0,True,0,0,0
Norway,NOR,1998,party,2011,2017.0,2017.0,,0,0,0,-19.0,-19.0,0.553,,,65197.95,59.6,0,0,1,1,0,0,0,1,0,0,0,4432000,2022.0,0,0,0.0,0.0,1,1,1,0,3.25,3.31,retained_legacy_not_independently_reimported,2022.0,0,excluded_until_researcher_coding_rubric_is_documented,5367580.0,969.0,537.0,0.0,0.0,1.805283,1.0,GDP parsed from comma-formatted text to numeric.,1.16900168211068,0.857533647476493,,,,0.3211378976832245,-0.7485473988799899,Northern Europe,0,,2018.0,2018.0,True,0,0,0
Norway,NOR,1999,party,2011,2017.0,2017.0,,0,0,0,-18.0,-18.0,0.54,,,66094.74,60.6,0,0,1,1,0,0,0,0,0,0,0,4462000,2022.0,0,0,0.0,0.0,1,1,1,0,,,retained_legacy_not_independently_reimported,2022.0,0,excluded_until_researcher_coding_rubric_is_documented,5367580.0,969.0,537.0,0.0,0.0,1.805283,1.0,GDP parsed from comma-formatted text to numeric.,0.943803631835026,0.739613970814833,,,,0.3639295580724383,-0.5583489878247047,Northern Europe,0,,2018.0,2018.0,True,0,0,0
Norway,NOR,2000,party,2011,2017.0,2017.0,,0,0,0,-17.0,-17.0,0.959,,,67846.6,61.3,0,0,1,1,1,0,0,1,1,0,0,4491000,2022.0,0,0,0.0,0.0,1,1,1,0,3.09,3.11,retained_legacy_not_independently_reimported,2022.0,0,excluded_until_researcher_coding_rubric_is_documented,5367580.0,969.0,537.0,0.0,0.0,1.805283,1.0,GDP parsed from comma-formatted text to numeric.,1.18085522684804,1.06883592856346,,,,0.4481611596746132,-0.20810314857369538,Northern Europe,0,,2018.0,2018.0,True,0,0,0
Norway,NOR,2001,party,2011,2017.0,2017.0,,0,0,0,-16.0,-16.0,0.64,,,68899.53,61.7,0,0,1,1,1,0,0,0,0,0,0,4514000,2022.0,0,0,0.0,0.0,1,1,1,0,,,retained_legacy_not_independently_reimported,2022.0,0,excluded_until_researcher_coding_rubric_is_documented,5367580.0,969.0,537.0,0.0,0.0,1.805283,1.0,GDP parsed from comma-formatted text to numeric.,1.0026206471377,0.819734419341124,,,,0.3896213049039735,-0.4489043218579949,Northern Europe,0,,2018.0,2018.0,True,0,0,0
Norway,NOR,2002,party,2011,2017.0,2017.0,,0,0,0,-15.0,-15.0,0.67,,,69472.98,62.3,0,0,1,1,1,0,0,1,1,0,0,4538000,2022.0,0,0,0.0,0.0,1,1,1,0,3.12,3.14,retained_legacy_not_independently_reimported,2022.0,0,excluded_until_researcher_coding_rubric_is_documented,5367580.0,969.0,537.0,0.0,0.0,1.805283,1.0,GDP parsed from comma-formatted text to numeric.,1.36359173026081,1.01365927914722,,,,0.32946632799006903,-0.7105997632232166,Northern Europe,0,,2018.0,2018.0,True,0,0,0
Norway,NOR,2003,party,2011,2017.0,2017.0,,0,0,0,-14.0,-14.0,1.061,43.727,15.467,69719.31,62.6,0,0,1,1,1,0,0,1,1,0,0,4564000,2022.0,0,0,0.0,0.0,1,1,1,0,3.12,3.2,retained_legacy_not_independently_reimported,2022.0,0,excluded_until_researcher_coding_rubric_is_documented,5367580.0,969.0,537.0,0.0,0.0,1.805283,1.0,GDP parsed from comma-formatted text to numeric.,1.17403704100677,,,,,0.4747124904570144,-0.10123641238942474,Northern Europe,0,,2018.0,2018.0,True,0,0,0
Norway,NOR,2004,party,2011,2017.0,2017.0,,0,0,0,-13.0,-13.0,0.518,42.511,16.094,72090.99,63.1,0,0,1,1,1,0,0,1,1,0,0,4591000,2022.0,0,0,0.0,0.0,1,1,1,0,3.5,3.34,retained_legacy_not_independently_reimported,2022.0,0,excluded_until_researcher_coding_rubric_is_documented,5367580.0,969.0,537.0,0.0,0.0,1.805283,1.0,GDP parsed from comma-formatted text to numeric.,1.05426291208502,0.78401608975242,,,,0.32946143804477734,-0.7106218979421914,Northern Europe,0,,2018.0,2018.0,True,0,0,0
Norway,NOR,2005,party,2011,2017.0,2017.0,,0,0,0,-12.0,-12.0,0.685,42.396,17.261,73524.25,63.3,0,0,1,1,1,1,1,1,1,1,1,4623000,2022.0,0,0,0.0,0.0,1,1,1,0,3.16,3.25,retained_legacy_not_independently_reimported,2022.0,0,excluded_until_researcher_coding_rubric_is_documented,5367580.0,969.0,537.0,0.0,0.0,1.805283,1.0,GDP parsed from comma-formatted text to numeric.,0.742813720410936,0.713803047463144,,,,0.4797544597084077,-0.08102646225054894,Northern Europe,0,,2018.0,2018.0,True,0,0,0
Norway,NOR,2006,party,2011,2017.0,2017.0,,0,0,0,-11.0,-11.0,0.895,46.69,18.024,74729.74,64.0,0,0,1,1,1,1,1,1,1,1,1,4661000,2022.0,0,0,0.0,0.0,1,1,1,0,3.19,3.34,retained_legacy_not_independently_reimported,2022.0,0,excluded_until_researcher_coding_rubric_is_documented,5367580.0,969.0,537.0,0.0,0.0,1.805283,1.0,GDP parsed from comma-formatted text to numeric.,0.51862882318582,0.708079443938776,,,,0.633122348186836,0.5456352678759024,Northern Europe,0,,2018.0,2018.0,True,0,0,0
Norway,NOR,2007,party,2011,2017.0,2017.0,,0,0,0,-10.0,-10.0,0.718,47.462,20.068,76115.71,64.5,0,0,1,1,1,1,1,1,1,1,1,4709000,2022.0,0,0,0.0,0.0,1,1,1,0,3.43,3.28,retained_legacy_not_independently_reimported,2022.0,0,excluded_until_researcher_coding_rubric_is_documented,5367580.0,969.0,537.0,0.0,0.0,1.805283,1.0,GDP parsed from comma-formatted text to numeric.,0.554924625228453,0.63707658297604,,,,0.5640553932022014,0.25763727492404076,Northern Europe,0,,2018.0,2018.0,True,0,0,0
Norway,NOR,2008,party,2011,2017.0,2017.0,,0,0,0,-9.0,-9.0,0.418,48.153,19.798,75535.21,64.6,0,0,1,1,1,1,1,1,1,1,1,4768000,2022.0,0,0,0.0,0.0,1,1,1,0,3.12,3.33,retained_legacy_not_independently_reimported,2022.0,0,excluded_until_researcher_coding_rubric_is_documented,5367580.0,969.0,537.0,0.0,0.0,1.805283,1.0,GDP parsed from comma-formatted text to numeric.,1.00955565459483,0.713072143396291,,,,0.2928081988639785,-0.881784134560225,Northern Europe,0,,2018.0,2018.0,True,0,0,0
Norway,NOR,2009,party,2011,2017.0,2017.0,,0,0,0,-8.0,-8.0,0.496,49.911,20.668,73141.31,64.3,0,0,1,1,1,1,1,1,1,1,1,4829000,2022.0,0,0,0.0,0.0,1,1,1,0,3.12,3.18,retained_legacy_not_independently_reimported,2022.0,0,excluded_until_researcher_coding_rubric_is_documented,5367580.0,969.0,537.0,0.0,0.0,1.805283,1.0,GDP parsed from comma-formatted text to numeric.,0.70515777282969,0.600585363631139,,,,0.41293492929868997,-0.3518456422976026,Northern Europe,0,,2018.0,2018.0,True,0,0,0
Norway,NOR,2010,party,2011,2017.0,2017.0,,0,0,0,-7.0,-7.0,0.613,50.07,19.185,72804.4,63.8,0,0,1,1,1,1,1,1,1,1,1,4889000,2022.0,0,0,1.0,0.0,1,1,1,0,3.18,3.21,retained_legacy_not_independently_reimported,2022.0,0,excluded_until_researcher_coding_rubric_is_documented,5367580.0,969.0,537.0,0.0,0.0,1.805283,1.0,GDP parsed from comma-formatted text to numeric.,0.572901512910131,0.593148682739496,,,,0.516906331028902,0.06765111373247801,Northern Europe,0,,2018.0,2018.0,True,0,0,0
Norway,NOR,2011,party,2011,2017.0,2017.0,,0,0,0,-6.0,-6.0,2.103,53.725,21.704,72660.68,63.8,0,0,1,1,1,1,1,1,1,1,1,4953000,2022.0,0,0,1.0,0.0,1,1,1,0,3.11,3.17,retained_legacy_not_independently_reimported,2022.0,0,excluded_until_researcher_coding_rubric_is_documented,5367580.0,969.0,537.0,0.0,0.0,1.805283,1.0,GDP parsed from comma-formatted text to numeric.,2.37926394848531,2.24108049961155,,,,0.46918254350252314,-0.12342627778812565,Northern Europe,0,,2018.0,2018.0,True,0,0,0
Norway,NOR,2012,party,2011,2017.0,2017.0,,0,0,0,-5.0,-5.0,0.36,52.307,22.238,73661.68,63.5,0,0,1,1,1,1,1,1,1,1,1,5019000,2022.0,0,0,1.0,0.0,1,1,1,0,3.23,3.32,retained_legacy_not_independently_reimported,2022.0,0,excluded_until_researcher_coding_rubric_is_documented,5367580.0,969.0,537.0,0.0,0.0,1.805283,1.0,GDP parsed from comma-formatted text to numeric.,0.71505439776331,0.538013921608383,,,,0.3348667758105945,-0.6862545891377019,Northern Europe,0,,2018.0,2018.0,True,0,0,0
Norway,NOR,2013,party,2011,2017.0,2017.0,,0,0,0,-4.0,-4.0,0.791,69.408,31.377,73515.91,63.6,0,0,1,1,1,1,1,1,1,1,1,5079000,2022.0,0,0,1.0,0.0,1,1,1,0,3.19,3.35,retained_legacy_not_independently_reimported,2022.0,0,excluded_until_researcher_coding_rubric_is_documented,5367580.0,969.0,537.0,0.0,0.0,1.805283,1.0,GDP parsed from comma-formatted text to numeric.,1.01896948872226,0.905489619398107,,,,0.4370239415242314,-0.25324912263412963,Northern Europe,0,,2018.0,2018.0,True,0,0,0
Norway,NOR,2014,party,2011,2017.0,2017.0,,0,0,0,-3.0,-3.0,0.509,72.916,31.728,74180.32,63.2,0,0,1,1,1,1,1,1,1,1,1,5138000,2022.0,0,0,1.0,0.0,1,1,1,0,3.1,3.44,retained_legacy_not_independently_reimported,2022.0,0,excluded_until_researcher_coding_rubric_is_documented,5367580.0,969.0,537.0,0.0,0.0,1.805283,1.0,GDP parsed from comma-formatted text to numeric.,0.61941737988384,0.564488422634429,,,,0.4510742293355998,-0.1963313098197253,Northern Europe,0,,2018.0,2018.0,True,0,0,0
Norway,NOR,2015,party,2011,2017.0,2017.0,,0,0,0,-2.0,-2.0,0.543,83.992,36.688,74809.97,63.2,0,0,1,1,1,1,1,1,1,1,1,5189000,2022.0,0,0,1.0,0.0,1,1,1,0,3.12,3.37,retained_legacy_not_independently_reimported,2022.0,0,excluded_until_researcher_coding_rubric_is_documented,5367580.0,969.0,537.0,0.0,0.0,1.805283,1.0,GDP parsed from comma-formatted text to numeric.,0.382864002686174,0.462448150409719,,,,0.5864792220289533,0.34942947818097503,Northern Europe,0,,2018.0,2018.0,True,0,0,0
Norway,NOR,2016,party,2011,2017.0,2017.0,,0,0,0,-1.0,-1.0,0.423,106.188,42.685,75017.49,63.0,0,0,1,1,1,1,1,1,1,1,1,5235000,2022.0,0,0,1.0,0.0,1,1,1,0,3.12,3.4,retained_legacy_not_independently_reimported,2022.0,0,excluded_until_researcher_coding_rubric_is_documented,5367580.0,969.0,537.0,0.0,0.0,1.805283,1.0,GDP parsed from comma-formatted text to numeric.,0.606735944535234,0.515662484007301,,,,0.4107849223335783,-0.3607215001256293,Northern Europe,0,,2018.0,2018.0,True,0,0,0
Norway,NOR,2017,party,2011,2017.0,2017.0,,1,1,1,0.0,0.0,0.497,106.788,43.739,76247.41,62.6,0,0,1,1,1,1,1,1,1,1,1,5267000,2022.0,0,0,1.0,0.0,1,1,1,0,3.32,3.38,retained_legacy_not_independently_reimported,2022.0,0,excluded_until_researcher_coding_rubric_is_documented,5367580.0,969.0,537.0,0.0,0.0,1.805283,1.0,GDP parsed from comma-formatted text to numeric.,0.56418189675697,0.530624369587454,,,,0.4683457204828496,-0.12678668538606386,Northern Europe,0,,2018.0,2018.0,True,0,0,1
Norway,NOR,2018,party,2011,2017.0,2017.0,,1,1,1,1.0,1.0,0.342,109.117,48.27,76373.65,62.6,0,0,1,1,1,1,1,1,1,1,1,5295000,2022.0,0,0,1.0,0.0,1,1,1,0,3.15,3.28,retained_legacy_not_independently_reimported,2022.0,0,excluded_until_researcher_coding_rubric_is_documented,5367580.0,969.0,537.0,0.0,0.0,1.805283,1.0,GDP parsed from comma-formatted text to numeric.,0.597751743613816,0.470654459145075,,,,0.3639259009883171,-0.5583647862332073,Northern Europe,0,,2018.0,2018.0,True,1,1,1
Norway,NOR,2019,party,2011,2017.0,2017.0,,1,1,1,2.0,2.0,0.603,94.713,41.083,76712.29,62.6,0,0,1,1,1,1,1,1,1,1,1,5328000,2022.0,0,0,1.0,0.0,1,1,1,0,3.12,3.31,retained_legacy_not_independently_reimported,2022.0,0,excluded_until_researcher_coding_rubric_is_documented,5367580.0,969.0,537.0,0.0,0.0,1.805283,1.0,GDP parsed from comma-formatted text to numeric.,0.445146622023407,0.523586594350632,0.452490479317509,0.185477759176419,,0.5753011910069714,0.30351348113704535,Northern Europe,0,,2018.0,2018.0,True,1,1,1
Norway,NOR,2020,party,2011,2017.0,2017.0,,1,1,1,3.0,3.0,0.563,94.065,41.53,75287.21,62.5,0,0,1,1,1,1,1,1,1,1,1,5367000,2022.0,0,0,1.0,0.0,1,1,1,0,3.22,3.29,retained_legacy_not_independently_reimported,2022.0,0,excluded_until_researcher_coding_rubric_is_documented,5367580.0,969.0,537.0,0.0,0.0,1.805283,1.0,GDP parsed from comma-formatted text to numeric.,0.589799781405456,0.576285998471727,0.375025056361578,0.110587459013523,,0.4883762202952613,-0.04650349761655426,Northern Europe,0,,2018.0,2018.0,True,1,1,1
Norway,NOR,2021,party,2011,2017.0,2017.0,,1,1,1,4.0,4.0,0.597,106.784,45.691,77812.71,62.2,0,0,1,1,1,1,1,1,1,1,1,5408000,2022.0,0,0,1.0,0.0,1,1,1,0,3.07,3.26,retained_legacy_not_independently_reimported,2022.0,0,excluded_until_researcher_coding_rubric_is_documented,5367580.0,969.0,537.0,0.0,0.0,1.805283,1.0,GDP parsed from comma-formatted text to numeric.,0.476505528380486,0.536233629966067,,,,0.5561219613844441,0.22543778830796557,Northern Europe,0,,2018.0,2018.0,True,1,1,1
Norway,NOR,2022,party,2011,2017.0,2017.0,,1,1,1,5.0,5.0,0.517,94.909,41.306,79620.16,62.4,0,0,1,1,1,1,1,0,0,0,0,5434000,2022.0,1,1,1.0,0.0,1,1,1,0,,,excluded_legacy_flagged_for_manual_review,2022.0,1,excluded_until_researcher_coding_rubric_is_documented,5367580.0,969.0,537.0,0.0,0.0,1.805283,1.0,GDP parsed from comma-formatted text to numeric. | WGI legacy value excluded because source file flagged this country-year for manual review.,0.581551091262449,0.549772609467286,,,,0.4706198957081426,-0.11765595474712875,Northern Europe,0,,2018.0,2018.0,True,1,1,1
Norway,NOR,2023,party,2011,2017.0,2017.0,,1,1,1,6.0,6.0,0.657,95.34,42.126,78775.75,62.4,0,0,1,1,1,1,1,0,0,0,0,5488000,2022.0,1,1,1.0,0.0,1,1,1,0,,,excluded_legacy_flagged_for_manual_review,2022.0,1,excluded_until_researcher_coding_rubric_is_documented,5367580.0,969.0,537.0,0.0,0.0,1.805283,1.0,GDP parsed from comma-formatted text to numeric. | WGI legacy value excluded because source file flagged this country-year for manual review. | UNODC outcome values preserved from source dataset; not silently imputed or replaced.,0.791104532957055,0.724747049690651,,,,0.45369652883994116,-0.1857460934682467,Northern Europe,0,,2018.0,2018.0,True,1,1,1
Poland,POL,1990,party,2012,2015.0,2015.0,,0,0,0,-25.0,-25.0,1.113,,,5111.35,53.5,0,0,1,1,0,0,0,0,0,0,0,37960000,2021.0,0,0,0.0,0.0,1,1,1,0,,,retained_legacy_not_independently_reimported,2021.0,0,excluded_until_researcher_coding_rubric_is_documented,37958138.0,633.0,3796.0,3163.0,83.0,0.166763,0.0,GDP parsed from comma-formatted text to numeric.,2.49071664021396,1.78423829119899,,,,0.30884781216702956,-0.8055114040894715,Eastern Europe,1,,2016.0,2016.0,True,0,0,0
Poland,POL,1991,party,2012,2015.0,2015.0,,0,0,0,-24.0,-24.0,1.369,,,4735.93,53.6,0,0,1,1,0,0,0,0,0,0,0,38246000,2021.0,0,0,0.0,0.0,1,1,1,0,,,retained_legacy_not_independently_reimported,2021.0,0,excluded_until_researcher_coding_rubric_is_documented,37958138.0,633.0,3796.0,3163.0,83.0,0.166763,0.0,GDP parsed from comma-formatted text to numeric.,3.12722021092769,2.22525405442468,,,,0.3044779694448148,-0.8260639521163575,Eastern Europe,1,,2016.0,2016.0,True,0,0,0
Poland,POL,1992,party,2012,2015.0,2015.0,,0,0,0,-23.0,-23.0,1.105,,,4840.17,53.3,0,0,1,1,0,0,0,0,0,0,0,38374000,2021.0,0,0,0.0,0.0,1,1,1,0,,,retained_legacy_not_independently_reimported,2021.0,0,excluded_until_researcher_coding_rubric_is_documented,37958138.0,633.0,3796.0,3163.0,83.0,0.166763,0.0,GDP parsed from comma-formatted text to numeric.,3.44023562038429,2.24148158532643,,,,0.24311170911455954,-1.1356946283677223,Eastern Europe,1,,2016.0,2016.0,True,0,0,0
Poland,POL,1993,party,2012,2015.0,2015.0,,0,0,0,-22.0,-22.0,1.259,,,5008.35,52.8,0,0,1,1,0,0,0,0,0,0,0,38459000,2021.0,0,0,0.0,0.0,1,1,1,0,,,retained_legacy_not_independently_reimported,2021.0,0,excluded_until_researcher_coding_rubric_is_documented,37958138.0,633.0,3796.0,3163.0,83.0,0.166763,0.0,GDP parsed from comma-formatted text to numeric.,3.52923481384373,2.36324011082264,,,,0.26293614430937745,-1.0307633257692097,Eastern Europe,1,,2016.0,2016.0,True,0,0,0
Poland,POL,1994,party,2012,2015.0,2015.0,,0,0,0,-21.0,-21.0,1.261,,,5262.32,52.5,0,0,1,1,0,0,0,0,0,0,0,38495000,2021.0,0,0,0.0,0.0,1,1,1,0,,,retained_legacy_not_independently_reimported,2021.0,0,excluded_until_researcher_coding_rubric_is_documented,37958138.0,633.0,3796.0,3163.0,83.0,0.166763,0.0,GDP parsed from comma-formatted text to numeric.,3.58621550483225,2.39148895941217,,,,0.26014935765552266,-1.045192412555151,Eastern Europe,1,,2016.0,2016.0,True,0,0,0
Poland,POL,1995,party,2012,2015.0,2015.0,,0,0,0,-20.0,-20.0,1.205,,,5671.9,51.5,0,0,1,1,0,0,0,0,0,0,0,38587000,2021.0,0,0,0.0,0.0,1,1,1,0,,,retained_legacy_not_independently_reimported,2021.0,0,excluded_until_researcher_coding_rubric_is_documented,37958138.0,633.0,3796.0,3163.0,83.0,0.166763,0.0,GDP parsed from comma-formatted text to numeric.,3.30100984701474,2.2233999841573,,,,0.2674206317587877,-1.0077488689638974,Eastern Europe,1,,2016.0,2016.0,True,0,0,0
Poland,POL,1996,party,2012,2015.0,2015.0,,0,0,0,-19.0,-19.0,1.333,,,6012.96,50.9,0,0,1,1,0,0,0,1,0,0,0,38644000,2021.0,0,0,0.0,0.0,1,1,1,0,1.16,1.3,retained_legacy_not_independently_reimported,2021.0,0,excluded_until_researcher_coding_rubric_is_documented,37958138.0,633.0,3796.0,3163.0,83.0,0.166763,0.0,GDP parsed from comma-formatted text to numeric.,3.27405405356067,2.27585734681098,,,,0.2893389103975803,-0.89859694756131,Eastern Europe,1,,2016.0,2016.0,True,0,0,0
Poland,POL,1997,party,2012,2015.0,2015.0,,0,0,0,-18.0,-18.0,,,,6391.13,49.8,0,0,1,1,0,0,0,0,0,0,0,38660000,2021.0,0,0,0.0,0.0,1,1,1,0,,,retained_legacy_not_independently_reimported,2021.0,0,excluded_until_researcher_coding_rubric_is_documented,37958138.0,633.0,3796.0,3163.0,83.0,0.166763,0.0,GDP parsed from comma-formatted text to numeric.,,2.10439521324408,,,,,,Eastern Europe,1,,2016.0,2016.0,True,0,0,0
Poland,POL,1998,party,2012,2015.0,2015.0,,0,0,0,-17.0,-17.0,,,,6684.11,49.5,0,0,1,1,0,0,0,1,0,0,0,38666000,2021.0,0,0,0.0,0.0,1,1,1,0,1.06,1.36,retained_legacy_not_independently_reimported,2021.0,0,excluded_until_researcher_coding_rubric_is_documented,37958138.0,633.0,3796.0,3163.0,83.0,0.166763,0.0,GDP parsed from comma-formatted text to numeric.,,1.98035630053945,,,,,,Eastern Europe,1,,2016.0,2016.0,True,0,0,0
Poland,POL,1999,party,2012,2015.0,2015.0,,0,0,0,-16.0,-16.0,0.931,,,6998.79,49.2,0,0,1,1,0,0,0,0,0,0,0,38654000,2021.0,0,0,1.0,0.0,1,1,1,0,,,retained_legacy_not_independently_reimported,2021.0,0,excluded_until_researcher_coding_rubric_is_documented,37958138.0,633.0,3796.0,3163.0,83.0,0.166763,0.0,GDP parsed from comma-formatted text to numeric.,3.0018570084634,1.93534675125864,,,,0.236723582371928,-1.1707271016910898,Eastern Europe,1,,2016.0,2016.0,True,0,0,0
Poland,POL,2000,party,2012,2015.0,2015.0,,0,0,0,-15.0,-15.0,1.16,,,7401.58,48.6,0,0,1,1,1,0,0,1,1,0,0,38259000,2021.0,0,0,1.0,0.0,1,1,1,0,0.97,1.08,retained_legacy_not_independently_reimported,2021.0,0,excluded_until_researcher_coding_rubric_is_documented,37958138.0,633.0,3796.0,3163.0,83.0,0.166763,0.0,GDP parsed from comma-formatted text to numeric.,3.37759119550158,2.23482252627397,,,,0.2556422449757012,-1.0687427862581251,Eastern Europe,1,,2016.0,2016.0,True,0,0,0
Poland,POL,2001,party,2012,2015.0,2015.0,,0,0,0,-14.0,-14.0,1.108,,,7494.96,49.5,0,0,1,1,1,0,0,0,0,0,0,38241000,2021.0,0,0,1.0,0.0,1,1,1,0,,,retained_legacy_not_independently_reimported,2021.0,0,excluded_until_researcher_coding_rubric_is_documented,37958138.0,633.0,3796.0,3163.0,83.0,0.166763,0.0,GDP parsed from comma-formatted text to numeric.,3.00823223240236,2.02889838935666,,,,0.26917820410568455,-0.998796019703352,Eastern Europe,1,,2016.0,2016.0,True,0,0,0
Poland,POL,2002,party,2012,2015.0,2015.0,,0,0,0,-13.0,-13.0,1.036,,,7640.99,48.7,0,0,1,1,1,0,0,1,1,0,0,38219000,2021.0,0,0,1.0,0.0,1,1,1,0,0.77,1.14,retained_legacy_not_independently_reimported,2021.0,0,excluded_until_researcher_coding_rubric_is_documented,37958138.0,633.0,3796.0,3163.0,83.0,0.166763,0.0,GDP parsed from comma-formatted text to numeric.,2.76375603461289,1.87290370805637,,,,0.27264908340504684,-0.9812234928370949,Eastern Europe,1,,2016.0,2016.0,True,0,0,0
Poland,POL,2003,party,2012,2015.0,2015.0,,0,0,0,-12.0,-12.0,1.041,,6.078,7915.55,48.2,0,0,1,1,1,0,0,1,1,0,0,38195000,2021.0,0,0,1.0,0.0,1,1,1,0,0.87,0.87,retained_legacy_not_independently_reimported,2021.0,0,excluded_until_researcher_coding_rubric_is_documented,37958138.0,633.0,3796.0,3163.0,83.0,0.166763,0.0,GDP parsed from comma-formatted text to numeric.,2.46998877962335,,,,,0.2964976721206371,-0.8640318183341248,Eastern Europe,1,,2016.0,2016.0,True,0,0,0
Poland,POL,2004,party,2012,2015.0,2015.0,,0,0,0,-11.0,-11.0,0.781,,5.701,8323.39,47.7,0,0,1,1,1,0,0,1,1,0,0,38174000,2021.0,0,0,1.0,0.0,1,1,1,0,0.75,0.71,retained_legacy_not_independently_reimported,2021.0,0,excluded_until_researcher_coding_rubric_is_documented,37958138.0,633.0,3796.0,3163.0,83.0,0.166763,0.0,GDP parsed from comma-formatted text to numeric.,2.5940800501319,,,,,0.23140191888766554,-1.2004120742875755,Eastern Europe,1,,2016.0,2016.0,True,0,0,0
Poland,POL,2005,party,2012,2015.0,2015.0,,0,0,0,-10.0,-10.0,0.733,,5.212,8598.58,47.7,0,0,1,1,1,0,1,1,1,0,1,38165000,2021.0,0,0,1.0,0.0,1,1,1,0,0.76,0.8,retained_legacy_not_independently_reimported,2021.0,0,excluded_until_researcher_coding_rubric_is_documented,37958138.0,633.0,3796.0,3163.0,83.0,0.166763,0.0,GDP parsed from comma-formatted text to numeric.,2.22760190195295,,,,,0.24758478994304478,-1.1115352036410986,Eastern Europe,1,,2016.0,2016.0,True,0,0,0
Poland,POL,2006,party,2012,2015.0,2015.0,,0,0,0,-9.0,-9.0,0.712,,5.256,9137.66,46.9,0,0,1,1,1,0,1,1,1,0,1,38157000,2021.0,0,0,1.0,0.0,1,1,1,0,0.57,0.65,retained_legacy_not_independently_reimported,2021.0,0,excluded_until_researcher_coding_rubric_is_documented,37958138.0,633.0,3796.0,3163.0,83.0,0.166763,0.0,GDP parsed from comma-formatted text to numeric.,1.90125482565857,,,,,0.272457164532574,-0.98219147030877,Eastern Europe,1,,2016.0,2016.0,True,0,0,0
Poland,POL,2007,party,2012,2015.0,2015.0,,0,0,0,-8.0,-8.0,0.588,9.755,4.805,9760.7,46.7,0,0,1,1,1,1,1,1,1,1,1,38118000,2021.0,0,0,1.0,0.0,1,1,1,0,0.61,0.7,retained_legacy_not_independently_reimported,2021.0,0,excluded_until_researcher_coding_rubric_is_documented,37958138.0,633.0,3796.0,3163.0,83.0,0.166763,0.0,GDP parsed from comma-formatted text to numeric.,2.22911442390011,,,,,0.2087242161736379,-1.3326327183554707,Eastern Europe,1,,2016.0,2016.0,True,0,0,0
Poland,POL,2008,party,2012,2015.0,2015.0,,0,0,0,-7.0,-7.0,0.45,8.669,4.24,10187.2,47.1,0,0,1,1,1,1,1,1,1,1,1,38116000,2021.0,0,0,1.0,0.0,1,1,1,0,0.79,0.94,retained_legacy_not_independently_reimported,2021.0,0,excluded_until_researcher_coding_rubric_is_documented,37958138.0,633.0,3796.0,3163.0,83.0,0.166763,0.0,GDP parsed from comma-formatted text to numeric.,1.29467769171352,0.857987263994944,,,,0.2579272963351967,-1.0567694736841295,Eastern Europe,1,,2016.0,2016.0,True,0,0,0
Poland,POL,2009,party,2012,2015.0,2015.0,,0,0,0,-6.0,-6.0,0.569,8.386,4.026,10446.53,47.8,0,0,1,1,1,1,1,1,1,1,1,38167000,2021.0,0,0,1.0,0.0,1,1,1,0,0.88,1.1,retained_legacy_not_independently_reimported,2021.0,0,excluded_until_researcher_coding_rubric_is_documented,37958138.0,633.0,3796.0,3163.0,83.0,0.166763,0.0,GDP parsed from comma-formatted text to numeric.,1.50197579855062,1.01836330071281,,,,0.2747497099667783,-0.9706562852521041,Eastern Europe,1,,2016.0,2016.0,True,0,0,0
Poland,POL,2010,party,2012,2015.0,2015.0,,0,0,0,-5.0,-5.0,0.599,8.135,4.113,10808.4,48.9,0,0,1,1,1,1,1,1,1,1,1,38530000,2021.0,0,0,1.0,0.0,1,1,1,0,1.07,1.21,retained_legacy_not_independently_reimported,2021.0,0,excluded_until_researcher_coding_rubric_is_documented,37958138.0,633.0,3796.0,3163.0,83.0,0.166763,0.0,GDP parsed from comma-formatted text to numeric.,1.44760303173442,1.00799699931893,,,,0.2926801097779914,-0.8824027878897261,Eastern Europe,1,,2016.0,2016.0,True,0,0,0
Poland,POL,2011,party,2012,2015.0,2015.0,,0,0,0,-4.0,-4.0,0.668,7.93,3.921,11370.31,49.0,0,0,1,1,1,1,1,1,1,1,1,38538000,2021.0,0,0,1.0,0.0,1,1,1,0,1.01,1.35,retained_legacy_not_independently_reimported,2021.0,0,excluded_until_researcher_coding_rubric_is_documented,37958138.0,633.0,3796.0,3163.0,83.0,0.166763,0.0,GDP parsed from comma-formatted text to numeric.,1.56939241886545,1.10446216454824,,,,0.29856184117166773,-0.8541556555508517,Eastern Europe,1,,2016.0,2016.0,True,0,0,0
Poland,POL,2012,party,2012,2015.0,2015.0,,0,0,0,-3.0,-3.0,0.562,7.258,3.744,11542.24,49.4,0,0,1,1,1,1,1,1,1,1,1,38533000,2021.0,0,0,1.0,0.0,1,1,1,0,1.12,1.39,retained_legacy_not_independently_reimported,2021.0,0,excluded_until_researcher_coding_rubric_is_documented,37958138.0,633.0,3796.0,3163.0,83.0,0.166763,0.0,GDP parsed from comma-formatted text to numeric.,1.60897590883726,1.0693406632409,,,,0.2588697542484469,-1.0518513242316334,Eastern Europe,1,,2016.0,2016.0,True,0,0,0
Poland,POL,2013,party,2012,2015.0,2015.0,,0,0,0,-2.0,-2.0,0.434,7.985,2.054,11628.23,49.2,0,0,1,1,1,1,1,1,1,1,1,38496000,2021.0,0,0,1.0,0.0,1,1,1,0,1.12,1.43,retained_legacy_not_independently_reimported,2021.0,0,excluded_until_researcher_coding_rubric_is_documented,37958138.0,633.0,3796.0,3163.0,83.0,0.166763,0.0,GDP parsed from comma-formatted text to numeric.,1.18308995974616,0.797192575262003,,,,0.26838333723136,-1.002840370728274,Eastern Europe,1,,2016.0,2016.0,True,0,0,0
Poland,POL,2014,party,2012,2015.0,2015.0,,0,0,0,-1.0,-1.0,0.468,7.66,2.072,12093.16,49.5,0,0,1,1,1,1,1,1,1,1,1,38479000,2021.0,0,0,1.0,0.0,1,1,1,0,1.31,1.48,retained_legacy_not_independently_reimported,2021.0,0,excluded_until_researcher_coding_rubric_is_documented,37958138.0,633.0,3796.0,3163.0,83.0,0.166763,0.0,GDP parsed from comma-formatted text to numeric.,1.0500575204154,0.750030452020356,,,,0.3082887135079947,-0.808131927081479,Eastern Europe,1,,2016.0,2016.0,True,0,0,0
Poland,POL,2015,party,2012,2015.0,2015.0,,1,1,1,0.0,0.0,0.568,7.2,1.717,12637.52,49.5,0,0,1,1,1,1,1,1,1,1,1,38418000,2021.0,0,0,1.0,0.0,1,1,1,0,1.27,1.37,retained_legacy_not_independently_reimported,2021.0,0,excluded_until_researcher_coding_rubric_is_documented,37958138.0,633.0,3796.0,3163.0,83.0,0.166763,0.0,GDP parsed from comma-formatted text to numeric.,1.00249197406812,0.778752821607014,,,,0.36167010680652034,-0.5681227345104382,Eastern Europe,1,,2016.0,2016.0,True,0,0,1
Poland,POL,2016,party,2012,2015.0,2015.0,,1,1,1,1.0,1.0,0.36,8.246,2.067,13026.19,49.6,0,0,1,1,1,1,1,1,1,1,1,37972000,2021.0,0,0,1.0,0.0,1,1,1,0,1.12,1.02,retained_legacy_not_independently_reimported,2021.0,0,excluded_until_researcher_coding_rubric_is_documented,37958138.0,633.0,3796.0,3163.0,83.0,0.166763,0.0,GDP parsed from comma-formatted text to numeric.,1.01857338934445,0.67950291225801,,,,0.26113952494846143,-1.0400542579236216,Eastern Europe,1,,2016.0,2016.0,True,1,1,1
Poland,POL,2017,party,2012,2015.0,2015.0,,1,1,1,2.0,2.0,0.477,8.42,1.877,13695.65,49.8,0,0,1,1,1,1,1,1,1,1,1,37973000,2021.0,0,0,1.0,0.0,1,1,1,0,0.95,0.69,retained_legacy_not_independently_reimported,2021.0,0,excluded_until_researcher_coding_rubric_is_documented,37958138.0,633.0,3796.0,3163.0,83.0,0.166763,0.0,GDP parsed from comma-formatted text to numeric.,1.04016631882176,0.750229542138962,,,,0.3144019176292029,-0.7796194104049262,Eastern Europe,1,,2016.0,2016.0,True,1,1,1
Poland,POL,2018,party,2012,2015.0,2015.0,,1,1,1,3.0,3.0,0.422,8.703,1.977,14551.09,49.9,0,0,1,1,1,1,1,1,1,1,1,37977000,2021.0,0,0,1.0,0.0,1,1,1,0,0.94,0.65,retained_legacy_not_independently_reimported,2021.0,0,excluded_until_researcher_coding_rubric_is_documented,37958138.0,633.0,3796.0,3163.0,83.0,0.166763,0.0,GDP parsed from comma-formatted text to numeric.,1.02415485393881,0.713892149018161,,,,0.29180830728508955,-0.8866177046797808,Eastern Europe,1,,2016.0,2016.0,True,1,1,1
Poland,POL,2019,party,2012,2015.0,2015.0,,1,1,1,4.0,4.0,0.407,9.313,1.857,15221.31,49.6,0,0,1,1,1,1,1,1,1,1,1,37972000,2021.0,0,0,1.0,0.0,1,1,1,0,0.88,0.67,retained_legacy_not_independently_reimported,2021.0,0,excluded_until_researcher_coding_rubric_is_documented,37958138.0,633.0,3796.0,3163.0,83.0,0.166763,0.0,GDP parsed from comma-formatted text to numeric.,0.932684494023245,0.661855188726895,,,,0.30380287434523223,-0.8292537953243727,Eastern Europe,1,,2016.0,2016.0,True,1,1,1
Poland,POL,2020,party,2012,2015.0,2015.0,,1,1,1,5.0,5.0,0.453,7.7,1.488,15090.22,49.3,0,0,1,1,1,1,1,1,1,1,1,37847000,2021.0,0,0,1.0,0.0,1,1,1,0,0.56,0.89,retained_legacy_not_independently_reimported,2021.0,0,excluded_until_researcher_coding_rubric_is_documented,37958138.0,633.0,3796.0,3163.0,83.0,0.166763,0.0,GDP parsed from comma-formatted text to numeric.,0.955786426876952,0.69686389242182,,,,0.32155335355141557,-0.7466423597618571,Eastern Europe,1,,2016.0,2016.0,True,1,1,1
Poland,POL,2021,party,2012,2015.0,2015.0,,1,1,1,6.0,6.0,0.403,8.449,1.53,16368.62,51.0,0,0,1,1,1,1,1,1,1,1,1,37840000,2021.0,1,1,1.0,0.0,1,1,1,0,0.44,0.73,retained_legacy_not_independently_reimported,2021.0,1,excluded_until_researcher_coding_rubric_is_documented,37958138.0,633.0,3796.0,3163.0,83.0,0.166763,0.0,GDP parsed from comma-formatted text to numeric.,1.0518368514294,0.717659927064458,,,,0.27700700570242376,-0.9593567351315898,Eastern Europe,1,,2016.0,2016.0,True,1,1,1
Poland,POL,2022,party,2012,2015.0,2015.0,,1,1,1,7.0,7.0,0.46,8.785,1.537,17303.64,51.6,0,0,1,1,1,1,1,1,1,1,1,41026000,2021.0,1,1,1.0,0.0,1,1,1,0,0.36,0.6,retained_legacy_not_independently_reimported,2021.0,1,excluded_until_researcher_coding_rubric_is_documented,37958138.0,633.0,3796.0,3163.0,83.0,0.166763,0.0,GDP parsed from comma-formatted text to numeric.,0.956782793132245,0.703386223722305,,,,0.3246792678664773,-0.7323499097850503,Eastern Europe,1,,2016.0,2016.0,True,1,1,1
Poland,POL,2023,party,2012,2015.0,2015.0,,1,1,1,8.0,8.0,0.611,9.068,1.287,17410.38,52.2,0,0,1,1,1,1,1,1,1,1,1,38539000,2021.0,1,1,1.0,0.0,1,1,1,0,0.3,0.32,retained_legacy_not_independently_reimported,2021.0,1,excluded_until_researcher_coding_rubric_is_documented,37958138.0,633.0,3796.0,3163.0,83.0,0.166763,0.0,GDP parsed from comma-formatted text to numeric. | UNODC outcome values preserved from source dataset; not silently imputed or replaced.,0.995491620742074,0.802314721828908,,,,0.38033189349457397,-0.4881397471621977,Eastern Europe,1,,2016.0,2016.0,True,1,1,1
Portugal,PRT,1990,party,2011,2013.0,2014.0,,0,0,0,-23.0,-24.0,,,,14593.27,48.1,0,0,1,1,0,0,0,0,0,0,0,9983000,2019.0,0,0,0.0,0.0,1,1,1,0,,,retained_legacy_not_independently_reimported,2019.0,0,excluded_until_researcher_coding_rubric_is_documented,10295909.0,605.0,1030.0,425.0,41.0,0.587612,0.0,GDP parsed from comma-formatted text to numeric.,,1.55031373802425,,,,,,Southern Europe,0,,2014.0,2015.0,True,0,0,0
Portugal,PRT,1991,party,2011,2013.0,2014.0,,0,0,0,-22.0,-23.0,,,,15265.88,50.1,0,0,1,1,0,0,0,0,0,0,0,10009000,2019.0,0,0,0.0,0.0,1,1,1,0,,,retained_legacy_not_independently_reimported,2019.0,0,excluded_until_researcher_coding_rubric_is_documented,10295909.0,605.0,1030.0,425.0,41.0,0.587612,0.0,GDP parsed from comma-formatted text to numeric.,,1.52523293783729,,,,,,Southern Europe,0,,2014.0,2015.0,True,0,0,0
Portugal,PRT,1992,party,2011,2013.0,2014.0,,0,0,0,-21.0,-22.0,,,,15444.2,48.6,0,0,1,1,0,0,0,0,0,0,0,10038000,2019.0,0,0,0.0,0.0,1,1,1,0,,,retained_legacy_not_independently_reimported,2019.0,0,excluded_until_researcher_coding_rubric_is_documented,10295909.0,605.0,1030.0,425.0,41.0,0.587612,0.0,GDP parsed from comma-formatted text to numeric.,,1.43235243994931,,,,,,Southern Europe,0,,2014.0,2015.0,True,0,0,0
Portugal,PRT,1993,party,2011,2013.0,2014.0,,0,0,0,-20.0,-21.0,,,,15110.14,48.8,0,0,1,1,0,0,0,0,0,0,0,10034000,2019.0,0,0,0.0,0.0,1,1,1,0,,,retained_legacy_not_independently_reimported,2019.0,0,excluded_until_researcher_coding_rubric_is_documented,10295909.0,605.0,1030.0,425.0,41.0,0.587612,0.0,GDP parsed from comma-formatted text to numeric.,,1.402392472514,,,,,,Southern Europe,0,,2014.0,2015.0,True,0,0,0
Portugal,PRT,1994,party,2011,2013.0,2014.0,,0,0,0,-19.0,-20.0,0.775,,,15214.93,49.1,0,0,1,1,0,0,0,0,0,0,0,10031000,2019.0,0,0,0.0,0.0,1,1,1,0,,,retained_legacy_not_independently_reimported,2019.0,0,excluded_until_researcher_coding_rubric_is_documented,10295909.0,605.0,1030.0,425.0,41.0,0.587612,0.0,GDP parsed from comma-formatted text to numeric.,2.13521088548428,1.43021646326171,,,,0.2663037252267835,-1.0134576668338822,Southern Europe,0,,2014.0,2015.0,True,0,0,0
Portugal,PRT,1995,party,2011,2013.0,2014.0,,0,0,0,-18.0,-19.0,0.67,,,15811.72,49.1,0,0,1,1,0,0,0,0,0,0,0,10030000,2019.0,0,0,0.0,0.0,1,1,1,0,,,retained_legacy_not_independently_reimported,2019.0,0,excluded_until_researcher_coding_rubric_is_documented,10295909.0,605.0,1030.0,425.0,41.0,0.587612,0.0,GDP parsed from comma-formatted text to numeric.,1.53438894817215,1.08655014894958,,,,0.3039391031948129,-0.8286097890149833,Southern Europe,0,,2014.0,2015.0,True,0,0,0
Portugal,PRT,1996,party,2011,2013.0,2014.0,,0,0,0,-17.0,-18.0,0.512,,,16304.38,49.5,0,0,1,1,0,0,0,1,0,0,0,10056000,2019.0,0,0,1.0,0.0,1,1,1,0,2.17,2.19,retained_legacy_not_independently_reimported,2019.0,0,excluded_until_researcher_coding_rubric_is_documented,10295909.0,605.0,1030.0,425.0,41.0,0.587612,0.0,GDP parsed from comma-formatted text to numeric.,1.63464672828612,1.05287738974611,,,,0.23851153208091216,-1.16085736661919,Southern Europe,0,,2014.0,2015.0,True,0,0,0
Portugal,PRT,1997,party,2011,2013.0,2014.0,,0,0,0,-16.0,-17.0,0.54,,,16946.09,50.5,0,0,1,1,0,0,0,0,0,0,0,10088000,2019.0,0,0,1.0,0.0,1,1,1,0,,,retained_legacy_not_independently_reimported,2019.0,0,excluded_until_researcher_coding_rubric_is_documented,10295909.0,605.0,1030.0,425.0,41.0,0.587612,0.0,GDP parsed from comma-formatted text to numeric.,1.7591879597571,1.12753493219435,,,,0.2348655305489025,-1.181038455500727,Southern Europe,0,,2014.0,2015.0,True,0,0,0
Portugal,PRT,1998,party,2011,2013.0,2014.0,,0,0,0,-15.0,-16.0,0.599,,,17671.31,51.9,0,0,1,1,0,0,0,1,0,0,0,10120000,2019.0,0,0,1.0,0.0,1,1,1,0,1.89,2.11,retained_legacy_not_independently_reimported,2019.0,0,excluded_until_researcher_coding_rubric_is_documented,10295909.0,605.0,1030.0,425.0,41.0,0.587612,0.0,GDP parsed from comma-formatted text to numeric.,1.9090577142962,1.23037242241284,,,,0.23883022969752063,-1.159103457890962,Southern Europe,0,,2014.0,2015.0,True,0,0,0
Portugal,PRT,1999,party,2011,2013.0,2014.0,,0,0,0,-14.0,-15.0,0.629,,,18258.09,52.3,0,0,1,1,0,0,0,0,0,0,0,10164000,2019.0,0,0,1.0,0.0,1,1,1,0,,,retained_legacy_not_independently_reimported,2019.0,0,excluded_until_researcher_coding_rubric_is_documented,10295909.0,605.0,1030.0,425.0,41.0,0.587612,0.0,GDP parsed from comma-formatted text to numeric.,1.53737257790631,1.06707167094564,,,,0.29034710207045583,-0.8936988633873164,Southern Europe,0,,2014.0,2015.0,True,0,0,0
Portugal,PRT,2000,party,2011,2013.0,2014.0,,0,0,0,-13.0,-14.0,0.674,,,18822.09,52.7,0,0,1,1,1,0,0,1,1,0,0,10226000,2019.0,0,0,1.0,0.0,1,1,1,0,1.65,2.04,retained_legacy_not_independently_reimported,2019.0,0,excluded_until_researcher_coding_rubric_is_documented,10295909.0,605.0,1030.0,425.0,41.0,0.587612,0.0,GDP parsed from comma-formatted text to numeric.,1.61454065786474,1.12805303055093,,,,0.2945108262262018,-0.8735756619139611,Southern Europe,0,,2014.0,2015.0,True,0,0,0
Portugal,PRT,2001,party,2011,2013.0,2014.0,,0,0,0,-12.0,-13.0,0.468,,,19053.09,53.5,0,0,1,1,1,0,0,0,0,0,0,10290000,2019.0,0,0,1.0,0.0,1,1,1,0,,,retained_legacy_not_independently_reimported,2019.0,0,excluded_until_researcher_coding_rubric_is_documented,10295909.0,605.0,1030.0,425.0,41.0,0.587612,0.0,GDP parsed from comma-formatted text to numeric.,1.5986871551228,1.01406904912049,,,,0.22644936793648,-1.2284697474445787,Southern Europe,0,,2014.0,2015.0,True,0,0,0
Portugal,PRT,2002,party,2011,2013.0,2014.0,,0,0,0,-11.0,-12.0,0.692,,,19095.11,54.1,0,0,1,1,1,0,0,1,1,0,0,10329000,2019.0,0,0,1.0,0.0,1,1,1,0,1.96,2.22,retained_legacy_not_independently_reimported,2019.0,0,excluded_until_researcher_coding_rubric_is_documented,10295909.0,605.0,1030.0,425.0,41.0,0.587612,0.0,GDP parsed from comma-formatted text to numeric.,1.62633198790141,1.14279743752163,,,,0.2984904679792686,-0.8544964882504025,Southern Europe,0,,2014.0,2015.0,True,0,0,0
Portugal,PRT,2003,party,2011,2013.0,2014.0,,0,0,0,-10.0,-11.0,0.615,18.806,3.75,18846.54,54.8,0,0,1,1,1,0,0,1,1,0,0,10475000,2019.0,0,0,1.0,0.0,1,1,1,0,1.88,2.17,retained_legacy_not_independently_reimported,2019.0,0,excluded_until_researcher_coding_rubric_is_documented,10295909.0,605.0,1030.0,425.0,41.0,0.587612,0.0,GDP parsed from comma-formatted text to numeric.,2.29546127619968,,,,,0.21130671108018767,-1.3170668263001197,Southern Europe,0,,2014.0,2015.0,True,0,0,0
Portugal,PRT,2004,party,2011,2013.0,2014.0,,0,0,0,-9.0,-10.0,0.723,16.229,3.225,19137.84,54.3,0,0,1,1,1,0,0,1,1,0,0,10501000,2019.0,0,0,1.0,0.0,1,1,1,0,1.78,2.1,retained_legacy_not_independently_reimported,2019.0,0,excluded_until_researcher_coding_rubric_is_documented,10295909.0,605.0,1030.0,425.0,41.0,0.587612,0.0,GDP parsed from comma-formatted text to numeric.,2.07420004118152,,,,,0.2584727546674171,-1.0539216138510392,Southern Europe,0,,2014.0,2015.0,True,0,0,0
Portugal,PRT,2005,party,2011,2013.0,2014.0,,0,0,0,-8.0,-9.0,0.603,15.415,3.475,19251.71,55.3,0,0,1,1,1,1,1,1,1,1,1,10503000,2019.0,0,0,1.0,0.0,1,1,1,0,1.79,2.08,retained_legacy_not_independently_reimported,2019.0,0,excluded_until_researcher_coding_rubric_is_documented,10295909.0,605.0,1030.0,425.0,41.0,0.587612,0.0,GDP parsed from comma-formatted text to numeric.,2.02033361612192,1.28534783916604,,,,0.2298602039383066,-1.2091007365272324,Southern Europe,0,,2014.0,2015.0,True,0,0,0
Portugal,PRT,2006,party,2011,2013.0,2014.0,,0,0,0,-7.0,-8.0,0.774,16.429,3.24,19529.31,55.5,0,0,1,1,1,1,1,1,1,1,1,10541000,2019.0,0,0,1.0,0.0,1,1,1,0,1.47,1.66,retained_legacy_not_independently_reimported,2019.0,0,excluded_until_researcher_coding_rubric_is_documented,10295909.0,605.0,1030.0,425.0,41.0,0.587612,0.0,GDP parsed from comma-formatted text to numeric.,2.22712993052666,,,,,0.2579028625608932,-1.0568971352646406,Southern Europe,0,,2014.0,2015.0,True,0,0,0
Portugal,PRT,2007,party,2011,2013.0,2014.0,,0,0,0,-6.0,-7.0,0.943,17.162,2.892,19979.57,55.9,0,0,1,1,1,1,1,1,1,1,1,10563000,2019.0,0,0,1.0,0.0,1,1,1,0,1.52,1.71,retained_legacy_not_independently_reimported,2019.0,0,excluded_until_researcher_coding_rubric_is_documented,10295909.0,605.0,1030.0,425.0,41.0,0.587612,0.0,GDP parsed from comma-formatted text to numeric.,2.63102859503829,,,,,0.2638479169722192,-1.0260638668533948,Southern Europe,0,,2014.0,2015.0,True,0,0,0
Portugal,PRT,2008,party,2011,2013.0,2014.0,,0,0,0,-5.0,-6.0,0.656,21.308,2.972,20014.47,55.8,0,0,1,1,1,1,1,1,1,1,1,10558000,2019.0,0,0,1.0,0.0,1,1,1,0,1.83,1.72,retained_legacy_not_independently_reimported,2019.0,0,excluded_until_researcher_coding_rubric_is_documented,10295909.0,605.0,1030.0,425.0,41.0,0.587612,0.0,GDP parsed from comma-formatted text to numeric.,1.73537950695885,,,,,0.2743186508419336,-0.9728206155169768,Southern Europe,0,,2014.0,2015.0,True,0,0,0
Portugal,PRT,2009,party,2011,2013.0,2014.0,,0,0,0,-4.0,-5.0,0.687,24.167,3.565,19371.13,55.6,0,0,1,1,1,1,1,1,1,1,1,10568000,2019.0,0,0,1.0,1.0,1,1,1,0,1.96,1.8,retained_legacy_not_independently_reimported,2019.0,0,excluded_until_researcher_coding_rubric_is_documented,10295909.0,605.0,1030.0,425.0,41.0,0.587612,0.0,GDP parsed from comma-formatted text to numeric.,1.8182888270659,,,,,0.27421987939194564,-0.9733168406697722,Southern Europe,0,,2014.0,2015.0,True,0,0,0
Portugal,PRT,2010,party,2011,2013.0,2014.0,,0,0,0,-3.0,-4.0,0.755,20.229,4.008,19698.68,55.8,0,0,1,1,1,1,1,1,1,1,1,10573000,2019.0,0,0,1.0,1.0,1,1,1,0,1.67,1.74,retained_legacy_not_independently_reimported,2019.0,0,excluded_until_researcher_coding_rubric_is_documented,10295909.0,605.0,1030.0,425.0,41.0,0.587612,0.0,GDP parsed from comma-formatted text to numeric.,1.62735983732098,1.1721711445495,,,,0.3169126628868187,-0.7679964996632702,Southern Europe,0,,2014.0,2015.0,True,0,0,0
Portugal,PRT,2011,party,2011,2013.0,2014.0,,0,0,0,-2.0,-3.0,0.71,19.807,3.543,19389.64,54.6,0,0,1,1,1,1,1,1,1,1,1,10557000,2019.0,0,0,1.0,1.0,1,1,1,0,1.57,1.69,retained_legacy_not_independently_reimported,2019.0,0,excluded_until_researcher_coding_rubric_is_documented,10295909.0,605.0,1030.0,425.0,41.0,0.587612,0.0,GDP parsed from comma-formatted text to numeric.,1.48420906114559,1.07984686066494,,,,0.32357901194214883,-0.7373723205525052,Southern Europe,0,,2014.0,2015.0,True,0,0,0
Portugal,PRT,2012,party,2011,2013.0,2014.0,,0,0,0,-1.0,-2.0,0.752,19.3,3.567,18679.76,54.7,0,0,1,1,1,1,1,1,1,1,1,10514000,2019.0,0,0,1.0,1.0,1,1,1,0,1.7,1.76,retained_legacy_not_independently_reimported,2019.0,0,excluded_until_researcher_coding_rubric_is_documented,10295909.0,605.0,1030.0,425.0,41.0,0.587612,0.0,GDP parsed from comma-formatted text to numeric.,1.60856618054657,1.16045143463187,,,,0.31856764118592956,-0.76036216614555,Southern Europe,0,,2014.0,2015.0,True,0,0,0
Portugal,PRT,2013,party,2011,2013.0,2014.0,,1,0,0,0.0,-1.0,0.948,20.424,3.299,18597.72,54.2,0,0,1,1,1,1,1,1,1,1,1,10458000,2019.0,0,0,1.0,1.0,1,1,1,0,2.03,1.77,retained_legacy_not_independently_reimported,2019.0,0,excluded_until_researcher_coding_rubric_is_documented,10295909.0,605.0,1030.0,425.0,41.0,0.587612,0.0,GDP parsed from comma-formatted text to numeric.,1.84862074567671,1.37689714793445,,,,0.3389805362294874,-0.6678405948845937,Southern Europe,0,,2014.0,2015.0,True,0,0,1
Portugal,PRT,2014,party,2011,2013.0,2014.0,,1,1,1,1.0,0.0,0.881,22.4,3.594,18836.9,53.8,0,0,1,1,1,1,1,1,1,1,1,10401000,2019.0,0,0,1.0,1.0,1,1,1,0,1.67,1.9,retained_legacy_not_independently_reimported,2019.0,0,excluded_until_researcher_coding_rubric_is_documented,10295909.0,605.0,1030.0,425.0,41.0,0.587612,0.0,GDP parsed from comma-formatted text to numeric.,0.887480937154343,0.884088459392736,,,,0.49816765422284637,-0.007329415919996515,Southern Europe,0,,2014.0,2015.0,True,1,0,1
Portugal,PRT,2015,party,2011,2013.0,2014.0,,1,1,1,2.0,1.0,0.583,23.577,3.616,19215.78,53.7,0,0,1,1,1,1,1,1,1,1,1,10358000,2019.0,0,0,1.0,1.0,1,1,1,0,1.98,1.88,retained_legacy_not_independently_reimported,2019.0,0,excluded_until_researcher_coding_rubric_is_documented,10295909.0,605.0,1030.0,425.0,41.0,0.587612,0.0,GDP parsed from comma-formatted text to numeric.,1.38670253208054,0.96429532624377,,,,0.29598377953253374,-0.8664967423833856,Southern Europe,0,,2014.0,2015.0,True,1,1,1
Portugal,PRT,2016,party,2011,2013.0,2014.0,,1,1,1,3.0,2.0,0.336,23.902,3.238,19662.82,53.5,0,0,1,1,1,1,1,1,1,1,1,10325000,2019.0,0,0,1.0,1.0,1,1,1,0,1.96,1.78,retained_legacy_not_independently_reimported,2019.0,0,excluded_until_researcher_coding_rubric_is_documented,10295909.0,605.0,1030.0,425.0,41.0,0.587612,0.0,GDP parsed from comma-formatted text to numeric.,0.971679898607657,0.637904765071273,,,,0.25694361468563803,-1.0619152678385921,Southern Europe,0,,2014.0,2015.0,True,1,1,1
Portugal,PRT,2017,party,2011,2013.0,2014.0,,1,1,1,4.0,3.0,0.441,24.567,3.949,20364.2,54.0,0,0,1,1,1,1,1,1,1,1,1,10310000,2019.0,0,0,1.0,1.0,1,1,1,0,2.21,1.88,retained_legacy_not_independently_reimported,2019.0,0,excluded_until_researcher_coding_rubric_is_documented,10295909.0,605.0,1030.0,425.0,41.0,0.587612,0.0,GDP parsed from comma-formatted text to numeric.,1.06195025717124,0.735661094098411,,,,0.29342288468683114,-0.8788174864362583,Southern Europe,0,,2014.0,2015.0,True,1,1,1
Portugal,PRT,2018,party,2011,2013.0,2014.0,,1,1,1,5.0,4.0,0.504,23.854,4.077,20997.77,54.3,0,0,1,1,1,1,1,1,1,1,1,10278000,2019.0,0,0,1.0,1.0,1,1,1,0,2.02,1.89,retained_legacy_not_independently_reimported,2019.0,0,excluded_until_researcher_coding_rubric_is_documented,10295909.0,605.0,1030.0,425.0,41.0,0.587612,0.0,GDP parsed from comma-formatted text to numeric.,1.09589088653769,0.784476811591817,,,,0.31502148317795725,-0.7767466384018068,Southern Europe,0,,2014.0,2015.0,True,1,1,1
Portugal,PRT,2019,party,2011,2013.0,2014.0,,1,1,1,6.0,5.0,0.604,26.114,4.167,21569.19,54.5,0,0,1,1,1,1,1,1,1,1,1,10277000,2019.0,1,1,1.0,1.0,1,1,1,0,1.94,1.89,retained_legacy_not_independently_reimported,2019.0,1,excluded_until_researcher_coding_rubric_is_documented,10295909.0,605.0,1030.0,425.0,41.0,0.587612,0.0,GDP parsed from comma-formatted text to numeric.,0.819046211893583,0.705776821960449,,,,0.42444159223493144,-0.3045663091049262,Southern Europe,0,,2014.0,2015.0,True,1,1,1
Portugal,PRT,2020,party,2011,2013.0,2014.0,,1,1,1,7.0,6.0,0.619,23.47,3.037,19778.71,53.2,0,0,1,1,1,1,1,1,1,1,1,10300000,2019.0,1,1,1.0,1.0,1,1,1,0,1.68,1.97,retained_legacy_not_independently_reimported,2019.0,1,excluded_until_researcher_coding_rubric_is_documented,10295909.0,605.0,1030.0,425.0,41.0,0.587612,0.0,GDP parsed from comma-formatted text to numeric.,0.960592512071215,0.78106023430457,,,,0.3918732174719835,-0.4394450214618373,Southern Europe,0,,2014.0,2015.0,True,1,1,1
Portugal,PRT,2021,party,2011,2013.0,2014.0,,1,1,1,8.0,7.0,0.459,26.167,3.821,20747.7,52.9,0,0,1,1,1,1,1,1,1,1,1,10344000,2019.0,1,1,1.0,1.0,1,1,1,0,1.63,1.89,retained_legacy_not_independently_reimported,2019.0,1,excluded_until_researcher_coding_rubric_is_documented,10295909.0,605.0,1030.0,425.0,41.0,0.587612,0.0,GDP parsed from comma-formatted text to numeric.,1.15268355348073,0.789147831496343,,,,0.28479536135285627,-0.9207978176218975,Southern Europe,0,,2014.0,2015.0,True,1,1,1
Portugal,PRT,2022,party,2011,2013.0,2014.0,,1,1,1,9.0,8.0,0.44,29.029,4.982,22042.87,53.8,0,0,1,1,1,1,1,1,1,1,1,10343000,2019.0,1,1,1.0,1.0,1,1,1,0,1.4,1.56,retained_legacy_not_independently_reimported,2019.0,1,excluded_until_researcher_coding_rubric_is_documented,10295909.0,605.0,1030.0,425.0,41.0,0.587612,0.0,GDP parsed from comma-formatted text to numeric.,1.02771329660501,0.719971949892832,,,,0.29978606926691387,-0.8483167858514379,Southern Europe,0,,2014.0,2015.0,True,1,1,1
Portugal,PRT,2023,party,2011,2013.0,2014.0,,1,1,1,10.0,9.0,,30.851,4.736,22417.16,54.7,0,0,1,1,0,1,1,0,0,0,0,10480000,2019.0,1,0,1.0,1.0,1,1,1,0,,,excluded_legacy_flagged_for_manual_review,2019.0,1,excluded_until_researcher_coding_rubric_is_documented,10295909.0,605.0,1030.0,425.0,41.0,0.587612,0.0,GDP parsed from comma-formatted text to numeric. | WGI legacy value excluded because source file flagged this country-year for manual review. | UNODC outcome values preserved from source dataset; not silently imputed or replaced.,,,,,,,,Southern Europe,0,,2014.0,2015.0,True,1,1,1
Romania,ROU,1990,party,2014,2016.0,2016.0,,0,0,0,-26.0,-26.0,1.644,,,5019.44,41.4,0,0,1,1,0,0,0,0,0,0,0,22810000,2022.0,0,0,0.0,0.0,1,1,1,0,,,retained_legacy_not_independently_reimported,2022.0,0,excluded_until_researcher_coding_rubric_is_documented,19328838.0,796.0,1933.0,1137.0,59.0,0.41182,0.0,GDP parsed from comma-formatted text to numeric. | GREVIO baseline publication year corrected to 2022 from official CoE page.,5.40933445066681,3.46999262844531,,,,0.23308124852134,-1.190993766598677,Eastern Europe,1,,2017.0,2017.0,True,0,0,0
Romania,ROU,1991,party,2014,2016.0,2016.0,,0,0,0,-25.0,-25.0,1.562,,,4409.15,41.6,0,0,1,1,0,0,0,0,0,0,0,22755000,2022.0,0,0,0.0,0.0,1,1,1,0,,,retained_legacy_not_independently_reimported,2022.0,0,excluded_until_researcher_coding_rubric_is_documented,19328838.0,796.0,1933.0,1137.0,59.0,0.41182,0.0,GDP parsed from comma-formatted text to numeric. | GREVIO baseline publication year corrected to 2022 from official CoE page.,5.76599331454181,3.59953421330034,,,,0.21315521629916573,-1.3060103883359924,Eastern Europe,1,,2017.0,2017.0,True,0,0,0
Romania,ROU,1992,party,2014,2016.0,2016.0,,0,0,0,-24.0,-24.0,1.81,,,4059.1,41.9,0,0,1,1,0,0,0,0,0,0,0,22788000,2022.0,0,0,0.0,0.0,1,1,1,0,,,retained_legacy_not_independently_reimported,2022.0,0,excluded_until_researcher_coding_rubric_is_documented,19328838.0,796.0,1933.0,1137.0,59.0,0.41182,0.0,GDP parsed from comma-formatted text to numeric. | GREVIO baseline publication year corrected to 2022 from official CoE page.,5.63242223038192,3.66177386320525,,,,0.243200391481567,-1.1352127406510588,Eastern Europe,1,,2017.0,2017.0,True,0,0,0
Romania,ROU,1993,party,2014,2016.0,2016.0,,0,0,0,-23.0,-23.0,1.701,,,4126.77,42.0,0,0,1,1,0,0,0,0,0,0,0,22764000,2022.0,0,0,0.0,0.0,1,1,1,0,,,retained_legacy_not_independently_reimported,2022.0,0,excluded_until_researcher_coding_rubric_is_documented,19328838.0,796.0,1933.0,1137.0,59.0,0.41182,0.0,GDP parsed from comma-formatted text to numeric. | GREVIO baseline publication year corrected to 2022 from official CoE page.,4.85220180710661,3.22647718095903,,,,0.25956777313882706,-1.0482162693642638,Eastern Europe,1,,2017.0,2017.0,True,0,0,0
Romania,ROU,1994,party,2014,2016.0,2016.0,,0,0,0,-22.0,-22.0,1.894,,,4295.27,41.9,0,0,1,1,0,0,0,0,0,0,0,22736000,2022.0,0,0,0.0,0.0,1,1,1,0,,,retained_legacy_not_independently_reimported,2022.0,0,excluded_until_researcher_coding_rubric_is_documented,19328838.0,796.0,1933.0,1137.0,59.0,0.41182,0.0,GDP parsed from comma-formatted text to numeric. | GREVIO baseline publication year corrected to 2022 from official CoE page.,5.02872147097444,3.41005330735072,,,,0.2735918248251292,-0.9764747763175795,Eastern Europe,1,,2017.0,2017.0,True,0,0,0
Romania,ROU,1995,party,2014,2016.0,2016.0,,0,0,0,-21.0,-21.0,1.789,,,4572.26,41.6,0,0,1,1,0,0,0,0,0,0,0,22681000,2022.0,0,0,0.0,0.0,1,1,1,0,,,retained_legacy_not_independently_reimported,2022.0,0,excluded_until_researcher_coding_rubric_is_documented,19328838.0,796.0,1933.0,1137.0,59.0,0.41182,0.0,GDP parsed from comma-formatted text to numeric. | GREVIO baseline publication year corrected to 2022 from official CoE page.,5.01045800542582,3.345437668207,,,,0.26310920643563307,-1.0298705246404647,Eastern Europe,1,,2017.0,2017.0,True,0,0,0
Romania,ROU,1996,party,2014,2016.0,2016.0,,0,0,0,-20.0,-20.0,1.884,,,4764.64,41.6,0,0,1,1,0,0,0,1,0,0,0,22608000,2022.0,0,0,0.0,0.0,1,1,1,0,-0.49,-0.04,retained_legacy_not_independently_reimported,2022.0,0,excluded_until_researcher_coding_rubric_is_documented,19328838.0,796.0,1933.0,1137.0,59.0,0.41182,0.0,GDP parsed from comma-formatted text to numeric. | GREVIO baseline publication year corrected to 2022 from official CoE page.,4.61641283822332,3.20292291114639,,,,0.28982774585051296,-0.8962207854093063,Eastern Europe,1,,2017.0,2017.0,True,0,0,0
Romania,ROU,1997,party,2014,2016.0,2016.0,,0,0,0,-19.0,-19.0,1.907,,,4546.67,41.9,0,0,1,1,0,0,0,0,0,0,0,22543000,2022.0,0,0,0.0,0.0,1,1,1,0,,,retained_legacy_not_independently_reimported,2022.0,0,excluded_until_researcher_coding_rubric_is_documented,19328838.0,796.0,1933.0,1137.0,59.0,0.41182,0.0,GDP parsed from comma-formatted text to numeric. | GREVIO baseline publication year corrected to 2022 from official CoE page.,4.36570270676875,3.09216078120564,,,,0.30401568337396156,-0.8282478363758292,Eastern Europe,1,,2017.0,2017.0,True,0,0,0
Romania,ROU,1998,party,2014,2016.0,2016.0,,0,0,0,-18.0,-18.0,1.429,,,4463.61,42.1,0,0,1,1,0,0,0,1,0,0,0,22503000,2022.0,0,0,0.0,0.0,1,1,1,0,-0.9,-0.19,retained_legacy_not_independently_reimported,2022.0,0,excluded_until_researcher_coding_rubric_is_documented,19328838.0,796.0,1933.0,1137.0,59.0,0.41182,0.0,GDP parsed from comma-formatted text to numeric. | GREVIO baseline publication year corrected to 2022 from official CoE page.,3.68921877592482,2.51739961773668,,,,0.27919869442114487,-0.9484398228486541,Eastern Europe,1,,2017.0,2017.0,True,0,0,0
Romania,ROU,1999,party,2014,2016.0,2016.0,,0,0,0,-17.0,-17.0,1.415,,,4453.78,42.3,0,0,1,1,0,0,0,0,0,0,0,22458000,2022.0,0,0,0.0,0.0,1,1,1,0,,,retained_legacy_not_independently_reimported,2022.0,0,excluded_until_researcher_coding_rubric_is_documented,19328838.0,796.0,1933.0,1137.0,59.0,0.41182,0.0,GDP parsed from comma-formatted text to numeric. | GREVIO baseline publication year corrected to 2022 from official CoE page.,3.78235458360815,2.55344193822665,,,,0.27225388940418743,-0.9832171903274987,Eastern Europe,1,,2017.0,2017.0,True,0,0,0
Romania,ROU,2000,party,2014,2016.0,2016.0,,0,0,0,-16.0,-16.0,1.222,,,4569.31,42.4,0,0,1,1,1,0,0,1,1,0,0,21606000,2022.0,0,0,0.0,0.0,1,1,1,0,-0.45,-0.31,retained_legacy_not_independently_reimported,2022.0,0,excluded_until_researcher_coding_rubric_is_documented,19328838.0,796.0,1933.0,1137.0,59.0,0.41182,0.0,GDP parsed from comma-formatted text to numeric. | GREVIO baseline publication year corrected to 2022 from official CoE page.,3.9282781398451,2.52196954118502,,,,0.237268739050422,-1.1677123367688058,Eastern Europe,1,,2017.0,2017.0,True,0,0,0
Romania,ROU,2001,party,2014,2016.0,2016.0,,0,0,0,-15.0,-15.0,1.552,,,4875.3,42.2,0,0,1,1,1,0,0,0,0,0,0,21560000,2022.0,0,0,0.0,0.0,1,1,1,0,,,retained_legacy_not_independently_reimported,2022.0,0,excluded_until_researcher_coding_rubric_is_documented,19328838.0,796.0,1933.0,1137.0,59.0,0.41182,0.0,GDP parsed from comma-formatted text to numeric. | GREVIO baseline publication year corrected to 2022 from official CoE page.,4.9634761372327,3.18888061508443,,,,0.23820208489922837,-1.1625619076257556,Eastern Europe,1,,2017.0,2017.0,True,0,0,0
Romania,ROU,2002,party,2014,2016.0,2016.0,,0,0,0,-14.0,-14.0,2.145,,,5248.55,42.1,0,0,1,1,1,0,0,1,1,0,0,21534000,2022.0,0,0,0.0,0.0,1,1,1,0,-0.33,-0.45,retained_legacy_not_independently_reimported,2022.0,0,excluded_until_researcher_coding_rubric_is_documented,19328838.0,796.0,1933.0,1137.0,59.0,0.41182,0.0,GDP parsed from comma-formatted text to numeric. | GREVIO baseline publication year corrected to 2022 from official CoE page.,3.95590023717681,3.01331880019475,,,,0.3515874570328326,-0.6120686429575516,Eastern Europe,1,,2017.0,2017.0,True,0,0,0
Romania,ROU,2003,party,2014,2016.0,2016.0,,0,0,0,-13.0,-13.0,2.119,,4.552,5410.31,42.1,0,0,1,1,1,0,0,1,1,0,0,21508000,2022.0,0,0,0.0,0.0,1,1,1,0,-0.48,-0.36,retained_legacy_not_independently_reimported,2022.0,0,excluded_until_researcher_coding_rubric_is_documented,19328838.0,796.0,1933.0,1137.0,59.0,0.41182,0.0,GDP parsed from comma-formatted text to numeric. | GREVIO baseline publication year corrected to 2022 from official CoE page.,4.42038071542318,3.22319955303114,,,,0.32403679984594297,-0.7352815478051901,Eastern Europe,1,,2017.0,2017.0,True,0,0,0
Romania,ROU,2004,party,2014,2016.0,2016.0,,0,0,0,-12.0,-12.0,1.384,,4.453,6008.64,42.1,0,0,1,1,1,0,0,1,1,0,0,21483000,2022.0,0,0,1.0,0.0,1,1,1,0,-0.3,-0.32,retained_legacy_not_independently_reimported,2022.0,0,excluded_until_researcher_coding_rubric_is_documented,19328838.0,796.0,1933.0,1137.0,59.0,0.41182,0.0,GDP parsed from comma-formatted text to numeric. | GREVIO baseline publication year corrected to 2022 from official CoE page.,3.23985193001044,2.2753588333156,,,,0.2993175432408094,-0.8505497709503935,Eastern Europe,1,,2017.0,2017.0,True,0,0,0
Romania,ROU,2005,party,2014,2016.0,2016.0,,0,0,0,-11.0,-11.0,1.416,,4.775,6328.09,42.1,0,0,1,1,1,0,1,1,1,0,1,21366000,2022.0,0,0,1.0,0.0,1,1,1,0,-0.49,-0.26,retained_legacy_not_independently_reimported,2022.0,0,excluded_until_researcher_coding_rubric_is_documented,19328838.0,796.0,1933.0,1137.0,59.0,0.41182,0.0,GDP parsed from comma-formatted text to numeric. | GREVIO baseline publication year corrected to 2022 from official CoE page.,2.7168419977871,2.0411638640929,0.417509002424411,0.637526100563759,,0.34262137307890955,-0.6516341802933142,Eastern Europe,1,,2017.0,2017.0,True,0,0,0
Romania,ROU,2006,party,2014,2016.0,2016.0,,0,0,0,-10.0,-10.0,1.008,,5.305,6876.78,42.2,0,0,1,1,1,0,1,1,1,0,1,21334000,2022.0,0,0,1.0,0.0,1,1,1,0,-0.32,-0.23,retained_legacy_not_independently_reimported,2022.0,0,excluded_until_researcher_coding_rubric_is_documented,19328838.0,796.0,1933.0,1137.0,59.0,0.41182,0.0,GDP parsed from comma-formatted text to numeric. | GREVIO baseline publication year corrected to 2022 from official CoE page.,2.4411419187504,1.69711228263622,0.485458369334346,0.612756271103338,,0.29224660038494193,-0.8844977596661978,Eastern Europe,1,,2017.0,2017.0,True,0,0,0
Romania,ROU,2007,party,2014,2016.0,2016.0,,0,0,0,-9.0,-9.0,1.136,7.499,5.021,7483.97,42.4,0,0,1,1,1,1,1,1,1,1,1,20376000,2022.0,0,0,1.0,0.0,1,1,1,0,-0.6,-0.18,retained_legacy_not_independently_reimported,2022.0,0,excluded_until_researcher_coding_rubric_is_documented,19328838.0,796.0,1933.0,1137.0,59.0,0.41182,0.0,GDP parsed from comma-formatted text to numeric. | GREVIO baseline publication year corrected to 2022 from official CoE page.,2.54833537706181,1.81594153262399,0.406468671773545,0.487767318265736,,0.3083324083558156,-0.8079270323999566,Eastern Europe,1,,2017.0,2017.0,True,0,0,0
Romania,ROU,2008,party,2014,2016.0,2016.0,,0,0,0,-8.0,-8.0,0.94,7.558,4.904,8318.0,42.9,0,0,1,1,1,1,1,1,1,1,1,20317000,2022.0,0,0,1.0,0.0,1,1,1,0,-0.61,-0.03,retained_legacy_not_independently_reimported,2022.0,0,excluded_until_researcher_coding_rubric_is_documented,19328838.0,796.0,1933.0,1137.0,59.0,0.41182,0.0,GDP parsed from comma-formatted text to numeric. | GREVIO baseline publication year corrected to 2022 from official CoE page.,2.01439187789177,1.45761745573163,0.474836261792873,0.641398408880963,,0.31817038458377306,-0.7621927559943592,Eastern Europe,1,,2017.0,2017.0,True,0,0,0
Romania,ROU,2009,party,2014,2016.0,2016.0,,0,0,0,-7.0,-7.0,0.825,7.8,4.894,7924.87,38.9,0,0,1,1,1,1,1,1,1,1,1,20295000,2022.0,0,0,1.0,0.0,1,1,1,0,-0.62,0.09,retained_legacy_not_independently_reimported,2022.0,0,excluded_until_researcher_coding_rubric_is_documented,19328838.0,796.0,1933.0,1137.0,59.0,0.41182,0.0,GDP parsed from comma-formatted text to numeric. | GREVIO baseline publication year corrected to 2022 from official CoE page.,1.71476403258233,1.25383156711961,0.356371634093361,0.453908126271794,,0.32483332680366106,-0.7316473734679385,Eastern Europe,1,,2017.0,2017.0,True,0,0,0
Romania,ROU,2010,party,2014,2016.0,2016.0,,0,0,0,-6.0,-6.0,0.85,7.273,4.39,7660.71,41.9,0,0,1,1,1,1,1,1,1,1,1,20246000,2022.0,0,0,1.0,0.0,1,1,1,0,-0.19,0.18,retained_legacy_not_independently_reimported,2022.0,0,excluded_until_researcher_coding_rubric_is_documented,19328838.0,796.0,1933.0,1137.0,59.0,0.41182,0.0,GDP parsed from comma-formatted text to numeric. | GREVIO baseline publication year corrected to 2022 from official CoE page.,1.78721753585351,1.3018428319408,0.330660837966364,0.446804383963378,,0.32230939937418,-0.7431788906968904,Eastern Europe,1,,2017.0,2017.0,True,0,0,0
Romania,ROU,2011,party,2014,2016.0,2016.0,,0,0,0,-5.0,-5.0,0.657,6.533,3.846,8044.57,41.9,0,0,1,1,1,1,1,1,1,1,1,19043000,2022.0,0,0,1.0,0.0,1,1,1,0,-0.33,0.18,retained_legacy_not_independently_reimported,2022.0,0,excluded_until_researcher_coding_rubric_is_documented,19328838.0,796.0,1933.0,1137.0,59.0,0.41182,0.0,GDP parsed from comma-formatted text to numeric. | GREVIO baseline publication year corrected to 2022 from official CoE page.,1.39066606411288,1.01074789871675,0.342774730018483,0.41924491638697,,0.32085309783391625,-0.7498540756837263,Eastern Europe,1,,2017.0,2017.0,True,0,0,0
Romania,ROU,2012,party,2014,2016.0,2016.0,,0,0,0,-4.0,-4.0,0.796,7.644,4.44,8234.29,41.8,0,0,1,1,1,1,1,1,1,1,1,19864000,2022.0,0,0,1.0,0.0,1,1,1,0,-0.29,0.16,retained_legacy_not_independently_reimported,2022.0,0,excluded_until_researcher_coding_rubric_is_documented,19328838.0,796.0,1933.0,1137.0,59.0,0.41182,0.0,GDP parsed from comma-formatted text to numeric. | GREVIO baseline publication year corrected to 2022 from official CoE page.,1.32643641238641,1.05166802858503,,,,0.37504068218703396,-0.5106520502002648,Eastern Europe,1,,2017.0,2017.0,True,0,0,0
Romania,ROU,2013,party,2014,2016.0,2016.0,,0,0,0,-3.0,-3.0,0.559,8.653,4.875,8287.96,41.7,0,0,1,1,1,1,1,1,1,1,1,19870000,2022.0,0,0,1.0,0.0,1,1,1,0,0.23,0.32,retained_legacy_not_independently_reimported,2022.0,0,excluded_until_researcher_coding_rubric_is_documented,19328838.0,796.0,1933.0,1137.0,59.0,0.41182,0.0,GDP parsed from comma-formatted text to numeric. | GREVIO baseline publication year corrected to 2022 from official CoE page.,1.65202558987639,1.0865815600829,,,,0.2528238490587762,-1.083607971045797,Eastern Europe,1,,2017.0,2017.0,True,0,0,0
Romania,ROU,2014,party,2014,2016.0,2016.0,,0,0,0,-2.0,-2.0,1.037,7.592,4.382,8661.47,42.0,0,0,1,1,1,1,1,1,1,1,1,19878000,2022.0,0,0,1.0,0.0,1,1,1,0,0.38,0.41,retained_legacy_not_independently_reimported,2022.0,0,excluded_until_researcher_coding_rubric_is_documented,19328838.0,796.0,1933.0,1137.0,59.0,0.41182,0.0,GDP parsed from comma-formatted text to numeric. | GREVIO baseline publication year corrected to 2022 from official CoE page.,2.26012364327784,1.62758998394145,,,,0.3145165641920134,-0.7790875919552722,Eastern Europe,1,,2017.0,2017.0,True,0,0,0
Romania,ROU,2015,party,2014,2016.0,2016.0,,0,0,0,-1.0,-1.0,0.925,8.756,5.113,8977.02,42.5,0,0,1,1,1,1,1,1,1,1,1,19870000,2022.0,0,0,1.0,0.0,1,1,1,0,0.18,0.35,retained_legacy_not_independently_reimported,2022.0,0,excluded_until_researcher_coding_rubric_is_documented,19328838.0,796.0,1933.0,1137.0,59.0,0.41182,0.0,GDP parsed from comma-formatted text to numeric. | GREVIO baseline publication year corrected to 2022 from official CoE page.,2.5404402426766,1.70600204986966,0.623393726223982,0.48934709592541,,0.26692135348597396,-1.0102989313697326,Eastern Europe,1,,2017.0,2017.0,True,0,0,0
Romania,ROU,2016,party,2014,2016.0,2016.0,,1,1,1,0.0,0.0,0.891,9.046,4.753,9286.88,42.1,0,0,1,1,1,1,1,1,1,1,1,19760000,2022.0,0,0,1.0,0.0,1,1,1,0,-0.11,0.78,retained_legacy_not_independently_reimported,2022.0,0,excluded_until_researcher_coding_rubric_is_documented,19328838.0,796.0,1933.0,1137.0,59.0,0.41182,0.0,GDP parsed from comma-formatted text to numeric. | GREVIO baseline publication year corrected to 2022 from official CoE page.,2.24798529545767,1.54724790736617,0.411243354136046,0.24048214788617,,0.28384968903465047,-0.9254452423548618,Eastern Europe,1,,2017.0,2017.0,True,0,0,1
Romania,ROU,2017,party,2014,2016.0,2016.0,,1,1,1,1.0,1.0,0.876,7.761,7.034,10106.23,43.2,0,0,1,1,1,1,1,1,1,1,1,19645000,2022.0,0,0,1.0,0.0,1,1,1,0,-0.14,0.75,retained_legacy_not_independently_reimported,2022.0,0,excluded_until_researcher_coding_rubric_is_documented,19328838.0,796.0,1933.0,1137.0,59.0,0.41182,0.0,GDP parsed from comma-formatted text to numeric. | GREVIO baseline publication year corrected to 2022 from official CoE page.,1.74264630814868,1.29511300787888,0.531304720081616,0.398919034395482,,0.3345239856463514,-0.6877940126777299,Eastern Europe,1,,2017.0,2017.0,True,1,1,1
Romania,ROU,2018,party,2014,2016.0,2016.0,,1,1,1,2.0,2.0,0.811,8.935,7.465,10714.17,42.9,0,0,1,1,1,1,1,1,1,1,1,19524000,2022.0,0,0,1.0,0.0,1,1,1,0,-0.29,0.63,retained_legacy_not_independently_reimported,2022.0,0,excluded_until_researcher_coding_rubric_is_documented,19328838.0,796.0,1933.0,1137.0,59.0,0.41182,0.0,GDP parsed from comma-formatted text to numeric. | GREVIO baseline publication year corrected to 2022 from official CoE page.,1.77103696744497,1.27564870308368,0.534024057190416,0.442759241861242,,0.3140931017740297,-0.7810524572186066,Eastern Europe,1,,2017.0,2017.0,True,1,1,1
Romania,ROU,2019,party,2014,2016.0,2016.0,,1,1,1,3.0,3.0,0.706,9.804,8.004,11197.32,43.0,0,0,1,1,1,1,1,1,1,1,1,19402000,2022.0,0,0,1.0,0.0,1,1,1,0,-0.36,0.71,retained_legacy_not_independently_reimported,2022.0,0,excluded_until_researcher_coding_rubric_is_documented,19328838.0,796.0,1933.0,1137.0,59.0,0.41182,0.0,GDP parsed from comma-formatted text to numeric. | GREVIO baseline publication year corrected to 2022 from official CoE page.,1.8318416001274,1.25118311157138,0.536913071983936,0.37060379193329,,0.27818915095589836,-0.9534618411901545,Eastern Europe,1,,2017.0,2017.0,True,1,1,1
Romania,ROU,2020,party,2014,2016.0,2016.0,,1,1,1,4.0,4.0,0.96,9.87,8.225,10854.05,42.7,0,0,1,1,1,1,1,1,1,1,1,19238000,2022.0,0,0,1.0,0.0,1,1,1,0,-0.48,0.63,retained_legacy_not_independently_reimported,2022.0,0,excluded_until_researcher_coding_rubric_is_documented,19328838.0,796.0,1933.0,1137.0,59.0,0.41182,0.0,GDP parsed from comma-formatted text to numeric. | GREVIO baseline publication year corrected to 2022 from official CoE page.,1.96904669242996,1.44901611032613,0.440129420055967,0.393809338485991,,0.3277516887938637,-0.718371507674624,Eastern Europe,1,,2017.0,2017.0,True,1,1,1
Romania,ROU,2021,party,2014,2016.0,2016.0,,1,1,1,5.0,5.0,0.766,12.183,10.131,11546.32,42.8,0,0,1,1,1,1,1,1,1,1,1,19053000,2022.0,0,0,1.0,0.0,1,1,1,0,-0.27,0.66,retained_legacy_not_independently_reimported,2022.0,0,excluded_until_researcher_coding_rubric_is_documented,19328838.0,796.0,1933.0,1137.0,59.0,0.41182,0.0,GDP parsed from comma-formatted text to numeric. | GREVIO baseline publication year corrected to 2022 from official CoE page.,1.80165475554816,1.26765356960595,0.433319225265534,0.353896469839817,,0.29832671169861746,-0.8552786604761451,Eastern Europe,1,,2017.0,2017.0,True,1,1,1
Romania,ROU,2022,party,2014,2016.0,2016.0,,1,1,1,6.0,6.0,0.86,14.056,11.708,12076.3,43.2,0,0,1,1,1,1,1,1,1,1,1,19005000,2022.0,1,1,1.0,0.0,1,1,1,0,0.0,0.57,retained_legacy_not_independently_reimported,2022.0,1,excluded_until_researcher_coding_rubric_is_documented,19328838.0,796.0,1933.0,1137.0,59.0,0.41182,0.0,GDP parsed from comma-formatted text to numeric. | GREVIO baseline publication year corrected to 2022 from official CoE page.,1.74506327524032,1.28868853637199,0.465424923089796,0.29084387920672,,0.33012633826357407,-0.7076137056142691,Eastern Europe,1,,2017.0,2017.0,True,1,1,1
Romania,ROU,2023,party,2014,2016.0,2016.0,,1,1,1,7.0,7.0,0.538,16.827,13.913,12340.82,42.2,0,0,1,1,1,1,1,1,1,1,1,19015000,2022.0,1,1,1.0,0.0,1,1,1,0,-0.06,0.31,retained_legacy_not_independently_reimported,2022.0,1,excluded_until_researcher_coding_rubric_is_documented,19328838.0,796.0,1933.0,1137.0,59.0,0.41182,0.0,GDP parsed from comma-formatted text to numeric. | GREVIO baseline publication year corrected to 2022 from official CoE page. | UNODC outcome values preserved from source dataset; not silently imputed or replaced.,1.71701498133367,1.10887485110282,0.284026890651625,0.356361599899441,,0.23857934623645558,-1.160484025993881,Eastern Europe,1,,2017.0,2017.0,True,1,1,1
San Marino,SMR,1990,party,2014,2016.0,2016.0,,0,0,0,-26.0,-26.0,,,,,,0,1,1,0,0,0,0,0,0,0,0,23000,2021.0,0,0,0.0,0.0,0,0,1,0,,,retained_legacy_not_independently_reimported,2021.0,0,excluded_until_researcher_coding_rubric_is_documented,,,,,,,,GREVIO baseline publication year corrected to 2021 from official CoE page.,,,,,,,,Southern Europe,0,,2017.0,2017.0,True,0,0,0
San Marino,SMR,1991,party,2014,2016.0,2016.0,,0,0,0,-25.0,-25.0,,,,,,0,1,1,0,0,0,0,0,0,0,0,23000,2021.0,0,0,0.0,0.0,0,0,1,0,,,retained_legacy_not_independently_reimported,2021.0,0,excluded_until_researcher_coding_rubric_is_documented,,,,,,,,GREVIO baseline publication year corrected to 2021 from official CoE page.,,,,,,,,Southern Europe,0,,2017.0,2017.0,True,0,0,0
San Marino,SMR,1992,party,2014,2016.0,2016.0,,0,0,0,-24.0,-24.0,,,,,,0,1,1,0,0,0,0,0,0,0,0,24000,2021.0,0,0,0.0,0.0,0,0,1,0,,,retained_legacy_not_independently_reimported,2021.0,0,excluded_until_researcher_coding_rubric_is_documented,,,,,,,,GREVIO baseline publication year corrected to 2021 from official CoE page.,,,,,,,,Southern Europe,0,,2017.0,2017.0,True,0,0,0
San Marino,SMR,1993,party,2014,2016.0,2016.0,,0,0,0,-23.0,-23.0,,,,,,0,1,1,0,0,0,0,0,0,0,0,25000,2021.0,0,0,0.0,0.0,0,0,1,0,,,retained_legacy_not_independently_reimported,2021.0,0,excluded_until_researcher_coding_rubric_is_documented,,,,,,,,GREVIO baseline publication year corrected to 2021 from official CoE page.,,,,,,,,Southern Europe,0,,2017.0,2017.0,True,0,0,0
San Marino,SMR,1994,party,2014,2016.0,2016.0,,0,0,0,-22.0,-22.0,,,,,,0,1,1,0,0,0,0,0,0,0,0,25000,2021.0,0,0,0.0,0.0,0,0,1,0,,,retained_legacy_not_independently_reimported,2021.0,0,excluded_until_researcher_coding_rubric_is_documented,,,,,,,,GREVIO baseline publication year corrected to 2021 from official CoE page.,,,,,,,,Southern Europe,0,,2017.0,2017.0,True,0,0,0
San Marino,SMR,1995,party,2014,2016.0,2016.0,,0,0,0,-21.0,-21.0,0.0,,,,,0,1,1,0,0,0,0,0,0,0,0,26000,2021.0,0,0,0.0,0.0,0,0,1,0,,,retained_legacy_not_independently_reimported,2021.0,0,excluded_until_researcher_coding_rubric_is_documented,,,,,,,,GREVIO baseline publication year corrected to 2021 from official CoE page.,0.0,0.0,,,,,,Southern Europe,0,,2017.0,2017.0,True,0,0,0
San Marino,SMR,1996,party,2014,2016.0,2016.0,,0,0,0,-20.0,-20.0,0.0,,,,,0,1,1,0,0,0,0,0,0,0,0,26000,2021.0,0,0,0.0,0.0,0,0,1,0,,1.38,retained_legacy_not_independently_reimported,2021.0,0,excluded_until_researcher_coding_rubric_is_documented,,,,,,,,GREVIO baseline publication year corrected to 2021 from official CoE page.,0.0,0.0,,,,,,Southern Europe,0,,2017.0,2017.0,True,0,0,0
San Marino,SMR,1997,party,2014,2016.0,2016.0,,0,0,0,-19.0,-19.0,0.0,,,48409.55,,0,1,1,0,0,0,0,0,0,0,0,27000,2021.0,0,0,0.0,0.0,0,0,1,0,,,retained_legacy_not_independently_reimported,2021.0,0,excluded_until_researcher_coding_rubric_is_documented,,,,,,,,GDP parsed from comma-formatted text to numeric. | GREVIO baseline publication year corrected to 2021 from official CoE page.,0.0,0.0,,,,,,Southern Europe,0,,2017.0,2017.0,True,0,0,0
San Marino,SMR,1998,party,2014,2016.0,2016.0,,0,0,0,-18.0,-18.0,0.0,,,51376.44,,0,1,1,0,0,0,0,0,0,0,0,27000,2021.0,0,0,0.0,0.0,0,0,1,0,,1.49,retained_legacy_not_independently_reimported,2021.0,0,excluded_until_researcher_coding_rubric_is_documented,,,,,,,,GDP parsed from comma-formatted text to numeric. | GREVIO baseline publication year corrected to 2021 from official CoE page.,0.0,0.0,,,,,,Southern Europe,0,,2017.0,2017.0,True,0,0,0
San Marino,SMR,1999,party,2014,2016.0,2016.0,,0,0,0,-17.0,-17.0,0.0,,,55318.45,,0,1,1,0,0,0,0,0,0,0,0,27000,2021.0,0,0,0.0,0.0,0,0,1,0,,,retained_legacy_not_independently_reimported,2021.0,0,excluded_until_researcher_coding_rubric_is_documented,,,,,,,,GDP parsed from comma-formatted text to numeric. | GREVIO baseline publication year corrected to 2021 from official CoE page.,0.0,0.0,,,,,,Southern Europe,0,,2017.0,2017.0,True,0,0,0
San Marino,SMR,2000,party,2014,2016.0,2016.0,,0,0,0,-16.0,-16.0,0.0,,,55806.92,,0,1,1,0,1,0,0,0,0,0,0,27000,2021.0,0,0,0.0,0.0,0,0,1,0,,1.43,retained_legacy_not_independently_reimported,2021.0,0,excluded_until_researcher_coding_rubric_is_documented,,,,,,,,GDP parsed from comma-formatted text to numeric. | GREVIO baseline publication year corrected to 2021 from official CoE page.,0.0,0.0,,,,,,Southern Europe,0,,2017.0,2017.0,True,0,0,0
San Marino,SMR,2001,party,2014,2016.0,2016.0,,0,0,0,-15.0,-15.0,0.0,,,58173.29,,0,1,1,0,1,0,0,0,0,0,0,28000,2021.0,0,0,0.0,0.0,0,0,1,0,,,retained_legacy_not_independently_reimported,2021.0,0,excluded_until_researcher_coding_rubric_is_documented,,,,,,,,GDP parsed from comma-formatted text to numeric. | GREVIO baseline publication year corrected to 2021 from official CoE page.,0.0,0.0,,,,,,Southern Europe,0,,2017.0,2017.0,True,0,0,0
San Marino,SMR,2002,party,2014,2016.0,2016.0,,0,0,0,-14.0,-14.0,7.03,,,57615.41,,0,1,1,0,1,0,0,0,0,0,0,28000,2021.0,0,0,0.0,0.0,0,0,1,0,,1.42,retained_legacy_not_independently_reimported,2021.0,0,excluded_until_researcher_coding_rubric_is_documented,,,,,,,,GDP parsed from comma-formatted text to numeric. | GREVIO baseline publication year corrected to 2021 from official CoE page.,0.0,3.63762026882014,,,,1.0,,Southern Europe,0,,2017.0,2017.0,True,0,0,0
San Marino,SMR,2003,party,2014,2016.0,2016.0,,0,0,0,-13.0,-13.0,0.0,,,59090.23,,0,1,1,0,1,0,0,0,0,0,0,28000,2021.0,0,0,0.0,0.0,0,0,1,0,,1.42,retained_legacy_not_independently_reimported,2021.0,0,excluded_until_researcher_coding_rubric_is_documented,,,,,,,,GDP parsed from comma-formatted text to numeric. | GREVIO baseline publication year corrected to 2021 from official CoE page.,0.0,0.0,,,,,,Southern Europe,0,,2017.0,2017.0,True,0,0,0
San Marino,SMR,2004,party,2014,2016.0,2016.0,,0,0,0,-12.0,-12.0,0.0,,,58393.22,,0,1,1,0,1,0,0,0,0,0,0,29000,2021.0,0,0,0.0,0.0,0,0,1,0,,1.4,retained_legacy_not_independently_reimported,2021.0,0,excluded_until_researcher_coding_rubric_is_documented,,,,,,,,GDP parsed from comma-formatted text to numeric. | GREVIO baseline publication year corrected to 2021 from official CoE page.,0.0,0.0,,,,,,Southern Europe,0,,2017.0,2017.0,True,0,0,0
San Marino,SMR,2005,party,2014,2016.0,2016.0,,0,0,0,-11.0,-11.0,0.0,,,59049.58,,0,1,1,0,1,0,0,0,0,0,0,30000,2021.0,0,0,0.0,0.0,0,0,1,0,,1.32,retained_legacy_not_independently_reimported,2021.0,0,excluded_until_researcher_coding_rubric_is_documented,,,,,,,,GDP parsed from comma-formatted text to numeric. | GREVIO baseline publication year corrected to 2021 from official CoE page.,0.0,0.0,,,,,,Southern Europe,0,,2017.0,2017.0,True,0,0,0
San Marino,SMR,2006,party,2014,2016.0,2016.0,,0,0,0,-10.0,-10.0,0.0,,,60604.35,,0,1,1,0,1,0,0,0,0,0,0,30000,2021.0,0,0,0.0,0.0,0,0,1,0,,1.67,retained_legacy_not_independently_reimported,2021.0,0,excluded_until_researcher_coding_rubric_is_documented,,,,,,,,GDP parsed from comma-formatted text to numeric. | GREVIO baseline publication year corrected to 2021 from official CoE page.,0.0,0.0,,,,,,Southern Europe,0,,2017.0,2017.0,True,0,0,0
San Marino,SMR,2007,party,2014,2016.0,2016.0,,0,0,0,-9.0,-9.0,0.0,,,62776.95,,0,1,1,0,1,0,0,0,0,0,0,31000,2021.0,0,0,0.0,0.0,0,0,1,0,,1.49,retained_legacy_not_independently_reimported,2021.0,0,excluded_until_researcher_coding_rubric_is_documented,,,,,,,,GDP parsed from comma-formatted text to numeric. | GREVIO baseline publication year corrected to 2021 from official CoE page.,0.0,0.0,,,,,,Southern Europe,0,,2017.0,2017.0,True,0,0,0
San Marino,SMR,2008,party,2014,2016.0,2016.0,,0,0,0,-8.0,-8.0,0.0,,,61572.74,,0,1,1,0,1,0,0,0,0,0,0,32000,2021.0,0,0,0.0,0.0,0,0,1,0,,1.53,retained_legacy_not_independently_reimported,2021.0,0,excluded_until_researcher_coding_rubric_is_documented,,,,,,,,GDP parsed from comma-formatted text to numeric. | GREVIO baseline publication year corrected to 2021 from official CoE page.,0.0,0.0,,,,,,Southern Europe,0,,2017.0,2017.0,True,0,0,0
San Marino,SMR,2009,party,2014,2016.0,2016.0,,0,0,0,-7.0,-7.0,0.0,,,52873.27,,0,1,1,0,1,0,0,0,0,0,0,32000,2021.0,0,0,1.0,0.0,0,0,1,0,,1.6,retained_legacy_not_independently_reimported,2021.0,0,excluded_until_researcher_coding_rubric_is_documented,,,,,,,,GDP parsed from comma-formatted text to numeric. | GREVIO baseline publication year corrected to 2021 from official CoE page.,0.0,0.0,,,,,,Southern Europe,0,,2017.0,2017.0,True,0,0,0
San Marino,SMR,2010,party,2014,2016.0,2016.0,,0,0,0,-6.0,-6.0,0.0,,,49672.7,,0,1,1,0,1,0,0,0,0,0,0,32000,2021.0,0,0,1.0,0.0,0,0,1,0,,1.5,retained_legacy_not_independently_reimported,2021.0,0,excluded_until_researcher_coding_rubric_is_documented,,,,,,,,GDP parsed from comma-formatted text to numeric. | GREVIO baseline publication year corrected to 2021 from official CoE page.,0.0,0.0,,,,,,Southern Europe,0,,2017.0,2017.0,True,0,0,0
San Marino,SMR,2011,party,2014,2016.0,2016.0,,0,0,0,-5.0,-5.0,0.0,,,46450.03,,0,1,1,0,1,0,0,0,0,0,0,32000,2021.0,0,0,1.0,0.0,0,0,1,0,,1.6,retained_legacy_not_independently_reimported,2021.0,0,excluded_until_researcher_coding_rubric_is_documented,,,,,,,,GDP parsed from comma-formatted text to numeric. | GREVIO baseline publication year corrected to 2021 from official CoE page.,0.0,0.0,,,,,,Southern Europe,0,,2017.0,2017.0,True,0,0,0
San Marino,SMR,2012,party,2014,2016.0,2016.0,,0,0,0,-4.0,-4.0,,,,42082.56,,0,1,1,0,0,0,0,0,0,0,0,32000,2021.0,0,0,1.0,0.0,0,0,1,0,,1.58,retained_legacy_not_independently_reimported,2021.0,0,excluded_until_researcher_coding_rubric_is_documented,,,,,,,,GDP parsed from comma-formatted text to numeric. | GREVIO baseline publication year corrected to 2021 from official CoE page.,,,,,,,,Southern Europe,0,,2017.0,2017.0,True,0,0,0
San Marino,SMR,2013,party,2014,2016.0,2016.0,,0,0,0,-3.0,-3.0,,,,42293.49,,0,1,1,0,0,0,0,0,0,0,0,33000,2021.0,0,0,1.0,0.0,0,0,1,0,,1.58,retained_legacy_not_independently_reimported,2021.0,0,excluded_until_researcher_coding_rubric_is_documented,,,,,,,,GDP parsed from comma-formatted text to numeric. | GREVIO baseline publication year corrected to 2021 from official CoE page.,,,,,,,,Southern Europe,0,,2017.0,2017.0,True,0,0,0
San Marino,SMR,2014,party,2014,2016.0,2016.0,,0,0,0,-2.0,-2.0,,,,42492.85,,0,1,1,0,0,0,0,0,0,0,0,33000,2021.0,0,0,1.0,0.0,0,0,1,0,,,retained_legacy_not_independently_reimported,2021.0,0,excluded_until_researcher_coding_rubric_is_documented,,,,,,,,GDP parsed from comma-formatted text to numeric. | GREVIO baseline publication year corrected to 2021 from official CoE page.,,,,,,,,Southern Europe,0,,2017.0,2017.0,True,0,0,0
San Marino,SMR,2015,party,2014,2016.0,2016.0,,0,0,0,-1.0,-1.0,,,,43146.82,,0,1,1,0,0,0,0,0,0,0,0,33000,2021.0,0,0,1.0,0.0,0,0,1,0,2.07,2.12,retained_legacy_not_independently_reimported,2021.0,0,excluded_until_researcher_coding_rubric_is_documented,,,,,,,,GDP parsed from comma-formatted text to numeric. | GREVIO baseline publication year corrected to 2021 from official CoE page.,,,,,,,,Southern Europe,0,,2017.0,2017.0,True,0,0,0
San Marino,SMR,2016,party,2014,2016.0,2016.0,,1,1,1,0.0,0.0,,,,43886.21,,0,1,1,0,0,0,0,0,0,0,0,33000,2021.0,0,0,1.0,0.0,0,0,1,0,2.16,2.12,retained_legacy_not_independently_reimported,2021.0,0,excluded_until_researcher_coding_rubric_is_documented,,,,,,,,GDP parsed from comma-formatted text to numeric. | GREVIO baseline publication year corrected to 2021 from official CoE page.,,,,,,,,Southern Europe,0,,2017.0,2017.0,True,0,0,1
San Marino,SMR,2017,party,2014,2016.0,2016.0,,1,1,1,1.0,1.0,,,,43057.78,,0,1,1,0,0,0,0,0,0,0,0,33000,2021.0,0,0,1.0,0.0,0,0,1,0,2.24,2.15,retained_legacy_not_independently_reimported,2021.0,0,excluded_until_researcher_coding_rubric_is_documented,,,,,,,,GDP parsed from comma-formatted text to numeric. | GREVIO baseline publication year corrected to 2021 from official CoE page.,,,,,,,,Southern Europe,0,,2017.0,2017.0,True,1,1,1
San Marino,SMR,2018,party,2014,2016.0,2016.0,,1,1,1,2.0,2.0,,,,42818.7,,0,1,1,0,0,0,0,0,0,0,0,34000,2021.0,0,0,1.0,0.0,0,0,1,0,2.24,2.15,retained_legacy_not_independently_reimported,2021.0,0,excluded_until_researcher_coding_rubric_is_documented,,,,,,,,GDP parsed from comma-formatted text to numeric. | GREVIO baseline publication year corrected to 2021 from official CoE page.,,,,,,,,Southern Europe,0,,2017.0,2017.0,True,1,1,1
San Marino,SMR,2019,party,2014,2016.0,2016.0,,1,1,1,3.0,3.0,,,,43525.42,,0,1,1,0,0,0,0,0,0,0,0,34000,2021.0,0,0,1.0,0.0,0,0,1,0,2.21,2.11,retained_legacy_not_independently_reimported,2021.0,0,excluded_until_researcher_coding_rubric_is_documented,,,,,,,,GDP parsed from comma-formatted text to numeric. | GREVIO baseline publication year corrected to 2021 from official CoE page.,,,,,,,,Southern Europe,0,,2017.0,2017.0,True,1,1,1
San Marino,SMR,2020,party,2014,2016.0,2016.0,,1,1,1,4.0,4.0,,,,40506.85,,0,1,1,0,0,0,0,0,0,0,0,34000,2021.0,0,0,1.0,0.0,0,0,1,0,2.45,2.26,retained_legacy_not_independently_reimported,2021.0,0,excluded_until_researcher_coding_rubric_is_documented,,,,,,,,GDP parsed from comma-formatted text to numeric. | GREVIO baseline publication year corrected to 2021 from official CoE page.,,,,,,,,Southern Europe,0,,2017.0,2017.0,True,1,1,1
San Marino,SMR,2021,party,2014,2016.0,2016.0,,1,1,1,5.0,5.0,,,,46834.14,,0,1,1,0,0,0,0,0,0,0,0,34000,2021.0,1,0,1.0,0.0,0,0,1,0,2.45,2.3,retained_legacy_not_independently_reimported,2021.0,1,excluded_until_researcher_coding_rubric_is_documented,,,,,,,,GDP parsed from comma-formatted text to numeric. | GREVIO baseline publication year corrected to 2021 from official CoE page.,,,,,,,,Southern Europe,0,,2017.0,2017.0,True,1,1,1
San Marino,SMR,2022,party,2014,2016.0,2016.0,,1,1,1,6.0,6.0,,,,51277.35,,0,1,1,0,0,0,0,0,0,0,0,34000,2021.0,1,0,1.0,0.0,0,0,1,0,2.48,2.45,retained_legacy_not_independently_reimported,2021.0,1,excluded_until_researcher_coding_rubric_is_documented,,,,,,,,GDP parsed from comma-formatted text to numeric. | GREVIO baseline publication year corrected to 2021 from official CoE page.,,,,,,,,Southern Europe,0,,2017.0,2017.0,True,1,1,1
San Marino,SMR,2023,party,2014,2016.0,2016.0,,1,1,1,7.0,7.0,,,,51323.8,,0,1,1,0,0,0,0,0,0,0,0,34000,2021.0,1,0,1.0,0.0,0,0,1,0,,,excluded_legacy_flagged_for_manual_review,2021.0,1,excluded_until_researcher_coding_rubric_is_documented,,,,,,,,GDP parsed from comma-formatted text to numeric. | WGI legacy value excluded because source file flagged this country-year for manual review. | GREVIO baseline publication year corrected to 2021 from official CoE page. | UNODC outcome values preserved from source dataset; not silently imputed or replaced.,,,,,,,,Southern Europe,0,,2017.0,2017.0,True,1,1,1
Serbia,SRB,1990,party,2012,2013.0,2014.0,,0,0,0,-23.0,-24.0,,,,,49.3,0,0,1,1,0,0,0,0,0,0,0,7775000,2020.0,0,0,0.0,0.0,1,1,1,0,,,retained_legacy_not_independently_reimported,2020.0,0,excluded_until_researcher_coding_rubric_is_documented,6926705.0,300.0,693.0,393.0,57.0,0.433106,0.0,GREVIO baseline publication year corrected to 2020 from official CoE page.,,,,,,,,Southern Europe,1,,2014.0,2015.0,True,0,0,0
Serbia,SRB,1991,party,2012,2013.0,2014.0,,0,0,0,-22.0,-23.0,,,,,49.5,0,0,1,1,0,0,0,0,0,0,0,7659000,2020.0,0,0,0.0,0.0,1,1,1,0,,,retained_legacy_not_independently_reimported,2020.0,0,excluded_until_researcher_coding_rubric_is_documented,6926705.0,300.0,693.0,393.0,57.0,0.433106,0.0,GREVIO baseline publication year corrected to 2020 from official CoE page.,,,,,,,,Southern Europe,1,,2014.0,2015.0,True,0,0,0
Serbia,SRB,1992,party,2012,2013.0,2014.0,,0,0,0,-21.0,-22.0,,,,,49.4,0,0,1,1,0,0,0,0,0,0,0,7567000,2020.0,0,0,0.0,0.0,1,1,1,0,,,retained_legacy_not_independently_reimported,2020.0,0,excluded_until_researcher_coding_rubric_is_documented,6926705.0,300.0,693.0,393.0,57.0,0.433106,0.0,GREVIO baseline publication year corrected to 2020 from official CoE page.,,,,,,,,Southern Europe,1,,2014.0,2015.0,True,0,0,0
Serbia,SRB,1993,party,2012,2013.0,2014.0,,0,0,0,-20.0,-21.0,,,,,49.2,0,0,1,1,0,0,0,0,0,0,0,7584000,2020.0,0,0,0.0,0.0,1,1,1,0,,,retained_legacy_not_independently_reimported,2020.0,0,excluded_until_researcher_coding_rubric_is_documented,6926705.0,300.0,693.0,393.0,57.0,0.433106,0.0,GREVIO baseline publication year corrected to 2020 from official CoE page.,,,,,,,,Southern Europe,1,,2014.0,2015.0,True,0,0,0
Serbia,SRB,1994,party,2012,2013.0,2014.0,,0,0,0,-19.0,-20.0,,,,,48.6,0,0,1,1,0,0,0,0,0,0,0,7600000,2020.0,0,0,0.0,0.0,1,1,1,0,,,retained_legacy_not_independently_reimported,2020.0,0,excluded_until_researcher_coding_rubric_is_documented,6926705.0,300.0,693.0,393.0,57.0,0.433106,0.0,GREVIO baseline publication year corrected to 2020 from official CoE page.,,,,,,,,Southern Europe,1,,2014.0,2015.0,True,0,0,0
Serbia,SRB,1995,party,2012,2013.0,2014.0,,0,0,0,-18.0,-19.0,,,,3012.5,48.1,0,0,1,1,0,0,0,0,0,0,0,7600000,2020.0,0,0,0.0,0.0,1,1,1,0,,,retained_legacy_not_independently_reimported,2020.0,0,excluded_until_researcher_coding_rubric_is_documented,6926705.0,300.0,693.0,393.0,57.0,0.433106,0.0,GDP parsed from comma-formatted text to numeric. | GREVIO baseline publication year corrected to 2020 from official CoE page.,,,,,,,,Southern Europe,1,,2014.0,2015.0,True,0,0,0
Serbia,SRB,1996,party,2012,2013.0,2014.0,,0,0,0,-17.0,-18.0,,,,3200.77,47.4,0,0,1,1,0,0,0,1,0,0,0,7607000,2020.0,0,0,0.0,0.0,1,1,1,0,-1.81,-2.15,retained_legacy_not_independently_reimported,2020.0,0,excluded_until_researcher_coding_rubric_is_documented,6926705.0,300.0,693.0,393.0,57.0,0.433106,0.0,GDP parsed from comma-formatted text to numeric. | GREVIO baseline publication year corrected to 2020 from official CoE page.,,,,,,,,Southern Europe,1,,2014.0,2015.0,True,0,0,0
Serbia,SRB,1997,party,2012,2013.0,2014.0,,0,0,0,-16.0,-17.0,,,,3497.55,46.7,0,0,1,1,0,0,0,0,0,0,0,7612000,2020.0,0,0,0.0,0.0,1,1,1,0,,,retained_legacy_not_independently_reimported,2020.0,0,excluded_until_researcher_coding_rubric_is_documented,6926705.0,300.0,693.0,393.0,57.0,0.433106,0.0,GDP parsed from comma-formatted text to numeric. | GREVIO baseline publication year corrected to 2020 from official CoE page.,,,,,,,,Southern Europe,1,,2014.0,2015.0,True,0,0,0
Serbia,SRB,1998,party,2012,2013.0,2014.0,,0,0,0,-15.0,-16.0,,,,3699.4,46.3,0,0,1,1,0,0,0,1,0,0,0,7617000,2020.0,0,0,0.0,0.0,1,1,1,0,-1.5,-2.15,retained_legacy_not_independently_reimported,2020.0,0,excluded_until_researcher_coding_rubric_is_documented,6926705.0,300.0,693.0,393.0,57.0,0.433106,0.0,GDP parsed from comma-formatted text to numeric. | GREVIO baseline publication year corrected to 2020 from official CoE page.,,,,,,,,Southern Europe,1,,2014.0,2015.0,True,0,0,0
Serbia,SRB,1999,party,2012,2013.0,2014.0,,0,0,0,-14.0,-15.0,,,,3329.45,47.1,0,0,1,1,0,0,0,0,0,0,0,7498000,2020.0,0,0,0.0,0.0,1,1,1,0,,,retained_legacy_not_independently_reimported,2020.0,0,excluded_until_researcher_coding_rubric_is_documented,6926705.0,300.0,693.0,393.0,57.0,0.433106,0.0,GDP parsed from comma-formatted text to numeric. | GREVIO baseline publication year corrected to 2020 from official CoE page.,,,,,,,,Southern Europe,1,,2014.0,2015.0,True,0,0,0
Serbia,SRB,2000,party,2012,2013.0,2014.0,,0,0,0,-13.0,-14.0,1.48,,,3542.35,46.7,0,0,1,1,1,0,0,1,1,0,0,7498000,2020.0,0,0,0.0,0.0,1,1,1,0,-1.42,-2.17,retained_legacy_not_independently_reimported,2020.0,0,excluded_until_researcher_coding_rubric_is_documented,6926705.0,300.0,693.0,393.0,57.0,0.433106,0.0,GDP parsed from comma-formatted text to numeric. | GREVIO baseline publication year corrected to 2020 from official CoE page.,4.60583054871206,2.96311487314067,,,,0.2431878423419481,-1.1352809236951988,Southern Europe,1,,2014.0,2015.0,True,0,0,0
Serbia,SRB,2001,party,2012,2013.0,2014.0,,0,0,0,-12.0,-13.0,1.883,,,3788.98,46.3,0,0,1,1,1,0,0,0,0,0,0,7499000,2020.0,0,0,0.0,0.0,1,1,1,0,,,retained_legacy_not_independently_reimported,2020.0,0,excluded_until_researcher_coding_rubric_is_documented,6926705.0,300.0,693.0,393.0,57.0,0.433106,0.0,GDP parsed from comma-formatted text to numeric. | GREVIO baseline publication year corrected to 2020 from official CoE page.,4.61123114417772,3.17567065132744,,,,0.2899496427207042,-0.8956286311540677,Southern Europe,1,,2014.0,2015.0,True,0,0,0
Serbia,SRB,2002,party,2012,2013.0,2014.0,,0,0,0,-11.0,-12.0,1.399,,,4038.65,46.0,0,0,1,1,1,0,0,1,1,0,0,7501000,2020.0,0,0,0.0,0.0,1,1,1,0,-0.94,-1.54,retained_legacy_not_independently_reimported,2020.0,0,excluded_until_researcher_coding_rubric_is_documented,6926705.0,300.0,693.0,393.0,57.0,0.433106,0.0,GDP parsed from comma-formatted text to numeric. | GREVIO baseline publication year corrected to 2020 from official CoE page.,3.98958176845791,2.62579425352805,,,,0.25962304370865324,-1.0479287097890737,Southern Europe,1,,2014.0,2015.0,True,0,0,0
Serbia,SRB,2003,party,2012,2013.0,2014.0,,0,0,0,-10.0,-11.0,1.683,,,4233.78,45.7,0,0,1,1,1,0,0,1,1,0,0,7503000,2020.0,0,0,0.0,0.0,1,1,1,0,-1.13,-1.54,retained_legacy_not_independently_reimported,2020.0,0,excluded_until_researcher_coding_rubric_is_documented,6926705.0,300.0,693.0,393.0,57.0,0.433106,0.0,GDP parsed from comma-formatted text to numeric. | GREVIO baseline publication year corrected to 2020 from official CoE page.,3.02460388558768,2.31855480790214,,,,0.35750671486029256,-0.5862022207866765,Southern Europe,1,,2014.0,2015.0,True,0,0,0
Serbia,SRB,2004,party,2012,2013.0,2014.0,,0,0,0,-9.0,-10.0,1.284,,,4527.43,45.3,0,0,1,1,1,0,0,1,1,0,0,7460000,2020.0,0,0,0.0,0.0,1,1,1,0,-0.43,-1.26,retained_legacy_not_independently_reimported,2020.0,0,excluded_until_researcher_coding_rubric_is_documented,6926705.0,300.0,693.0,393.0,57.0,0.433106,0.0,GDP parsed from comma-formatted text to numeric. | GREVIO baseline publication year corrected to 2020 from official CoE page.,3.14816154276502,2.16763741135982,,,,0.2897006319853071,-0.8968384399698198,Southern Europe,1,,2014.0,2015.0,True,0,0,0
Serbia,SRB,2005,party,2012,2013.0,2014.0,,0,0,0,-8.0,-9.0,1.135,7.057,1.181,4809.14,44.9,0,0,1,1,1,1,1,1,1,1,1,7440000,2020.0,0,0,0.0,0.0,1,1,1,0,-0.61,-1.61,retained_legacy_not_independently_reimported,2020.0,0,excluded_until_researcher_coding_rubric_is_documented,6926705.0,300.0,693.0,393.0,57.0,0.433106,0.0,GDP parsed from comma-formatted text to numeric. | GREVIO baseline publication year corrected to 2020 from official CoE page.,2.85270119339398,1.94982632618366,,,,0.284625137379962,-0.9216336816363271,Southern Europe,1,,2014.0,2015.0,True,0,0,0
Serbia,SRB,2006,party,2012,2013.0,2014.0,,0,0,0,-7.0,-8.0,1.292,6.084,1.531,5016.41,44.6,0,0,1,1,1,1,1,1,1,1,1,7411000,2020.0,0,0,0.0,0.0,1,1,1,0,-0.41,-0.91,retained_legacy_not_independently_reimported,2020.0,0,excluded_until_researcher_coding_rubric_is_documented,6926705.0,300.0,693.0,393.0,57.0,0.433106,0.0,GDP parsed from comma-formatted text to numeric. | GREVIO baseline publication year corrected to 2020 from official CoE page.,2.94571923171715,2.07684499553911,,,,0.30488098180975376,-0.8241616032221197,Southern Europe,1,,2014.0,2015.0,True,0,0,0
Serbia,SRB,2007,party,2012,2013.0,2014.0,,0,0,0,-6.0,-7.0,1.4,5.599,1.403,5431.28,45.3,0,0,1,1,1,1,1,1,1,1,1,7365000,2020.0,0,0,1.0,0.0,1,1,1,0,-0.44,-0.79,retained_legacy_not_independently_reimported,2020.0,0,excluded_until_researcher_coding_rubric_is_documented,6926705.0,300.0,693.0,393.0,57.0,0.433106,0.0,GDP parsed from comma-formatted text to numeric. | GREVIO baseline publication year corrected to 2020 from official CoE page.,3.26463849124169,2.28518309996179,,,,0.30013043939602935,-0.8466767975395388,Southern Europe,1,,2014.0,2015.0,True,0,0,0
Serbia,SRB,2008,party,2012,2013.0,2014.0,,0,0,0,-5.0,-6.0,0.971,5.849,1.65,5735.95,44.7,0,0,1,1,1,1,1,1,1,1,1,7350000,2020.0,0,0,1.0,0.0,1,1,1,0,-0.43,-0.84,retained_legacy_not_independently_reimported,2020.0,0,excluded_until_researcher_coding_rubric_is_documented,6926705.0,300.0,693.0,393.0,57.0,0.433106,0.0,GDP parsed from comma-formatted text to numeric. | GREVIO baseline publication year corrected to 2020 from official CoE page.,2.87975579670844,1.87811591167972,,,,0.25215829080358565,-1.087134308433984,Southern Europe,1,,2014.0,2015.0,True,0,0,0
Serbia,SRB,2009,party,2012,2013.0,2014.0,,0,0,0,-4.0,-5.0,0.976,6.128,1.495,5578.01,43.1,0,0,1,1,1,1,1,1,1,1,1,7321000,2020.0,0,0,1.0,0.0,1,1,1,0,-0.12,-0.81,retained_legacy_not_independently_reimported,2020.0,0,excluded_until_researcher_coding_rubric_is_documented,6926705.0,300.0,693.0,393.0,57.0,0.433106,0.0,GDP parsed from comma-formatted text to numeric. | GREVIO baseline publication year corrected to 2020 from official CoE page.,3.28544281184057,2.07397700915681,,,,0.22903041131706595,-1.2137941335461508,Southern Europe,1,,2014.0,2015.0,True,0,0,0
Serbia,SRB,2010,party,2012,2013.0,2014.0,,0,0,0,-3.0,-4.0,1.109,6.666,0.974,5690.7,41.8,0,0,1,1,1,1,1,1,1,1,1,7291000,2020.0,0,0,1.0,0.0,1,1,1,0,-0.13,-0.73,retained_legacy_not_independently_reimported,2020.0,0,excluded_until_researcher_coding_rubric_is_documented,6926705.0,300.0,693.0,393.0,57.0,0.433106,0.0,GDP parsed from comma-formatted text to numeric. | GREVIO baseline publication year corrected to 2020 from official CoE page.,2.52894936645556,1.78478121117552,,,,0.30484206575983613,-0.824345237946993,Southern Europe,1,,2014.0,2015.0,True,0,0,0
Serbia,SRB,2011,party,2012,2013.0,2014.0,,0,0,0,-2.0,-3.0,1.037,5.866,1.073,5737.0,41.7,0,0,1,1,1,1,1,1,1,1,1,7186000,2020.0,0,0,1.0,0.0,1,1,1,0,-0.23,-0.55,retained_legacy_not_independently_reimported,2020.0,0,excluded_until_researcher_coding_rubric_is_documented,6926705.0,300.0,693.0,393.0,57.0,0.433106,0.0,GDP parsed from comma-formatted text to numeric. | GREVIO baseline publication year corrected to 2020 from official CoE page.,2.53775733821761,1.75156114676202,,,,0.2900896206054235,-0.8949488240543613,Southern Europe,1,,2014.0,2015.0,True,0,0,0
Serbia,SRB,2012,party,2012,2013.0,2014.0,,0,0,0,-1.0,-2.0,1.017,5.256,1.16,5739.31,42.0,0,0,1,1,1,1,1,1,1,1,1,7163000,2020.0,0,0,1.0,0.0,1,1,1,0,-0.3,-0.57,retained_legacy_not_independently_reimported,2020.0,0,excluded_until_researcher_coding_rubric_is_documented,6926705.0,300.0,693.0,393.0,57.0,0.433106,0.0,GDP parsed from comma-formatted text to numeric. | GREVIO baseline publication year corrected to 2020 from official CoE page.,2.03504665631086,1.50178377781355,,,,0.33321902137278975,-0.6936616284994008,Southern Europe,1,,2014.0,2015.0,True,0,0,0
Serbia,SRB,2013,party,2012,2013.0,2014.0,,1,0,0,0.0,-1.0,1.233,3.601,1.924,5793.34,43.1,0,0,1,1,1,1,1,1,1,1,1,7142000,2020.0,0,0,1.0,0.0,1,1,1,0,-0.31,-0.51,retained_legacy_not_independently_reimported,2020.0,0,excluded_until_researcher_coding_rubric_is_documented,6926705.0,300.0,693.0,393.0,57.0,0.433106,0.0,GDP parsed from comma-formatted text to numeric. | GREVIO baseline publication year corrected to 2020 from official CoE page.,2.65488628213044,1.91034319590384,,,,0.3171389054425621,-0.766951598005108,Southern Europe,1,,2014.0,2015.0,True,0,0,1
Serbia,SRB,2014,party,2012,2013.0,2014.0,,1,1,1,1.0,0.0,0.977,3.985,1.84,5716.54,43.7,0,0,1,1,1,1,1,1,1,1,1,7117000,2020.0,0,0,1.0,0.0,1,1,1,0,0.0,-0.16,retained_legacy_not_independently_reimported,2020.0,0,excluded_until_researcher_coding_rubric_is_documented,6926705.0,300.0,693.0,393.0,57.0,0.433106,0.0,GDP parsed from comma-formatted text to numeric. | GREVIO baseline publication year corrected to 2020 from official CoE page.,2.35353494411008,1.63272026762776,,,,0.2933462691114489,-0.8791870564086384,Southern Europe,1,,2014.0,2015.0,True,1,0,1
Serbia,SRB,2015,party,2012,2013.0,2014.0,,1,1,1,2.0,1.0,0.798,3.497,1.588,5820.32,43.3,0,0,1,1,1,1,1,1,1,1,1,7095000,2020.0,0,0,1.0,0.0,1,1,1,0,0.0,-0.12,retained_legacy_not_independently_reimported,2020.0,0,excluded_until_researcher_coding_rubric_is_documented,6926705.0,300.0,693.0,393.0,57.0,0.433106,0.0,GDP parsed from comma-formatted text to numeric. | GREVIO baseline publication year corrected to 2020 from official CoE page.,2.0482101861589,1.39329072000109,,,,0.28037282835985494,-0.9426130134038959,Southern Europe,1,,2014.0,2015.0,True,1,1,1
Serbia,SRB,2016,party,2012,2013.0,2014.0,,1,1,1,3.0,2.0,1.018,3.971,1.473,6024.96,45.3,0,0,1,1,1,1,1,1,1,1,1,7076000,2020.0,0,0,1.0,0.0,1,1,1,0,-0.06,-0.21,retained_legacy_not_independently_reimported,2020.0,0,excluded_until_researcher_coding_rubric_is_documented,6926705.0,300.0,693.0,393.0,57.0,0.433106,0.0,GDP parsed from comma-formatted text to numeric. | GREVIO baseline publication year corrected to 2020 from official CoE page.,2.29869678627454,1.62782274638115,,,,0.30693188602973337,-0.814502429556778,Southern Europe,1,,2014.0,2015.0,True,1,1,1
Serbia,SRB,2017,party,2012,2013.0,2014.0,,1,1,1,4.0,3.0,0.675,4.425,1.569,6200.26,46.1,0,0,1,1,1,1,1,1,1,1,1,7020000,2020.0,0,0,1.0,0.0,1,1,1,0,0.13,-0.3,retained_legacy_not_independently_reimported,2020.0,0,excluded_until_researcher_coding_rubric_is_documented,6926705.0,300.0,693.0,393.0,57.0,0.433106,0.0,GDP parsed from comma-formatted text to numeric. | GREVIO baseline publication year corrected to 2020 from official CoE page.,1.81089371315592,1.21580435389435,,,,0.2715321240114753,-0.986863075700465,Southern Europe,1,,2014.0,2015.0,True,1,1,1
Serbia,SRB,2018,party,2012,2013.0,2014.0,,1,1,1,5.0,4.0,0.762,6.567,1.752,6524.08,46.4,0,0,1,1,1,1,1,1,1,1,1,6982000,2020.0,0,0,1.0,0.0,1,1,1,0,0.14,-0.28,retained_legacy_not_independently_reimported,2020.0,0,excluded_until_researcher_coding_rubric_is_documented,6926705.0,300.0,693.0,393.0,57.0,0.433106,0.0,GDP parsed from comma-formatted text to numeric. | GREVIO baseline publication year corrected to 2020 from official CoE page.,2.3028423055459,1.49572244747486,,,,0.24862616866817067,-1.1059528682967437,Southern Europe,1,,2014.0,2015.0,True,1,1,1
Serbia,SRB,2019,party,2012,2013.0,2014.0,,1,1,1,6.0,5.0,0.768,8.025,1.665,6870.76,46.7,0,0,1,1,1,1,1,1,1,1,1,6945000,2020.0,0,0,1.0,0.0,1,1,1,0,-0.02,-0.24,retained_legacy_not_independently_reimported,2020.0,0,excluded_until_researcher_coding_rubric_is_documented,6926705.0,300.0,693.0,393.0,57.0,0.433106,0.0,GDP parsed from comma-formatted text to numeric. | GREVIO baseline publication year corrected to 2020 from official CoE page.,1.8079324845693,1.26325112750546,0.849910122004598,0.693040785751564,,0.2981444601520334,-0.8561494645017215,Southern Europe,1,,2014.0,2015.0,True,1,1,1
Serbia,SRB,2020,party,2012,2013.0,2014.0,,1,1,1,7.0,6.0,0.608,7.036,1.346,6850.97,46.2,0,0,1,1,1,1,1,1,1,1,1,6899000,2020.0,1,1,1.0,0.0,1,1,1,0,-0.06,-0.2,retained_legacy_not_independently_reimported,2020.0,1,excluded_until_researcher_coding_rubric_is_documented,6926705.0,300.0,693.0,393.0,57.0,0.433106,0.0,GDP parsed from comma-formatted text to numeric. | GREVIO baseline publication year corrected to 2020 from official CoE page.,1.88391813038749,1.21601456438015,0.608272758352449,0.546943973338304,,0.2439887541190837,-1.1309341170175977,Southern Europe,1,,2014.0,2015.0,True,1,1,1
Serbia,SRB,2021,party,2012,2013.0,2014.0,,1,1,1,8.0,7.0,0.754,9.685,1.682,7465.68,49.0,0,0,1,1,1,1,1,1,1,1,1,6833000,2020.0,1,1,1.0,0.0,1,1,1,0,0.03,-0.19,retained_legacy_not_independently_reimported,2020.0,1,excluded_until_researcher_coding_rubric_is_documented,6926705.0,300.0,693.0,393.0,57.0,0.433106,0.0,GDP parsed from comma-formatted text to numeric. | GREVIO baseline publication year corrected to 2020 from official CoE page.,1.5355185400044,1.1264836301447,,,,0.32932688109988006,-0.711231046045811,Southern Europe,1,,2014.0,2015.0,True,1,1,1
Serbia,SRB,2022,party,2012,2013.0,2014.0,,1,1,1,9.0,8.0,0.562,7.127,1.59,7862.95,50.1,0,0,1,1,1,1,1,1,1,1,1,6787000,2020.0,1,1,1.0,0.0,1,1,1,0,0.09,-0.16,retained_legacy_not_independently_reimported,2020.0,1,excluded_until_researcher_coding_rubric_is_documented,6926705.0,300.0,693.0,393.0,57.0,0.433106,0.0,GDP parsed from comma-formatted text to numeric. | GREVIO baseline publication year corrected to 2020 from official CoE page.,1.67131126129528,1.08964325742373,,,,0.2516442780457079,-1.0898619338238897,Southern Europe,1,,2014.0,2015.0,True,1,1,1
Serbia,SRB,2023,party,2012,2013.0,2014.0,,1,1,1,10.0,9.0,0.647,7.928,1.284,8208.48,51.4,0,0,1,1,1,1,1,1,1,1,1,6641000,2020.0,1,1,1.0,0.0,1,1,1,0,0.01,-0.05,retained_legacy_not_independently_reimported,2020.0,1,excluded_until_researcher_coding_rubric_is_documented,6926705.0,300.0,693.0,393.0,57.0,0.433106,0.0,GDP parsed from comma-formatted text to numeric. | GREVIO baseline publication year corrected to 2020 from official CoE page. | UNODC outcome values preserved from source dataset; not silently imputed or replaced.,2.05181262101031,1.31400205013848,,,,0.23973505791513353,-1.154132592323144,Southern Europe,1,,2014.0,2015.0,True,1,1,1
Slovakia,SVK,1990,signed_not_ratified,2011,,,,0,0,0,,,,,,8597.46,59.1,0,0,1,1,0,0,0,0,0,0,0,5288000,,0,0,0.0,0.0,1,1,0,0,,,retained_legacy_not_independently_reimported,,0,excluded_until_researcher_coding_rubric_is_documented,5457873.0,214.0,546.0,332.0,61.0,0.392094,0.0,GDP parsed from comma-formatted text to numeric.,,1.76602017668557,,,,,,Eastern Europe,1,,,,False,0,0,0
Slovakia,SVK,1991,signed_not_ratified,2011,,,,0,0,0,,,,,,7338.8,59.7,0,0,1,1,0,0,0,0,0,0,0,5296000,,0,0,0.0,0.0,1,1,0,0,,,retained_legacy_not_independently_reimported,,0,excluded_until_researcher_coding_rubric_is_documented,5457873.0,214.0,546.0,332.0,61.0,0.392094,0.0,GDP parsed from comma-formatted text to numeric.,,2.42200665522016,,,,,,Eastern Europe,1,,,,False,0,0,0
Slovakia,SVK,1992,signed_not_ratified,2011,,,,0,0,0,,,,,,6843.3,57.5,0,0,1,1,0,0,0,0,0,0,0,5303000,,0,0,0.0,0.0,1,1,0,0,,,retained_legacy_not_independently_reimported,,0,excluded_until_researcher_coding_rubric_is_documented,5457873.0,214.0,546.0,332.0,61.0,0.392094,0.0,GDP parsed from comma-formatted text to numeric.,,,,,,,,Eastern Europe,1,,,,False,0,0,0
Slovakia,SVK,1993,signed_not_ratified,2011,,,,0,0,0,,,,,,6946.85,55.1,0,0,1,1,0,0,0,0,0,0,0,5310000,,0,0,0.0,0.0,1,1,0,0,,,retained_legacy_not_independently_reimported,,0,excluded_until_researcher_coding_rubric_is_documented,5457873.0,214.0,546.0,332.0,61.0,0.392094,0.0,GDP parsed from comma-formatted text to numeric.,,2.57211303779692,,,,,,Eastern Europe,1,,,,False,0,0,0
Slovakia,SVK,1994,signed_not_ratified,2011,,,,0,0,0,,,,,,7348.92,51.4,0,0,1,1,0,0,0,0,0,0,0,5318000,,0,0,0.0,0.0,1,1,0,0,,,retained_legacy_not_independently_reimported,,0,excluded_until_researcher_coding_rubric_is_documented,5457873.0,214.0,546.0,332.0,61.0,0.392094,0.0,GDP parsed from comma-formatted text to numeric.,,2.41426956835667,,,,,,Eastern Europe,1,,,,False,0,0,0
Slovakia,SVK,1995,signed_not_ratified,2011,,,,0,0,0,,,,,,7755.62,51.5,0,0,1,1,0,0,0,0,0,0,0,5356000,,0,0,0.0,0.0,1,1,0,0,,,retained_legacy_not_independently_reimported,,0,excluded_until_researcher_coding_rubric_is_documented,5457873.0,214.0,546.0,332.0,61.0,0.392094,0.0,GDP parsed from comma-formatted text to numeric.,,2.39060998281376,,,,,,Eastern Europe,1,,,,False,0,0,0
Slovakia,SVK,1996,signed_not_ratified,2011,,,,0,0,0,,,,,,8212.83,52.3,0,0,1,1,0,0,0,1,0,0,0,5363000,,0,0,0.0,0.0,1,1,0,0,0.78,0.27,retained_legacy_not_independently_reimported,,0,excluded_until_researcher_coding_rubric_is_documented,5457873.0,214.0,546.0,332.0,61.0,0.392094,0.0,GDP parsed from comma-formatted text to numeric.,,2.46157128248889,,,,,,Eastern Europe,1,,,,False,0,0,0
Slovakia,SVK,1997,signed_not_ratified,2011,,,,0,0,0,,,,,,8647.39,51.8,0,0,1,1,0,0,0,0,0,0,0,5371000,,0,0,0.0,0.0,1,1,0,0,,,retained_legacy_not_independently_reimported,,0,excluded_until_researcher_coding_rubric_is_documented,5457873.0,214.0,546.0,332.0,61.0,0.392094,0.0,GDP parsed from comma-formatted text to numeric.,,2.60718340483068,,,,,,Eastern Europe,1,,,,False,0,0,0
Slovakia,SVK,1998,signed_not_ratified,2011,,,,0,0,0,,,,,,8966.22,51.4,0,0,1,1,0,0,0,1,0,0,0,5380000,,0,0,0.0,0.0,1,1,0,0,0.91,0.29,retained_legacy_not_independently_reimported,,0,excluded_until_researcher_coding_rubric_is_documented,5457873.0,214.0,546.0,332.0,61.0,0.392094,0.0,GDP parsed from comma-formatted text to numeric.,,2.38148573452834,,,,,,Eastern Europe,1,,,,False,0,0,0
Slovakia,SVK,1999,signed_not_ratified,2011,,,,0,0,0,,,,,,8914.68,51.9,0,0,1,1,0,0,0,0,0,0,0,5380000,,0,0,0.0,0.0,1,1,0,0,,,retained_legacy_not_independently_reimported,,0,excluded_until_researcher_coding_rubric_is_documented,5457873.0,214.0,546.0,332.0,61.0,0.392094,0.0,GDP parsed from comma-formatted text to numeric.,,2.62174178855597,,,,,,Eastern Europe,1,,,,False,0,0,0
Slovakia,SVK,2000,signed_not_ratified,2011,,,,0,0,0,,,1.229,,,8997.21,52.6,0,0,1,1,1,0,0,1,1,0,0,5391000,,0,0,0.0,0.0,1,1,0,0,1.14,0.51,retained_legacy_not_independently_reimported,,0,excluded_until_researcher_coding_rubric_is_documented,5457873.0,214.0,546.0,332.0,61.0,0.392094,0.0,GDP parsed from comma-formatted text to numeric.,3.63460928524069,2.39776996241077,,,,0.252692995658507,-1.0843007877580726,Eastern Europe,1,,,,False,0,0,0
Slovakia,SVK,2001,signed_not_ratified,2011,,,,0,0,0,,,1.193,,,9277.36,53.0,0,0,1,1,1,0,0,0,0,0,0,5379000,,0,0,0.0,0.0,1,1,0,0,,,retained_legacy_not_independently_reimported,,0,excluded_until_researcher_coding_rubric_is_documented,5457873.0,214.0,546.0,332.0,61.0,0.392094,0.0,GDP parsed from comma-formatted text to numeric.,3.25294166384905,2.19353809701647,,,,0.2683346049500719,-1.0030885711832962,Eastern Europe,1,,,,False,0,0,0
Slovakia,SVK,2002,signed_not_ratified,2011,,,,0,0,0,,,1.772,,,9690.68,52.5,0,0,1,1,1,0,0,1,1,0,0,5378000,,0,0,0.0,0.0,1,1,0,0,0.92,0.49,retained_legacy_not_independently_reimported,,0,excluded_until_researcher_coding_rubric_is_documented,5457873.0,214.0,546.0,332.0,61.0,0.392094,0.0,GDP parsed from comma-formatted text to numeric.,2.75608952238117,2.25003777181177,,,,0.39133501916017,-0.4417039831627305,Eastern Europe,1,,,,False,0,0,0
Slovakia,SVK,2003,signed_not_ratified,2011,,,,0,0,0,,,1.7,,4.334,10168.02,52.9,0,0,1,1,1,0,0,1,1,0,0,5378000,,0,0,0.0,0.0,1,1,0,0,1.14,0.56,retained_legacy_not_independently_reimported,,0,excluded_until_researcher_coding_rubric_is_documented,5457873.0,214.0,546.0,332.0,61.0,0.392094,0.0,GDP parsed from comma-formatted text to numeric.,3.44583473240605,2.5482701895541,,,,0.3303642826486825,-0.7065379266381316,Eastern Europe,1,,,,False,0,0,0
Slovakia,SVK,2004,signed_not_ratified,2011,,,,0,0,0,,,1.303,,4.167,10718.21,52.5,0,0,1,1,1,0,0,1,1,0,0,5380000,,0,0,0.0,0.0,1,1,0,0,1.39,0.79,retained_legacy_not_independently_reimported,,0,excluded_until_researcher_coding_rubric_is_documented,5457873.0,214.0,546.0,332.0,61.0,0.392094,0.0,GDP parsed from comma-formatted text to numeric.,2.75630528760802,2.00891418467334,,,,0.3209908857995265,-0.7492218208652391,Eastern Europe,1,,,,False,0,0,0
Slovakia,SVK,2005,signed_not_ratified,2011,,,,0,0,0,,,1.158,,3.72,11412.16,51.2,0,0,1,1,1,0,1,1,1,0,1,5382000,,0,0,0.0,0.0,1,1,0,0,1.49,0.83,retained_legacy_not_independently_reimported,,0,excluded_until_researcher_coding_rubric_is_documented,5457873.0,214.0,546.0,332.0,61.0,0.392094,0.0,GDP parsed from comma-formatted text to numeric.,2.33440684157242,1.72968710332277,,,,0.33157648937562567,-0.7010634503939747,Eastern Europe,1,,,,False,0,0,0
Slovakia,SVK,2006,signed_not_ratified,2011,,,,0,0,0,,,0.543,5.263,3.236,12430.2,50.5,0,0,1,1,1,1,1,1,1,1,1,5389000,,0,0,0.0,0.0,1,1,0,0,1.41,0.83,retained_legacy_not_independently_reimported,,0,excluded_until_researcher_coding_rubric_is_documented,5457873.0,214.0,546.0,332.0,61.0,0.392094,0.0,GDP parsed from comma-formatted text to numeric.,2.56342859722683,1.5250576267202,,,,0.17479880287116428,-1.5519916172747616,Eastern Europe,1,,,,False,0,0,0
Slovakia,SVK,2007,signed_not_ratified,2011,,,,0,0,0,,,1.014,5.449,3.385,13770.96,50.3,0,0,1,1,1,1,1,1,1,1,1,5397000,,0,0,1.0,0.0,1,1,0,0,1.17,0.73,retained_legacy_not_independently_reimported,,0,excluded_until_researcher_coding_rubric_is_documented,5457873.0,214.0,546.0,332.0,61.0,0.392094,0.0,GDP parsed from comma-formatted text to numeric.,2.06554431108933,1.52501423191635,,,,0.3292694949537248,-0.7114908754157971,Eastern Europe,1,,,,False,0,0,0
Slovakia,SVK,2008,signed_not_ratified,2011,,,,0,0,0,,,0.869,4.685,2.826,14497.11,50.8,0,0,1,1,1,1,1,1,1,1,1,5406000,,0,0,1.0,0.0,1,1,0,0,1.44,0.9,retained_legacy_not_independently_reimported,,0,excluded_until_researcher_coding_rubric_is_documented,5457873.0,214.0,546.0,332.0,61.0,0.392094,0.0,GDP parsed from comma-formatted text to numeric.,2.37008992388762,1.59877437213017,,,,0.2682852345627407,-1.0033400507125998,Eastern Europe,1,,,,False,0,0,0
Slovakia,SVK,2009,signed_not_ratified,2011,,,,0,0,0,,,1.157,11.625,2.637,13680.75,50.1,0,0,1,1,1,1,1,1,1,1,1,5420000,,0,0,1.0,0.0,1,1,0,0,1.47,0.91,retained_legacy_not_independently_reimported,,0,excluded_until_researcher_coding_rubric_is_documented,5457873.0,214.0,546.0,332.0,61.0,0.392094,0.0,GDP parsed from comma-formatted text to numeric.,1.7558840246236,1.44844846564276,,,,0.39720084638436864,-0.41714199961734366,Eastern Europe,1,,,,False,0,0,0
Slovakia,SVK,2010,signed_not_ratified,2011,,,,0,0,0,,,1.12,10.423,2.17,14596.15,50.6,0,0,1,1,1,1,1,1,1,1,1,5435000,,0,0,1.0,0.0,1,1,0,0,1.33,0.96,retained_legacy_not_independently_reimported,,0,excluded_until_researcher_coding_rubric_is_documented,5457873.0,214.0,546.0,332.0,61.0,0.392094,0.0,GDP parsed from comma-formatted text to numeric.,1.94351238417524,1.65063908479667,0.180653068067186,0.457297031570644,0.180653068067186,0.36559342987657834,-0.5511681580822647,Eastern Europe,1,,,,False,0,0,0
Slovakia,SVK,2011,signed_not_ratified,2011,,,,0,0,0,,,1.119,14.375,2.779,14950.87,50.2,0,0,1,1,1,1,1,1,1,1,1,5397000,,0,0,1.0,0.0,1,1,0,0,1.32,1.02,retained_legacy_not_independently_reimported,,0,excluded_until_researcher_coding_rubric_is_documented,5457873.0,214.0,546.0,332.0,61.0,0.392094,0.0,GDP parsed from comma-formatted text to numeric.,2.1688280433271,1.77840071202719,0.144406365288176,0.266347303566486,0.144406365288176,0.34034626667021,-0.6617515201315662,Eastern Europe,1,,,,False,0,0,0
Slovakia,SVK,2012,signed_not_ratified,2011,,,,0,0,0,,,0.649,11.86,1.628,15159.66,50.6,0,0,1,1,1,1,1,1,1,1,1,5404000,,0,0,1.0,0.0,1,1,0,0,1.33,0.83,retained_legacy_not_independently_reimported,,0,excluded_until_researcher_coding_rubric_is_documented,5457873.0,214.0,546.0,332.0,61.0,0.392094,0.0,GDP parsed from comma-formatted text to numeric.,1.70936794410899,1.38763718875067,0.0360708850604855,0.151943817254132,0.0360708850604855,0.2751903076113076,-0.9684462411369996,Eastern Europe,1,,,,False,0,0,0
Slovakia,SVK,2013,signed_not_ratified,2011,,,,0,0,0,,,0.829,2.939,1.682,15249.88,51.0,0,0,1,1,1,1,1,1,1,1,1,5415000,,0,0,1.0,0.0,1,1,0,0,1.23,0.79,retained_legacy_not_independently_reimported,,0,excluded_until_researcher_coding_rubric_is_documented,5457873.0,214.0,546.0,332.0,61.0,0.392094,0.0,GDP parsed from comma-formatted text to numeric.,1.82083755113282,1.44166216994369,0.0720909845898311,0.227604693891602,0.0720909845898311,0.31284936680197545,-0.7868317120093755,Eastern Europe,1,,,,False,0,0,0
Slovakia,SVK,2014,signed_not_ratified,2011,,,,0,0,0,,,0.684,12.613,1.588,15647.65,52.0,0,0,1,1,1,1,1,1,1,1,1,5421000,,0,0,1.0,0.0,1,1,0,0,1.35,0.82,retained_legacy_not_independently_reimported,,0,excluded_until_researcher_coding_rubric_is_documented,5457873.0,214.0,546.0,332.0,61.0,0.392094,0.0,GDP parsed from comma-formatted text to numeric.,1.74293325815986,1.32958329289954,0.0,0.265228974067805,0.0,0.2818371694813807,-0.9353668358045326,Eastern Europe,1,,,,False,0,0,0
Slovakia,SVK,2015,signed_not_ratified,2011,,,,0,0,0,,,0.504,11.9,1.605,16442.08,51.9,0,0,1,1,1,1,1,1,1,1,1,5422000,,0,0,1.0,0.0,1,1,0,0,1.26,0.8,retained_legacy_not_independently_reimported,,0,excluded_until_researcher_coding_rubric_is_documented,5457873.0,214.0,546.0,332.0,61.0,0.392094,0.0,GDP parsed from comma-formatted text to numeric.,1.13517922304172,0.885563434200239,0.0360032957416922,0.0756786148694478,0.0360032957416922,0.3074709543138056,-0.8119695551419615,Eastern Europe,1,,,,False,0,0,0
Slovakia,SVK,2016,signed_not_ratified,2011,,,,0,0,0,,,0.719,12.087,1.511,16740.74,52.5,0,0,1,1,1,1,1,1,1,1,1,5426000,,0,0,1.0,0.0,1,1,0,0,1.36,1.02,retained_legacy_not_independently_reimported,,0,excluded_until_researcher_coding_rubric_is_documented,5457873.0,214.0,546.0,332.0,61.0,0.392094,0.0,GDP parsed from comma-formatted text to numeric.,1.39756755256082,1.10553043442371,0.0719475703665225,0.2644046721061,0.0719475703665225,0.33970094605772777,-0.6646271842872342,Eastern Europe,1,,,,False,0,0,0
Slovakia,SVK,2017,signed_not_ratified,2011,,,,0,0,0,,,0.683,12.97,1.766,17195.29,52.6,0,0,1,1,1,1,1,1,1,1,1,5435000,,0,0,1.0,0.0,1,1,0,0,1.14,0.88,retained_legacy_not_independently_reimported,,0,excluded_until_researcher_coding_rubric_is_documented,5457873.0,214.0,546.0,332.0,61.0,0.392094,0.0,GDP parsed from comma-formatted text to numeric.,2.07334554094056,1.47175143295698,0.143730665979634,0.339274724881183,0.143730665979634,0.24779186421123994,-1.110423925390445,Eastern Europe,1,,,,False,0,0,0
Slovakia,SVK,2018,signed_not_ratified,2011,,,,0,0,0,,,0.933,12.254,1.819,17869.01,52.2,0,0,1,1,1,1,1,1,1,1,1,5443000,,0,0,1.0,0.0,1,1,0,0,1.0,0.81,retained_legacy_not_independently_reimported,,0,excluded_until_researcher_coding_rubric_is_documented,5457873.0,214.0,546.0,332.0,61.0,0.392094,0.0,GDP parsed from comma-formatted text to numeric.,1.35467294432144,1.23088635575335,0.0717935905554096,0.225778824053573,0.0717935905554096,0.4078380182429191,-0.37291013382767807,Eastern Europe,1,,,,False,0,0,0
Slovakia,SVK,2019,signed_not_ratified,2011,,,,0,0,0,,,0.538,12.806,1.78,18250.98,52.2,0,0,1,1,1,1,1,1,1,1,1,5455000,,0,0,1.0,0.0,1,1,0,0,0.94,0.86,retained_legacy_not_independently_reimported,,0,excluded_until_researcher_coding_rubric_is_documented,5457873.0,214.0,546.0,332.0,61.0,0.392094,0.0,GDP parsed from comma-formatted text to numeric.,2.02861283266668,1.39433538407656,0.143435598133616,0.262968330160495,0.143435598133616,0.2096147861308028,-1.3272489446334537,Eastern Europe,1,,,,False,0,0,0
Slovakia,SVK,2020,signed_not_ratified,2011,,,,0,0,0,,,1.003,11.347,1.687,17763.86,51.8,0,0,1,1,1,1,1,1,1,1,1,5460000,,0,0,1.0,0.0,1,1,0,0,0.86,1.12,retained_legacy_not_independently_reimported,,0,excluded_until_researcher_coding_rubric_is_documented,5457873.0,214.0,546.0,332.0,61.0,0.392094,0.0,GDP parsed from comma-formatted text to numeric.,1.23855021317138,1.15489878274585,0.0,0.37531824641557,0.0,0.4474581894736768,-0.21094600368326213,Eastern Europe,1,,,,False,0,0,0
Slovakia,SVK,2021,signed_not_ratified,2011,,,,0,0,0,,,0.646,10.858,1.69,18808.45,54.6,0,0,1,1,1,1,1,1,1,1,1,5459000,,0,0,1.0,0.0,1,1,0,0,0.85,1.16,retained_legacy_not_independently_reimported,,0,excluded_until_researcher_coding_rubric_is_documented,5457873.0,214.0,546.0,332.0,61.0,0.392094,0.0,GDP parsed from comma-formatted text to numeric.,1.16618689988398,1.0105169087957,0.0359127936813594,0.338570390288898,0.0359127936813594,0.35647537240301114,-0.5906951417782212,Eastern Europe,1,,,,False,0,0,0
Slovakia,SVK,2022,signed_not_ratified,2011,,,,0,0,0,,,0.607,10.963,1.955,18964.83,55.7,0,0,1,1,1,1,1,1,1,1,1,5643000,,0,0,1.0,0.0,1,1,0,0,0.53,0.87,retained_legacy_not_independently_reimported,,0,excluded_until_researcher_coding_rubric_is_documented,5457873.0,214.0,546.0,332.0,61.0,0.392094,0.0,GDP parsed from comma-formatted text to numeric.,0.785731710784879,0.767376066253057,0.0714150918299885,0.149663183006644,0.0714150918299885,0.43583412031160185,-0.2580866082224099,Eastern Europe,1,,,,False,0,0,0
Slovakia,SVK,2023,signed_not_ratified,2011,,,,0,0,0,,,0.744,10.656,1.812,19383.37,55.7,0,0,1,1,1,1,1,1,1,1,1,5474000,,0,0,1.0,0.0,1,1,0,0,0.16,0.42,retained_legacy_not_independently_reimported,,0,excluded_until_researcher_coding_rubric_is_documented,5457873.0,214.0,546.0,332.0,61.0,0.392094,0.0,GDP parsed from comma-formatted text to numeric. | UNODC outcome values preserved from source dataset; not silently imputed or replaced.,1.18773022712186,1.12358440823663,0.0708255425236557,0.259815987182906,0.0708255425236557,0.3851469473087383,-0.467758357755324,Eastern Europe,1,,,,False,0,0,0
Slovenia,SVN,1990,party,2011,2015.0,2015.0,,0,0,0,-25.0,-25.0,,,,13615.59,52.0,0,0,1,1,0,0,0,0,0,0,0,1999000,2021.0,0,0,0.0,0.0,1,1,1,0,,,retained_legacy_not_independently_reimported,2021.0,0,excluded_until_researcher_coding_rubric_is_documented,2095861.0,510.0,210.0,0.0,0.0,2.433367,1.0,GDP parsed from comma-formatted text to numeric.,,2.05204486270569,,,,,,Southern Europe,1,,2016.0,2016.0,True,0,0,0
Slovenia,SVN,1991,party,2011,2015.0,2015.0,,0,0,0,-24.0,-24.0,,,,12395.92,51.7,0,0,1,1,0,0,0,0,0,0,0,2000000,2021.0,0,0,0.0,0.0,1,1,1,0,,,retained_legacy_not_independently_reimported,2021.0,0,excluded_until_researcher_coding_rubric_is_documented,2095861.0,510.0,210.0,0.0,0.0,2.433367,1.0,GDP parsed from comma-formatted text to numeric.,,2.00080732575594,,,,,,Southern Europe,1,,2016.0,2016.0,True,0,0,0
Slovenia,SVN,1992,party,2011,2015.0,2015.0,,0,0,0,-23.0,-23.0,,,,11735.85,51.6,0,0,1,1,0,0,0,0,0,0,0,1999000,2021.0,0,0,0.0,0.0,1,1,1,0,,,retained_legacy_not_independently_reimported,2021.0,0,excluded_until_researcher_coding_rubric_is_documented,2095861.0,510.0,210.0,0.0,0.0,2.433367,1.0,GDP parsed from comma-formatted text to numeric.,,2.4049801125681,,,,,,Southern Europe,1,,2016.0,2016.0,True,0,0,0
Slovenia,SVN,1993,party,2011,2015.0,2015.0,,0,0,0,-22.0,-22.0,,,,12098.34,51.6,0,0,1,1,0,0,0,0,0,0,0,1999000,2021.0,0,0,0.0,0.0,1,1,1,0,,,retained_legacy_not_independently_reimported,2021.0,0,excluded_until_researcher_coding_rubric_is_documented,2095861.0,510.0,210.0,0.0,0.0,2.433367,1.0,GDP parsed from comma-formatted text to numeric.,,1.30600074693197,,,,,,Southern Europe,1,,2016.0,2016.0,True,0,0,0
Slovenia,SVN,1994,party,2011,2015.0,2015.0,,0,0,0,-21.0,-21.0,,,,12757.63,51.5,0,0,1,1,0,0,0,0,0,0,0,1989000,2021.0,0,0,0.0,0.0,1,1,1,0,,,retained_legacy_not_independently_reimported,2021.0,0,excluded_until_researcher_coding_rubric_is_documented,2095861.0,510.0,210.0,0.0,0.0,2.433367,1.0,GDP parsed from comma-formatted text to numeric.,,2.0621024794519,,,,,,Southern Europe,1,,2016.0,2016.0,True,0,0,0
Slovenia,SVN,1995,party,2011,2015.0,2015.0,,0,0,0,-20.0,-20.0,,,,13278.74,51.4,0,0,1,1,0,0,0,0,0,0,0,1989000,2021.0,0,0,0.0,0.0,1,1,1,0,,,retained_legacy_not_independently_reimported,2021.0,0,excluded_until_researcher_coding_rubric_is_documented,2095861.0,510.0,210.0,0.0,0.0,2.433367,1.0,GDP parsed from comma-formatted text to numeric.,,2.21317391774538,,,,,,Southern Europe,1,,2016.0,2016.0,True,0,0,0
Slovenia,SVN,1996,party,2011,2015.0,2015.0,,0,0,0,-19.0,-19.0,,,,13674.18,51.2,0,0,1,1,0,0,0,1,0,0,0,1990000,2021.0,0,0,0.0,0.0,1,1,1,0,1.51,1.82,retained_legacy_not_independently_reimported,2021.0,0,excluded_until_researcher_coding_rubric_is_documented,2095861.0,510.0,210.0,0.0,0.0,2.433367,1.0,GDP parsed from comma-formatted text to numeric.,,1.91263005255203,,,,,,Southern Europe,1,,2016.0,2016.0,True,0,0,0
Slovenia,SVN,1997,party,2011,2015.0,2015.0,,0,0,0,-18.0,-18.0,,,,14400.67,52.5,0,0,1,1,0,0,0,0,0,0,0,1985000,2021.0,0,0,0.0,0.0,1,1,1,0,,,retained_legacy_not_independently_reimported,2021.0,0,excluded_until_researcher_coding_rubric_is_documented,2095861.0,510.0,210.0,0.0,0.0,2.433367,1.0,GDP parsed from comma-formatted text to numeric.,,1.81415265842655,,,,,,Southern Europe,1,,2016.0,2016.0,True,0,0,0
Slovenia,SVN,1998,party,2011,2015.0,2015.0,,0,0,0,-17.0,-17.0,,,,14874.29,53.1,0,0,1,1,0,0,0,1,0,0,0,1982000,2021.0,0,0,0.0,0.0,1,1,1,0,1.28,2.0,retained_legacy_not_independently_reimported,2021.0,0,excluded_until_researcher_coding_rubric_is_documented,2095861.0,510.0,210.0,0.0,0.0,2.433367,1.0,GDP parsed from comma-formatted text to numeric.,,0.707047674457069,,,,,,Southern Europe,1,,2016.0,2016.0,True,0,0,0
Slovenia,SVN,1999,party,2011,2015.0,2015.0,,0,0,0,-16.0,-16.0,,,,15646.69,52.0,0,0,1,1,0,0,0,0,0,0,0,1988000,2021.0,0,0,0.0,0.0,1,1,1,0,,,retained_legacy_not_independently_reimported,2021.0,0,excluded_until_researcher_coding_rubric_is_documented,2095861.0,510.0,210.0,0.0,0.0,2.433367,1.0,GDP parsed from comma-formatted text to numeric.,,1.2618653196002,,,,,,Southern Europe,1,,2016.0,2016.0,True,0,0,0
Slovenia,SVN,2000,party,2011,2015.0,2015.0,,0,0,0,-15.0,-15.0,,,,16146.12,51.3,0,0,1,1,0,0,0,1,0,0,0,1988000,2021.0,0,0,0.0,0.0,1,1,1,0,1.15,1.64,retained_legacy_not_independently_reimported,2021.0,0,excluded_until_researcher_coding_rubric_is_documented,2095861.0,510.0,210.0,0.0,0.0,2.433367,1.0,GDP parsed from comma-formatted text to numeric.,,1.81194433706997,,,,,,Southern Europe,1,,2016.0,2016.0,True,0,0,0
Slovenia,SVN,2001,party,2011,2015.0,2015.0,,0,0,0,-14.0,-14.0,,,,16576.72,51.1,0,0,1,1,0,0,0,0,0,0,0,1992000,2021.0,0,0,0.0,0.0,1,1,1,0,,,retained_legacy_not_independently_reimported,2021.0,0,excluded_until_researcher_coding_rubric_is_documented,2095861.0,510.0,210.0,0.0,0.0,2.433367,1.0,GDP parsed from comma-formatted text to numeric.,,1.40726217646163,,,,,,Southern Europe,1,,2016.0,2016.0,True,0,0,0
Slovenia,SVN,2002,party,2011,2015.0,2015.0,,0,0,0,-13.0,-13.0,,,,17099.66,51.9,0,0,1,1,0,0,0,1,0,0,0,1995000,2021.0,0,0,0.0,0.0,1,1,1,0,1.34,1.5,retained_legacy_not_independently_reimported,2021.0,0,excluded_until_researcher_coding_rubric_is_documented,2095861.0,510.0,210.0,0.0,0.0,2.433367,1.0,GDP parsed from comma-formatted text to numeric.,,1.80761775311607,,,,,,Southern Europe,1,,2016.0,2016.0,True,0,0,0
Slovenia,SVN,2003,party,2011,2015.0,2015.0,,0,0,0,-12.0,-12.0,,7.277,3.513,17635.36,50.4,0,0,1,1,0,0,0,1,0,0,0,1996000,2021.0,0,0,0.0,0.0,1,1,1,0,1.53,1.44,retained_legacy_not_independently_reimported,2021.0,0,excluded_until_researcher_coding_rubric_is_documented,2095861.0,510.0,210.0,0.0,0.0,2.433367,1.0,GDP parsed from comma-formatted text to numeric.,,1.05395761082866,,,,,,Southern Europe,1,,2016.0,2016.0,True,0,0,0
Slovenia,SVN,2004,party,2011,2015.0,2015.0,,0,0,0,-11.0,-11.0,0.687,18.51,4.364,18425.26,52.8,0,0,1,1,1,0,0,1,1,0,0,1997000,2021.0,0,0,0.0,0.0,1,1,1,0,1.53,1.55,retained_legacy_not_independently_reimported,2021.0,0,excluded_until_researcher_coding_rubric_is_documented,2095861.0,510.0,210.0,0.0,0.0,2.433367,1.0,GDP parsed from comma-formatted text to numeric.,2.05061638965402,1.35437123315501,,,,0.25094823460156995,-1.0935614125955795,Southern Europe,1,,2016.0,2016.0,True,0,0,0
Slovenia,SVN,2005,party,2011,2015.0,2015.0,,0,0,0,-10.0,-10.0,0.981,15.574,2.904,19102.28,52.8,0,0,1,1,1,1,1,1,1,1,1,2000000,2021.0,0,0,0.0,0.0,1,1,1,0,1.51,1.5,retained_legacy_not_independently_reimported,2021.0,0,excluded_until_researcher_coding_rubric_is_documented,2095861.0,510.0,210.0,0.0,0.0,2.433367,1.0,GDP parsed from comma-formatted text to numeric.,1.02289233035331,1.00154563530168,0.392428677314238,0.511446165176654,,0.4895472601699304,-0.041817051925711377,Southern Europe,1,,2016.0,2016.0,True,0,0,0
Slovenia,SVN,2006,party,2011,2015.0,2015.0,,0,0,0,-9.0,-9.0,0.294,14.278,2.746,20166.53,53.2,0,0,1,1,1,1,1,1,1,1,1,2003000,2021.0,0,0,0.0,0.0,1,1,1,0,1.62,1.53,retained_legacy_not_independently_reimported,2021.0,0,excluded_until_researcher_coding_rubric_is_documented,2095861.0,510.0,210.0,0.0,0.0,2.433367,1.0,GDP parsed from comma-formatted text to numeric.,0.916065032474505,0.599067252288187,0.0979766835088586,0.61071002164967,,0.24296214840518854,-1.1365075909665474,Southern Europe,1,,2016.0,2016.0,True,0,0,0
Slovenia,SVN,2007,party,2011,2015.0,2015.0,,0,0,0,-8.0,-8.0,0.783,18.022,4.816,21485.78,53.5,0,0,1,1,1,1,1,1,1,1,1,2010000,2021.0,0,0,0.0,0.0,1,1,1,0,1.51,1.61,retained_legacy_not_independently_reimported,2021.0,0,excluded_until_researcher_coding_rubric_is_documented,2095861.0,510.0,210.0,0.0,0.0,2.433367,1.0,GDP parsed from comma-formatted text to numeric.,1.61292598887484,1.19156520778539,0.586985647711759,0.201615748609355,0.391323765141173,0.32680475258240665,-0.7226724969371456,Southern Europe,1,,2016.0,2016.0,True,0,0,0
Slovenia,SVN,2008,party,2011,2015.0,2015.0,,0,0,0,-7.0,-7.0,0.488,13.629,2.815,22175.24,53.6,0,0,1,1,1,1,1,1,1,1,1,2026000,2021.0,0,0,0.0,0.0,1,1,1,0,1.9,1.71,retained_legacy_not_independently_reimported,2021.0,0,excluded_until_researcher_coding_rubric_is_documented,2095861.0,510.0,210.0,0.0,0.0,2.433367,1.0,GDP parsed from comma-formatted text to numeric.,0.499767358294714,0.493806310894034,0.39038863188304,0.199906943317886,0.29279147391228,0.49404345659132265,-0.023827300880558733,Southern Europe,1,,2016.0,2016.0,True,0,0,0
Slovenia,SVN,2009,party,2011,2015.0,2015.0,,0,0,0,-6.0,-6.0,0.681,16.948,3.881,20307.62,53.5,0,0,1,1,1,1,1,1,1,1,1,2042000,2021.0,0,0,1.0,0.0,1,1,1,0,1.95,1.82,retained_legacy_not_independently_reimported,2021.0,0,excluded_until_researcher_coding_rubric_is_documented,2095861.0,510.0,210.0,0.0,0.0,2.433367,1.0,GDP parsed from comma-formatted text to numeric.,0.595721823722934,0.638629834427847,0.486179615169387,0.099286970620489,0.194471846067755,0.5333973206584633,0.13378848676049243,Southern Europe,1,,2016.0,2016.0,True,0,0,0
Slovenia,SVN,2010,party,2011,2015.0,2015.0,,0,0,0,-5.0,-5.0,0.775,18.341,3.081,20444.12,53.1,0,0,1,1,1,1,1,1,1,1,1,2049000,2021.0,0,0,1.0,0.0,1,1,1,0,1.73,1.7,retained_legacy_not_independently_reimported,2021.0,0,excluded_until_researcher_coding_rubric_is_documented,2095861.0,510.0,210.0,0.0,0.0,2.433367,1.0,GDP parsed from comma-formatted text to numeric.,0.691317399125681,0.733635525957981,0.290682886771749,0.197519256893052,0.193788591181166,0.5285349546163117,0.11426397801397786,Southern Europe,1,,2016.0,2016.0,True,0,0,0
Slovenia,SVN,2011,party,2011,2015.0,2015.0,,0,0,0,-4.0,-4.0,0.676,15.228,2.684,20535.42,52.4,0,0,1,1,1,1,1,1,1,1,1,2050000,2021.0,0,0,1.0,0.0,1,1,1,0,1.66,1.78,retained_legacy_not_independently_reimported,2021.0,0,excluded_until_researcher_coding_rubric_is_documented,2095861.0,510.0,210.0,0.0,0.0,2.433367,1.0,GDP parsed from comma-formatted text to numeric.,0.887656689898615,0.780943418696957,0.386511334203306,0.0986285210998461,0.386511334203306,0.4323199615152293,-0.27239198172157625,Southern Europe,1,,2016.0,2016.0,True,0,0,0
Slovenia,SVN,2012,party,2011,2015.0,2015.0,,0,0,0,-3.0,-3.0,0.579,12.857,2.825,19894.87,52.3,0,0,1,1,1,1,1,1,1,1,1,2057000,2021.0,0,0,1.0,0.0,1,1,1,0,1.73,1.72,retained_legacy_not_independently_reimported,2021.0,0,excluded_until_researcher_coding_rubric_is_documented,2095861.0,510.0,210.0,0.0,0.0,2.433367,1.0,GDP parsed from comma-formatted text to numeric.,0.787195478349172,0.681822277179262,0.482134505884452,0.0983994347936465,0.192853802353781,0.4238046525374454,-0.30717412418154477,Southern Europe,1,,2016.0,2016.0,True,0,0,0
Slovenia,SVN,2013,party,2011,2015.0,2015.0,,0,0,0,-2.0,-2.0,0.289,18.381,2.577,19704.22,51.9,0,0,1,1,1,1,1,1,1,1,1,2059000,2021.0,0,0,1.0,0.0,1,1,1,0,1.7,1.69,retained_legacy_not_independently_reimported,2021.0,0,excluded_until_researcher_coding_rubric_is_documented,2095861.0,510.0,210.0,0.0,0.0,2.433367,1.0,GDP parsed from comma-formatted text to numeric.,0.883656768074463,0.583532281370513,0.19268815878275,0.294552256024821,0.0963440793913752,0.24644892509727845,-1.1176420277193724,Southern Europe,1,,2016.0,2016.0,True,0,0,0
Slovenia,SVN,2014,party,2011,2015.0,2015.0,,0,0,0,-1.0,-1.0,0.578,14.38,2.138,20228.71,52.5,0,0,1,1,1,1,1,1,1,1,1,2062000,2021.0,0,0,1.0,0.0,1,1,1,0,1.7,1.7,retained_legacy_not_independently_reimported,2021.0,0,excluded_until_researcher_coding_rubric_is_documented,2095861.0,510.0,210.0,0.0,0.0,2.433367,1.0,GDP parsed from comma-formatted text to numeric.,0.980298932356433,0.777302570612473,0.385243813586297,0.392119572942573,0.385243813586297,0.3709172790909625,-0.5282836894958963,Southern Europe,1,,2016.0,2016.0,True,0,0,0
Slovenia,SVN,2015,party,2011,2015.0,2015.0,,1,1,1,0.0,0.0,1.059,12.525,2.039,20697.27,52.3,0,0,1,1,1,1,1,1,1,1,1,2065000,2021.0,0,0,1.0,0.0,1,1,1,0,1.6,1.61,retained_legacy_not_independently_reimported,2021.0,0,excluded_until_researcher_coding_rubric_is_documented,2095861.0,510.0,210.0,0.0,0.0,2.433367,1.0,GDP parsed from comma-formatted text to numeric.,0.881174154770408,0.970898765842034,0.288855242602297,0.195816478837868,0.192570161734865,0.5458272894709896,0.18382506068753335,Southern Europe,1,,2016.0,2016.0,True,0,0,1
Slovenia,SVN,2016,party,2011,2015.0,2015.0,,1,1,1,1.0,1.0,0.193,17.27,1.601,21309.71,52.1,0,0,1,1,1,1,1,1,1,1,1,2065000,2021.0,0,0,1.0,0.0,1,1,1,0,1.86,1.79,retained_legacy_not_independently_reimported,2021.0,0,excluded_until_researcher_coding_rubric_is_documented,2095861.0,510.0,210.0,0.0,0.0,2.433367,1.0,GDP parsed from comma-formatted text to numeric.,0.782171189897477,0.485113562659451,0.192570810694227,0.195542797474369,0.0,0.19791396833646277,-1.3993834405948649,Southern Europe,1,,2016.0,2016.0,True,1,1,1
Slovenia,SVN,2017,party,2011,2015.0,2015.0,,1,1,1,2.0,2.0,0.867,20.704,2.036,22397.76,53.5,0,0,1,1,1,1,1,1,1,1,1,2066000,2021.0,0,0,1.0,0.0,1,1,1,0,1.93,1.7,retained_legacy_not_independently_reimported,2021.0,0,excluded_until_researcher_coding_rubric_is_documented,2095861.0,510.0,210.0,0.0,0.0,2.433367,1.0,GDP parsed from comma-formatted text to numeric.,0.976079702764209,0.921252321313415,0.578088425369025,0.292823910829263,0.289044212684513,0.4704083055657838,-0.11850526896658335,Southern Europe,1,,2016.0,2016.0,True,1,1,1
Slovenia,SVN,2018,party,2011,2015.0,2015.0,,1,1,1,3.0,3.0,0.481,17.492,2.029,23293.97,53.7,0,0,1,1,1,1,1,1,1,1,1,2068000,2021.0,0,0,1.0,0.0,1,1,1,0,1.85,1.75,retained_legacy_not_independently_reimported,2021.0,0,excluded_until_researcher_coding_rubric_is_documented,2095861.0,510.0,210.0,0.0,0.0,2.433367,1.0,GDP parsed from comma-formatted text to numeric.,0.387969267014514,0.434891751818874,0.481477094690174,0.0969923167536284,0.0,0.5535293574334961,0.21494114234514383,Southern Europe,1,,2016.0,2016.0,True,1,1,1
Slovenia,SVN,2019,party,2011,2015.0,2015.0,,1,1,1,4.0,4.0,0.673,11.567,8.736,23943.18,53.4,0,0,1,1,1,1,1,1,1,1,1,2089000,2021.0,0,0,1.0,0.0,1,1,1,0,1.78,1.85,retained_legacy_not_independently_reimported,2021.0,0,excluded_until_researcher_coding_rubric_is_documented,2095861.0,510.0,210.0,0.0,0.0,2.433367,1.0,GDP parsed from comma-formatted text to numeric.,0.671307640152253,0.671965756625042,0.288267927742761,0.383604365801287,0.192178618495174,0.5006294540762839,0.00251781763525738,Southern Europe,1,,2016.0,2016.0,True,1,1,1
Slovenia,SVN,2020,party,2011,2015.0,2015.0,,1,1,1,5.0,5.0,0.573,10.226,6.944,22811.81,53.1,0,0,1,1,1,1,1,1,1,1,1,2100000,2021.0,0,0,1.0,0.0,1,1,1,0,1.92,1.77,retained_legacy_not_independently_reimported,2021.0,0,excluded_until_researcher_coding_rubric_is_documented,2095861.0,510.0,210.0,0.0,0.0,2.433367,1.0,GDP parsed from comma-formatted text to numeric.,0.473989584552869,0.523206714930108,0.572768303765761,0.284393750731721,0.477306919804801,0.5472833812809201,0.18970036877823826,Southern Europe,1,,2016.0,2016.0,True,1,1,1
Slovenia,SVN,2021,party,2011,2015.0,2015.0,,1,1,1,6.0,6.0,0.57,11.261,8.233,24665.44,53.5,0,0,1,1,1,1,1,1,1,1,1,2108000,2021.0,1,1,1.0,0.0,1,1,1,0,1.95,1.71,retained_legacy_not_independently_reimported,2021.0,1,excluded_until_researcher_coding_rubric_is_documented,2095861.0,510.0,210.0,0.0,0.0,2.433367,1.0,GDP parsed from comma-formatted text to numeric.,0.282849025090123,0.425835133669648,0.569877690000784,0.0942830083633743,0.379918460000522,0.6683480700933749,0.7007230857834903,Southern Europe,1,,2016.0,2016.0,True,1,1,1
Slovenia,SVN,2022,party,2011,2015.0,2015.0,,1,1,1,7.0,7.0,0.475,13.663,10.306,25275.72,53.9,0,0,1,1,1,1,1,1,1,1,1,2108000,2021.0,1,1,1.0,0.0,1,1,1,0,1.5,1.36,retained_legacy_not_independently_reimported,2021.0,1,excluded_until_researcher_coding_rubric_is_documented,2095861.0,510.0,210.0,0.0,0.0,2.433367,1.0,GDP parsed from comma-formatted text to numeric.,0.75343897803537,0.614590956625007,0.379711988456756,0.188359744508843,0.379711988456756,0.3866695932749242,-0.4613332260615229,Southern Europe,1,,2016.0,2016.0,True,1,1,1
Slovenia,SVN,2023,party,2011,2015.0,2015.0,,1,1,1,8.0,8.0,0.284,16.239,12.179,25773.9,53.0,0,0,1,1,1,1,1,0,0,0,0,2116000,2021.0,1,1,1.0,0.0,1,1,1,0,,,excluded_legacy_flagged_for_manual_review,2021.0,1,excluded_until_researcher_coding_rubric_is_documented,2095861.0,510.0,210.0,0.0,0.0,2.433367,1.0,GDP parsed from comma-formatted text to numeric. | WGI legacy value excluded because source file flagged this country-year for manual review. | UNODC outcome values preserved from source dataset; not silently imputed or replaced.,0.846071408426871,0.566466326409227,0.284452940105589,0.188015868539305,0.094817646701863,0.25131155242246633,-1.0916295250068975,Southern Europe,1,,2016.0,2016.0,True,1,1,1
Sweden,SWE,1990,party,2011,2014.0,2014.0,,0,0,0,-24.0,-24.0,,,,34903.35,62.8,0,0,1,1,0,0,0,0,0,0,0,8559000,2019.0,0,0,1.0,0.0,1,1,1,0,,,retained_legacy_not_independently_reimported,2019.0,0,excluded_until_researcher_coding_rubric_is_documented,10327589.0,1653.0,1033.0,0.0,0.0,1.600567,1.0,GDP parsed from comma-formatted text to numeric. | GREVIO baseline publication year corrected to 2019 from official CoE page.,,1.10999884034332,,,,,,Northern Europe,0,,2015.0,2015.0,True,0,0,0
Sweden,SWE,1991,party,2011,2014.0,2014.0,,0,0,0,-23.0,-23.0,,,,34268.97,62.1,0,0,1,1,0,0,0,0,0,0,0,8617000,2019.0,0,0,1.0,0.0,1,1,1,0,,,retained_legacy_not_independently_reimported,2019.0,0,excluded_until_researcher_coding_rubric_is_documented,10327589.0,1653.0,1033.0,0.0,0.0,1.600567,1.0,GDP parsed from comma-formatted text to numeric. | GREVIO baseline publication year corrected to 2019 from official CoE page.,,1.33457754644069,,,,,,Northern Europe,0,,2015.0,2015.0,True,0,0,0
Sweden,SWE,1992,party,2011,2014.0,2014.0,,0,0,0,-22.0,-22.0,,,,33673.85,60.8,0,0,1,1,0,0,0,0,0,0,0,8692000,2019.0,0,0,1.0,0.0,1,1,1,0,,,retained_legacy_not_independently_reimported,2019.0,0,excluded_until_researcher_coding_rubric_is_documented,10327589.0,1653.0,1033.0,0.0,0.0,1.600567,1.0,GDP parsed from comma-formatted text to numeric. | GREVIO baseline publication year corrected to 2019 from official CoE page.,,1.31524699502116,,,,,,Northern Europe,0,,2015.0,2015.0,True,0,0,0
Sweden,SWE,1993,party,2011,2014.0,2014.0,,0,0,0,-21.0,-21.0,,,,32787.28,59.4,0,0,1,1,0,0,0,0,0,0,0,8719000,2019.0,0,0,1.0,0.0,1,1,1,0,,,retained_legacy_not_independently_reimported,2019.0,0,excluded_until_researcher_coding_rubric_is_documented,10327589.0,1653.0,1033.0,0.0,0.0,1.600567,1.0,GDP parsed from comma-formatted text to numeric. | GREVIO baseline publication year corrected to 2019 from official CoE page.,,1.23881112672625,,,,,,Northern Europe,0,,2015.0,2015.0,True,0,0,0
Sweden,SWE,1994,party,2011,2014.0,2014.0,,0,0,0,-20.0,-20.0,,,,33862.42,58.5,0,0,1,1,0,0,0,0,0,0,0,8781000,2019.0,0,0,1.0,0.0,1,1,1,0,,,retained_legacy_not_independently_reimported,2019.0,0,excluded_until_researcher_coding_rubric_is_documented,10327589.0,1653.0,1033.0,0.0,0.0,1.600567,1.0,GDP parsed from comma-formatted text to numeric. | GREVIO baseline publication year corrected to 2019 from official CoE page.,,1.13892751751386,,,,,,Northern Europe,0,,2015.0,2015.0,True,0,0,0
Sweden,SWE,1995,party,2011,2014.0,2014.0,,0,0,0,-19.0,-19.0,,,,35064.41,59.0,0,0,1,1,0,0,0,0,0,0,0,8827000,2019.0,0,0,1.0,0.0,1,1,1,0,,,retained_legacy_not_independently_reimported,2019.0,0,excluded_until_researcher_coding_rubric_is_documented,10327589.0,1653.0,1033.0,0.0,0.0,1.600567,1.0,GDP parsed from comma-formatted text to numeric. | GREVIO baseline publication year corrected to 2019 from official CoE page.,,0.985690269832145,,,,,,Northern Europe,0,,2015.0,2015.0,True,0,0,0
Sweden,SWE,1996,party,2011,2014.0,2014.0,,0,0,0,-18.0,-18.0,,,,35605.45,59.1,0,0,1,1,0,0,0,1,0,0,0,8844000,2019.0,0,0,1.0,0.0,1,1,1,0,3.27,3.05,retained_legacy_not_independently_reimported,2019.0,0,excluded_until_researcher_coding_rubric_is_documented,10327589.0,1653.0,1033.0,0.0,0.0,1.600567,1.0,GDP parsed from comma-formatted text to numeric. | GREVIO baseline publication year corrected to 2019 from official CoE page.,,1.11986801393953,,,,,,Northern Europe,0,,2015.0,2015.0,True,0,0,0
Sweden,SWE,1997,party,2011,2014.0,2014.0,,0,0,0,-17.0,-17.0,,,,36675.75,58.6,0,0,1,1,0,0,0,0,0,0,0,8847000,2019.0,0,0,1.0,0.0,1,1,1,0,,,retained_legacy_not_independently_reimported,2019.0,0,excluded_until_researcher_coding_rubric_is_documented,10327589.0,1653.0,1033.0,0.0,0.0,1.600567,1.0,GDP parsed from comma-formatted text to numeric. | GREVIO baseline publication year corrected to 2019 from official CoE page.,,0.983548289507778,,,,,,Northern Europe,0,,2015.0,2015.0,True,0,0,0
Sweden,SWE,1998,party,2011,2014.0,2014.0,,0,0,0,-16.0,-16.0,,,,38211.72,57.4,0,0,1,1,0,0,0,1,0,0,0,8851000,2019.0,0,0,1.0,0.0,1,1,1,0,3.2,2.98,retained_legacy_not_independently_reimported,2019.0,0,excluded_until_researcher_coding_rubric_is_documented,10327589.0,1653.0,1033.0,0.0,0.0,1.600567,1.0,GDP parsed from comma-formatted text to numeric. | GREVIO baseline publication year corrected to 2019 from official CoE page.,,1.03947655124504,,,,,,Northern Europe,0,,2015.0,2015.0,True,0,0,0
Sweden,SWE,1999,party,2011,2014.0,2014.0,,0,0,0,-15.0,-15.0,0.641,,,39786.03,58.4,0,0,1,1,0,0,0,0,0,0,0,8861000,2019.0,0,0,1.0,0.0,1,1,1,0,,,retained_legacy_not_independently_reimported,2019.0,0,excluded_until_researcher_coding_rubric_is_documented,10327589.0,1653.0,1033.0,0.0,0.0,1.600567,1.0,GDP parsed from comma-formatted text to numeric. | GREVIO baseline publication year corrected to 2019 from official CoE page.,1.65090130834337,1.14025259304447,,,,0.2796804546803663,-0.9460472083159399,Northern Europe,0,,2015.0,2015.0,True,0,0,0
Sweden,SWE,2000,party,2011,2014.0,2014.0,,0,0,0,-14.0,-14.0,0.823,,,41561.77,58.1,0,0,1,1,1,0,0,1,1,0,0,8882000,2019.0,0,0,1.0,0.0,1,1,1,0,3.19,3.06,retained_legacy_not_independently_reimported,2019.0,0,excluded_until_researcher_coding_rubric_is_documented,10327589.0,1653.0,1033.0,0.0,0.0,1.600567,1.0,GDP parsed from comma-formatted text to numeric. | GREVIO baseline publication year corrected to 2019 from official CoE page.,1.34677664267031,1.08204358809711,,,,0.37930171420185754,-0.49251314362482335,Northern Europe,0,,2015.0,2015.0,True,0,0,0
Sweden,SWE,2001,party,2011,2014.0,2014.0,,0,0,0,-13.0,-13.0,0.653,,,42014.4,58.6,0,0,1,1,1,0,0,0,0,0,0,8896000,2019.0,0,0,1.0,0.0,1,1,1,0,,,retained_legacy_not_independently_reimported,2019.0,0,excluded_until_researcher_coding_rubric_is_documented,10327589.0,1653.0,1033.0,0.0,0.0,1.600567,1.0,GDP parsed from comma-formatted text to numeric. | GREVIO baseline publication year corrected to 2019 from official CoE page.,1.31028718118228,0.977965262336652,,,,0.3326054416587018,-0.6964244851696237,Northern Europe,0,,2015.0,2015.0,True,0,0,0
Sweden,SWE,2002,party,2011,2014.0,2014.0,,0,0,0,-12.0,-12.0,0.805,,,42831.76,58.7,0,0,1,1,1,0,0,1,1,0,0,8925000,2019.0,0,0,1.0,0.0,1,1,1,0,3.34,3.13,retained_legacy_not_independently_reimported,2019.0,0,excluded_until_researcher_coding_rubric_is_documented,10327589.0,1653.0,1033.0,0.0,0.0,1.600567,1.0,GDP parsed from comma-formatted text to numeric. | GREVIO baseline publication year corrected to 2019 from official CoE page.,1.46487396229153,1.13164676508968,,,,0.35464524170642486,-0.5986822077660824,Northern Europe,0,,2015.0,2015.0,True,0,0,0
Sweden,SWE,2003,party,2011,2014.0,2014.0,,0,0,0,-11.0,-11.0,0.596,113.212,24.949,43475.37,58.8,0,0,1,1,1,0,0,1,1,0,0,8941000,2019.0,0,0,1.0,0.0,1,1,1,0,3.43,3.21,retained_legacy_not_independently_reimported,2019.0,0,excluded_until_researcher_coding_rubric_is_documented,10327589.0,1653.0,1033.0,0.0,0.0,1.600567,1.0,GDP parsed from comma-formatted text to numeric. | GREVIO baseline publication year corrected to 2019 from official CoE page.,1.3082377889394,0.948826864882924,,,,0.31298612151371763,-0.7861956442541651,Northern Europe,0,,2015.0,2015.0,True,0,0,0
Sweden,SWE,2004,party,2011,2014.0,2014.0,,0,0,0,-10.0,-10.0,0.896,115.846,25.14,45114.67,58.5,0,0,1,1,1,0,0,1,1,0,0,8994000,2019.0,0,0,1.0,0.0,1,1,1,0,3.57,3.18,retained_legacy_not_independently_reimported,2019.0,0,excluded_until_researcher_coding_rubric_is_documented,10327589.0,1653.0,1033.0,0.0,0.0,1.600567,1.0,GDP parsed from comma-formatted text to numeric. | GREVIO baseline publication year corrected to 2019 from official CoE page.,1.4885167796386,1.18970734144495,,,,0.37575747323354913,-0.5075950402682863,Northern Europe,0,,2015.0,2015.0,True,0,0,0
Sweden,SWE,2005,party,2011,2014.0,2014.0,,0,0,0,-9.0,-9.0,0.673,129.693,36.911,46189.68,59.1,0,0,1,1,1,1,1,1,1,1,1,9011000,2019.0,0,0,1.0,0.0,1,1,1,0,3.21,3.06,retained_legacy_not_independently_reimported,2019.0,0,excluded_until_researcher_coding_rubric_is_documented,10327589.0,1653.0,1033.0,0.0,0.0,1.600567,1.0,GDP parsed from comma-formatted text to numeric. | GREVIO baseline publication year corrected to 2019 from official CoE page.,1.16982070432769,0.919181722281867,,,,0.3652010195129256,-0.5528604422396197,Northern Europe,0,,2015.0,2015.0,True,0,0,0
Sweden,SWE,2006,party,2011,2014.0,2014.0,,0,0,0,-8.0,-8.0,0.78,133.768,40.779,48078.35,59.2,0,0,1,1,1,1,1,1,1,1,1,9081000,2019.0,0,0,1.0,0.0,1,1,1,0,3.06,3.15,retained_legacy_not_independently_reimported,2019.0,0,excluded_until_researcher_coding_rubric_is_documented,10327589.0,1653.0,1033.0,0.0,0.0,1.600567,1.0,GDP parsed from comma-formatted text to numeric. | GREVIO baseline publication year corrected to 2019 from official CoE page.,1.22727638799084,1.00213388442621,,,,0.3885862478463825,-0.45325875474741534,Northern Europe,0,,2015.0,2015.0,True,0,0,0
Sweden,SWE,2007,party,2011,2014.0,2014.0,,0,0,0,-7.0,-7.0,0.692,137.326,46.665,49262.15,59.7,0,0,1,1,1,1,1,1,1,1,1,9148000,2019.0,0,0,1.0,0.0,1,1,1,0,3.43,3.22,retained_legacy_not_independently_reimported,2019.0,0,excluded_until_researcher_coding_rubric_is_documented,10327589.0,1653.0,1033.0,0.0,0.0,1.600567,1.0,GDP parsed from comma-formatted text to numeric. | GREVIO baseline publication year corrected to 2019 from official CoE page.,1.74167592310261,1.2133435654997,,,,0.28434352882851915,-0.9230171472331727,Northern Europe,0,,2015.0,2015.0,True,0,0,0
Sweden,SWE,2008,party,2011,2014.0,2014.0,,0,0,0,-6.0,-6.0,0.598,159.199,53.157,48428.66,59.8,0,0,1,1,1,1,1,1,1,1,1,9219000,2019.0,0,0,1.0,0.0,1,1,1,0,3.31,3.26,retained_legacy_not_independently_reimported,2019.0,0,excluded_until_researcher_coding_rubric_is_documented,10327589.0,1653.0,1033.0,0.0,0.0,1.600567,1.0,GDP parsed from comma-formatted text to numeric. | GREVIO baseline publication year corrected to 2019 from official CoE page.,1.18417220619368,0.889380578965065,,,,0.3355455763038712,-0.6832084953376428,Northern Europe,0,,2015.0,2015.0,True,0,0,0
Sweden,SWE,2009,party,2011,2014.0,2014.0,,0,0,0,-5.0,-5.0,0.824,172.475,58.642,45974.39,59.4,0,0,1,1,1,1,1,1,1,1,1,9341000,2019.0,0,0,1.0,0.0,1,1,1,0,3.47,3.33,retained_legacy_not_independently_reimported,2019.0,0,excluded_until_researcher_coding_rubric_is_documented,10327589.0,1653.0,1033.0,0.0,0.0,1.600567,1.0,GDP parsed from comma-formatted text to numeric. | GREVIO baseline publication year corrected to 2019 from official CoE page.,1.17837446730403,1.00013550222933,,,,0.4115114397705153,-0.35772066774693784,Northern Europe,0,,2015.0,2015.0,True,0,0,0
Sweden,SWE,2010,party,2011,2014.0,2014.0,,0,0,0,-4.0,-4.0,0.573,150.615,58.423,48205.55,59.0,0,0,1,1,1,1,1,1,1,1,1,9380000,2019.0,0,0,1.0,0.0,1,1,1,0,3.34,3.28,retained_legacy_not_independently_reimported,2019.0,0,excluded_until_researcher_coding_rubric_is_documented,10327589.0,1653.0,1033.0,0.0,0.0,1.600567,1.0,GDP parsed from comma-formatted text to numeric. | GREVIO baseline publication year corrected to 2019 from official CoE page.,1.37052524844785,0.970332147893121,,,,0.2948250867631448,-0.8720636216587316,Northern Europe,0,,2015.0,2015.0,True,0,0,0
Sweden,SWE,2011,party,2011,2014.0,2014.0,,0,0,0,-3.0,-3.0,0.527,155.346,64.121,49356.59,59.5,0,0,1,1,1,1,1,1,1,1,1,9449000,2019.0,0,0,1.0,0.0,1,1,1,0,3.27,3.26,retained_legacy_not_independently_reimported,2019.0,0,excluded_until_researcher_coding_rubric_is_documented,10327589.0,1653.0,1033.0,0.0,0.0,1.600567,1.0,GDP parsed from comma-formatted text to numeric. | GREVIO baseline publication year corrected to 2019 from official CoE page.,1.1893026895337,0.857210073297811,,,,0.3070553948401607,-0.8139218906318936,Northern Europe,0,,2015.0,2015.0,True,0,0,0
Sweden,SWE,2012,party,2011,2014.0,2014.0,,0,0,0,-2.0,-2.0,0.44,148.012,62.493,48789.79,59.7,0,0,1,1,1,1,1,1,1,1,1,9519000,2019.0,0,0,1.0,0.0,1,1,1,0,3.25,3.28,retained_legacy_not_independently_reimported,2019.0,0,excluded_until_researcher_coding_rubric_is_documented,10327589.0,1653.0,1033.0,0.0,0.0,1.600567,1.0,GDP parsed from comma-formatted text to numeric. | GREVIO baseline publication year corrected to 2019 from official CoE page.,0.969137500280471,0.714324244275151,,,,0.3122477401335381,-0.7896317740659795,Northern Europe,0,,2015.0,2015.0,True,0,0,0
Sweden,SWE,2013,party,2011,2014.0,2014.0,,0,0,0,-1.0,-1.0,0.54,155.105,58.684,48928.5,60.1,0,0,1,1,1,1,1,1,1,1,1,9600000,2019.0,0,0,1.0,0.0,1,1,1,0,3.04,3.32,retained_legacy_not_independently_reimported,2019.0,0,excluded_until_researcher_coding_rubric_is_documented,10327589.0,1653.0,1033.0,0.0,0.0,1.600567,1.0,GDP parsed from comma-formatted text to numeric. | GREVIO baseline publication year corrected to 2019 from official CoE page.,1.27342395519218,0.906191475133898,,,,0.2977792360434396,-0.8578954398408922,Northern Europe,0,,2015.0,2015.0,True,0,0,0
Sweden,SWE,2014,party,2011,2014.0,2014.0,,1,1,1,0.0,0.0,0.515,174.394,64.91,49557.62,60.3,0,0,1,1,1,1,1,1,1,1,1,9696000,2019.0,0,0,1.0,0.0,1,1,1,0,2.86,3.36,retained_legacy_not_independently_reimported,2019.0,0,excluded_until_researcher_coding_rubric_is_documented,10327589.0,1653.0,1033.0,0.0,0.0,1.600567,1.0,GDP parsed from comma-formatted text to numeric. | GREVIO baseline publication year corrected to 2019 from official CoE page.,1.28009685790935,0.89723711300655,,,,0.28689259731633204,-0.910524123628758,Northern Europe,0,,2015.0,2015.0,True,0,0,1
Sweden,SWE,2015,party,2011,2014.0,2014.0,,1,1,1,1.0,1.0,0.592,155.488,56.574,51188.17,60.6,0,0,1,1,1,1,1,1,1,1,1,9850000,2019.0,0,0,1.0,0.0,1,1,1,0,2.87,3.39,retained_legacy_not_independently_reimported,2019.0,0,excluded_until_researcher_coding_rubric_is_documented,10327589.0,1653.0,1033.0,0.0,0.0,1.600567,1.0,GDP parsed from comma-formatted text to numeric. | GREVIO baseline publication year corrected to 2019 from official CoE page.,1.69328783761329,1.14291761252879,,,,0.2590483309175938,-1.0509207491082666,Northern Europe,0,,2015.0,2015.0,True,1,1,1
Sweden,SWE,2016,party,2011,2014.0,2014.0,,1,1,1,2.0,2.0,0.586,178.177,63.598,51626.32,60.7,0,0,1,1,1,1,1,1,1,1,1,9995000,2019.0,0,0,1.0,0.0,1,1,1,0,2.84,3.33,retained_legacy_not_independently_reimported,2019.0,0,excluded_until_researcher_coding_rubric_is_documented,10327589.0,1653.0,1033.0,0.0,0.0,1.600567,1.0,GDP parsed from comma-formatted text to numeric. | GREVIO baseline publication year corrected to 2019 from official CoE page.,1.5485932990759,1.06819519352472,,,,0.27452536286593276,-0.9717824592810751,Northern Europe,0,,2015.0,2015.0,True,1,1,1
Sweden,SWE,2017,party,2011,2014.0,2014.0,,1,1,1,3.0,3.0,0.539,187.654,69.289,51894.37,61.0,0,0,1,1,1,1,1,1,1,1,1,10120000,2019.0,0,0,1.0,0.0,1,1,1,0,2.86,3.1,retained_legacy_not_independently_reimported,2019.0,0,excluded_until_researcher_coding_rubric_is_documented,10327589.0,1653.0,1033.0,0.0,0.0,1.600567,1.0,GDP parsed from comma-formatted text to numeric. | GREVIO baseline publication year corrected to 2019 from official CoE page.,1.70360586008721,1.12349926472939,,,0.19961093832012,0.24034539889191206,-1.1507868069599314,Northern Europe,0,,2015.0,2015.0,True,1,1,1
Sweden,SWE,2018,party,2011,2014.0,2014.0,,1,1,1,4.0,4.0,0.652,189.398,74.444,52203.09,61.3,0,0,1,1,1,1,1,1,1,1,1,10183000,2019.0,0,0,1.0,0.0,1,1,1,0,2.85,3.04,retained_legacy_not_independently_reimported,2019.0,0,excluded_until_researcher_coding_rubric_is_documented,10327589.0,1653.0,1033.0,0.0,0.0,1.600567,1.0,GDP parsed from comma-formatted text to numeric. | GREVIO baseline publication year corrected to 2019 from official CoE page.,1.46694474723271,1.06138286689242,,,0.434547515054849,0.3077003309555363,-0.8108925517256469,Northern Europe,0,,2015.0,2015.0,True,1,1,1
Sweden,SWE,2019,party,2011,2014.0,2014.0,,1,1,1,5.0,5.0,0.489,194.18,80.464,53024.41,61.3,0,0,1,1,1,1,1,1,1,1,1,10327000,2019.0,1,1,1.0,0.0,1,1,1,0,2.85,3.06,retained_legacy_not_independently_reimported,2019.0,1,excluded_until_researcher_coding_rubric_is_documented,10327589.0,1653.0,1033.0,0.0,0.0,1.600567,1.0,GDP parsed from comma-formatted text to numeric. | GREVIO baseline publication year corrected to 2019 from official CoE page.,1.66368541333829,1.07985845098683,,,0.313118990989707,0.22715813326466514,-1.2244280595490293,Northern Europe,0,,2015.0,2015.0,True,1,1,1
Sweden,SWE,2020,party,2011,2014.0,2014.0,,1,1,1,6.0,6.0,0.486,204.217,85.805,51624.58,60.6,0,0,1,1,1,1,1,1,1,1,1,10353000,2019.0,1,1,1.0,0.0,1,1,1,0,2.85,3.01,retained_legacy_not_independently_reimported,2019.0,1,excluded_until_researcher_coding_rubric_is_documented,10327589.0,1653.0,1033.0,0.0,0.0,1.600567,1.0,GDP parsed from comma-formatted text to numeric. | GREVIO baseline publication year corrected to 2019 from official CoE page.,1.90038525992087,1.19764105277864,,,0.252710981351582,0.2036552974753604,-1.363603289078714,Northern Europe,0,,2015.0,2015.0,True,1,1,1
Sweden,SWE,2021,party,2011,2014.0,2014.0,,1,1,1,7.0,7.0,0.464,216.952,89.419,53997.13,60.7,0,0,1,1,1,1,1,1,1,1,1,10415000,2019.0,1,1,1.0,0.0,1,1,1,0,2.75,2.9,retained_legacy_not_independently_reimported,2019.0,1,excluded_until_researcher_coding_rubric_is_documented,10327589.0,1653.0,1033.0,0.0,0.0,1.600567,1.0,GDP parsed from comma-formatted text to numeric. | GREVIO baseline publication year corrected to 2019 from official CoE page.,1.69782282837253,1.08485573554827,,,0.289904146093136,0.21463368501354474,-1.297217467842165,Northern Europe,0,,2015.0,2015.0,True,1,1,1
Sweden,SWE,2022,party,2011,2014.0,2014.0,,1,1,1,8.0,8.0,0.442,199.669,86.094,54304.19,61.1,0,0,1,1,1,1,1,1,1,1,1,10521000,2019.0,1,1,1.0,0.0,1,1,1,0,2.2,2.37,retained_legacy_not_independently_reimported,2019.0,1,excluded_until_researcher_coding_rubric_is_documented,10327589.0,1653.0,1033.0,0.0,0.0,1.600567,1.0,GDP parsed from comma-formatted text to numeric. | GREVIO baseline publication year corrected to 2019 from official CoE page.,1.76143769681225,1.10609575089503,,,0.19202851239352,0.2005956422727308,-1.3825757456839582,Northern Europe,0,,2015.0,2015.0,True,1,1,1
Sweden,SWE,2023,party,2011,2014.0,2014.0,,1,1,1,9.0,9.0,0.63,191.537,84.424,53937.8,61.7,0,0,1,1,1,1,1,0,0,0,0,10612000,2019.0,1,1,1.0,0.0,1,1,1,0,,,excluded_legacy_flagged_for_manual_review,2019.0,1,excluded_until_researcher_coding_rubric_is_documented,10327589.0,1653.0,1033.0,0.0,0.0,1.600567,1.0,GDP parsed from comma-formatted text to numeric. | WGI legacy value excluded because source file flagged this country-year for manual review. | GREVIO baseline publication year corrected to 2019 from official CoE page. | UNODC outcome values preserved from source dataset; not silently imputed or replaced.,1.65614980176075,1.14675703743944,,,0.190913837721329,0.275572492893854,-0.9665309714688205,Northern Europe,0,,2015.0,2015.0,True,1,1,1
Turkey,TUR,1990,denounced,2011,2012.0,2014.0,2021.0,0,0,0,-22.0,-24.0,,,,5188.18,33.9,0,0,0,1,0,0,0,0,0,0,0,53994000,2018.0,0,0,0.0,0.0,1,1,1,0,,,retained_legacy_not_independently_reimported,2018.0,0,excluded_until_researcher_coding_rubric_is_documented,83154997.0,3508.0,8315.0,4807.0,58.0,0.421863,0.0,GDP parsed from comma-formatted text to numeric.,,,,,,,,Western Asia,0,2021.0,2013.0,2015.0,True,0,0,0
Turkey,TUR,1991,denounced,2011,2012.0,2014.0,2021.0,0,0,0,-21.0,-23.0,,,,5134.42,34.0,0,0,0,1,0,0,0,0,0,0,0,55366000,2018.0,0,0,0.0,0.0,1,1,1,0,,,retained_legacy_not_independently_reimported,2018.0,0,excluded_until_researcher_coding_rubric_is_documented,83154997.0,3508.0,8315.0,4807.0,58.0,0.421863,0.0,GDP parsed from comma-formatted text to numeric.,,,,,,,,Western Asia,0,2021.0,2013.0,2015.0,True,0,0,0
Turkey,TUR,1992,denounced,2011,2012.0,2014.0,2021.0,0,0,0,-20.0,-22.0,,,,5301.81,32.6,0,0,0,1,0,0,0,0,0,0,0,56730000,2018.0,0,0,0.0,0.0,1,1,1,0,,,retained_legacy_not_independently_reimported,2018.0,0,excluded_until_researcher_coding_rubric_is_documented,83154997.0,3508.0,8315.0,4807.0,58.0,0.421863,0.0,GDP parsed from comma-formatted text to numeric.,,,,,,,,Western Asia,0,2021.0,2013.0,2015.0,True,0,0,0
Turkey,TUR,1993,denounced,2011,2012.0,2014.0,2021.0,0,0,0,-19.0,-21.0,,,,5609.85,26.7,0,0,0,1,0,0,0,0,0,0,0,58058000,2018.0,0,0,0.0,0.0,1,1,1,0,,,retained_legacy_not_independently_reimported,2018.0,0,excluded_until_researcher_coding_rubric_is_documented,83154997.0,3508.0,8315.0,4807.0,58.0,0.421863,0.0,GDP parsed from comma-formatted text to numeric.,,,,,,,,Western Asia,0,2021.0,2013.0,2015.0,True,0,0,0
Turkey,TUR,1994,denounced,2011,2012.0,2014.0,2021.0,0,0,0,-18.0,-20.0,,,,5255.8,31.1,0,0,0,1,0,0,0,0,0,0,0,59351000,2018.0,0,0,0.0,0.0,1,1,1,0,,,retained_legacy_not_independently_reimported,2018.0,0,excluded_until_researcher_coding_rubric_is_documented,83154997.0,3508.0,8315.0,4807.0,58.0,0.421863,0.0,GDP parsed from comma-formatted text to numeric.,,,,,,,,Western Asia,0,2021.0,2013.0,2015.0,True,0,0,0
Turkey,TUR,1995,denounced,2011,2012.0,2014.0,2021.0,0,0,0,-17.0,-19.0,,,,5577.83,30.8,0,0,0,1,0,0,0,0,0,0,0,60614000,2018.0,0,0,0.0,0.0,1,1,1,0,,,retained_legacy_not_independently_reimported,2018.0,0,excluded_until_researcher_coding_rubric_is_documented,83154997.0,3508.0,8315.0,4807.0,58.0,0.421863,0.0,GDP parsed from comma-formatted text to numeric.,,,,,,,,Western Asia,0,2021.0,2013.0,2015.0,True,0,0,0
Turkey,TUR,1996,denounced,2011,2012.0,2014.0,2021.0,0,0,0,-16.0,-18.0,,,,5887.67,30.5,0,0,0,1,0,0,0,1,0,0,0,61850000,2018.0,0,0,0.0,0.0,1,1,1,0,-0.13,-0.24,retained_legacy_not_independently_reimported,2018.0,0,excluded_until_researcher_coding_rubric_is_documented,83154997.0,3508.0,8315.0,4807.0,58.0,0.421863,0.0,GDP parsed from comma-formatted text to numeric.,,,,,,,,Western Asia,0,2021.0,2013.0,2015.0,True,0,0,0
Turkey,TUR,1997,denounced,2011,2012.0,2014.0,2021.0,0,0,0,-15.0,-17.0,,,,6230.19,28.7,0,0,0,1,0,0,0,0,0,0,0,63069000,2018.0,0,0,0.0,0.0,1,1,1,0,,,retained_legacy_not_independently_reimported,2018.0,0,excluded_until_researcher_coding_rubric_is_documented,83154997.0,3508.0,8315.0,4807.0,58.0,0.421863,0.0,GDP parsed from comma-formatted text to numeric.,,,,,,,,Western Asia,0,2021.0,2013.0,2015.0,True,0,0,0
Turkey,TUR,1998,denounced,2011,2012.0,2014.0,2021.0,0,0,0,-14.0,-16.0,,,,6261.29,29.2,0,0,0,1,0,0,0,1,0,0,0,64273000,2018.0,0,0,0.0,0.0,1,1,1,0,-0.53,-0.17,retained_legacy_not_independently_reimported,2018.0,0,excluded_until_researcher_coding_rubric_is_documented,83154997.0,3508.0,8315.0,4807.0,58.0,0.421863,0.0,GDP parsed from comma-formatted text to numeric.,,,,,,,,Western Asia,0,2021.0,2013.0,2015.0,True,0,0,0
Turkey,TUR,1999,denounced,2011,2012.0,2014.0,2021.0,0,0,0,-13.0,-15.0,,,,5989.56,29.9,0,0,0,1,0,0,0,0,0,0,0,65465000,2018.0,0,0,0.0,0.0,1,1,1,0,,,retained_legacy_not_independently_reimported,2018.0,0,excluded_until_researcher_coding_rubric_is_documented,83154997.0,3508.0,8315.0,4807.0,58.0,0.421863,0.0,GDP parsed from comma-formatted text to numeric.,,,,,,,,Western Asia,0,2021.0,2013.0,2015.0,True,0,0,0
Turkey,TUR,2000,denounced,2011,2012.0,2014.0,2021.0,0,0,0,-12.0,-14.0,,,,6326.26,26.5,0,0,0,1,0,0,0,1,0,0,0,64059000,2018.0,0,0,0.0,0.0,1,1,1,0,-0.03,-0.12,retained_legacy_not_independently_reimported,2018.0,0,excluded_until_researcher_coding_rubric_is_documented,83154997.0,3508.0,8315.0,4807.0,58.0,0.421863,0.0,GDP parsed from comma-formatted text to numeric.,,,,,,,,Western Asia,0,2021.0,2013.0,2015.0,True,0,0,0
Turkey,TUR,2001,denounced,2011,2012.0,2014.0,2021.0,0,0,0,-11.0,-13.0,,,,5906.92,27.1,0,0,0,1,0,0,0,0,0,0,0,65026000,2018.0,0,0,0.0,0.0,1,1,1,0,,,retained_legacy_not_independently_reimported,2018.0,0,excluded_until_researcher_coding_rubric_is_documented,83154997.0,3508.0,8315.0,4807.0,58.0,0.421863,0.0,GDP parsed from comma-formatted text to numeric.,,,,,,,,Western Asia,0,2021.0,2013.0,2015.0,True,0,0,0
Turkey,TUR,2002,denounced,2011,2012.0,2014.0,2021.0,0,0,0,-10.0,-12.0,,,,6211.71,27.9,0,0,0,1,0,0,0,1,0,0,0,65984000,2018.0,0,0,0.0,0.0,1,1,1,0,0.09,-0.14,retained_legacy_not_independently_reimported,2018.0,0,excluded_until_researcher_coding_rubric_is_documented,83154997.0,3508.0,8315.0,4807.0,58.0,0.421863,0.0,GDP parsed from comma-formatted text to numeric.,,,,,,,,Western Asia,0,2021.0,2013.0,2015.0,True,0,0,0
Turkey,TUR,2003,denounced,2011,2012.0,2014.0,2021.0,0,0,0,-9.0,-11.0,1.741,4.213,2.365,6496.07,26.5,0,0,0,1,1,0,0,1,1,0,0,66940000,2018.0,0,0,0.0,0.0,1,1,1,0,0.06,0.18,retained_legacy_not_independently_reimported,2018.0,0,excluded_until_researcher_coding_rubric_is_documented,83154997.0,3508.0,8315.0,4807.0,58.0,0.421863,0.0,GDP parsed from comma-formatted text to numeric.,6.60398341586164,4.18240847006562,,,,0.20862833552081275,-1.3332133540423952,Western Asia,0,2021.0,2013.0,2015.0,True,0,0,0
Turkey,TUR,2004,denounced,2011,2012.0,2014.0,2021.0,0,0,0,-8.0,-10.0,1.772,4.218,2.388,7061.62,23.1,0,0,0,1,1,0,0,1,1,0,0,67861000,2018.0,0,0,0.0,0.0,1,1,1,0,-0.03,0.14,retained_legacy_not_independently_reimported,2018.0,0,excluded_until_researcher_coding_rubric_is_documented,83154997.0,3508.0,8315.0,4807.0,58.0,0.421863,0.0,GDP parsed from comma-formatted text to numeric.,6.70624436281545,4.24827062656029,,,,0.20900553512844908,-1.33093023462693,Western Asia,0,2021.0,2013.0,2015.0,True,0,0,0
Turkey,TUR,2005,denounced,2011,2012.0,2014.0,2021.0,0,0,0,-7.0,-9.0,1.759,4.356,2.443,7623.15,23.1,0,0,0,1,1,1,1,1,1,1,1,68748000,2018.0,0,0,0.0,0.0,1,1,1,0,0.25,0.2,retained_legacy_not_independently_reimported,2018.0,0,excluded_until_researcher_coding_rubric_is_documented,83154997.0,3508.0,8315.0,4807.0,58.0,0.421863,0.0,GDP parsed from comma-formatted text to numeric.,7.75473394762616,4.76708660324403,,,,0.184890602331685,-1.4835580230796959,Western Asia,0,2021.0,2013.0,2015.0,True,0,0,0
Turkey,TUR,2006,denounced,2011,2012.0,2014.0,2021.0,0,0,0,-6.0,-8.0,1.577,4.711,2.545,8078.52,23.4,0,0,0,1,1,1,1,1,1,1,1,69576000,2018.0,0,0,1.0,0.0,1,1,1,0,0.18,-0.01,retained_legacy_not_independently_reimported,2018.0,0,excluded_until_researcher_coding_rubric_is_documented,83154997.0,3508.0,8315.0,4807.0,58.0,0.421863,0.0,GDP parsed from comma-formatted text to numeric.,7.45109658611337,4.52278419997034,,,,0.17467690835581814,-1.5528369063456697,Western Asia,0,2021.0,2013.0,2015.0,True,0,0,0
Turkey,TUR,2007,denounced,2011,2012.0,2014.0,2021.0,0,0,0,-5.0,-7.0,1.743,3.5,1.623,8477.53,23.4,0,0,0,1,1,1,1,1,1,1,1,70312000,2018.0,0,0,1.0,0.0,1,1,1,0,0.55,-0.06,retained_legacy_not_independently_reimported,2018.0,0,excluded_until_researcher_coding_rubric_is_documented,83154997.0,3508.0,8315.0,4807.0,58.0,0.421863,0.0,GDP parsed from comma-formatted text to numeric.,8.41373860315896,5.08688366199539,,,,0.17161020560851004,-1.5742581512544622,Western Asia,0,2021.0,2013.0,2015.0,True,0,0,0
Turkey,TUR,2008,denounced,2011,2012.0,2014.0,2021.0,0,0,0,-4.0,-6.0,1.597,3.696,1.497,8447.94,24.3,0,0,0,1,1,1,1,1,1,1,1,70956000,2018.0,0,0,1.0,0.0,1,1,1,0,0.49,0.04,retained_legacy_not_independently_reimported,2018.0,0,excluded_until_researcher_coding_rubric_is_documented,83154997.0,3508.0,8315.0,4807.0,58.0,0.421863,0.0,GDP parsed from comma-formatted text to numeric.,7.48972051886286,4.55127664672389,,,,0.1757509760187775,-1.545404613696582,Western Asia,0,2021.0,2013.0,2015.0,True,0,0,0
Turkey,TUR,2009,denounced,2011,2012.0,2014.0,2021.0,0,0,0,-3.0,-5.0,,4.387,,7925.3,25.9,0,0,0,1,0,1,0,1,0,1,0,71517000,2018.0,0,0,1.0,0.0,1,1,1,0,0.49,0.08,retained_legacy_not_independently_reimported,2018.0,0,excluded_until_researcher_coding_rubric_is_documented,83154997.0,3508.0,8315.0,4807.0,58.0,0.421863,0.0,GDP parsed from comma-formatted text to numeric.,,,,,,,,Western Asia,0,2021.0,2013.0,2015.0,True,0,0,0
Turkey,TUR,2010,denounced,2011,2012.0,2014.0,2021.0,0,0,0,-2.0,-4.0,1.735,5.707,,8472.58,27.4,0,0,0,1,1,1,0,1,1,1,0,72752000,2018.0,0,0,1.0,0.0,1,1,1,0,0.54,0.08,retained_legacy_not_independently_reimported,2018.0,0,excluded_until_researcher_coding_rubric_is_documented,83154997.0,3508.0,8315.0,4807.0,58.0,0.421863,0.0,GDP parsed from comma-formatted text to numeric.,6.60130595021072,4.17741645852185,,,,0.20812575862287586,-1.3362600873036732,Western Asia,0,2021.0,2013.0,2015.0,True,0,0,0
Turkey,TUR,2011,denounced,2011,2012.0,2014.0,2021.0,0,0,0,-1.0,-3.0,1.702,6.365,,9265.86,28.6,0,0,0,1,1,1,0,1,1,1,0,73723000,2018.0,0,0,1.0,0.0,1,1,1,0,0.62,0.03,retained_legacy_not_independently_reimported,2018.0,0,excluded_until_researcher_coding_rubric_is_documented,83154997.0,3508.0,8315.0,4807.0,58.0,0.421863,0.0,GDP parsed from comma-formatted text to numeric.,6.52903889379611,4.1244918510834,,,,0.2067782720942832,-1.344455719118755,Western Asia,0,2021.0,2013.0,2015.0,True,0,0,0
Turkey,TUR,2012,denounced,2011,2012.0,2014.0,2021.0,1,0,0,0.0,-2.0,1.617,7.35,,9588.32,29.4,0,0,0,1,1,1,0,1,1,1,0,74724000,2018.0,0,0,1.0,0.0,1,1,1,0,0.73,-0.06,retained_legacy_not_independently_reimported,2018.0,0,excluded_until_researcher_coding_rubric_is_documented,83154997.0,3508.0,8315.0,4807.0,58.0,0.421863,0.0,GDP parsed from comma-formatted text to numeric.,6.91818932324854,4.27675507086876,,,,0.18945098213528097,-1.4535814963059575,Western Asia,0,2021.0,2013.0,2015.0,True,0,0,1
Turkey,TUR,2013,denounced,2011,2012.0,2014.0,2021.0,1,0,0,1.0,-1.0,,48.776,16.113,10269.45,30.6,0,0,0,1,0,1,1,1,0,1,1,75627000,2018.0,0,0,1.0,0.0,1,1,1,0,0.68,-0.01,retained_legacy_not_independently_reimported,2018.0,0,excluded_until_researcher_coding_rubric_is_documented,83154997.0,3508.0,8315.0,4807.0,58.0,0.421863,0.0,GDP parsed from comma-formatted text to numeric.,,,,,,,,Western Asia,0,2021.0,2013.0,2015.0,True,1,0,1
Turkey,TUR,2014,denounced,2011,2012.0,2014.0,2021.0,1,1,1,2.0,0.0,,53.435,15.435,10597.98,30.2,0,0,0,1,0,1,1,1,0,1,1,76668000,2018.0,0,0,1.0,0.0,1,1,1,0,0.67,-0.13,retained_legacy_not_independently_reimported,2018.0,0,excluded_until_researcher_coding_rubric_is_documented,83154997.0,3508.0,8315.0,4807.0,58.0,0.421863,0.0,GDP parsed from comma-formatted text to numeric.,,,,,,,,Western Asia,0,2021.0,2013.0,2015.0,True,1,0,1
Turkey,TUR,2015,denounced,2011,2012.0,2014.0,2021.0,1,1,1,3.0,1.0,1.032,,,11064.65,31.4,0,0,0,1,1,0,0,1,1,0,0,77696000,2018.0,0,0,1.0,0.0,1,1,1,0,0.35,-0.39,retained_legacy_not_independently_reimported,2018.0,0,excluded_until_researcher_coding_rubric_is_documented,83154997.0,3508.0,8315.0,4807.0,58.0,0.421863,0.0,GDP parsed from comma-formatted text to numeric.,4.53302329914134,2.79325328973375,,,,0.18544396753185802,-1.4798904447805374,Western Asia,0,2021.0,2013.0,2015.0,True,1,1,1
Turkey,TUR,2016,denounced,2011,2012.0,2014.0,2021.0,1,1,1,4.0,2.0,1.083,,,11279.62,32.4,0,0,0,1,1,0,0,1,1,0,0,78741000,2018.0,0,0,1.0,0.0,1,1,1,0,0.0,-0.58,retained_legacy_not_independently_reimported,2018.0,0,excluded_until_researcher_coding_rubric_is_documented,83154997.0,3508.0,8315.0,4807.0,58.0,0.421863,0.0,GDP parsed from comma-formatted text to numeric.,5.51649895748069,3.31161155785991,,,,0.16410336708552603,-1.6280084442173328,Western Asia,0,2021.0,2013.0,2015.0,True,1,1,1
Turkey,TUR,2017,denounced,2011,2012.0,2014.0,2021.0,1,1,1,5.0,3.0,1.023,,,12005.65,33.5,0,0,0,1,1,0,0,1,1,0,0,79814000,2018.0,0,0,1.0,0.0,1,1,1,0,0.03,-0.54,retained_legacy_not_independently_reimported,2018.0,0,excluded_until_researcher_coding_rubric_is_documented,83154997.0,3508.0,8315.0,4807.0,58.0,0.421863,0.0,GDP parsed from comma-formatted text to numeric.,5.07715003397642,3.05836302689691,,,,0.16770079330871,-1.6020106002582428,Western Asia,0,2021.0,2013.0,2015.0,True,1,1,1
Turkey,TUR,2018,denounced,2011,2012.0,2014.0,2021.0,1,1,1,6.0,4.0,0.947,,,12255.01,34.1,0,0,0,1,1,0,0,1,1,0,0,80811000,2018.0,1,1,1.0,0.0,1,1,1,0,-0.1,-0.66,retained_legacy_not_independently_reimported,2018.0,1,excluded_until_researcher_coding_rubric_is_documented,83154997.0,3508.0,8315.0,4807.0,58.0,0.421863,0.0,GDP parsed from comma-formatted text to numeric.,4.16345728572557,2.55994219861376,,,,0.185306313516237,-1.4808019932142968,Western Asia,0,2021.0,2013.0,2015.0,True,1,1,1
Turkey,TUR,2019,denounced,2011,2012.0,2014.0,2021.0,1,1,1,7.0,5.0,1.07,,,12238.3,34.3,0,0,0,1,1,0,0,1,1,0,0,82004000,2018.0,1,1,1.0,0.0,1,1,1,0,-0.02,-0.59,retained_legacy_not_independently_reimported,2018.0,1,excluded_until_researcher_coding_rubric_is_documented,83154997.0,3508.0,8315.0,4807.0,58.0,0.421863,0.0,GDP parsed from comma-formatted text to numeric.,3.71899224391178,2.39580104761995,,,,0.22342905260710857,-1.2457940809363652,Western Asia,0,2021.0,2013.0,2015.0,True,1,1,1
Turkey,TUR,2020,denounced,2011,2012.0,2014.0,2021.0,1,1,1,8.0,6.0,0.897,,,12338.64,30.8,0,0,0,1,1,0,0,1,1,0,0,83155000,2018.0,1,1,1.0,0.0,1,1,1,0,-0.26,-0.71,retained_legacy_not_independently_reimported,2018.0,1,excluded_until_researcher_coding_rubric_is_documented,83154997.0,3508.0,8315.0,4807.0,58.0,0.421863,0.0,GDP parsed from comma-formatted text to numeric.,4.08189507481744,2.49036807460102,,,,0.1801604545829659,-1.515260776624296,Western Asia,0,2021.0,2013.0,2015.0,True,1,1,1
Turkey,TUR,2021,denounced,2011,2012.0,2014.0,2021.0,1,1,0,9.0,7.0,1.01,,,13670.94,32.8,1,0,0,1,1,0,0,1,1,0,0,84275000,2018.0,1,1,1.0,0.0,1,1,1,0,-0.19,-0.73,retained_legacy_not_independently_reimported,2018.0,1,excluded_until_researcher_coding_rubric_is_documented,83154997.0,3508.0,8315.0,4807.0,58.0,0.421863,0.0,GDP parsed from comma-formatted text to numeric.,3.98529281569741,2.49751250926437,,,,0.20219034944781117,-1.3726604581619,Western Asia,0,2021.0,2013.0,2015.0,True,1,1,0
Turkey,TUR,2022,denounced,2011,2012.0,2014.0,2021.0,1,1,0,10.0,8.0,1.07,,,14273.57,35.0,1,0,0,1,1,0,0,1,1,0,0,84776000,2018.0,1,1,1.0,0.0,1,1,1,0,-0.28,-0.64,retained_legacy_not_independently_reimported,2018.0,1,excluded_until_researcher_coding_rubric_is_documented,83154997.0,3508.0,8315.0,4807.0,58.0,0.421863,0.0,GDP parsed from comma-formatted text to numeric.,4.17549259689876,2.62122678525057,,,,0.20398465544162722,-1.3615736901501923,Western Asia,0,2021.0,2013.0,2015.0,True,1,1,0
Turkey,TUR,2023,denounced,2011,2012.0,2014.0,2021.0,1,1,0,11.0,9.0,1.678,,,14932.89,35.8,1,0,0,1,1,0,0,1,1,0,0,85326000,2018.0,1,1,1.0,1.0,1,1,1,0,-0.17,-0.36,retained_legacy_not_independently_reimported,2018.0,1,excluded_until_researcher_coding_rubric_is_documented,83154997.0,3508.0,8315.0,4807.0,58.0,0.421863,0.0,GDP parsed from comma-formatted text to numeric. | UNODC outcome values preserved from source dataset; not silently imputed or replaced.,4.78227966200068,3.22789482308636,,,,0.2597410774443689,-1.0473147415062525,Western Asia,0,2021.0,2013.0,2015.0,True,1,1,0
Ukraine,UKR,1990,party,2011,2022.0,2022.0,,0,0,0,-32.0,-32.0,2.788,,,3102.31,53.6,0,0,1,1,0,0,0,0,0,0,0,51891000,,0,0,0.0,0.0,1,1,1,0,,,retained_legacy_not_independently_reimported,,0,excluded_until_researcher_coding_rubric_is_documented,41732779.0,140.0,4173.0,4033.0,97.0,0.033547,0.0,GDP parsed from comma-formatted text to numeric.,7.37273602829221,4.91411890429172,,,,0.27438957101502415,-0.9724643829852264,Eastern Europe,1,,2023.0,2023.0,True,0,0,0
Ukraine,UKR,1991,party,2011,2022.0,2022.0,,0,0,0,-31.0,-31.0,2.749,,,2826.06,53.5,0,0,1,1,0,0,0,0,0,0,0,51944000,,0,0,0.0,0.0,1,1,1,0,,,retained_legacy_not_independently_reimported,,0,excluded_until_researcher_coding_rubric_is_documented,41732779.0,140.0,4173.0,4033.0,97.0,0.033547,0.0,GDP parsed from comma-formatted text to numeric.,7.7595173402958,5.07562056481594,,,,0.2615973225317645,-1.0376829246621273,Eastern Europe,1,,2023.0,2023.0,True,0,0,0
Ukraine,UKR,1992,party,2011,2022.0,2022.0,,0,0,0,-30.0,-30.0,3.215,,,2538.85,53.4,0,0,1,1,0,0,0,0,0,0,0,52057000,,0,0,0.0,0.0,1,1,1,0,,,retained_legacy_not_independently_reimported,,0,excluded_until_researcher_coding_rubric_is_documented,41732779.0,140.0,4173.0,4033.0,97.0,0.033547,0.0,GDP parsed from comma-formatted text to numeric.,10.1529345785416,6.44067965377161,,,,0.24050087776168233,-1.149935427049362,Eastern Europe,1,,2023.0,2023.0,True,0,0,0
Ukraine,UKR,1993,party,2011,2022.0,2022.0,,0,0,0,-29.0,-29.0,3.58,,,2177.23,53.4,0,0,1,1,0,0,0,0,0,0,0,52179000,,0,0,0.0,0.0,1,1,1,0,,,retained_legacy_not_independently_reimported,,0,excluded_until_researcher_coding_rubric_is_documented,41732779.0,140.0,4173.0,4033.0,97.0,0.033547,0.0,GDP parsed from comma-formatted text to numeric.,11.0584727212407,7.06015499427981,,,,0.2445610322998623,-1.1278340958425015,Eastern Europe,1,,2023.0,2023.0,True,0,0,0
Ukraine,UKR,1994,party,2011,2022.0,2022.0,,0,0,0,-28.0,-28.0,4.042,,,1687.48,53.3,0,0,1,1,0,0,0,0,0,0,0,52114000,,0,0,0.0,0.0,1,1,1,0,,,retained_legacy_not_independently_reimported,,0,excluded_until_researcher_coding_rubric_is_documented,41732779.0,140.0,4173.0,4033.0,97.0,0.033547,0.0,GDP parsed from comma-formatted text to numeric.,12.7761023010487,8.10930210113304,,,,0.24033627145602265,-1.1508367991823094,Eastern Europe,1,,2023.0,2023.0,True,0,0,0
Ukraine,UKR,1995,party,2011,2022.0,2022.0,,0,0,0,-27.0,-27.0,4.135,,,1493.38,53.2,0,0,1,1,0,0,0,0,0,0,0,51512000,,0,0,0.0,0.0,1,1,1,0,,,retained_legacy_not_independently_reimported,,0,excluded_until_researcher_coding_rubric_is_documented,41732779.0,140.0,4173.0,4033.0,97.0,0.033547,0.0,GDP parsed from comma-formatted text to numeric.,13.5686773924578,8.52986359050662,,,,0.23356729273442428,-1.1882766750689326,Eastern Europe,1,,2023.0,2023.0,True,0,0,0
Ukraine,UKR,1996,party,2011,2022.0,2022.0,,0,0,0,-26.0,-26.0,4.897,,,1355.57,53.2,0,0,1,1,0,0,0,1,0,0,0,50874000,,0,0,0.0,0.0,1,1,1,0,-1.14,-1.4,retained_legacy_not_independently_reimported,,0,excluded_until_researcher_coding_rubric_is_documented,41732779.0,140.0,4173.0,4033.0,97.0,0.033547,0.0,GDP parsed from comma-formatted text to numeric.,14.898387227397,9.55762626395874,,,,0.2473808642259095,-1.112630194600873,Eastern Europe,1,,2023.0,2023.0,True,0,0,0
Ukraine,UKR,1997,party,2011,2022.0,2022.0,,0,0,0,-25.0,-25.0,4.376,,,1326.28,53.1,0,0,1,1,0,0,0,0,0,0,0,50268000,,0,0,0.0,0.0,1,1,1,0,,,retained_legacy_not_independently_reimported,,0,excluded_until_researcher_coding_rubric_is_documented,41732779.0,140.0,4173.0,4033.0,97.0,0.033547,0.0,GDP parsed from comma-formatted text to numeric.,12.8609612696262,8.33089101970805,,,,0.2538730540464281,-1.0780613997007662,Eastern Europe,1,,2023.0,2023.0,True,0,0,0
Ukraine,UKR,1998,party,2011,2022.0,2022.0,,0,0,0,-24.0,-24.0,4.438,,,1311.59,53.0,0,0,1,1,0,0,0,1,0,0,0,49918000,,0,0,0.0,0.0,1,1,1,0,-1.44,-1.67,retained_legacy_not_independently_reimported,,0,excluded_until_researcher_coding_rubric_is_documented,41732779.0,140.0,4173.0,4033.0,97.0,0.033547,0.0,GDP parsed from comma-formatted text to numeric.,12.7798405482702,8.32676141125089,,,,0.2577559007796634,-1.0576651476999788,Eastern Europe,1,,2023.0,2023.0,True,0,0,0
Ukraine,UKR,1999,party,2011,2022.0,2022.0,,0,0,0,-23.0,-23.0,4.681,,,1319.53,53.0,0,0,1,1,0,0,0,0,0,0,0,49430000,,0,0,0.0,0.0,1,1,1,0,,,retained_legacy_not_independently_reimported,,0,excluded_until_researcher_coding_rubric_is_documented,41732779.0,140.0,4173.0,4033.0,97.0,0.033547,0.0,GDP parsed from comma-formatted text to numeric.,12.8809870998743,8.50400598209799,,,,0.26654159198383104,-1.0122405936107166,Eastern Europe,1,,2023.0,2023.0,True,0,0,0
Ukraine,UKR,2000,party,2011,2022.0,2022.0,,0,0,0,-22.0,-22.0,4.947,,,1409.22,52.9,0,0,1,1,1,0,0,1,1,0,0,48663000,,0,0,0.0,0.0,1,1,1,0,-1.15,-1.86,retained_legacy_not_independently_reimported,,0,excluded_until_researcher_coding_rubric_is_documented,41732779.0,140.0,4173.0,4033.0,97.0,0.033547,0.0,GDP parsed from comma-formatted text to numeric.,13.4593126767659,8.91504794713768,,,,0.2687664871761386,-1.0008899265339017,Eastern Europe,1,,2023.0,2023.0,True,0,0,0
Ukraine,UKR,2001,party,2011,2022.0,2022.0,,0,0,0,-21.0,-21.0,5.665,,,1547.28,52.9,0,0,1,1,1,0,0,0,0,0,0,48241000,,0,0,0.0,0.0,1,1,1,0,,,retained_legacy_not_independently_reimported,,0,excluded_until_researcher_coding_rubric_is_documented,41732779.0,140.0,4173.0,4033.0,97.0,0.033547,0.0,GDP parsed from comma-formatted text to numeric.,14.7205327204494,9.88456693180039,,,,0.27789315480175075,-0.9549364084138305,Eastern Europe,1,,2023.0,2023.0,True,0,0,0
Ukraine,UKR,2002,party,2011,2022.0,2022.0,,0,0,0,-20.0,-20.0,5.058,,,1644.28,52.8,0,0,1,1,1,0,0,1,1,0,0,47886000,,0,0,0.0,0.0,1,1,1,0,-1.18,-1.43,retained_legacy_not_independently_reimported,,0,excluded_until_researcher_coding_rubric_is_documented,41732779.0,140.0,4173.0,4033.0,97.0,0.033547,0.0,GDP parsed from comma-formatted text to numeric.,13.1463696641965,8.82547240056403,,,,0.2778453796149744,-0.9551745010975774,Eastern Europe,1,,2023.0,2023.0,True,0,0,0
Ukraine,UKR,2003,party,2011,2022.0,2022.0,,0,0,0,-19.0,-19.0,4.904,4.512,2.169,1814.26,52.8,0,0,1,1,1,0,0,1,1,0,0,47629000,,0,0,0.0,0.0,1,1,1,0,-1.15,-1.4,retained_legacy_not_independently_reimported,,0,excluded_until_researcher_coding_rubric_is_documented,41732779.0,140.0,4173.0,4033.0,97.0,0.033547,0.0,GDP parsed from comma-formatted text to numeric.,12.3341137411075,8.36383861156885,,,,0.2844858824840851,-0.9223176996463567,Eastern Europe,1,,2023.0,2023.0,True,0,0,0
Ukraine,UKR,2004,party,2011,2022.0,2022.0,,0,0,0,-18.0,-18.0,4.328,4.143,2.009,2042.44,52.7,0,0,1,1,1,0,0,1,1,0,0,47401000,,0,0,0.0,0.0,1,1,1,0,-1.13,-1.32,retained_legacy_not_independently_reimported,,0,excluded_until_researcher_coding_rubric_is_documented,41732779.0,140.0,4173.0,4033.0,97.0,0.033547,0.0,GDP parsed from comma-formatted text to numeric.,10.6425333916004,7.26768625683968,,,,0.2891012555657058,-0.8997530147421648,Eastern Europe,1,,2023.0,2023.0,True,0,0,0
Ukraine,UKR,2005,party,2011,2022.0,2022.0,,0,0,0,-17.0,-17.0,3.768,4.054,1.942,2122.6,52.6,0,0,1,1,1,1,1,1,1,1,1,47100000,,0,0,0.0,0.0,1,1,1,0,-1.14,-1.37,retained_legacy_not_independently_reimported,,0,excluded_until_researcher_coding_rubric_is_documented,41732779.0,140.0,4173.0,4033.0,97.0,0.033547,0.0,GDP parsed from comma-formatted text to numeric.,9.35567830154141,6.36747840037847,,,,0.28711462696837353,-0.9094391072291299,Eastern Europe,1,,2023.0,2023.0,True,0,0,0
Ukraine,UKR,2006,party,2011,2022.0,2022.0,,0,0,0,-16.0,-16.0,3.592,4.471,2.1,2298.13,52.6,0,0,1,1,1,1,1,1,1,1,1,46788000,,0,0,0.0,0.0,1,1,1,0,-0.89,-1.4,retained_legacy_not_independently_reimported,,0,excluded_until_researcher_coding_rubric_is_documented,41732779.0,140.0,4173.0,4033.0,97.0,0.033547,0.0,GDP parsed from comma-formatted text to numeric.,9.32191860962926,6.25651793325215,,,,0.2781494996663233,-0.9536593164736884,Eastern Europe,1,,2023.0,2023.0,True,0,0,0
Ukraine,UKR,2007,party,2011,2022.0,2022.0,,0,0,0,-15.0,-15.0,,4.033,1.866,2498.35,52.7,0,0,1,1,0,1,1,1,0,1,1,46509000,,0,0,0.0,0.0,1,1,1,0,-1.23,-1.27,retained_legacy_not_independently_reimported,,0,excluded_until_researcher_coding_rubric_is_documented,41732779.0,140.0,4173.0,4033.0,97.0,0.033547,0.0,GDP parsed from comma-formatted text to numeric.,,5.62227515669595,,,,,,Eastern Europe,1,,2023.0,2023.0,True,0,0,0
Ukraine,UKR,2008,party,2011,2022.0,2022.0,,0,0,0,-14.0,-14.0,2.949,4.261,1.88,2567.69,52.4,0,0,1,1,1,1,1,1,1,1,1,46258000,,0,0,0.0,0.0,1,1,1,0,-1.34,-1.2,retained_legacy_not_independently_reimported,,0,excluded_until_researcher_coding_rubric_is_documented,41732779.0,140.0,4173.0,4033.0,97.0,0.033547,0.0,GDP parsed from comma-formatted text to numeric.,7.9374233692915,5.26707267623711,,,,0.27088786647031937,-0.99012258007658,Eastern Europe,1,,2023.0,2023.0,True,0,0,0
Ukraine,UKR,2009,party,2011,2022.0,2022.0,,0,0,0,-13.0,-13.0,2.825,3.642,1.626,2188.17,52.1,0,0,1,1,1,1,1,1,1,1,1,46053000,,0,0,0.0,0.0,1,1,1,0,-1.44,-1.34,retained_legacy_not_independently_reimported,,0,excluded_until_researcher_coding_rubric_is_documented,41732779.0,140.0,4173.0,4033.0,97.0,0.033547,0.0,GDP parsed from comma-formatted text to numeric.,7.08469194854033,4.80442030690337,,,,0.2850744518265388,-0.9194280282115919,Eastern Europe,1,,2023.0,2023.0,True,0,0,0
Ukraine,UKR,2010,party,2011,2022.0,2022.0,,0,0,0,-12.0,-12.0,2.426,2.902,1.367,2285.93,51.8,0,0,1,1,1,1,1,1,1,1,1,45871000,,0,0,1.0,0.0,1,1,1,0,-1.4,-1.44,retained_legacy_not_independently_reimported,,0,excluded_until_researcher_coding_rubric_is_documented,41732779.0,140.0,4173.0,4033.0,97.0,0.033547,0.0,GDP parsed from comma-formatted text to numeric.,6.41285987913118,4.27931783411627,,,,0.27446978831827173,-0.9720615199022153,Eastern Europe,1,,2023.0,2023.0,True,0,0,0
Ukraine,UKR,2011,party,2011,2022.0,2022.0,,0,0,0,-11.0,-11.0,,,,2418.12,51.5,0,0,1,1,0,0,0,1,0,0,0,45706000,,0,0,1.0,0.0,1,1,1,0,-1.48,-1.45,retained_legacy_not_independently_reimported,,0,excluded_until_researcher_coding_rubric_is_documented,41732779.0,140.0,4173.0,4033.0,97.0,0.033547,0.0,GDP parsed from comma-formatted text to numeric.,,,,,,,,Eastern Europe,1,,2023.0,2023.0,True,0,0,0
Ukraine,UKR,2012,party,2011,2022.0,2022.0,,0,0,0,-10.0,-10.0,,,,2426.93,51.2,0,0,1,1,0,0,0,1,0,0,0,45553000,,0,0,1.0,0.0,1,1,1,0,-1.01,-1.39,retained_legacy_not_independently_reimported,,0,excluded_until_researcher_coding_rubric_is_documented,41732779.0,140.0,4173.0,4033.0,97.0,0.033547,0.0,GDP parsed from comma-formatted text to numeric.,,5.05517673469169,,,,,,Eastern Europe,1,,2023.0,2023.0,True,0,0,0
Ukraine,UKR,2013,party,2011,2022.0,2022.0,,0,0,0,-9.0,-9.0,,,,2432.42,50.9,0,0,1,1,0,0,0,1,0,0,0,45426000,,0,0,1.0,0.0,1,1,1,0,-1.13,-1.44,retained_legacy_not_independently_reimported,,0,excluded_until_researcher_coding_rubric_is_documented,41732779.0,140.0,4173.0,4033.0,97.0,0.033547,0.0,GDP parsed from comma-formatted text to numeric.,,,,,,,,Eastern Europe,1,,2023.0,2023.0,True,0,0,0
Ukraine,UKR,2014,party,2011,2022.0,2022.0,,0,0,0,-8.0,-8.0,,,,2308.64,50.6,0,0,1,1,0,0,0,1,0,0,0,42928000,,0,0,1.0,0.0,1,1,1,0,-0.68,-1.41,retained_legacy_not_independently_reimported,,0,excluded_until_researcher_coding_rubric_is_documented,41732779.0,140.0,4173.0,4033.0,97.0,0.033547,0.0,GDP parsed from comma-formatted text to numeric.,,6.18849833107946,,,,,,Eastern Europe,1,,2023.0,2023.0,True,0,0,0
Ukraine,UKR,2015,party,2011,2022.0,2022.0,,0,0,0,-7.0,-7.0,,,,2094.47,50.4,0,0,1,1,0,0,0,1,0,0,0,42760000,,0,0,1.0,0.0,1,1,1,0,-0.93,-1.48,retained_legacy_not_independently_reimported,,0,excluded_until_researcher_coding_rubric_is_documented,41732779.0,140.0,4173.0,4033.0,97.0,0.033547,0.0,GDP parsed from comma-formatted text to numeric.,,,,,,,,Eastern Europe,1,,2023.0,2023.0,True,0,0,0
Ukraine,UKR,2016,party,2011,2022.0,2022.0,,0,0,0,-6.0,-6.0,,,,2156.08,50.1,0,0,1,1,0,0,0,1,0,0,0,42590000,,0,0,1.0,0.0,1,1,1,0,-1.03,-1.38,retained_legacy_not_independently_reimported,,0,excluded_until_researcher_coding_rubric_is_documented,41732779.0,140.0,4173.0,4033.0,97.0,0.033547,0.0,GDP parsed from comma-formatted text to numeric.,,,,,,,,Eastern Europe,1,,2023.0,2023.0,True,0,0,0
Ukraine,UKR,2017,party,2011,2022.0,2022.0,,0,0,0,-5.0,-5.0,1.9,1.792,0.539,2217.75,49.8,0,0,1,1,1,1,1,1,1,1,1,42414000,,0,0,1.0,0.0,1,1,1,0,-0.87,-1.28,retained_legacy_not_independently_reimported,,0,excluded_until_researcher_coding_rubric_is_documented,41732779.0,140.0,4173.0,4033.0,97.0,0.033547,0.0,GDP parsed from comma-formatted text to numeric.,10.8155518851424,6.05466477531939,,,,0.1494233217057666,-1.7391312015323628,Eastern Europe,1,,2023.0,2023.0,True,0,0,0
Ukraine,UKR,2018,party,2011,2022.0,2022.0,,0,0,0,-4.0,-4.0,,1.763,0.431,2308.67,49.5,0,0,1,1,0,1,1,1,0,1,1,42153000,,0,0,1.0,0.0,1,1,1,0,-0.77,-1.29,retained_legacy_not_independently_reimported,,0,excluded_until_researcher_coding_rubric_is_documented,41732779.0,140.0,4173.0,4033.0,97.0,0.033547,0.0,GDP parsed from comma-formatted text to numeric.,,4.42833090390794,,,,,,Eastern Europe,1,,2023.0,2023.0,True,0,0,0
Ukraine,UKR,2019,party,2011,2022.0,2022.0,,0,0,0,-3.0,-3.0,,1.602,0.774,2398.08,49.2,0,0,1,1,0,1,1,1,0,1,1,41764000,,0,0,1.0,0.0,1,1,1,0,-0.56,-1.26,retained_legacy_not_independently_reimported,,0,excluded_until_researcher_coding_rubric_is_documented,41732779.0,140.0,4173.0,4033.0,97.0,0.033547,0.0,GDP parsed from comma-formatted text to numeric.,,4.04827159044446,,,,,,Eastern Europe,1,,2023.0,2023.0,True,0,0,0
Ukraine,UKR,2020,party,2011,2022.0,2022.0,,0,0,0,-2.0,-2.0,,1.558,0.837,2324.11,48.1,0,0,1,1,0,1,1,1,0,1,1,41420000,,0,0,1.0,0.0,1,1,1,0,-0.69,-1.2,retained_legacy_not_independently_reimported,,0,excluded_until_researcher_coding_rubric_is_documented,41732779.0,140.0,4173.0,4033.0,97.0,0.033547,0.0,GDP parsed from comma-formatted text to numeric.,,3.80035686872931,,,,,,Eastern Europe,1,,2023.0,2023.0,True,0,0,0
Ukraine,UKR,2021,party,2011,2022.0,2022.0,,0,0,0,-1.0,-1.0,,,,2426.61,47.7,0,0,1,1,0,0,0,1,0,0,0,41168000,,0,0,1.0,0.0,1,1,1,0,-0.74,-1.15,retained_legacy_not_independently_reimported,,0,excluded_until_researcher_coding_rubric_is_documented,41732779.0,140.0,4173.0,4033.0,97.0,0.033547,0.0,GDP parsed from comma-formatted text to numeric.,,3.77663964401616,,,,,,Eastern Europe,1,,2023.0,2023.0,True,0,0,0
Ukraine,UKR,2022,party,2011,2022.0,2022.0,,1,1,1,0.0,0.0,,,,1874.66,,0,0,1,1,0,0,0,0,0,0,0,43510000,,0,0,1.0,0.0,1,1,1,0,-0.7,-1.29,retained_legacy_not_independently_reimported,,0,excluded_until_researcher_coding_rubric_is_documented,41732779.0,140.0,4173.0,4033.0,97.0,0.033547,0.0,GDP parsed from comma-formatted text to numeric.,,,,,,,,Eastern Europe,1,,2023.0,2023.0,True,0,0,1
Ukraine,UKR,2023,party,2011,2022.0,2022.0,,1,1,1,1.0,1.0,,,,2164.26,,0,0,1,1,0,0,0,0,0,0,0,37000000,,0,0,1.0,0.0,1,1,1,0,-0.25,-0.62,retained_legacy_not_independently_reimported,,0,excluded_until_researcher_coding_rubric_is_documented,41732779.0,140.0,4173.0,4033.0,97.0,0.033547,0.0,GDP parsed from comma-formatted text to numeric. | UNODC outcome values preserved from source dataset; not silently imputed or replaced.,,,,,,,,Eastern Europe,1,,2023.0,2023.0,True,1,1,1
